SL,Country,Division,District,Upazila,Union,Ward No,Name of SK/SHW,Desig.,Name of SS,Village Name (English),"Village Name 
(Bangla)","Village 
Code",Latitude,Longitute,Population,HH Number,"2026 
(Active LLINs)","2025
(Active LLINs)","2024
(Active LLINs)",January,February,March,April,May,June,July,August,September,October,November,December,"Name of
 MMW, 
Health 
post &
CHW(C)","Village 
Distance
 from 
upazila office (KM)","Name of Border
 with others
 country","Others
 Activities
(TDA/Dev care)"
1,Bangladesh,Chattogram,Chattogram,Banshkhali,Bailchhari,01,,,,Mir Para,মীর পাড়া,BAC101,22.049157,91.941092,600,,,,,,,,,,,,,,,,,,,,
2,Bangladesh,Chattogram,Chattogram,Banshkhali,Bailchhari,01,,,,Suyagazi Para,সুয়াগাজী পাড়া,BAC102,22.048460,91.939531,250,,,,,,,,,,,,,,,,,,,,
3,Bangladesh,Chattogram,Chattogram,Banshkhali,Bailchhari,01,,,,Maidar Para,মাইদার পাড়া,BAC103,22.047420,91.930744,500,,,,,,,,,,,,,,,,,,,,
4,Bangladesh,Chattogram,Chattogram,Banshkhali,Bailchhari,01,,,,Pashchim Jelepara,পশ্চিম জেলেপাড়া,BAC104,22.049602,91.930445,600,,,,,,,,,,,,,,,,,,,,
5,Bangladesh,Chattogram,Chattogram,Banshkhali,Bailchhari,01,,,,Hindu Para,হিন্দু পাড়া,BAC105,22.047921,91.936389,2000,,,,,,,,,,,,,,,,,,,,
6,Bangladesh,Chattogram,Chattogram,Banshkhali,Bailchhari,02,,,,Pashchim Hindupara,পশ্চিম হিন্দুপাড়া,BAC201,22.047480,91.938295,150,,,,,,,,,,,,,,,,,,,,
7,Bangladesh,Chattogram,Chattogram,Banshkhali,Bailchhari,02,,,,Miya Bari,মিয়া বাড়ি,BAC202,22.047634,91.939397,200,,,,,,,,,,,,,,,,,,,,
8,Bangladesh,Chattogram,Chattogram,Banshkhali,Bailchhari,02,,,,Chowkidar Para,চৌকিদার পাড়া,BAC203,22.047427,91.941199,350,,,,,,,,,,,,,,,,,,,,
9,Bangladesh,Chattogram,Chattogram,Banshkhali,Bailchhari,02,,,,Mandal Para,মণ্ডল পাড়া,BAC204,22.045645,91.941253,300,,,,,,,,,,,,,,,,,,,,
10,Bangladesh,Chattogram,Chattogram,Banshkhali,Bailchhari,02,,,,Titakhan Chowdhury Para,তিতাখান চৌধুরী পাড়া,BAC205,22.048616,91.942553,800,,,,,,,,,,,,,,,,,,,,
11,Bangladesh,Chattogram,Chattogram,Banshkhali,Bailchhari,03,,,,Bakkhani Para,বাক্খনী পাড়া,BAC301,22.052282,91.945062,1000,,,,,,,,,,,,,,,,,,,,
12,Bangladesh,Chattogram,Chattogram,Banshkhali,Bailchhari,03,,,,Monir Lamiyaji Khandaker Para,মনির লামিয়াজী খন্দকার পাড়া,BAC302,22.052425,91.943381,900,,,,,,,,,,,,,,,,,,,,
13,Bangladesh,Chattogram,Chattogram,Banshkhali,Bailchhari,03,,,,Mirzakata Natun Para,মির্জাকাটা নতুন পাড়া,BAC303,22.048140,91.954107,700,,,,,,,,,,,,,,,,,,,,
14,Bangladesh,Chattogram,Chattogram,Banshkhali,Bailchhari,03,,,,Satghar Para,সাতঘর পাড়া,BAC304,22.049300,91.950383,600,,,,,,,,,,,,,,,,,,,,
15,Bangladesh,Chattogram,Chattogram,Banshkhali,Bailchhari,03,,,,Majher Para,মাঝের পাড়া,BAC305,22.050186,91.947230,700,,,,,,,,,,,,,,,,,,,,
16,Bangladesh,Chattogram,Chattogram,Banshkhali,Bailchhari,03,,,,Uttar Para,উত্তর পাড়া,BAC306,22.050492,91.943760,400,,,,,,,,,,,,,,,,,,,,
17,Bangladesh,Chattogram,Chattogram,Banshkhali,Bailchhari,04,,,,Maulavi Para,মৌলভী পাড়া,BAC401,22.046797,91.943120,500,,,,,,,,,,,,,,,,,,,,
18,Bangladesh,Chattogram,Chattogram,Banshkhali,Bailchhari,04,,,,Mamtazer Baper Bari,মমতাজের বাপের বাড়ী,BAC402,22.045275,91.943159,300,,,,,,,,,,,,,,,,,,,,
19,Bangladesh,Chattogram,Chattogram,Banshkhali,Bailchhari,04,,,,Abhayarkhil Madhyam Para,অভ্যারখিল মধ্যম পাড়া,BAC403,22.046231,91.944744,800,,,,,,,,,,,,,,,,,,,,
20,Bangladesh,Chattogram,Chattogram,Banshkhali,Bailchhari,04,,,,Nasim Ali Chowkidar Bari,নছিম আলী চৌকিদার বাড়ী,BAC404,22.044423,91.946248,200,,,,,,,,,,,,,,,,,,,,
21,Bangladesh,Chattogram,Chattogram,Banshkhali,Bailchhari,04,,,,Asunir Baper Bari,আসুনির বাপের বাড়ি,BAC405,22.045512,91.945689,600,,,,,,,,,,,,,,,,,,,,
22,Bangladesh,Chattogram,Chattogram,Banshkhali,Bailchhari,04,,,,Talukdar Para,তালুকদার পাড়া,BAC406,22.047903,91.947893,700,,,,,,,,,,,,,,,,,,,,
23,Bangladesh,Chattogram,Chattogram,Banshkhali,Bailchhari,04,,,,Jhunu Mistryr Bari,ঝুনু মিস্ত্রীর বাড়ী,BAC407,22.045326,91.947603,100,,,,,,,,,,,,,,,,,,,,
24,Bangladesh,Chattogram,Chattogram,Banshkhali,Bailchhari,04,,,,Abhayarkhil Purba Para,অভ্যারখিল পূর্ব পাড়া,BAC408,22.044885,91.951179,600,,,,,,,,,,,,,,,,,,,,
25,Bangladesh,Chattogram,Chattogram,Banshkhali,Bailchhari,05,,,,Rudra Para,রুদ্র পাড়া,BAC501,22.039269,91.950740,300,,,,,,,,,,,,,,,,,,,,
26,Bangladesh,Chattogram,Chattogram,Banshkhali,Bailchhari,05,,,,Hania Para,হানিয়া পাড়া ,BAC502,22.040437,91.947167,200,,,,,,,,,,,,,,,,,,,,
27,Bangladesh,Chattogram,Chattogram,Banshkhali,Bailchhari,05,,,,Tema Para,টেমা পাড়া,BAC503,22.038862,91.943316,700,,,,,,,,,,,,,,,,,,,,
28,Bangladesh,Chattogram,Chattogram,Banshkhali,Bailchhari,05,,,,Purba Chechuria Hindu Para,পূর্ব চেচুরিয়া হিন্দু পাড়া,BAC504,22.042487,91.944211,1300,,,,,,,,,,,,,,,,,,,,
29,Bangladesh,Chattogram,Chattogram,Banshkhali,Bailchhari,06,,,,Chowdhury Para,চৌধুরী পাড়া,BAC601,22.032423,91.945627,500,,,,,,,,,,,,,,,,,,,,
30,Bangladesh,Chattogram,Chattogram,Banshkhali,Bailchhari,06,,,,Khadula Para,খদুলা পাড়া ,BAC602,22.036440,91.946470,2000,,,,,,,,,,,,,,,,,,,,
31,Bangladesh,Chattogram,Chattogram,Banshkhali,Bailchhari,06,,,,Purba Khadula Para,পূর্ব খদুলা পাড়া,BAC603,22.035953,91.951674,1500,,,,,,,,,,,,,,,,,,,,
32,Bangladesh,Chattogram,Chattogram,Banshkhali,Bailchhari,07,,,,Khandaker Para,খন্দকার পাড়া,BAC701,22.042941,91.941027,700,,,,,,,,,,,,,,,,,,,,
33,Bangladesh,Chattogram,Chattogram,Banshkhali,Bailchhari,07,,,,Shil Para,শীল পাড়া,BAC702,22.040512,91.936716,700,,,,,,,,,,,,,,,,,,,,
34,Bangladesh,Chattogram,Chattogram,Banshkhali,Bailchhari,07,,,,Tek Para,টেক পাড়া,BAC703,22.045848,91.931380,1000,,,,,,,,,,,,,,,,,,,,
35,Bangladesh,Chattogram,Chattogram,Banshkhali,Bailchhari,07,,,,Uttar Hindu Para,উত্তর হিন্দু পাড়া,BAC704,22.046576,91.936440,1500,,,,,,,,,,,,,,,,,,,,
36,Bangladesh,Chattogram,Chattogram,Banshkhali,Bailchhari,07,,,,Kulin Para,কুলিন পাড়া,BAC705,22.044258,91.938880,2000,,,,,,,,,,,,,,,,,,,,
37,Bangladesh,Chattogram,Chattogram,Banshkhali,Bailchhari,08,,,,Natun Para,নতুন পাড়া,BAC801,22.036214,91.928910,150,,,,,,,,,,,,,,,,,,,,
38,Bangladesh,Chattogram,Chattogram,Banshkhali,Bailchhari,08,,,,Khandaker Para,খন্দকার পাড়া,BAC802,22.040941,91.940826,1000,,,,,,,,,,,,,,,,,,,,
39,Bangladesh,Chattogram,Chattogram,Banshkhali,Bailchhari,08,,,,Thema Para,ঠেমা পাড়া,BAC803,22.036025,91.942828,700,,,,,,,,,,,,,,,,,,,,
40,Bangladesh,Chattogram,Chattogram,Banshkhali,Bailchhari,08,,,,Hindu Para,হিন্দু পাড়া,BAC804,22.039290,91.938223,650,,,,,,,,,,,,,,,,,,,,
41,Bangladesh,Chattogram,Chattogram,Banshkhali,Bailchhari,08,,,,Hujita Para,হুজিতা পাড়া,BAC805,22.036064,91.938496,3500,,,,,,,,,,,,,,,,,,,,
42,Bangladesh,Chattogram,Chattogram,Banshkhali,Bailchhari,08,,,,Fish Project,ফিশ প্রজেক্ট,BAC806,22.038299,91.932780,0,,,,,,,,,,,,,,,,,,,,
43,Bangladesh,Chattogram,Chattogram,Banshkhali,Bailchhari,09,,,,Chechuria Ghona Para,চেচুরিয়া ঘোনা পাড়া,BAC901,22.029330,91.930687,4000,,,,,,,,,,,,,,,,,,,,
44,Bangladesh,Chattogram,Chattogram,Banshkhali,Baharchhara,01,,,,Pashchim Baharchhara,পশ্চিম বাহারছড়া,BAH101,22.063952,91.877341,2000,,,,,,,,,,,,,,,,,,,,
45,Bangladesh,Chattogram,Chattogram,Banshkhali,Baharchhara,01,,,,Uttar Baharchhara,উত্তর বাহারছড়া,BAH102,22.074906,91.881016,5000,,,,,,,,,,,,,,,,,,,,
46,Bangladesh,Chattogram,Chattogram,Banshkhali,Baharchhara,01,,,,"
Dighir Para",দীঘির পাড়া,BAH103,22.082641,91.878444,600,,,,,,,,,,,,,,,,,,,,
47,Bangladesh,Chattogram,Chattogram,Banshkhali,Baharchhara,02,,,,Baharchhara,বাহারছড়া,BAH201,22.066460,91.884505,8000,,,,,,,,,,,,,,,,,,,,
48,Bangladesh,Chattogram,Chattogram,Banshkhali,Baharchhara,02,,,,Uttar Ratnapur,উত্তর রত্নপুর,BAH202,22.061633,91.885674,3000,,,,,,,,,,,,,,,,,,,,
49,Bangladesh,Chattogram,Chattogram,Banshkhali,Baharchhara,03,,,,Ratnapur,রত্নপুর,BAH301,22.054507,91.886059,5000,,,,,,,,,,,,,,,,,,,,
50,Bangladesh,Chattogram,Chattogram,Banshkhali,Baharchhara,03,,,,Dakkhin Ratnapur,দক্ষিণ রত্নপুর,BAH302,22.047429,91.892048,7000,,,,,,,,,,,,,,,,,,,,
51,Bangladesh,Chattogram,Chattogram,Banshkhali,Baharchhara,04,,,,Banshkhala (Madhaym) Para,বাঁশখালা (মধ্যম) পাড়া,BAH401,22.056384,91.901191,3200,,,,,,,,,,,,,,,,,,,,
52,Bangladesh,Chattogram,Chattogram,Banshkhali,Baharchhara,04,,,,Pashchim Banshkhala,পশ্চিম বাঁশখালা,BAH402,22.057794,91.894813,4000,,,,,,,,,,,,,,,,,,,,
53,Bangladesh,Chattogram,Chattogram,Banshkhali,Baharchhara,04,,,,Purba Banshkhala,পূর্ব বাঁশখালা,BAH403,22.059559,91.906921,3000,,,,,,,,,,,,,,,,,,,,
54,Bangladesh,Chattogram,Chattogram,Banshkhali,Baharchhara,04,,,,Shil Para,শীল পাড়া,BAH404,22.060776,91.899647,200,,,,,,,,,,,,,,,,,,,,
55,Bangladesh,Chattogram,Chattogram,Banshkhali,Baharchhara,05,,,,Ilsha,ইলশা,BAH501,22.070227,91.895119,3000,,,,,,,,,,,,,,,,,,,,
56,Bangladesh,Chattogram,Chattogram,Banshkhali,Baharchhara,05,,,,Dakkhin Ilsha,দক্ষিণ ইলশা,BAH502,22.062635,91.897672,2500,,,,,,,,,,,,,,,,,,,,
57,Bangladesh,Chattogram,Chattogram,Banshkhali,Baharchhara,06,,,,Dakkhin Ilsha,দক্ষিণ ইলশা,BAH601,22.061991,91.904141,200,,,,,,,,,,,,,,,,,,,,
58,Bangladesh,Chattogram,Chattogram,Banshkhali,Baharchhara,06,,,,Maij Para,মাইজ পাড়া,BAH602,22.062786,91.914330,1500,,,,,,,,,,,,,,,,,,,,
59,Bangladesh,Chattogram,Chattogram,Banshkhali,Baharchhara,06,,,,Dhandhaia Gazir Para,ধাধাইয়া গাজির পাড়া,BAH603,22.070798,91.915407,350,,,,,,,,,,,,,,,,,,,,
60,Bangladesh,Chattogram,Chattogram,Banshkhali,Baharchhara,06,,,,Ilsha,ইলশা,BAH604,22.069340,91.903647,5000,,,,,,,,,,,,,,,,,,,,
61,Bangladesh,Chattogram,Chattogram,Banshkhali,Baharchhara,07,,,,Ilsha,ইলশা,BAH701,22.075015,91.902439,2000,,,,,,,,,,,,,,,,,,,,
62,Bangladesh,Chattogram,Chattogram,Banshkhali,Baharchhara,07,,,,Uttar Ilsha,উত্তর ইলশা,BAH702,22.078153,91.902084,9000,,,,,,,,,,,,,,,,,,,,
63,Bangladesh,Chattogram,Chattogram,Banshkhali,Baharchhara,08,,,,"
Dighir Para",দীঘির পাড়া,BAH801,22.083175,91.883169,450,,,,,,,,,,,,,,,,,,,,
64,Bangladesh,Chattogram,Chattogram,Banshkhali,Baharchhara,08,,,,Pashchim Ilsha,পশ্চিম ইলশা,BAH802,22.075959,91.887302,4000,,,,,,,,,,,,,,,,,,,,
65,Bangladesh,Chattogram,Chattogram,Banshkhali,Baharchhara,08,,,,Uttar Ilsha,উত্তর ইলশা,BAH803,22.081214,91.890364,600,,,,,,,,,,,,,,,,,,,,
66,Bangladesh,Chattogram,Chattogram,Banshkhali,Baharchhara,08,,,,Chapachhari Pashchimongsho,চাঁপাছড়ি পশ্চিমাংশ,BAH804,22.084990,91.895421,8000,,,,,,,,,,,,,,,,,,,,
67,Bangladesh,Chattogram,Chattogram,Banshkhali,Baharchhara,09,,,,Purba Chapachhari,পূর্ব চাঁপাছড়ি,BAH901,22.089975,91.906035,11000,,,,,,,,,,,,,,,,,,,,
68,Bangladesh,Chattogram,Chattogram,Banshkhali,Banshkhali Pourasabha,01,,,,Aylar Baper Bari,আইল্যার বাপের বাড়ী,BAS101,22.001556,91.927486,700,,,,,,,,,,,,,,,,,,,,
69,Bangladesh,Chattogram,Chattogram,Banshkhali,Banshkhali Pourasabha,01,,,,Bachur Baper Bari,বাচুর বাপের বাড়ী,BAS102,22.003475,91.925547,400,,,,,,,,,,,,,,,,,,,,
70,Bangladesh,Chattogram,Chattogram,Banshkhali,Banshkhali Pourasabha,01,,,,Mohammad Ali Sikder Bari,মোহাম্মদ আলী সিকদার বাড়ী,BAS103,22.003049,91.926154,1200,,,,,,,,,,,,,,,,,,,,
71,Bangladesh,Chattogram,Chattogram,Banshkhali,Banshkhali Pourasabha,01,,,,Dayar Para ,দয়ার পাড়া  ,BAS104,22.007097,91.924998,850,,,,,,,,,,,,,,,,,,,,
72,Bangladesh,Chattogram,Chattogram,Banshkhali,Banshkhali Pourasabha,01,,,,Billah Para ,বিল্লাহ পাড়া ,BAS105,22.007016,91.928347,1200,,,,,,,,,,,,,,,,,,,,
73,Bangladesh,Chattogram,Chattogram,Banshkhali,Banshkhali Pourasabha,01,,,,Shammi Baper Bari,শাম্মী বাপের বাড়ী,BAS106,22.006076,91.925400,550,,,,,,,,,,,,,,,,,,,,
74,Bangladesh,Chattogram,Chattogram,Banshkhali,Banshkhali Pourasabha,01,,,,Mahmmud Hossain Master Bari,মাহম্মুদ হোসেন মাস্টার বাড়ী,BAS107,22.011184,91.930004,350,,,,,,,,,,,,,,,,,,,,
75,Bangladesh,Chattogram,Chattogram,Banshkhali,Banshkhali Pourasabha,01,,,,Peyadar Para ,পেয়াদার পাড়া ,BAS108,22.013518,91.925084,600,,,,,,,,,,,,,,,,,,,,
76,Bangladesh,Chattogram,Chattogram,Banshkhali,Banshkhali Pourasabha,01,,,,Bhagyar Baper Bari,ভাগ্যের বাপের বাড়ী,BAS109,22.012218,91.926332,450,,,,,,,,,,,,,,,,,,,,
77,Bangladesh,Chattogram,Chattogram,Banshkhali,Banshkhali Pourasabha,01,,,,Maliar Baper Bari,মলিয়ার বাপের বাড়ী,BAS110,22.010925,91.923138,1600,,,,,,,,,,,,,,,,,,,,
78,Bangladesh,Chattogram,Chattogram,Banshkhali,Banshkhali Pourasabha,01,,,,Uttar Jaldi Bhadalia ,উত্তর জলদি ভাদালিয়া,BAS111,22.007934,91.926106,3000,,,,,,,,,,,,,,,,,,,,
79,Bangladesh,Chattogram,Chattogram,Banshkhali,Banshkhali Pourasabha,01,,,,Maulana Momtazul Haquer Bari,মাওলানা মমতাজুল হকের বাড়ি,BAS112,22.017978,91.924240,150,,,,,,,,,,,,,,,,,,,,
80,Bangladesh,Chattogram,Chattogram,Banshkhali,Banshkhali Pourasabha,01,,,,Maulana Shahabuddin Saheb Bari,মাওলানা শাহাবুদ্দিন সাহেব বাড়ী,BAS113,22.017680,91.927597,500,,,,,,,,,,,,,,,,,,,,
81,Bangladesh,Chattogram,Chattogram,Banshkhali,Banshkhali Pourasabha,01,,,,Aimar Baper Bari,আইমার বাপের বাড়ী,BAS114,22.019611,91.928777,600,,,,,,,,,,,,,,,,,,,,
82,Bangladesh,Chattogram,Chattogram,Banshkhali,Banshkhali Pourasabha,01,,,,Ahmed Hossainer Bari,আহম্মদ হোসেনের বাড়ী,BAS115,22.019327,91.931652,300,,,,,,,,,,,,,,,,,,,,
83,Bangladesh,Chattogram,Chattogram,Banshkhali,Banshkhali Pourasabha,01,,,,Ekram Mia Bari,একরাম মিয়া বাড়ী,BAS116,22.018370,91.933264,300,,,,,,,,,,,,,,,,,,,,
84,Bangladesh,Chattogram,Chattogram,Banshkhali,Banshkhali Pourasabha,01,,,,Najira Market,নজিরা মার্কেট,BAS117,22.017749,91.928665,800,,,,,,,,,,,,,,,,,,,,
85,Bangladesh,Chattogram,Chattogram,Banshkhali,Banshkhali Pourasabha,01,,,,Patan Bahaddar Bari,পতন বহাদ্দার বাড়ী,BAS118,22.017051,91.931506,1400,,,,,,,,,,,,,,,,,,,,
86,Bangladesh,Chattogram,Chattogram,Banshkhali,Banshkhali Pourasabha,02,,,,Gura Tuni Para,গুরা টুনি পাড়া,BAS201,22.018698,91.942385,1000,,,,,,,,,,,,,,,,,,,,
87,Bangladesh,Chattogram,Chattogram,Banshkhali,Banshkhali Pourasabha,02,,,,Siddiq Keranir Bari,সিদ্দিক কেরানীর বাড়ী ,BAS202,22.018947,91.940688,500,,,,,,,,,,,,,,,,,,,,
88,Bangladesh,Chattogram,Chattogram,Banshkhali,Banshkhali Pourasabha,02,,,,Manikkya Mahuri Para,মানিক্যা মহুরী পাড়া,BAS203,22.019634,91.939452,700,,,,,,,,,,,,,,,,,,,,
89,Bangladesh,Chattogram,Chattogram,Banshkhali,Banshkhali Pourasabha,02,,,,Khalil Shah Para,খলিল শাহ পাড়া,BAS204,22.020364,91.936744,1200,,,,,,,,,,,,,,,,,,,,
90,Bangladesh,Chattogram,Chattogram,Banshkhali,Banshkhali Pourasabha,02,,,,Yusuf Majhir Para,ইউসুফ মাঝির পাড়া,BAS205,22.016964,91.936882,1100,,,,,,,,,,,,,,,,,,,,
91,Bangladesh,Chattogram,Chattogram,Banshkhali,Banshkhali Pourasabha,02,,,,Barua Para,বড়ুয়া পাড়া,BAS206,22.003433,91.937393,5500,,,,,,,,,,,,,,,,,,,,
92,Bangladesh,Chattogram,Chattogram,Banshkhali,Banshkhali Pourasabha,03,,,,Noa Para,নোয়া পাড়া,BAS301,22.017952,91.945728,5100,,,,,,,,,,,,,,,,,,,,
93,Bangladesh,Chattogram,Chattogram,Banshkhali,Banshkhali Pourasabha,03,,,,Neyazar Para,নেয়াজর পাড়া,BAS302,22.010881,91.947700,5600,,,,,,,,,,,,,,,,,,,,
94,Bangladesh,Chattogram,Chattogram,Banshkhali,Banshkhali Pourasabha,03,,,,Syed Bahar Ullah Para,সৈয়দ বাহার উল্লাহ পাড়া,BAS303,22.004325,91.950158,3500,,,,,,,,,,,,,,,,,,,,
95,Bangladesh,Chattogram,Chattogram,Banshkhali,Banshkhali Pourasabha,04,,,,Chumma Para,ছুম্মা পাড়া ,BAS401,22.014754,91.961211,2780,,,,,,,,,,,,,,,,,,,,
96,Bangladesh,Chattogram,Chattogram,Banshkhali,Banshkhali Pourasabha,04,,,,Lashkar Para,লস্কর পাড়া,BAS402,22.012940,91.956194,1530,,,,,,,,,,,,,,,,,,,,
97,Bangladesh,Chattogram,Chattogram,Banshkhali,Banshkhali Pourasabha,04,,,,Mahaldar Para,মহলদার পাড়া,BAS403,22.012059,91.953745,1320,,,,,,,,,,,,,,,,,,,,
98,Bangladesh,Chattogram,Chattogram,Banshkhali,Banshkhali Pourasabha,04,,,,Dakkhin Banik Para,দক্ষিণ বণিক পাড়া,BAS404,22.014427,91.953160,1120,,,,,,,,,,,,,,,,,,,,
99,Bangladesh,Chattogram,Chattogram,Banshkhali,Banshkhali Pourasabha,04,,,,Neyazar Para,নেয়াজর পাড়া,BAS405,22.013949,91.950896,1580,,,,,,,,,,,,,,,,,,,,
100,Bangladesh,Chattogram,Chattogram,Banshkhali,Banshkhali Pourasabha,04,,,,Monki Para,মনকি পাড়া,BAS406,22.019433,91.952007,1120,,,,,,,,,,,,,,,,,,,,
101,Bangladesh,Chattogram,Chattogram,Banshkhali,Banshkhali Pourasabha,04,,,,Uttar Banik Para,উত্তর বণিক পাড়া,BAS407,22.019436,91.949599,1070,,,,,,,,,,,,,,,,,,,,
102,Bangladesh,Chattogram,Chattogram,Banshkhali,Banshkhali Pourasabha,04,,,,Shil Para,শীল পাড়া,BAS408,22.017669,91.955229,630,,,,,,,,,,,,,,,,,,,,
103,Bangladesh,Chattogram,Chattogram,Banshkhali,Banshkhali Pourasabha,05,,,,Bahar Ullah Para (Part),বাহার উল্লাহ পাড়া (অংশ) ,BAS501,22.007720,91.952883,1500,,,,,,,,,,,,,,,,,,,,
104,Bangladesh,Chattogram,Chattogram,Banshkhali,Banshkhali Pourasabha,05,,,,Talukdar Para,তালুকদার পাড়া,BAS502,22.010154,91.952399,700,,,,,,,,,,,,,,,,,,,,
105,Bangladesh,Chattogram,Chattogram,Banshkhali,Banshkhali Pourasabha,05,,,,Teli Para,তেলী পাড়া,BAS503,22.011478,91.951653,1300,,,,,,,,,,,,,,,,,,,,
106,Bangladesh,Chattogram,Chattogram,Banshkhali,Banshkhali Pourasabha,05,,,,Sikder Para,সিকদার পাড়া,BAS504,22.009726,91.954890,800,,,,,,,,,,,,,,,,,,,,
107,Bangladesh,Chattogram,Chattogram,Banshkhali,Banshkhali Pourasabha,05,,,,Khondoker Para,খোন্দকার পাড়া,BAS505,22.010815,91.955086,800,,,,,,,,,,,,,,,,,,,,
108,Bangladesh,Chattogram,Chattogram,Banshkhali,Banshkhali Pourasabha,05,,,,Bagicha Para,বাগিচা পাড়া,BAS506,22.008256,91.955587,1000,,,,,,,,,,,,,,,,,,,,
109,Bangladesh,Chattogram,Chattogram,Banshkhali,Banshkhali Pourasabha,05,,,,Dariya Para,দাড়িয়া পাড়া,BAS507,22.008264,91.957460,600,,,,,,,,,,,,,,,,,,,,
110,Bangladesh,Chattogram,Chattogram,Banshkhali,Banshkhali Pourasabha,05,,,,Purba Para,পূর্ব পাড়া,BAS508,22.008777,91.959494,1000,,,,,,,,,,,,,,,,,,,,
111,Bangladesh,Chattogram,Chattogram,Banshkhali,Banshkhali Pourasabha,05,,,,Jangal Jaldi (Part),জঙ্গল জলদি (অংশ),BAS509,22.010610,91.964855,2600,,,,,,,,,,,,,,,,,,,,
112,Bangladesh,Chattogram,Chattogram,Banshkhali,Banshkhali Pourasabha,05,,,,Chumma Para,ছুম্মা পাড়া ,BAS510,22.011966,91.958821,800,,,,,,,,,,,,,,,,,,,,
113,Bangladesh,Chattogram,Chattogram,Banshkhali,Banshkhali Pourasabha,05,,,,Miya Bari,মিয়া বাড়ি,BAS511,22.009757,91.956771,200,,,,,,,,,,,,,,,,,,,,
114,Bangladesh,Chattogram,Chattogram,Banshkhali,Banshkhali Pourasabha,06,,,,Kebal Krishna Mahajan Para,কেবল কৃষ্ণ মহাজন পাড়া,BAS601,22.005781,91.953558,1000,,,,,,,,,,,,,,,,,,,,
115,Bangladesh,Chattogram,Chattogram,Banshkhali,Banshkhali Pourasabha,06,,,,Karmakar Para,কর্মকার পাড়া,BAS602,22.006916,91.955131,600,,,,,,,,,,,,,,,,,,,,
116,Bangladesh,Chattogram,Chattogram,Banshkhali,Banshkhali Pourasabha,06,,,,Jaladash Para,জলদাশ পাড়া,BAS603,22.005307,91.956506,300,,,,,,,,,,,,,,,,,,,,
117,Bangladesh,Chattogram,Chattogram,Banshkhali,Banshkhali Pourasabha,06,,,,Upazila Parishad,উপজেলা পরিষদ,BAS604,22.002499,91.952911,300,,,,,,,,,,,,,,,,,,,,
118,Bangladesh,Chattogram,Chattogram,Banshkhali,Banshkhali Pourasabha,06,,,,Dakkhin Brahman Para,দক্ষিণ ব্রাহ্মণ পাড়া,BAS605,22.001991,91.954823,600,,,,,,,,,,,,,,,,,,,,
119,Bangladesh,Chattogram,Chattogram,Banshkhali,Banshkhali Pourasabha,06,,,,Dev Para,দেব পাড়া,BAS606,22.001597,91.957187,1000,,,,,,,,,,,,,,,,,,,,
120,Bangladesh,Chattogram,Chattogram,Banshkhali,Banshkhali Pourasabha,06,,,,Datta Para,দত্ত পাড়া,BAS607,22.002910,91.957344,300,,,,,,,,,,,,,,,,,,,,
121,Bangladesh,Chattogram,Chattogram,Banshkhali,Banshkhali Pourasabha,06,,,,Rudra Para,রুদ্র পাড়া,BAS608,22.001387,91.959892,700,,,,,,,,,,,,,,,,,,,,
122,Bangladesh,Chattogram,Chattogram,Banshkhali,Banshkhali Pourasabha,06,,,,Kazi Para,কাজী পাড়া,BAS609,22.000298,91.960382,300,,,,,,,,,,,,,,,,,,,,
123,Bangladesh,Chattogram,Chattogram,Banshkhali,Banshkhali Pourasabha,06,,,,Ruhulla Para,রুহুল্লা পাড়া,BAS610,22.004884,91.958776,500,,,,,,,,,,,,,,,,,,,,
124,Bangladesh,Chattogram,Chattogram,Banshkhali,Banshkhali Pourasabha,06,,,,Natun Dighir Para,নতুন দীঘির পাড়া,BAS611,22.005396,91.966979,6000,,,,,,,,,,,,,,,,,,,,
125,Bangladesh,Chattogram,Chattogram,Banshkhali,Banshkhali Pourasabha,07,,,,Askaria Abashik Para,আসকরিয়া আবাসিক পাড়া,BAS701,21.999586,91.948948,5000,,,,,,,,,,,,,,,,,,,,
126,Bangladesh,Chattogram,Chattogram,Banshkhali,Banshkhali Pourasabha,07,,,,Dakkhin Askaria Para,দক্ষিণ আসকরিয়া পাড়া,BAS702,21.996304,91.943364,4000,,,,,,,,,,,,,,,,,,,,
127,Bangladesh,Chattogram,Chattogram,Banshkhali,Banshkhali Pourasabha,07,,,,Teli Para,তেলী পাড়া,BAS703,21.988562,91.943115,600,,,,,,,,,,,,,,,,,,,,
128,Bangladesh,Chattogram,Chattogram,Banshkhali,Banshkhali Pourasabha,07,,,,Mahuri Para,মহুরী পাড়া,BAS704,21.995163,91.950775,1000,,,,,,,,,,,,,,,,,,,,
129,Bangladesh,Chattogram,Chattogram,Banshkhali,Banshkhali Pourasabha,07,,,,Uttar Askaria Para,উত্তর আসকরিয়া পাড়া,BAS705,21.998522,91.941691,4000,,,,,,,,,,,,,,,,,,,,
130,Bangladesh,Chattogram,Chattogram,Banshkhali,Banshkhali Pourasabha,07,,,,Kamola Para,কমলা পাড়া,BAS706,21.991503,91.943059,300,,,,,,,,,,,,,,,,,,,,
131,Bangladesh,Chattogram,Chattogram,Banshkhali,Banshkhali Pourasabha,08,,,,Mahajan Para,মহাজন পাড়া,BAS801,21.996813,91.954451,8490,,,,,,,,,,,,,,,,,,,,
132,Bangladesh,Chattogram,Chattogram,Banshkhali,Banshkhali Pourasabha,08,,,,Biswas Para,বিশ্বাস পাড়া,BAS802,22.000205,91.952850,900,,,,,,,,,,,,,,,,,,,,
133,Bangladesh,Chattogram,Chattogram,Banshkhali,Banshkhali Pourasabha,08,,,,Shriram Mahajan Para,শ্রীরাম মহাজন পাড়া,BAS803,22.000135,91.954915,1800,,,,,,,,,,,,,,,,,,,,
134,Bangladesh,Chattogram,Chattogram,Banshkhali,Banshkhali Pourasabha,08,,,,Talukdar Para,তালুকদার পাড়া,BAS804,21.996329,91.959371,900,,,,,,,,,,,,,,,,,,,,
135,Bangladesh,Chattogram,Chattogram,Banshkhali,Banshkhali Pourasabha,08,,,,Villager Para,ভিলেজার পাড়া,BAS805,21.997246,91.966709,3600,,,,,,,,,,,,,,,,,,,,
136,Bangladesh,Chattogram,Chattogram,Banshkhali,Banshkhali Pourasabha,08,,,,Kazir Para,কাজীর পাড়া,BAS806,22.000353,91.957492,600,,,,,,,,,,,,,,,,,,,,
137,Bangladesh,Chattogram,Chattogram,Banshkhali,Banshkhali Pourasabha,09,,,,Dosari Para,দোসরী পাড়া,BAS901,21.991899,91.953667,3000,,,,,,,,,,,,,,,,,,,,
138,Bangladesh,Chattogram,Chattogram,Banshkhali,Banshkhali Pourasabha,09,,,,Rangiya Ghona,রঙ্গিয়া ঘোনা,BAS902,21.983459,91.952141,4500,,,,,,,,,,,,,,,,,,,,
139,Bangladesh,Chattogram,Chattogram,Banshkhali,Banshkhali Pourasabha,09,,,,Barua Para,বড়ুয়া পাড়া,BAS903,21.992439,91.958063,700,,,,,,,,,,,,,,,,,,,,
140,Bangladesh,Chattogram,Chattogram,Banshkhali,Banshkhali Pourasabha,09,,,,Hindu Para,হিন্দু পাড়া,BAS904,21.991624,91.959311,800,,,,,,,,,,,,,,,,,,,,
141,Bangladesh,Chattogram,Chattogram,Banshkhali,Chhanua,01,,,,Lashkar Maulavi Para,লস্কর মৌলভী পাড়া,CHH101,21.885748,91.924453,500,,,,,,,,,,,,,,,,,,,,
142,Bangladesh,Chattogram,Chattogram,Banshkhali,Chhanua,01,,,,Hanif Para,হানিফ পাড়া,CHH102,21.883973,91.923594,300,,,,,,,,,,,,,,,,,,,,
143,Bangladesh,Chattogram,Chattogram,Banshkhali,Chhanua,01,,,,Sufi Miyaji Para,সুফি মিয়াজী পাড়া,CHH103,21.883179,91.927183,300,,,,,,,,,,,,,,,,,,,,
144,Bangladesh,Chattogram,Chattogram,Banshkhali,Chhanua,01,,,,Mohabbat Ali Para,মোহাব্বত আলী পাড়া,CHH104,21.882434,91.931270,350,,,,,,,,,,,,,,,,,,,,
145,Bangladesh,Chattogram,Chattogram,Banshkhali,Chhanua,01,,,,Ismail Para,ইসমাইল পাড়া,CHH105,21.881808,91.933268,300,,,,,,,,,,,,,,,,,,,,
146,Bangladesh,Chattogram,Chattogram,Banshkhali,Chhanua,01,,,,Amin Sharif Para,আমিন শরীফ পাড়া,CHH106,21.879678,91.935013,500,,,,,,,,,,,,,,,,,,,,
147,Bangladesh,Chattogram,Chattogram,Banshkhali,Chhanua,01,,,,Kabir Sikder Para,কবির সিকদার পাড়া,CHH107,21.882301,91.935756,950,,,,,,,,,,,,,,,,,,,,
148,Bangladesh,Chattogram,Chattogram,Banshkhali,Chhanua,01,,,,Bachamia Para,বাছামিয়া পাড়া,CHH108,21.882214,91.937973,300,,,,,,,,,,,,,,,,,,,,
149,Bangladesh,Chattogram,Chattogram,Banshkhali,Chhanua,01,,,,Saleh Ahmed Sikder Para,সালেহ আহম্মদ সিকদার পাড়া,CHH109,21.888648,91.937614,500,,,,,,,,,,,,,,,,,,,,
150,Bangladesh,Chattogram,Chattogram,Banshkhali,Chhanua,01,,,,Khorshed Ali Chowdhury Para,খোরশেদ আলী চৌধুরী পাড়া,CHH110,21.885294,91.943886,500,,,,,,,,,,,,,,,,,,,,
151,Bangladesh,Chattogram,Chattogram,Banshkhali,Chhanua,02,,,,Shuklal Para,শুকলাল পাড়া,CHH201,21.891211,91.922752,300,,,,,,,,,,,,,,,,,,,,
152,Bangladesh,Chattogram,Chattogram,Banshkhali,Chhanua,02,,,,Mochon Fakir Para,মছন ফকির পাড়া,CHH202,21.890365,91.927239,250,,,,,,,,,,,,,,,,,,,,
153,Bangladesh,Chattogram,Chattogram,Banshkhali,Chhanua,02,,,,Napit Para,নাপিত পাড়া,CHH203,21.890334,91.930007,100,,,,,,,,,,,,,,,,,,,,
154,Bangladesh,Chattogram,Chattogram,Banshkhali,Chhanua,02,,,,Jogoda Baper Para,জগদা বাপের পাড়া,CHH204,21.892022,91.929446,250,,,,,,,,,,,,,,,,,,,,
155,Bangladesh,Chattogram,Chattogram,Banshkhali,Chhanua,02,,,,Amin Chairman Bari Para,আমিন চেয়ারম্যানের বাড়ি পাড়া,CHH205,21.891416,91.929103,50,,,,,,,,,,,,,,,,,,,,
156,Bangladesh,Chattogram,Chattogram,Banshkhali,Chhanua,02,,,,Hedayet Ali Para,হেদায়েত আলী পাড়া,CHH206,21.890386,91.930846,250,,,,,,,,,,,,,,,,,,,,
157,Bangladesh,Chattogram,Chattogram,Banshkhali,Chhanua,02,,,,Ishak Munshi Para,ইসহাক মুন্সি পাড়া,CHH207,21.891279,91.932488,250,,,,,,,,,,,,,,,,,,,,
158,Bangladesh,Chattogram,Chattogram,Banshkhali,Chhanua,02,,,,Madhukhali,মধুখালী,CHH208,21.893426,91.934857,500,,,,,,,,,,,,,,,,,,,,
159,Bangladesh,Chattogram,Chattogram,Banshkhali,Chhanua,02,,,,Char Para,চর পাড়া ,CHH209,21.891142,91.943151,120,,,,,,,,,,,,,,,,,,,,
160,Bangladesh,Chattogram,Chattogram,Banshkhali,Chhanua,02,,,,Fakir Para,ফকির পাড়া,CHH210,21.894455,91.927224,30,,,,,,,,,,,,,,,,,,,,
161,Bangladesh,Chattogram,Chattogram,Banshkhali,Chhanua,03,,,,Jomila Para,জমিলা পাড়া,CHH301,21.899767,91.922410,300,,,,,,,,,,,,,,,,,,,,
162,Bangladesh,Chattogram,Chattogram,Banshkhali,Chhanua,03,,,,Kazi Para,কাজী বাড়ি,CHH302,21.896156,91.922185,100,,,,,,,,,,,,,,,,,,,,
163,Bangladesh,Chattogram,Chattogram,Banshkhali,Chhanua,03,,,,Charutia Para,ছরুতিয়া পাড়া,CHH303,21.893746,91.922134,400,,,,,,,,,,,,,,,,,,,,
164,Bangladesh,Chattogram,Chattogram,Banshkhali,Chhanua,03,,,,Haji Ali Mia Para,হাজী আলী মিয়া পাড়া,CHH304,21.892827,91.926090,400,,,,,,,,,,,,,,,,,,,,
165,Bangladesh,Chattogram,Chattogram,Banshkhali,Chhanua,03,,,,Shamboli Para,শাম্বলী পাড়া,CHH305,21.897616,91.928106,250,,,,,,,,,,,,,,,,,,,,
166,Bangladesh,Chattogram,Chattogram,Banshkhali,Chhanua,03,,,,Amir Para,আমির পাড়া,CHH306,21.900262,91.927096,200,,,,,,,,,,,,,,,,,,,,
167,Bangladesh,Chattogram,Chattogram,Banshkhali,Chhanua,03,,,,Ali Mia Para,আলী মিয়া পাড়া,CHH307,21.896571,91.932990,150,,,,,,,,,,,,,,,,,,,,
168,Bangladesh,Chattogram,Chattogram,Banshkhali,Chhanua,03,,,,Sultan Sikder Para,সুলতান সিকদার পাড়া,CHH308,21.896101,91.936611,450,,,,,,,,,,,,,,,,,,,,
169,Bangladesh,Chattogram,Chattogram,Banshkhali,Chhanua,04,,,,Tek Para,টেক পাড়া,CHH401,21.875082,91.921444,1200,,,,,,,,,,,,,,,,,,,,
170,Bangladesh,Chattogram,Chattogram,Banshkhali,Chhanua,04,,,,Khash Para,খাস পাড়া,CHH402,21.881368,91.915763,600,,,,,,,,,,,,,,,,,,,,
171,Bangladesh,Chattogram,Chattogram,Banshkhali,Chhanua,04,,,,Wajkatun Para,ওয়াজকাতুন পাড়া,CHH403,21.877301,91.921002,160,,,,,,,,,,,,,,,,,,,,
172,Bangladesh,Chattogram,Chattogram,Banshkhali,Chhanua,04,,,,Korimjan Para,করিমজান পাড়া,CHH404,21.878858,91.924335,280,,,,,,,,,,,,,,,,,,,,
173,Bangladesh,Chattogram,Chattogram,Banshkhali,Chhanua,04,,,,Dakkhin Shuklal Para,দক্ষিণ শুকলাল পাড়া,CHH405,21.879677,91.922234,450,,,,,,,,,,,,,,,,,,,,
174,Bangladesh,Chattogram,Chattogram,Banshkhali,Chhanua,04,,,,Hasan Ali Sikder Para,হাসান আলী শিকদার পাড়া,CHH406,21.881118,91.924512,100,,,,,,,,,,,,,,,,,,,,
175,Bangladesh,Chattogram,Chattogram,Banshkhali,Chhanua,04,,,,Yakub Para,ইয়াকুব পাড়া,CHH407,21.879157,91.918942,200,,,,,,,,,,,,,,,,,,,,
176,Bangladesh,Chattogram,Chattogram,Banshkhali,Chhanua,04,,,,Sardar Para,সর্দার পাড়া,CHH408,21.880878,91.917202,450,,,,,,,,,,,,,,,,,,,,
177,Bangladesh,Chattogram,Chattogram,Banshkhali,Chhanua,04,,,,Hamar Ali Para,হমর আলী পাড়া,CHH409,21.883964,91.917475,1000,,,,,,,,,,,,,,,,,,,,
178,Bangladesh,Chattogram,Chattogram,Banshkhali,Chhanua,04,,,,Madina Para,মদিনা পাড়া,CHH410,21.885351,91.916714,600,,,,,,,,,,,,,,,,,,,,
179,Bangladesh,Chattogram,Chattogram,Banshkhali,Chhanua,04,,,,Kala Chadpara,কালা চাঁদপাড়া,CHH411,21.884451,91.919577,450,,,,,,,,,,,,,,,,,,,,
180,Bangladesh,Chattogram,Chattogram,Banshkhali,Chhanua,05,,,,Kateb Para,কাতেব পাড়া,CHH501,21.901894,91.918962,4400,,,,,,,,,,,,,,,,,,,,
181,Bangladesh,Chattogram,Chattogram,Banshkhali,Chhanua,05,,,,Ashraf Ali Para,আশরাফ আলী পাড়া,CHH502,21.900595,91.910311,400,,,,,,,,,,,,,,,,,,,,
182,Bangladesh,Chattogram,Chattogram,Banshkhali,Chhanua,05,,,,Shorofia Para,শরীফিয়া পাড়া,CHH503,21.898095,91.912078,600,,,,,,,,,,,,,,,,,,,,
183,Bangladesh,Chattogram,Chattogram,Banshkhali,Chhanua,05,,,,Foyejani Para,ফৈয়াজানী পাড়া,CHH504,21.897081,91.915907,1500,,,,,,,,,,,,,,,,,,,,
184,Bangladesh,Chattogram,Chattogram,Banshkhali,Chhanua,05,,,,Haji Abdul Kader Para,হাজী আবদুল কাদের পাড়া,CHH505,21.897518,91.920913,550,,,,,,,,,,,,,,,,,,,,
185,Bangladesh,Chattogram,Chattogram,Banshkhali,Chhanua,05,,,,Bodu Baper Para,বদু বাপের পাড়া,CHH506,21.894802,91.915360,400,,,,,,,,,,,,,,,,,,,,
186,Bangladesh,Chattogram,Chattogram,Banshkhali,Chhanua,05,,,,Manu Miyaji Para,মনু মিয়াজি পাড়া,CHH507,21.893257,91.915584,900,,,,,,,,,,,,,,,,,,,,
187,Bangladesh,Chattogram,Chattogram,Banshkhali,Chhanua,05,,,,Abdullah Para,আবদুল্লাহ পাড়া,CHH508,21.891709,91.916460,450,,,,,,,,,,,,,,,,,,,,
188,Bangladesh,Chattogram,Chattogram,Banshkhali,Chhanua,05,,,,Shuklal Para Pashchimangsho,শুকলাল পাড়া পশ্চিমাংশ,CHH509,21.890418,91.921545,1500,,,,,,,,,,,,,,,,,,,,
189,Bangladesh,Chattogram,Chattogram,Banshkhali,Chhanua,05,,,,Umed Ali Para,উমেদ আলী পাড়া,CHH510,21.886740,91.917181,1600,,,,,,,,,,,,,,,,,,,,
190,Bangladesh,Chattogram,Chattogram,Banshkhali,Chhanua,05,,,,Khash Para,খাস পাড়া,CHH511,21.886514,91.914941,900,,,,,,,,,,,,,,,,,,,,
191,Bangladesh,Chattogram,Chattogram,Banshkhali,Chhanua,06,,,,Ali Mia Para,আলী মিয়া পাড়া,CHH601,21.903862,91.936082,4000,,,,,,,,,,,,,,,,,,,,
192,Bangladesh,Chattogram,Chattogram,Banshkhali,Chhanua,06,,,,Jamila Para,জামিলা পাড়া,CHH602,21.903195,91.928315,1000,,,,,,,,,,,,,,,,,,,,
193,Bangladesh,Chattogram,Chattogram,Banshkhali,Chhanua,06,,,,Amanullah Para,আমানউল্লাহ পাড়া,CHH603,21.904768,91.922897,1500,,,,,,,,,,,,,,,,,,,,
194,Bangladesh,Chattogram,Chattogram,Banshkhali,Chhanua,06,,,,Kaloni Para,কালোনী পাড়া,CHH604,21.902416,91.920992,1000,,,,,,,,,,,,,,,,,,,,
195,Bangladesh,Chattogram,Chattogram,Banshkhali,Chhanua,06,,,,Ator Ali Para,আতর আলী পাড়া,CHH605,21.904233,91.918746,1000,,,,,,,,,,,,,,,,,,,,
196,Bangladesh,Chattogram,Chattogram,Banshkhali,Chhanua,06,,,,Kateb Para Uttorangsho,কাতেব পাড়া উত্তরাংশ,CHH606,21.903271,91.917714,1000,,,,,,,,,,,,,,,,,,,,
197,Bangladesh,Chattogram,Chattogram,Banshkhali,Chhanua,06,,,,Purbo Matbor Para,পূর্ব মাতবর পাড়া,CHH607,21.903861,91.913782,1500,,,,,,,,,,,,,,,,,,,,
198,Bangladesh,Chattogram,Chattogram,Banshkhali,Chhanua,06,,,,Pashchim Matbor Para,পশ্চিম মাতবর পাড়া,CHH608,21.905507,91.909440,1500,,,,,,,,,,,,,,,,,,,,
199,Bangladesh,Chattogram,Chattogram,Banshkhali,Chhanua,07,,,,Abdul Mojid Para,আবদুল মজিদ পাড়া,CHH701,21.914110,91.927503,1700,,,,,,,,,,,,,,,,,,,,
200,Bangladesh,Chattogram,Chattogram,Banshkhali,Chhanua,07,,,,Jamal Uddin Para,জামাল উদ্দিন পাড়া,CHH702,21.912964,91.925459,400,,,,,,,,,,,,,,,,,,,,
201,Bangladesh,Chattogram,Chattogram,Banshkhali,Chhanua,07,,,,Monnan Para,মন্নান পাড়া,CHH703,21.908680,91.924779,600,,,,,,,,,,,,,,,,,,,,
202,Bangladesh,Chattogram,Chattogram,Banshkhali,Chhanua,07,,,,Haji Ali Mia Sikder Para,হাজী অলি মিয়া সিকদার পাড়া,CHH704,21.908612,91.927372,1500,,,,,,,,,,,,,,,,,,,,
203,Bangladesh,Chattogram,Chattogram,Banshkhali,Chhanua,07,,,,Haji Kala Mia Para,হাজী কালা মিয়া পাড়া,CHH705,21.912640,91.932049,1500,,,,,,,,,,,,,,,,,,,,
204,Bangladesh,Chattogram,Chattogram,Banshkhali,Chhanua,07,,,,Haji Soleman Boli Para,হাজী সোলেমান বলি পাড়া,CHH706,21.910936,91.927462,500,,,,,,,,,,,,,,,,,,,,
205,Bangladesh,Chattogram,Chattogram,Banshkhali,Chhanua,07,,,,60 No. Para,৬০ নং পাড়া,CHH707,21.910160,91.933905,1000,,,,,,,,,,,,,,,,,,,,
206,Bangladesh,Chattogram,Chattogram,Banshkhali,Chhanua,07,,,,Komor Ali Majhi Para,কমর আলী মাঝি পাড়া,CHH708,21.912548,91.927725,500,,,,,,,,,,,,,,,,,,,,
207,Bangladesh,Chattogram,Chattogram,Banshkhali,Chhanua,07,,,,Begomjan Para,বেগমজান পাড়া,CHH709,21.912980,91.939271,500,,,,,,,,,,,,,,,,,,,,
208,Bangladesh,Chattogram,Chattogram,Banshkhali,Chhanua,07,,,,Faizani Baper Bari,ফয়জানী বাপের বাড়ী,CHH710,21.908441,91.924326,400,,,,,,,,,,,,,,,,,,,,
209,Bangladesh,Chattogram,Chattogram,Banshkhali,Chhanua,08,,,,Nurul Kader Para,নুরুল কাদের পাড়া,CHH801,21.914577,91.907767,300,,,,,,,,,,,,,,,,,,,,
210,Bangladesh,Chattogram,Chattogram,Banshkhali,Chhanua,08,,,,Daraf Ali Sikder Para,দরফ আলী সিকদার পাড়া,CHH802,21.914797,91.910444,1000,,,,,,,,,,,,,,,,,,,,
211,Bangladesh,Chattogram,Chattogram,Banshkhali,Chhanua,08,,,,Naya Para,নয়া পাড়া,CHH803,21.918552,91.924263,1000,,,,,,,,,,,,,,,,,,,,
212,Bangladesh,Chattogram,Chattogram,Banshkhali,Chhanua,08,,,,Master Abdul Goni Para,মাস্টার আবদুল গণি পাড়া,CHH804,21.911021,91.923164,200,,,,,,,,,,,,,,,,,,,,
213,Bangladesh,Chattogram,Chattogram,Banshkhali,Chhanua,08,,,,Haji Osiuddin Para,হাজী অছিউদ্দিন পাড়া,CHH805,21.909656,91.923539,1000,,,,,,,,,,,,,,,,,,,,
214,Bangladesh,Chattogram,Chattogram,Banshkhali,Chhanua,08,,,,Bashir Matobbor Para,বশির মাতব্বর পাড়া,CHH806,21.907123,91.911565,350,,,,,,,,,,,,,,,,,,,,
215,Bangladesh,Chattogram,Chattogram,Banshkhali,Chhanua,08,,,,Bechu Pondit Para,বেছু পন্ডিত পাড়া,CHH807,21.910300,91.907397,300,,,,,,,,,,,,,,,,,,,,
216,Bangladesh,Chattogram,Chattogram,Banshkhali,Chhanua,08,,,,Hafez Golam Kader Para,হাফেজ গোলাম কাদের পাড়া,CHH808,21.913262,91.907865,400,,,,,,,,,,,,,,,,,,,,
217,Bangladesh,Chattogram,Chattogram,Banshkhali,Chhanua,08,,,,Hafez Abdu Sattar Para,হাফেজ আব্দু সাত্তার পাড়া,CHH809,21.912481,91.910652,700,,,,,,,,,,,,,,,,,,,,
218,Bangladesh,Chattogram,Chattogram,Banshkhali,Chhanua,08,,,,Haji Chamiuddin Para,হাজী ছমিউদ্দিন পাড়া,CHH810,21.912437,91.911374,500,,,,,,,,,,,,,,,,,,,,
219,Bangladesh,Chattogram,Chattogram,Banshkhali,Chhanua,08,,,,Bachamia Para,বাছামিয়া পাড়া,CHH811,21.912440,91.918725,500,,,,,,,,,,,,,,,,,,,,
220,Bangladesh,Chattogram,Chattogram,Banshkhali,Chhanua,08,,,,Das para,দাশ পাড়া,CHH812,21.914748,91.917615,200,,,,,,,,,,,,,,,,,,,,
221,Bangladesh,Chattogram,Chattogram,Banshkhali,Chhanua,08,,,,Sujani Para,সুজানী পাড়া,CHH813,21.914006,91.914458,700,,,,,,,,,,,,,,,,,,,,
222,Bangladesh,Chattogram,Chattogram,Banshkhali,Chhanua,09,,,,Mohajer Para,মোহাজের পাড়া,CHH901,21.924994,91.911780,1000,,,,,,,,,,,,,,,,,,,,
223,Bangladesh,Chattogram,Chattogram,Banshkhali,Chhanua,09,,,,01 No. Para,০১ নং পাড়া,CHH902,21.927342,91.914339,2000,,,,,,,,,,,,,,,,,,,,
224,Bangladesh,Chattogram,Chattogram,Banshkhali,Chhanua,09,,,,Naya Para,নয়া পাড়া,CHH903,21.922679,91.921370,500,,,,,,,,,,,,,,,,,,,,
225,Bangladesh,Chattogram,Chattogram,Banshkhali,Chhanua,09,,,,Chemot Khali ,ছেমট খালী,CHH904,21.929563,91.930129,3000,,,,,,,,,,,,,,,,,,,,
226,Bangladesh,Chattogram,Chattogram,Banshkhali,Chambal,01,,,,Joy Nagar Para,জয় নগর পাড়া,CHM101,21.962800,91.936104,4500,,,,,,,,,,,,,,,,,,,,
227,Bangladesh,Chattogram,Chattogram,Banshkhali,Chambal,01,,,,Jaladash Para,জলদাশ পাড়া,CHM102,21.965132,91.934202,1000,,,,,,,,,,,,,,,,,,,,
228,Bangladesh,Chattogram,Chattogram,Banshkhali,Chambal,01,,,,Baniya Ghona,বাণিয়া ঘোনা,CHM103,21.967213,91.927019,300,,,,,,,,,,,,,,,,,,,,
229,Bangladesh,Chattogram,Chattogram,Banshkhali,Chambal,01,,,,Noa Para,নোয়া পাড়া,CHM104,21.969982,91.924322,700,,,,,,,,,,,,,,,,,,,,
230,Bangladesh,Chattogram,Chattogram,Banshkhali,Chambal,01,,,,Uttar Para,উত্তর পাড়া,CHM105,21.973081,91.920208,1000,,,,,,,,,,,,,,,,,,,,
231,Bangladesh,Chattogram,Chattogram,Banshkhali,Chambal,01,,,,Hajir Para,হাজীর পাড়া,CHM106,21.969655,91.918833,100,,,,,,,,,,,,,,,,,,,,
232,Bangladesh,Chattogram,Chattogram,Banshkhali,Chambal,01,,,,Dakkhin Para,দক্ষিণ পাড়া,CHM107,21.967873,91.920527,150,,,,,,,,,,,,,,,,,,,,
233,Bangladesh,Chattogram,Chattogram,Banshkhali,Chambal,02,,,,Aichamia Chowdhury Para,আইছামিয়া চৌধুরী পাড়া,CHM201,21.964849,91.955647,800,,,,,,,,,,,,,,,,,,,,
234,Bangladesh,Chattogram,Chattogram,Banshkhali,Chambal,02,,,,Doctor Saber Para,ডাক্তার সাবের পাড়া,CHM202,21.965584,91.955189,400,,,,,,,,,,,,,,,,,,,,
235,Bangladesh,Chattogram,Chattogram,Banshkhali,Chambal,02,,,,Maulavi Jamal Uddin Saheb Para,মৌলভী জামাল উদ্দিন সাহেব পাড়া,CHM203,21.966590,91.955301,800,,,,,,,,,,,,,,,,,,,,
236,Bangladesh,Chattogram,Chattogram,Banshkhali,Chambal,02,,,,Haji Nur Uddin Para,হাজী নূর উদ্দিন পাড়া,CHM204,21.967990,91.954351,400,,,,,,,,,,,,,,,,,,,,
237,Bangladesh,Chattogram,Chattogram,Banshkhali,Chambal,02,,,,Sukur Mohammad Sikder Para,শুকুর মোঃ সিকদার পাড়া,CHM205,21.968935,91.954991,2000,,,,,,,,,,,,,,,,,,,,
238,Bangladesh,Chattogram,Chattogram,Banshkhali,Chambal,02,,,,Saratiya Para,সরতিয়া পাড়া,CHM206,21.971691,91.954455,1000,,,,,,,,,,,,,,,,,,,,
239,Bangladesh,Chattogram,Chattogram,Banshkhali,Chambal,02,,,,Sawdagar Para,সওদাগর পাড়া,CHM207,21.971496,91.953586,200,,,,,,,,,,,,,,,,,,,,
240,Bangladesh,Chattogram,Chattogram,Banshkhali,Chambal,02,,,,Chand Mia Para,চাঁদ মিয়া পাড়া,CHM208,21.971517,91.951996,50,,,,,,,,,,,,,,,,,,,,
241,Bangladesh,Chattogram,Chattogram,Banshkhali,Chambal,02,,,,Baralia Para,বাড়ালিয়া পাড়া,CHM209,21.972330,91.948518,3000,,,,,,,,,,,,,,,,,,,,
242,Bangladesh,Chattogram,Chattogram,Banshkhali,Chambal,02,,,,Naya Para,নয়া পাড়া,CHM210,21.971421,91.943323,300,,,,,,,,,,,,,,,,,,,,
243,Bangladesh,Chattogram,Chattogram,Banshkhali,Chambal,02,,,,Hindu Chowdhury Para,হিন্দু চৌধুরী পাড়া,CHM211,21.969547,91.941794,500,,,,,,,,,,,,,,,,,,,,
244,Bangladesh,Chattogram,Chattogram,Banshkhali,Chambal,02,,,,Golam Ali Sikder Para,গোলাম আলী সিকদার পাড়া,CHM212,21.970227,91.936335,1500,,,,,,,,,,,,,,,,,,,,
245,Bangladesh,Chattogram,Chattogram,Banshkhali,Chambal,02,,,,Afiya Baper Para,আফিয়া বাপের পাড়া,CHM213,21.976212,91.931207,400,,,,,,,,,,,,,,,,,,,,
246,Bangladesh,Chattogram,Chattogram,Banshkhali,Chambal,02,,,,Madhyam Para,মধ্যম পাড়া,CHM214,21.969994,91.931782,500,,,,,,,,,,,,,,,,,,,,
247,Bangladesh,Chattogram,Chattogram,Banshkhali,Chambal,03,,,,Ahmadiya Para,আহমদিয়া পাড়া,CHM301,21.962291,91.954396,1200,,,,,,,,,,,,,,,,,,,,
248,Bangladesh,Chattogram,Chattogram,Banshkhali,Chambal,03,,,,Shil Para,শীল পাড়া,CHM302,21.960152,91.952156,600,,,,,,,,,,,,,,,,,,,,
249,Bangladesh,Chattogram,Chattogram,Banshkhali,Chambal,03,,,,Purba Para,পূর্ব পাড়া,CHM303,21.959852,91.949711,350,,,,,,,,,,,,,,,,,,,,
250,Bangladesh,Chattogram,Chattogram,Banshkhali,Chambal,03,,,,Chowdhury Para,চৌধুরী পাড়া,CHM304,21.960514,91.946826,500,,,,,,,,,,,,,,,,,,,,
251,Bangladesh,Chattogram,Chattogram,Banshkhali,Chambal,03,,,,Maulavi Para,মৌলভী পাড়া,CHM305,21.959405,91.945315,900,,,,,,,,,,,,,,,,,,,,
252,Bangladesh,Chattogram,Chattogram,Banshkhali,Chambal,03,,,,Uttar Munshirkhil Para,উত্তর মুন্সিরখীল পাড়া,CHM306,21.961851,91.944633,120,,,,,,,,,,,,,,,,,,,,
253,Bangladesh,Chattogram,Chattogram,Banshkhali,Chambal,03,,,,Bara Pukur Pashchim Para,বড় পুকুর পশ্চিম পাড়া,CHM307,21.960732,91.944462,600,,,,,,,,,,,,,,,,,,,,
254,Bangladesh,Chattogram,Chattogram,Banshkhali,Chambal,03,,,,Purba Mahuri Para,পূূর্ব মহুরী পাড়া,CHM308,21.957759,91.943135,900,,,,,,,,,,,,,,,,,,,,
255,Bangladesh,Chattogram,Chattogram,Banshkhali,Chambal,03,,,,Pashchim Mahuri Para,পশ্চিম মহুরী পাড়া,CHM309,21.958275,91.940365,900,,,,,,,,,,,,,,,,,,,,
256,Bangladesh,Chattogram,Chattogram,Banshkhali,Chambal,03,,,,Bangla Bazar Dakkhin Para,বাংলা বাজার দক্ষিণ পাড়া,CHM310,21.959571,91.936247,600,,,,,,,,,,,,,,,,,,,,
257,Bangladesh,Chattogram,Chattogram,Banshkhali,Chambal,03,,,,Bangla Bazar Purba Para,বাংলা বাজার পূূর্ব পাড়া,CHM311,21.955889,91.937818,300,,,,,,,,,,,,,,,,,,,,
258,Bangladesh,Chattogram,Chattogram,Banshkhali,Chambal,04,,,,Sharif Manzil Para,শরীফ মঞ্জিল পাড়া,CHM401,21.959676,91.956233,500,,,,,,,,,,,,,,,,,,,,
259,Bangladesh,Chattogram,Chattogram,Banshkhali,Chambal,04,,,,Purba Sandhi Para,পূর্ব সন্ধি পাড়া,CHM402,21.957501,91.951368,4000,,,,,,,,,,,,,,,,,,,,
260,Bangladesh,Chattogram,Chattogram,Banshkhali,Chambal,04,,,,Pashchim Sandhi Para,পশ্চিম সন্ধি পাড়া,CHM403,21.953211,91.939817,150,,,,,,,,,,,,,,,,,,,,
261,Bangladesh,Chattogram,Chattogram,Banshkhali,Chambal,04,,,,Toila Para,তৈলা পাড়া,CHM404,21.955682,91.947783,400,,,,,,,,,,,,,,,,,,,,
262,Bangladesh,Chattogram,Chattogram,Banshkhali,Chambal,04,,,,Kai-Majhi Para,কৈ-মাঝি পাড়া,CHM405,21.954250,91.945311,700,,,,,,,,,,,,,,,,,,,,
263,Bangladesh,Chattogram,Chattogram,Banshkhali,Chambal,04,,,,Amin Chairman Para,আমিন চেয়ারম্যান পাড়া,CHM406,21.951786,91.941957,300,,,,,,,,,,,,,,,,,,,,
264,Bangladesh,Chattogram,Chattogram,Banshkhali,Chambal,04,,,,Chowkidar Para,চৌকিদার পাড়া,CHM407,21.951667,91.950525,750,,,,,,,,,,,,,,,,,,,,
265,Bangladesh,Chattogram,Chattogram,Banshkhali,Chambal,04,,,,Lohaye Para,লোহায় পাড়া,CHM408,21.954455,91.949873,800,,,,,,,,,,,,,,,,,,,,
266,Bangladesh,Chattogram,Chattogram,Banshkhali,Chambal,04,,,,Naya Para,নয়া পাড়া,CHM409,21.953872,91.954369,900,,,,,,,,,,,,,,,,,,,,
267,Bangladesh,Chattogram,Chattogram,Banshkhali,Chambal,04,,,,Khalil Para,খলিল পাড়া,CHM410,21.954952,91.950704,900,,,,,,,,,,,,,,,,,,,,
268,Bangladesh,Chattogram,Chattogram,Banshkhali,Chambal,04,,,,Noori Baper Bari,নূরী বাপের বাড়ি,CHM411,21.952577,91.946220,400,,,,,,,,,,,,,,,,,,,,
269,Bangladesh,Chattogram,Chattogram,Banshkhali,Chambal,05,,,,Nauchura Para,নৌচূরা পাড়া,CHM501,21.957219,91.956982,500,,,,,,,,,,,,,,,,,,,,
270,Bangladesh,Chattogram,Chattogram,Banshkhali,Chambal,05,,,,Satghar Para,সাতঘর পাড়া,CHM502,21.956287,91.959243,600,,,,,,,,,,,,,,,,,,,,
271,Bangladesh,Chattogram,Chattogram,Banshkhali,Chambal,05,,,,Ajani Para,আযানী পাড়া,CHM503,21.957038,91.960527,400,,,,,,,,,,,,,,,,,,,,
272,Bangladesh,Chattogram,Chattogram,Banshkhali,Chambal,05,,,,Sadeq Fakir Para,সাদেক ফকির পাড়া,CHM504,21.954261,91.957735,800,,,,,,,,,,,,,,,,,,,,
273,Bangladesh,Chattogram,Chattogram,Banshkhali,Chambal,05,,,,Bodhu Baper Bari,বধূ বাপের বাড়ি,CHM505,21.952083,91.957996,600,,,,,,,,,,,,,,,,,,,,
274,Bangladesh,Chattogram,Chattogram,Banshkhali,Chambal,05,,,,Saleh Ahmed Member Para,সালেহ আহম্মদ মেম্বার পাড়া,CHM506,21.949265,91.959677,400,,,,,,,,,,,,,,,,,,,,
275,Bangladesh,Chattogram,Chattogram,Banshkhali,Chambal,05,,,,Omar Ali Sikder Para,ওমর আলী সিকদার পাড়া,CHM507,21.953143,91.961267,900,,,,,,,,,,,,,,,,,,,,
276,Bangladesh,Chattogram,Chattogram,Banshkhali,Chambal,05,,,,Ansur Ali Para,আনছুর আলী পাড়া,CHM508,21.950725,91.962611,400,,,,,,,,,,,,,,,,,,,,
277,Bangladesh,Chattogram,Chattogram,Banshkhali,Chambal,05,,,,Gharar Bari Para,ঘারার বাড়ি পাড়া,CHM509,21.947165,91.958412,400,,,,,,,,,,,,,,,,,,,,
278,Bangladesh,Chattogram,Chattogram,Banshkhali,Chambal,05,,,,Madhyam Nath Para,মধ্যম নাথ পাড়া,CHM510,21.945734,91.960006,700,,,,,,,,,,,,,,,,,,,,
279,Bangladesh,Chattogram,Chattogram,Banshkhali,Chambal,05,,,,Dakkhin Nath Para,দক্ষিণ নাথ পাড়া,CHM511,21.944646,91.960668,600,,,,,,,,,,,,,,,,,,,,
280,Bangladesh,Chattogram,Chattogram,Banshkhali,Chambal,05,,,,Amir Hossain Member Para,আমির হোসেন মেম্বার পাড়া,CHM512,21.954779,91.959537,200,,,,,,,,,,,,,,,,,,,,
281,Bangladesh,Chattogram,Chattogram,Banshkhali,Chambal,06,,,,Abdur Ali Sikder Para,আব্দুর আলী সিকদার পাড়া,CHM601,21.949940,91.966145,500,,,,,,,,,,,,,,,,,,,,
282,Bangladesh,Chattogram,Chattogram,Banshkhali,Chambal,06,,,,Sonar Khil,সোনার খীল,CHM602,21.943329,91.966501,700,,,,,,,,,,,,,,,,,,,,
283,Bangladesh,Chattogram,Chattogram,Banshkhali,Chambal,06,,,,Bara Muttar Para,বড় মুত্তর পাড়া,CHM603,21.948321,91.971386,1200,,,,,,,,,,,,,,,,,,,,
284,Bangladesh,Chattogram,Chattogram,Banshkhali,Chambal,06,,,,Duilya Jhiri,দুইল্যা ঝিড়ি,CHM604,21.951726,91.981541,800,,,,,,,,,,,,,,,,,,,,
285,Bangladesh,Chattogram,Chattogram,Banshkhali,Chambal,06,,,,Jangal Chambal,জঙ্গল চাম্বল,CHM605,21.946641,91.976762,500,,,,,,,,,,,,,,,,,,,,
286,Bangladesh,Chattogram,Chattogram,Banshkhali,Chambal,06,,,,Hindu Para,হিন্দু পাড়া,CHM606,21.947476,91.964024,300,,,,,,,,,,,,,,,,,,,,
287,Bangladesh,Chattogram,Chattogram,Banshkhali,Chambal,06,,,,Nath Para,নাথ পাড়া,CHM607,21.949873,91.964596,200,,,,,,,,,,,,,,,,,,,,
288,Bangladesh,Chattogram,Chattogram,Banshkhali,Chambal,06,,,,Adarsha Gram,আদর্শ গ্রাম,CHM608,21.950459,91.975603,400,,,,,,,,,,,,,,,,,,,,
289,Bangladesh,Chattogram,Chattogram,Banshkhali,Chambal,06,,,,Munsur Para,মুনসুর পাড়া,CHM609,21.953476,91.968585,300,,,,,,,,,,,,,,,,,,,,
290,Bangladesh,Chattogram,Chattogram,Banshkhali,Chambal,07,,,,Ajani Para,আযানী পাড়া,CHM701,21.958412,91.960984,900,,,,,,,,,,,,,,,,,,,,
291,Bangladesh,Chattogram,Chattogram,Banshkhali,Chambal,07,,,,Hindu Nath Para,হিন্দু নাথ পাড়া,CHM702,21.961028,91.958548,1200,,,,,,,,,,,,,,,,,,,,
292,Bangladesh,Chattogram,Chattogram,Banshkhali,Chambal,07,,,,Karmakar Para,কর্মকার পাড়া,CHM703,21.962616,91.960945,450,,,,,,,,,,,,,,,,,,,,
293,Bangladesh,Chattogram,Chattogram,Banshkhali,Chambal,07,,,,Rudra Para,রুদ্র পাড়া,CHM704,21.956450,91.966212,240,,,,,,,,,,,,,,,,,,,,
294,Bangladesh,Chattogram,Chattogram,Banshkhali,Chambal,07,,,,Maleni Mura,মালেনী মূড়া,CHM705,21.955570,91.966198,100,,,,,,,,,,,,,,,,,,,,
295,Bangladesh,Chattogram,Chattogram,Banshkhali,Chambal,07,,,,Patla Market,পাতলা মার্কেট,CHM706,21.954636,91.962316,750,,,,,,,,,,,,,,,,,,,,
296,Bangladesh,Chattogram,Chattogram,Banshkhali,Chambal,07,,,,Khalifa Para,খলিফা পাড়া,CHM707,21.961954,91.964233,1800,,,,,,,,,,,,,,,,,,,,
297,Bangladesh,Chattogram,Chattogram,Banshkhali,Chambal,07,,,,Jangal Chambal,জঙ্গল চাম্বল,CHM708,21.959410,91.972420,900,,,,,,,,,,,,,,,,,,,,
298,Bangladesh,Chattogram,Chattogram,Banshkhali,Chambal,07,,,,Churalyar Para,চুরাল্যার পাড়া,CHM709,21.960679,91.961688,600,,,,,,,,,,,,,,,,,,,,
299,Bangladesh,Chattogram,Chattogram,Banshkhali,Chambal,07,,,,Teli Para,টেলি পাড়া,CHM710,21.959498,91.963507,900,,,,,,,,,,,,,,,,,,,,
300,Bangladesh,Chattogram,Chattogram,Banshkhali,Chambal,07,,,,Mosha Market,মোশা মার্কেট,CHM711,21.959361,91.966942,150,,,,,,,,,,,,,,,,,,,,
301,Bangladesh,Chattogram,Chattogram,Banshkhali,Chambal,07,,,,Chhararkul,ছড়ারকূল,CHM712,21.957487,91.966640,2100,,,,,,,,,,,,,,,,,,,,
302,Bangladesh,Chattogram,Chattogram,Banshkhali,Chambal,08,,,,Member Rashid Ahmed Bari,মেম্বার রশীদ আহম্মদ বাড়ি,CHM801,21.961562,91.956614,80,,,,,,,,,,,,,,,,,,,,
303,Bangladesh,Chattogram,Chattogram,Banshkhali,Chambal,08,,,,Natun Para,নতুন পাড়া,CHM802,21.963847,91.958601,300,,,,,,,,,,,,,,,,,,,,
304,Bangladesh,Chattogram,Chattogram,Banshkhali,Chambal,08,,,,Izzat Ali Chowdhury Para,ইজ্জত আলী চৌধুরী পাড়া,CHM803,21.963486,91.956659,110,,,,,,,,,,,,,,,,,,,,
305,Bangladesh,Chattogram,Chattogram,Banshkhali,Chambal,08,,,,Haji Para,হাজী পাড়া,CHM804,21.965977,91.956711,900,,,,,,,,,,,,,,,,,,,,
306,Bangladesh,Chattogram,Chattogram,Banshkhali,Chambal,08,,,,Mawla Baper Bari,মাওলা বাপের বাড়ি,CHM805,21.968381,91.956888,750,,,,,,,,,,,,,,,,,,,,
307,Bangladesh,Chattogram,Chattogram,Banshkhali,Chambal,08,,,,Abdul Hakim Sawdagar Bari,আব্দুল হাকিম সওদাগর বাড়ি,CHM806,21.970611,91.956161,450,,,,,,,,,,,,,,,,,,,,
308,Bangladesh,Chattogram,Chattogram,Banshkhali,Chambal,08,,,,Abdul Gafur Sikder Bari,আব্দুল গফুর সিকদার বাড়ি,CHM807,21.972124,91.957332,380,,,,,,,,,,,,,,,,,,,,
309,Bangladesh,Chattogram,Chattogram,Banshkhali,Chambal,08,,,,Maulavi Para,মৌলভী পাড়া,CHM808,21.972836,91.958661,50,,,,,,,,,,,,,,,,,,,,
310,Bangladesh,Chattogram,Chattogram,Banshkhali,Chambal,08,,,,Mistri Bara Bari,মিস্ত্রি বড় বাড়ি,CHM809,21.972495,91.959410,75,,,,,,,,,,,,,,,,,,,,
311,Bangladesh,Chattogram,Chattogram,Banshkhali,Chambal,08,,,,Haquedar Para,হকদার পাড়া,CHM810,21.973823,91.959669,400,,,,,,,,,,,,,,,,,,,,
312,Bangladesh,Chattogram,Chattogram,Banshkhali,Chambal,08,,,,Himmat Ali Sikder Para,হিম্মত আলী সিকদার পাড়া,CHM811,21.969640,91.956698,130,,,,,,,,,,,,,,,,,,,,
313,Bangladesh,Chattogram,Chattogram,Banshkhali,Chambal,09,,,,Hindu Para,হিন্দু পাড়া,CHM901,21.971566,91.960761,5000,,,,,,,,,,,,,,,,,,,,
314,Bangladesh,Chattogram,Chattogram,Banshkhali,Chambal,09,,,,Miyaji Para,মিয়াজী পাড়া,CHM902,21.973739,91.962273,1200,,,,,,,,,,,,,,,,,,,,
315,Bangladesh,Chattogram,Chattogram,Banshkhali,Chambal,09,,,,Miya Bari,মিয়া বাড়ি,CHM903,21.972252,91.963896,300,,,,,,,,,,,,,,,,,,,,
316,Bangladesh,Chattogram,Chattogram,Banshkhali,Chambal,09,,,,Sayed Para,সৈয়দ পাড়া,CHM904,21.969357,91.963190,2500,,,,,,,,,,,,,,,,,,,,
317,Bangladesh,Chattogram,Chattogram,Banshkhali,Chambal,09,,,,Pashchim Hydari Para,পশ্চিম হায়দারী পাড়া,CHM905,21.967294,91.965362,2000,,,,,,,,,,,,,,,,,,,,
318,Bangladesh,Chattogram,Chattogram,Banshkhali,Chambal,09,,,,Purba Hydari Para,পূর্ব হায়দারী পাড়া,CHM906,21.965656,91.967772,1800,,,,,,,,,,,,,,,,,,,,
319,Bangladesh,Chattogram,Chattogram,Banshkhali,Chambal,09,,,,South Jangal Chambal,দক্ষিণ জঙ্গল চাম্বল,CHM907,21.967040,91.974387,500,,,,,,,,,,,,,,,,,,,,
320,Bangladesh,Chattogram,Chattogram,Banshkhali,Chambal,09,,,,Saira Baper Para,সাইরা বাপের পাড়া,CHM908,21.970633,91.972779,400,,,,,,,,,,,,,,,,,,,,
321,Bangladesh,Chattogram,Chattogram,Banshkhali,Chambal,09,,,,Natun Para (Purba),নতুন পাড়া (পূর্ব),CHM909,21.973331,91.973188,2000,,,,,,,,,,,,,,,,,,,,
322,Bangladesh,Chattogram,Chattogram,Banshkhali,Chambal,09,,,,Duilya Jhiri,দুইল্যা ঝিড়ি,CHM910,21.976999,91.977307,1500,,,,,,,,,,,,,,,,,,,,
323,Bangladesh,Chattogram,Chattogram,Banshkhali,Chambal,09,,,,Peshkar Para,পেশকার পাড়া,CHM911,21.975528,91.964863,300,,,,,,,,,,,,,,,,,,,,
324,Bangladesh,Chattogram,Chattogram,Banshkhali,Chambal,09,,,,Rudra Para,রুদ্র পাড়া,CHM912,21.973110,91.966049,300,,,,,,,,,,,,,,,,,,,,
325,Bangladesh,Chattogram,Chattogram,Banshkhali,Chambal,09,,,,Jumman Bari,জুম্মান বাড়ি,CHM913,21.973242,91.963537,350,,,,,,,,,,,,,,,,,,,,
326,Bangladesh,Chattogram,Chattogram,Banshkhali,Chambal,09,,,,Purba Para,পূর্ব পাড়া,CHM914,21.976740,91.972318,800,,,,,,,,,,,,,,,,,,,,
327,Bangladesh,Chattogram,Chattogram,Banshkhali,Gandamara,01,,,,Char Para,চর পাড়া,GAN101,21.996642,91.891126,2000,,,,,,,,,,,,,,,,,,,,
328,Bangladesh,Chattogram,Chattogram,Banshkhali,Gandamara,01,,,,Khamar Para,খামার পাড়া,GAN102,21.987931,91.889741,1100,,,,,,,,,,,,,,,,,,,,
329,Bangladesh,Chattogram,Chattogram,Banshkhali,Gandamara,01,,,,Samad Ali Matabbar Bari,সমাদ আলী মাতাব্বর বাড়ি,GAN103,21.990358,91.894903,2500,,,,,,,,,,,,,,,,,,,,
330,Bangladesh,Chattogram,Chattogram,Banshkhali,Gandamara,01,,,,Raham Ali Majhi Bari,রহম আলী মাঝি বাড়ি,GAN104,21.987355,91.894379,2000,,,,,,,,,,,,,,,,,,,,
331,Bangladesh,Chattogram,Chattogram,Banshkhali,Gandamara,01,,,,Noa Para,নোয়া পাড়া,GAN105,21.981564,91.895203,1500,,,,,,,,,,,,,,,,,,,,
332,Bangladesh,Chattogram,Chattogram,Banshkhali,Gandamara,01,,,,Matabbar Para,মাতব্বর পাড়া,GAN106,21.982730,91.889863,2500,,,,,,,,,,,,,,,,,,,,
333,Bangladesh,Chattogram,Chattogram,Banshkhali,Gandamara,01,,,,Senayet Ali Bari,সেনায়েত আলী বাড়ি,GAN107,21.975841,91.895620,2000,,,,,,,,,,,,,,,,,,,,
334,Bangladesh,Chattogram,Chattogram,Banshkhali,Gandamara,01,,,,Haider Ali Majhi Bari,হায়দার আলী মাঝি বাড়ি,GAN108,21.986463,91.892224,400,,,,,,,,,,,,,,,,,,,,
335,Bangladesh,Chattogram,Chattogram,Banshkhali,Gandamara,02,,,,Ruhul Amin Talukder Para,রুহুল আমিন তালুকদার পাড়া,GAN201,21.993827,91.899773,500,,,,,,,,,,,,,,,,,,,,
336,Bangladesh,Chattogram,Chattogram,Banshkhali,Gandamara,02,,,,Dhupi Para,ধুপি পাড়া,GAN202,21.991419,91.901412,300,,,,,,,,,,,,,,,,,,,,
337,Bangladesh,Chattogram,Chattogram,Banshkhali,Gandamara,02,,,,Rahmat Ali Bari,রহমত আলী বাড়ী,GAN203,21.995856,91.902004,250,,,,,,,,,,,,,,,,,,,,
338,Bangladesh,Chattogram,Chattogram,Banshkhali,Gandamara,02,,,,Aimar Para,আইমার পাড়া,GAN204,21.994441,91.904781,1000,,,,,,,,,,,,,,,,,,,,
339,Bangladesh,Chattogram,Chattogram,Banshkhali,Gandamara,02,,,,Laitya Bor Bari,লইত্যা বর বাড়ী,GAN205,21.998742,91.904538,200,,,,,,,,,,,,,,,,,,,,
340,Bangladesh,Chattogram,Chattogram,Banshkhali,Gandamara,02,,,,Shahar Mullock Bari,শহর মুল্লক বাড়ী,GAN206,21.995456,91.906911,500,,,,,,,,,,,,,,,,,,,,
341,Bangladesh,Chattogram,Chattogram,Banshkhali,Gandamara,02,,,,Neyja Bar Bari,নেইত্যা বর বাড়ী,GAN207,21.990713,91.911193,400,,,,,,,,,,,,,,,,,,,,
342,Bangladesh,Chattogram,Chattogram,Banshkhali,Gandamara,02,,,,Member Shah Alam Bari,মেম্বার শাহ আলম বাড়ী,GAN208,21.986385,91.910875,800,,,,,,,,,,,,,,,,,,,,
343,Bangladesh,Chattogram,Chattogram,Banshkhali,Gandamara,02,,,,Chowdhury Bari,চৌধুরী বাড়ী,GAN209,21.987778,91.906896,800,,,,,,,,,,,,,,,,,,,,
344,Bangladesh,Chattogram,Chattogram,Banshkhali,Gandamara,03,,,,Haranir Bari ,হরনীর বাড়ি,GAN301,21.969356,91.904481,600,,,,,,,,,,,,,,,,,,,,
345,Bangladesh,Chattogram,Chattogram,Banshkhali,Gandamara,03,,,,Badan Miyajir Bari,বদন মিয়াজীর বাড়ী,GAN302,21.969895,91.897407,120,,,,,,,,,,,,,,,,,,,,
346,Bangladesh,Chattogram,Chattogram,Banshkhali,Gandamara,03,,,,Ala Uddin Majhir Bari,আলা উদ্দীন মাঝির বাড়ী,GAN303,21.967759,91.898555,150,,,,,,,,,,,,,,,,,,,,
347,Bangladesh,Chattogram,Chattogram,Banshkhali,Gandamara,03,,,,Fatah Ali Matbbar Bari,ফাতহ আলী মাতব্বর বাড়ী,GAN304,21.969380,91.899321,200,,,,,,,,,,,,,,,,,,,,
348,Bangladesh,Chattogram,Chattogram,Banshkhali,Gandamara,03,,,,Muazzim Bari,মুয়াজ্জিম বাড়ি,GAN305,21.969973,91.902311,800,,,,,,,,,,,,,,,,,,,,
349,Bangladesh,Chattogram,Chattogram,Banshkhali,Gandamara,03,,,,Bilar Bari,বিলার বাড়ি,GAN306,21.973080,91.900252,400,,,,,,,,,,,,,,,,,,,,
350,Bangladesh,Chattogram,Chattogram,Banshkhali,Gandamara,03,,,,Shil Bari,শীল বাড়ী,GAN307,21.984346,91.907018,80,,,,,,,,,,,,,,,,,,,,
351,Bangladesh,Chattogram,Chattogram,Banshkhali,Gandamara,03,,,,Munshir Bari,মুন্সীর বাড়ি,GAN308,21.983074,91.902723,200,,,,,,,,,,,,,,,,,,,,
352,Bangladesh,Chattogram,Chattogram,Banshkhali,Gandamara,03,,,,Hongshor Ali Bari,হংসর আলী বাড়ী,GAN309,21.981193,91.903810,250,,,,,,,,,,,,,,,,,,,,
353,Bangladesh,Chattogram,Chattogram,Banshkhali,Gandamara,03,,,,Latu Sikder Notun Bari,লাতু শিকদার নতুন বাড়ী,GAN310,21.982759,91.904815,150,,,,,,,,,,,,,,,,,,,,
354,Bangladesh,Chattogram,Chattogram,Banshkhali,Gandamara,03,,,,Hedayet Alir Bari,হেদায়েত আলীর বাড়ী,GAN311,21.980992,91.900820,250,,,,,,,,,,,,,,,,,,,,
355,Bangladesh,Chattogram,Chattogram,Banshkhali,Gandamara,03,,,,Laitya Bor Bari,লইত্যা বর বাড়ী,GAN312,21.981170,91.902310,250,,,,,,,,,,,,,,,,,,,,
356,Bangladesh,Chattogram,Chattogram,Banshkhali,Gandamara,03,,,,Hajir Para Mujib Killa,হাজীর পাড়া মুজিব কিল্লা,GAN313,21.984790,91.900172,1200,,,,,,,,,,,,,,,,,,,,
357,Bangladesh,Chattogram,Chattogram,Banshkhali,Gandamara,04,,,,Haji Ahmed Ali Bari,হাজী আহমেদ আলী বাড়ি,GAN401,21.958922,91.891395,500,,,,,,,,,,,,,,,,,,,,
358,Bangladesh,Chattogram,Chattogram,Banshkhali,Gandamara,04,,,,Beribadh Para,বেরীবাধ পাড়া,GAN402,21.962956,91.889477,500,,,,,,,,,,,,,,,,,,,,
359,Bangladesh,Chattogram,Chattogram,Banshkhali,Gandamara,04,,,,Chowki Sikder Bari,চৌকি সিকদার বাড়ি,GAN403,21.958691,91.894600,600,,,,,,,,,,,,,,,,,,,,
360,Bangladesh,Chattogram,Chattogram,Banshkhali,Gandamara,04,,,,Mariam Janer Baper Bari,মরিয়ম জানের বাপের বাড়ি,GAN404,21.961369,91.891421,700,,,,,,,,,,,,,,,,,,,,
361,Bangladesh,Chattogram,Chattogram,Banshkhali,Gandamara,04,,,,Jaydani Baper Bari,জয়দানী বাপের বাড়ি,GAN405,21.963048,91.893827,200,,,,,,,,,,,,,,,,,,,,
362,Bangladesh,Chattogram,Chattogram,Banshkhali,Gandamara,04,,,,Sajjani Baper Bari,সাজ্জানী বাপের বাড়ি,GAN406,21.962935,91.891331,350,,,,,,,,,,,,,,,,,,,,
363,Bangladesh,Chattogram,Chattogram,Banshkhali,Gandamara,04,,,,Shah Fateh Ali Bari,শাহ ফাতেহ আলী বাড়ি,GAN407,21.968781,91.895386,200,,,,,,,,,,,,,,,,,,,,
364,Bangladesh,Chattogram,Chattogram,Banshkhali,Gandamara,04,,,,MokbuHaji Natun Bari,মকবুল হাজী নতুন বাড়ি,GAN408,21.971781,91.895105,400,,,,,,,,,,,,,,,,,,,,
365,Bangladesh,Chattogram,Chattogram,Banshkhali,Gandamara,04,,,,Power Plant,পাওয়ার প্ল্যান্ট,GAN409,21.972505,91.890117,500,,,,,,,,,,,,,,,,,,,,
366,Bangladesh,Chattogram,Chattogram,Banshkhali,Gandamara,05,,,,Askar Ali Bari,আসকর আলী বাড়ি,GAN501,21.955900,91.898567,350,,,,,,,,,,,,,,,,,,,,
367,Bangladesh,Chattogram,Chattogram,Banshkhali,Gandamara,05,,,,Sadeq Ali Bari,সাদেক আলী বাড়ি,GAN502,21.959118,91.897927,500,,,,,,,,,,,,,,,,,,,,
368,Bangladesh,Chattogram,Chattogram,Banshkhali,Gandamara,05,,,,Mohijani Baper Bari,মহিজানী বাপের বাড়ি,GAN503,21.960960,91.896302,400,,,,,,,,,,,,,,,,,,,,
369,Bangladesh,Chattogram,Chattogram,Banshkhali,Gandamara,05,,,,Fate Ali Bari,ফতে আলী বাড়ি,GAN504,21.966354,91.898233,350,,,,,,,,,,,,,,,,,,,,
370,Bangladesh,Chattogram,Chattogram,Banshkhali,Gandamara,05,,,,Suyar Baper Bari,সূয়ার বাপের বাড়ি,GAN505,21.964716,91.896362,500,,,,,,,,,,,,,,,,,,,,
371,Bangladesh,Chattogram,Chattogram,Banshkhali,Gandamara,05,,,,Kazi Senayat Ali Bari,কাজী সেনায়ত আলী বাড়ি,GAN506,21.962134,91.895146,600,,,,,,,,,,,,,,,,,,,,
372,Bangladesh,Chattogram,Chattogram,Banshkhali,Gandamara,05,,,,Sikder Bari,সিকদার বাড়ি,GAN507,21.963853,91.898719,1000,,,,,,,,,,,,,,,,,,,,
373,Bangladesh,Chattogram,Chattogram,Banshkhali,Gandamara,06,,,,Ali Hossain Contractor Bari,আলী হোসেন কন্ট্রাক্টর বাড়ি,GAN601,21.957135,91.906009,300,,,,,,,,,,,,,,,,,,,,
374,Bangladesh,Chattogram,Chattogram,Banshkhali,Gandamara,06,,,,Master Kashem Bari,মাস্টার কাশেম বাড়ি,GAN602,21.955506,91.904544,700,,,,,,,,,,,,,,,,,,,,
375,Bangladesh,Chattogram,Chattogram,Banshkhali,Gandamara,06,,,,Guramiya Bari,গুড়ামিয়া বাড়ি,GAN603,21.954106,91.900178,1000,,,,,,,,,,,,,,,,,,,,
376,Bangladesh,Chattogram,Chattogram,Banshkhali,Gandamara,06,,,,Waz Uddin Bari,ওয়াজ উদ্দিন বাড়ি,GAN604,21.965751,91.900618,300,,,,,,,,,,,,,,,,,,,,
377,Bangladesh,Chattogram,Chattogram,Banshkhali,Gandamara,06,,,,Rahat Ali,রাহাত আলী,GAN605,21.966837,91.903359,800,,,,,,,,,,,,,,,,,,,,
378,Bangladesh,Chattogram,Chattogram,Banshkhali,Gandamara,06,,,,Chakidar Para,চকিদার পাড়া,GAN606,21.965777,91.904434,400,,,,,,,,,,,,,,,,,,,,
379,Bangladesh,Chattogram,Chattogram,Banshkhali,Gandamara,06,,,,Kazi Para,কাজী বাড়ি,GAN607,21.962881,91.901541,800,,,,,,,,,,,,,,,,,,,,
380,Bangladesh,Chattogram,Chattogram,Banshkhali,Gandamara,07,,,,Daraf Ali Sikder Bari,দরফ আলী সিকদার বাড়ি,GAN701,21.963279,91.911710,3000,,,,,,,,,,,,,,,,,,,,
381,Bangladesh,Chattogram,Chattogram,Banshkhali,Gandamara,07,,,,Chamad Ali Sikder Bari,ছমদ আলী সিকদার বাড়ি,GAN702,21.961789,91.918387,3200,,,,,,,,,,,,,,,,,,,,
382,Bangladesh,Chattogram,Chattogram,Banshkhali,Gandamara,07,,,,Lal Puri Bari,লাল পুরি বাড়ি,GAN703,21.966980,91.909933,750,,,,,,,,,,,,,,,,,,,,
383,Bangladesh,Chattogram,Chattogram,Banshkhali,Gandamara,07,,,,Mujib Balir Bari,মুজিব বলির বাড়ি,GAN704,21.965303,91.918603,500,,,,,,,,,,,,,,,,,,,,
384,Bangladesh,Chattogram,Chattogram,Banshkhali,Gandamara,07,,,,Bashir Ahmed Bari,বশির আহম্মেদ বাড়ি,GAN705,21.958745,91.928553,600,,,,,,,,,,,,,,,,,,,,
385,Bangladesh,Chattogram,Chattogram,Banshkhali,Gandamara,07,,,,Madhukhali,মধুখালী,GAN706,21.961405,91.929638,600,,,,,,,,,,,,,,,,,,,,
386,Bangladesh,Chattogram,Chattogram,Banshkhali,Gandamara,08,,,,Mizan Ali Bari,মিজান আলী বাড়ী,GAN801,21.958523,91.930680,1200,,,,,,,,,,,,,,,,,,,,
387,Bangladesh,Chattogram,Chattogram,Banshkhali,Gandamara,08,,,,Izzat Ali Bari,ইজ্জত আলী বাড়ী,GAN802,21.956177,91.929878,1200,,,,,,,,,,,,,,,,,,,,
388,Bangladesh,Chattogram,Chattogram,Banshkhali,Gandamara,08,,,,Muna Sikder Bari,মুনা সিকদার বাড়ী,GAN803,21.955370,91.928435,1200,,,,,,,,,,,,,,,,,,,,
389,Bangladesh,Chattogram,Chattogram,Banshkhali,Gandamara,08,,,,Chana Ullah Talukder Bari,চনা উল্লাহ তালুকদার বাড়ী,GAN804,21.957271,91.925216,1200,,,,,,,,,,,,,,,,,,,,
390,Bangladesh,Chattogram,Chattogram,Banshkhali,Gandamara,08,,,,Abdul Gani Talukder Bari,আব্দুল গনি তালুকদার বাড়ী,GAN805,21.957606,91.921459,2200,,,,,,,,,,,,,,,,,,,,
391,Bangladesh,Chattogram,Chattogram,Banshkhali,Gandamara,08,,,,Hajj Abdul Salam Sikder Bari,হাজী আব্দুল সালাম সিকদার বাড়ী,GAN806,21.952790,91.930030,2000,,,,,,,,,,,,,,,,,,,,
392,Bangladesh,Chattogram,Chattogram,Banshkhali,Gandamara,08,,,,Kader Box Bari,কাদের বক্স বাড়ী,GAN807,21.955187,91.926604,2000,,,,,,,,,,,,,,,,,,,,
393,Bangladesh,Chattogram,Chattogram,Banshkhali,Gandamara,08,,,,Emdad Mia Para,এমদাদ মিয়া পাড়া,GAN808,21.944539,91.930656,2400,,,,,,,,,,,,,,,,,,,,
394,Bangladesh,Chattogram,Chattogram,Banshkhali,Gandamara,08,,,,Mofzal Ahmed Bari,মফজাল আহম্মদ বাড়ী,GAN809,21.943913,91.921694,2000,,,,,,,,,,,,,,,,,,,,
395,Bangladesh,Chattogram,Chattogram,Banshkhali,Gandamara,08,,,,Abul Khair Bari,আবুল খায়ের বাড়ী,GAN810,21.950936,91.923006,1900,,,,,,,,,,,,,,,,,,,,
396,Bangladesh,Chattogram,Chattogram,Banshkhali,Gandamara,08,,,,Dallyar Bari,দল্ল্যার বাড়ী,GAN811,21.953910,91.921746,2400,,,,,,,,,,,,,,,,,,,,
397,Bangladesh,Chattogram,Chattogram,Banshkhali,Gandamara,09,,,,Samad Ali Sikder Notun Bari,সমদ আলী সিকদার নতুন বাড়ি,GAN901,21.946907,91.914194,800,,,,,,,,,,,,,,,,,,,,
398,Bangladesh,Chattogram,Chattogram,Banshkhali,Gandamara,09,,,,Fakirer Bari,ফকিরের বাড়ি,GAN902,21.947383,91.917974,200,,,,,,,,,,,,,,,,,,,,
399,Bangladesh,Chattogram,Chattogram,Banshkhali,Gandamara,09,,,,Dalil Ahmmed Bari,দলিল আহম্মদ বাড়ি,GAN903,21.945696,91.919224,150,,,,,,,,,,,,,,,,,,,,
400,Bangladesh,Chattogram,Chattogram,Banshkhali,Gandamara,09,,,,Napit Para,নাপিত পাড়া,GAN904,21.953165,91.914864,100,,,,,,,,,,,,,,,,,,,,
401,Bangladesh,Chattogram,Chattogram,Banshkhali,Gandamara,09,,,,Dhupi Para,ধুপি পাড়া,GAN905,21.957276,91.913489,100,,,,,,,,,,,,,,,,,,,,
402,Bangladesh,Chattogram,Chattogram,Banshkhali,Gandamara,09,,,,Patenga Para,পতেঙ্গা পাড়া,GAN906,21.958132,91.913002,400,,,,,,,,,,,,,,,,,,,,
403,Bangladesh,Chattogram,Chattogram,Banshkhali,Gandamara,09,,,,Patlar Bari,পাতলার বাড়ি,GAN907,21.953702,91.907044,900,,,,,,,,,,,,,,,,,,,,
404,Bangladesh,Chattogram,Chattogram,Banshkhali,Gandamara,09,,,,Pechar Bari Para,পেচার বাড়ি পাড়া,GAN908,21.949565,91.905334,900,,,,,,,,,,,,,,,,,,,,
405,Bangladesh,Chattogram,Chattogram,Banshkhali,Gandamara,09,,,,Kalu Balir Bari,কালু বলীর বাড়ি,GAN909,21.951892,91.907914,500,,,,,,,,,,,,,,,,,,,,
406,Bangladesh,Chattogram,Chattogram,Banshkhali,Gandamara,09,,,,Khatkhali Bazar Para,খাটখালী বাজার পাড়া,GAN910,21.945244,91.904104,500,,,,,,,,,,,,,,,,,,,,
407,Bangladesh,Chattogram,Chattogram,Banshkhali,Gandamara,09,,,,Jaladash Para,জলদাশ পাড়া,GAN911,21.940066,91.925864,300,,,,,,,,,,,,,,,,,,,,
408,Bangladesh,Chattogram,Chattogram,Banshkhali,Kalipur,01,,,,Bhasanya Dokan Para Purba Gunagari,ভাসান্যা দোকান পাড়া পূর্ব গুনাগরী,KAL101,22.090929,91.934018,1000,,,,,,,,,,,,,,,,,,,,
409,Bangladesh,Chattogram,Chattogram,Banshkhali,Kalipur,01,,,,Dolmapir Madrasa Para Purba Gunagari,ডলমপীর মাদ্রাসা পাড়া পূর্ব গুনাগরী,KAL102,22.086370,91.935388,1000,,,,,,,,,,,,,,,,,,,,
410,Bangladesh,Chattogram,Chattogram,Banshkhali,Kalipur,01,,,,Christian Office Area,খ্রিস্টান অফিস এরিয়া,KAL103,22.084651,91.939566,800,,,,,,,,,,,,,,,,,,,,
411,Bangladesh,Chattogram,Chattogram,Banshkhali,Kalipur,01,,,,Bash Gunia Para Jangal Gunagari,বাঁশ গুনিয়া পাড়া জঙ্গল গুনাগরী,KAL104,22.087877,91.942007,2000,,,,,,,,,,,,,,,,,,,,
412,Bangladesh,Chattogram,Chattogram,Banshkhali,Kalipur,01,,,,Charmoholla Adorshogram Jangal Gunagari,চার মহিল্লা আদর্শ গ্রাম জঙ্গল গুনাগরী,KAL105,22.084792,91.946567,2500,,,,,,,,,,,,,,,,,,,,
413,Bangladesh,Chattogram,Chattogram,Banshkhali,Kalipur,01,,,,Rajar Para Purba Gunagari,রাজার পাড়া পূর্ব গুনাগরী,KAL106,22.086217,91.931857,800,,,,,,,,,,,,,,,,,,,,
414,Bangladesh,Chattogram,Chattogram,Banshkhali,Kalipur,01,,,,Banik Para Purba Gunagari,বণিক পাড়া পূর্ব গুনাগরী,KAL107,22.083854,91.937231,700,,,,,,,,,,,,,,,,,,,,
415,Bangladesh,Chattogram,Chattogram,Banshkhali,Kalipur,01,,,,Gunagari Bazar and Union Parishad,গুনাগরী বাজার ও ইউনিয়ন পরিষদ,KAL108,22.083523,91.934920,700,,,,,,,,,,,,,,,,,,,,
416,Bangladesh,Chattogram,Chattogram,Banshkhali,Kalipur,02,,,,Chan Mia Chowdhury Bari,চান মিয়া চৌধুরী বাড়ী,KAL201,22.088393,91.918996,1000,,,,,,,,,,,,,,,,,,,,
417,Bangladesh,Chattogram,Chattogram,Banshkhali,Kalipur,02,,,,Shahjirbari,শাহজীরবাড়ী,KAL202,22.088394,91.921945,1500,,,,,,,,,,,,,,,,,,,,
418,Bangladesh,Chattogram,Chattogram,Banshkhali,Kalipur,02,,,,Daulat Fakir Para,দৌলত ফকির পাড়া,KAL203,22.091512,91.923029,1200,,,,,,,,,,,,,,,,,,,,
419,Bangladesh,Chattogram,Chattogram,Banshkhali,Kalipur,02,,,,Jahuz Para,জহুজ পাড়া,KAL204,22.092173,91.926929,1000,,,,,,,,,,,,,,,,,,,,
420,Bangladesh,Chattogram,Chattogram,Banshkhali,Kalipur,02,,,,Afzal Amir Bari,আফজল আমীর বাড়ী,KAL205,22.087579,91.916622,1000,,,,,,,,,,,,,,,,,,,,
421,Bangladesh,Chattogram,Chattogram,Banshkhali,Kalipur,02,,,,Azim Uddin Muhuri Bari,আজিম উদ্দিন মুহুরী বাড়ী,KAL206,22.086226,91.920212,1500,,,,,,,,,,,,,,,,,,,,
422,Bangladesh,Chattogram,Chattogram,Banshkhali,Kalipur,02,,,,Khandaker Para,খন্দকার পাড়া,KAL207,22.090092,91.927071,600,,,,,,,,,,,,,,,,,,,,
423,Bangladesh,Chattogram,Chattogram,Banshkhali,Kalipur,02,,,,Hindu Para,হিন্দু পাড়া,KAL208,22.083553,91.925787,1000,,,,,,,,,,,,,,,,,,,,
424,Bangladesh,Chattogram,Chattogram,Banshkhali,Kalipur,02,,,,Chaiyar Bari,ছইয়্যার বাড়ী,KAL209,22.086147,91.910377,300,,,,,,,,,,,,,,,,,,,,
425,Bangladesh,Chattogram,Chattogram,Banshkhali,Kalipur,03,,,,Nidagazi Para,নিদাগাজী পাড়া,KAL301,22.079548,91.914010,1000,,,,,,,,,,,,,,,,,,,,
426,Bangladesh,Chattogram,Chattogram,Banshkhali,Kalipur,03,,,,Jele Para,জেলে পাড়া,KAL302,22.082555,91.919078,300,,,,,,,,,,,,,,,,,,,,
427,Bangladesh,Chattogram,Chattogram,Banshkhali,Kalipur,03,,,,Ujjal Saudagar Bari,উজ্জল সওদাগর বাড়ী,KAL303,22.082137,91.927432,100,,,,,,,,,,,,,,,,,,,,
428,Bangladesh,Chattogram,Chattogram,Banshkhali,Kalipur,03,,,,Muhuri Para,মুহুরী পাড়া,KAL304,22.081006,91.927067,100,,,,,,,,,,,,,,,,,,,,
429,Bangladesh,Chattogram,Chattogram,Banshkhali,Kalipur,03,,,,Sarkar Para Dhupi Para ,সরকার পাড়া ধূপি পাড়া,KAL305,22.081682,91.923919,200,,,,,,,,,,,,,,,,,,,,
430,Bangladesh,Chattogram,Chattogram,Banshkhali,Kalipur,03,,,,Surja Master Bari,সূর্য মাষ্টার বাড়ী,KAL306,22.079151,91.925530,500,,,,,,,,,,,,,,,,,,,,
431,Bangladesh,Chattogram,Chattogram,Banshkhali,Kalipur,03,,,,Shilpara Pashchim ,শীলপাড়া পশ্চিম,KAL307,22.076389,91.923259,100,,,,,,,,,,,,,,,,,,,,
432,Bangladesh,Chattogram,Chattogram,Banshkhali,Kalipur,03,,,,Dharmacharan Mahajan Bari,ধর্মচরন মহাজন বাড়ী,KAL308,22.076848,91.921115,30,,,,,,,,,,,,,,,,,,,,
433,Bangladesh,Chattogram,Chattogram,Banshkhali,Kalipur,03,,,,Banik Para,বণিক পাড়া,KAL309,22.078208,91.927515,2600,,,,,,,,,,,,,,,,,,,,
434,Bangladesh,Chattogram,Chattogram,Banshkhali,Kalipur,03,,,,Muslim Para,মুসলিম পাড়া,KAL310,22.078901,91.933086,2500,,,,,,,,,,,,,,,,,,,,
435,Bangladesh,Chattogram,Chattogram,Banshkhali,Kalipur,03,,,,Ramdas Munshir Bari,রামদাশ মুন্সীর বাড়ি,KAL311,22.081682,91.925382,50,,,,,,,,,,,,,,,,,,,,
436,Bangladesh,Chattogram,Chattogram,Banshkhali,Kalipur,04,,,,Katghar Para,কাঠঘর পাড়া,KAL401,22.072481,91.935537,900,,,,,,,,,,,,,,,,,,,,
437,Bangladesh,Chattogram,Chattogram,Banshkhali,Kalipur,04,,,,Shaheed Sujan Club Para,শহীদ সুজন ক্লাব পাড়া,KAL402,22.070513,91.931022,1200,,,,,,,,,,,,,,,,,,,,
438,Bangladesh,Chattogram,Chattogram,Banshkhali,Kalipur,04,,,,Abhijat Club Para,অভিজাত ক্লাব পাড়া,KAL403,22.068573,91.932760,1200,,,,,,,,,,,,,,,,,,,,
439,Bangladesh,Chattogram,Chattogram,Banshkhali,Kalipur,04,,,,Elias Para,ইলিয়াস পাড়া,KAL404,22.065423,91.930330,2000,,,,,,,,,,,,,,,,,,,,
440,Bangladesh,Chattogram,Chattogram,Banshkhali,Kalipur,04,,,,Pal Para,পাল পাড়া,KAL405,22.063541,91.935197,800,,,,,,,,,,,,,,,,,,,,
441,Bangladesh,Chattogram,Chattogram,Banshkhali,Kalipur,04,,,,Pashchim Para,পশ্চিম পাড়া,KAL406,22.066829,91.921117,600,,,,,,,,,,,,,,,,,,,,
442,Bangladesh,Chattogram,Chattogram,Banshkhali,Kalipur,04,,,,Nath Para,নাথ পাড়া,KAL407,22.063367,91.937511,1200,,,,,,,,,,,,,,,,,,,,
443,Bangladesh,Chattogram,Chattogram,Banshkhali,Kalipur,04,,,,Annar Ali Bari,আন্নার আলী বাড়ি,KAL408,22.064094,91.933198,400,,,,,,,,,,,,,,,,,,,,
444,Bangladesh,Chattogram,Chattogram,Banshkhali,Kalipur,04,,,,Nasir Mohammad Para,নাসির মোহাম্মদ পাড়া,KAL409,22.066671,91.936267,700,,,,,,,,,,,,,,,,,,,,
445,Bangladesh,Chattogram,Chattogram,Banshkhali,Kalipur,05,,,,Kathghar Para Purba,কাঠঘর পাড়া পূর্ব,KAL501,22.073044,91.937009,300,,,,,,,,,,,,,,,,,,,,
446,Bangladesh,Chattogram,Chattogram,Banshkhali,Kalipur,05,,,,Sikandar Miyaji Para,সিকান্দার মিয়াজী পাড়া,KAL502,22.073051,91.938168,500,,,,,,,,,,,,,,,,,,,,
447,Bangladesh,Chattogram,Chattogram,Banshkhali,Kalipur,05,,,,Nahir Mohammad Para Purba,নাহির মোহাম্মদ পাড়া পূর্ব,KAL503,22.070802,91.937328,1000,,,,,,,,,,,,,,,,,,,,
448,Bangladesh,Chattogram,Chattogram,Banshkhali,Kalipur,05,,,,Nanu Fakir Para,নানু ফকির পাড়া,KAL504,22.071425,91.940614,1000,,,,,,,,,,,,,,,,,,,,
449,Bangladesh,Chattogram,Chattogram,Banshkhali,Kalipur,05,,,,Chaliyar Baper Para,ছলিয়ার বাপের পাড়া,KAL505,22.069647,91.937703,300,,,,,,,,,,,,,,,,,,,,
450,Bangladesh,Chattogram,Chattogram,Banshkhali,Kalipur,05,,,,Gunur Baper Para,গুনুর বাপের পাড়া,KAL506,22.068076,91.939245,500,,,,,,,,,,,,,,,,,,,,
451,Bangladesh,Chattogram,Chattogram,Banshkhali,Kalipur,05,,,,Maulavi Para,মৌলভী পাড়া,KAL507,22.069085,91.942737,500,,,,,,,,,,,,,,,,,,,,
452,Bangladesh,Chattogram,Chattogram,Banshkhali,Kalipur,05,,,,Satkania Para,সাতকানিয়া পাড়া,KAL508,22.067222,91.943538,1000,,,,,,,,,,,,,,,,,,,,
453,Bangladesh,Chattogram,Chattogram,Banshkhali,Kalipur,05,,,,Kadaillyaro Para,কদইল্ল্যারো পাড়া,KAL509,22.065711,91.938923,500,,,,,,,,,,,,,,,,,,,,
454,Bangladesh,Chattogram,Chattogram,Banshkhali,Kalipur,05,,,,Osimuddin Miyaji Para,ওসিমউদ্দীন মিয়াজী পাড়া,KAL510,22.066155,91.941544,300,,,,,,,,,,,,,,,,,,,,
455,Bangladesh,Chattogram,Chattogram,Banshkhali,Kalipur,05,,,,Madya-Mura Para,মদ্য-মুড়া পাড়া,KAL511,22.066065,91.948621,500,,,,,,,,,,,,,,,,,,,,
456,Bangladesh,Chattogram,Chattogram,Banshkhali,Kalipur,06,,,,Rishidam Para,ঋষিদাম পাড়া,KAL601,22.079245,91.936653,1500,,,,,,,,,,,,,,,,,,,,
457,Bangladesh,Chattogram,Chattogram,Banshkhali,Kalipur,06,,,,Hashia Para,হাছিয়া পাড়া,KAL602,22.079271,91.940898,800,,,,,,,,,,,,,,,,,,,,
458,Bangladesh,Chattogram,Chattogram,Banshkhali,Kalipur,06,,,,Maulavi Para Purba Kokdandi,মৌলভী পাড়া পূর্ব কোকদণ্ডী,KAL603,22.080447,91.941942,1500,,,,,,,,,,,,,,,,,,,,
459,Bangladesh,Chattogram,Chattogram,Banshkhali,Kalipur,06,,,,Gulistan Para,গুলিস্তান পাড়া,KAL604,22.079050,91.943672,1000,,,,,,,,,,,,,,,,,,,,
460,Bangladesh,Chattogram,Chattogram,Banshkhali,Kalipur,06,,,,Kazi Para,কাজী পাড়া,KAL605,22.076739,91.936874,800,,,,,,,,,,,,,,,,,,,,
461,Bangladesh,Chattogram,Chattogram,Banshkhali,Kalipur,06,,,,Lashkar Para,লস্কর পাড়া,KAL606,22.074330,91.938962,600,,,,,,,,,,,,,,,,,,,,
462,Bangladesh,Chattogram,Chattogram,Banshkhali,Kalipur,06,,,,Talukdar Para,তালুকদার পাড়া,KAL607,22.072842,91.941102,600,,,,,,,,,,,,,,,,,,,,
463,Bangladesh,Chattogram,Chattogram,Banshkhali,Kalipur,06,,,,Khedamura Para Purba Kokdandi,খেদামূড়া পাড়া পূর্ব কোকদণ্ডী,KAL608,22.073451,91.945325,800,,,,,,,,,,,,,,,,,,,,
464,Bangladesh,Chattogram,Chattogram,Banshkhali,Kalipur,07,,,,Rustam Ali Para,রুস্তম আলী পাড়া,KAL701,22.053118,91.940797,300,,,,,,,,,,,,,,,,,,,,
465,Bangladesh,Chattogram,Chattogram,Banshkhali,Kalipur,07,,,,Yar Mohammad Para,ইয়ার মোহাম্মদ পাড়া,KAL702,22.054327,91.939503,700,,,,,,,,,,,,,,,,,,,,
466,Bangladesh,Chattogram,Chattogram,Banshkhali,Kalipur,07,,,,Chowdhury Para,চৌধুরী পাড়া,KAL703,22.057992,91.939057,150,,,,,,,,,,,,,,,,,,,,
467,Bangladesh,Chattogram,Chattogram,Banshkhali,Kalipur,07,,,,Biswas Para,বিশ্বাস পাড়া,KAL704,22.061346,91.938405,400,,,,,,,,,,,,,,,,,,,,
468,Bangladesh,Chattogram,Chattogram,Banshkhali,Kalipur,07,,,,Shil Para,শীল পাড়া,KAL705,22.060355,91.937153,100,,,,,,,,,,,,,,,,,,,,
469,Bangladesh,Chattogram,Chattogram,Banshkhali,Kalipur,07,,,,Pal Para,পাল পাড়া,KAL706,22.061303,91.935737,700,,,,,,,,,,,,,,,,,,,,
470,Bangladesh,Chattogram,Chattogram,Banshkhali,Kalipur,07,,,,Jaladash Para,জলদাশ পাড়া,KAL707,22.060680,91.933667,200,,,,,,,,,,,,,,,,,,,,
471,Bangladesh,Chattogram,Chattogram,Banshkhali,Kalipur,07,,,,Baghuwan Para,বাঘুওয়ান পাড়া,KAL708,22.057753,91.930717,600,,,,,,,,,,,,,,,,,,,,
472,Bangladesh,Chattogram,Chattogram,Banshkhali,Kalipur,08,,,,Rashid Para,রশিদ পাড়া,KAL801,22.063820,91.940080,1000,,,,,,,,,,,,,,,,,,,,
473,Bangladesh,Chattogram,Chattogram,Banshkhali,Kalipur,08,,,,Dhor Para,ধর পাড়া,KAL802,22.061014,91.940763,400,,,,,,,,,,,,,,,,,,,,
474,Bangladesh,Chattogram,Chattogram,Banshkhali,Kalipur,08,,,,Bara Para,বড় পাড়া,KAL803,22.061696,91.942886,2000,,,,,,,,,,,,,,,,,,,,
475,Bangladesh,Chattogram,Chattogram,Banshkhali,Kalipur,08,,,,Hakim Mia Shah Bari,হাকিম মিয়া শাহ বাড়ী,KAL804,22.059210,91.941056,1000,,,,,,,,,,,,,,,,,,,,
476,Bangladesh,Chattogram,Chattogram,Banshkhali,Kalipur,08,,,,Khandaker Para,খন্দকার পাড়া,KAL805,22.060601,91.947261,500,,,,,,,,,,,,,,,,,,,,
477,Bangladesh,Chattogram,Chattogram,Banshkhali,Kalipur,08,,,,Forest Office Para,ফরেস্ট অফিস পাড়া,KAL806,22.060231,91.949461,900,,,,,,,,,,,,,,,,,,,,
478,Bangladesh,Chattogram,Chattogram,Banshkhali,Kalipur,08,,,,Adarsha Gram,আদর্শ গ্রাম,KAL807,22.060395,91.952375,400,,,,,,,,,,,,,,,,,,,,
479,Bangladesh,Chattogram,Chattogram,Banshkhali,Kalipur,08,,,,Jambaksu Fakir Para,জামবকসু ফকির পাড়া,KAL808,22.064375,91.948561,700,,,,,,,,,,,,,,,,,,,,
480,Bangladesh,Chattogram,Chattogram,Banshkhali,Kalipur,08,,,,Sattay Bari,সাত্তায়ে বাড়ী,KAL809,22.066212,91.944328,500,,,,,,,,,,,,,,,,,,,,
481,Bangladesh,Chattogram,Chattogram,Banshkhali,Kalipur,09,,,,Fakir Para,ফকির পাড়া,KAL901,22.053802,91.943193,1100,,,,,,,,,,,,,,,,,,,,
482,Bangladesh,Chattogram,Chattogram,Banshkhali,Kalipur,09,,,,Ali Baper Bari,অলি বাপের বাড়ী,KAL902,22.053972,91.946446,350,,,,,,,,,,,,,,,,,,,,
483,Bangladesh,Chattogram,Chattogram,Banshkhali,Kalipur,09,,,,Adarsha Gram,আদর্শ গ্রাম,KAL903,22.056808,91.954976,150,,,,,,,,,,,,,,,,,,,,
484,Bangladesh,Chattogram,Chattogram,Banshkhali,Kalipur,09,,,,Yar Mohammad Para,ইয়ার মোহাম্মদ পাড়া,KAL904,22.055281,91.941753,750,,,,,,,,,,,,,,,,,,,,
485,Bangladesh,Chattogram,Chattogram,Banshkhali,Kalipur,09,,,,Thema Para,ঠেমা পাড়া,KAL905,22.056118,91.942899,1000,,,,,,,,,,,,,,,,,,,,
486,Bangladesh,Chattogram,Chattogram,Banshkhali,Kalipur,09,,,,Sabur Para,সবূর পাড়া,KAL906,22.057184,91.940755,500,,,,,,,,,,,,,,,,,,,,
487,Bangladesh,Chattogram,Chattogram,Banshkhali,Kalipur,09,,,,Jula Para,জুলা পাড়া,KAL907,22.057383,91.942075,500,,,,,,,,,,,,,,,,,,,,
488,Bangladesh,Chattogram,Chattogram,Banshkhali,Kalipur,09,,,,Chowdhury Para,চৌধুরী পাড়া,KAL908,22.057924,91.944184,250,,,,,,,,,,,,,,,,,,,,
489,Bangladesh,Chattogram,Chattogram,Banshkhali,Kalipur,09,,,,Rudra Para,রুদ্র পাড়া,KAL909,22.057589,91.945195,750,,,,,,,,,,,,,,,,,,,,
490,Bangladesh,Chattogram,Chattogram,Banshkhali,Kalipur,09,,,,Saju Baper Bari,সাজু বাপের বাড়ী,KAL910,22.055935,91.945027,400,,,,,,,,,,,,,,,,,,,,
491,Bangladesh,Chattogram,Chattogram,Banshkhali,Kalipur,09,,,,Mog Para,মগ পাড়া,KAL911,22.055771,91.948830,1500,,,,,,,,,,,,,,,,,,,,
492,Bangladesh,Chattogram,Chattogram,Banshkhali,Katharia,01,,,,Safyan Para,ছফেয়ান পাড়া,KAT101,22.034450,91.896056,500,,,,,,,,,,,,,,,,,,,,
493,Bangladesh,Chattogram,Chattogram,Banshkhali,Katharia,01,,,,Sadek Ahmed Chowdhury Para,ছাদেক আহম্মদ চৌধুরী পাড়া,KAT102,22.038451,91.899694,600,,,,,,,,,,,,,,,,,,,,
494,Bangladesh,Chattogram,Chattogram,Banshkhali,Katharia,01,,,,Hasan Balir Para,হাছন বলির পাড়া,KAT103,22.037760,91.896213,600,,,,,,,,,,,,,,,,,,,,
495,Bangladesh,Chattogram,Chattogram,Banshkhali,Katharia,01,,,,Jele Para,জেলে পাড়া,KAT104,22.040911,91.893891,400,,,,,,,,,,,,,,,,,,,,
496,Bangladesh,Chattogram,Chattogram,Banshkhali,Katharia,01,,,,Haliapara,হালিয়াপাড়া,KAT105,22.040656,91.888521,2500,,,,,,,,,,,,,,,,,,,,
497,Bangladesh,Chattogram,Chattogram,Banshkhali,Katharia,02,,,,Haji Para,হাজী পাড়া,KAT201,22.039251,91.904128,1000,,,,,,,,,,,,,,,,,,,,
498,Bangladesh,Chattogram,Chattogram,Banshkhali,Katharia,02,,,,Umed Ali Sikder Para,উমেদ আলী সিকদার পাড়া,KAT202,22.048096,91.901240,1500,,,,,,,,,,,,,,,,,,,,
499,Bangladesh,Chattogram,Chattogram,Banshkhali,Katharia,02,,,,Maulana Bajal Ahmad Para,মৌলনা বজল আহমদ পাড়া,KAT203,22.044879,91.902569,1500,,,,,,,,,,,,,,,,,,,,
500,Bangladesh,Chattogram,Chattogram,Banshkhali,Katharia,02,,,,Hossen Sikder Para,হোছেন সিকদার পাড়া,KAT204,22.040141,91.901301,300,,,,,,,,,,,,,,,,,,,,
501,Bangladesh,Chattogram,Chattogram,Banshkhali,Katharia,02,,,,Noa Para,নোয়া পাড়া,KAT205,22.048998,91.899215,1000,,,,,,,,,,,,,,,,,,,,
502,Bangladesh,Chattogram,Chattogram,Banshkhali,Katharia,02,,,,Jele Para,জেলে পাড়া,KAT206,22.044470,91.897052,200,,,,,,,,,,,,,,,,,,,,
503,Bangladesh,Chattogram,Chattogram,Banshkhali,Katharia,03,,,,Alisha (RA) Para,অলিশাহ (রহঃ) পাড়া,KAT301,22.043933,91.904895,500,,,,,,,,,,,,,,,,,,,,
504,Bangladesh,Chattogram,Chattogram,Banshkhali,Katharia,03,,,,Mundar Para,মুন্দার পাড়া,KAT302,22.042120,91.909313,1000,,,,,,,,,,,,,,,,,,,,
505,Bangladesh,Chattogram,Chattogram,Banshkhali,Katharia,03,,,,Amir Uddin Mirzar Para,আমির উদ্দিন মির্জার পাড়া,KAT303,22.049130,91.903668,1200,,,,,,,,,,,,,,,,,,,,
506,Bangladesh,Chattogram,Chattogram,Banshkhali,Katharia,03,,,,Bara Para,বড় পাড়া,KAT304,22.046963,91.904158,1000,,,,,,,,,,,,,,,,,,,,
507,Bangladesh,Chattogram,Chattogram,Banshkhali,Katharia,03,,,,Haji Para,হাজী পাড়া,KAT305,22.050068,91.907377,1200,,,,,,,,,,,,,,,,,,,,
508,Bangladesh,Chattogram,Chattogram,Banshkhali,Katharia,03,,,,Shafiq Chairman Para,শফিক চেয়ারম্যান পাড়া,KAT306,22.046898,91.907326,1500,,,,,,,,,,,,,,,,,,,,
509,Bangladesh,Chattogram,Chattogram,Banshkhali,Katharia,04,,,,Pukchailya Para and Goljani Para,পুকচাইল্যা পাড়া ও গোলজানী পাড়া,KAT401,22.052007,91.911641,1500,,,,,,,,,,,,,,,,,,,,
510,Bangladesh,Chattogram,Chattogram,Banshkhali,Katharia,04,,,,Dalilur Rahman Para,দলিলুর রহমান পাড়া,KAT402,22.049050,91.909707,1000,,,,,,,,,,,,,,,,,,,,
511,Bangladesh,Chattogram,Chattogram,Banshkhali,Katharia,04,,,,Jawadar Para,জওদার পাড়া,KAT403,22.052845,91.909821,500,,,,,,,,,,,,,,,,,,,,
512,Bangladesh,Chattogram,Chattogram,Banshkhali,Katharia,04,,,,Maidar Para,মাইদার পাড়া,KAT404,22.046685,91.929112,1200,,,,,,,,,,,,,,,,,,,,
513,Bangladesh,Chattogram,Chattogram,Banshkhali,Katharia,04,,,,Madhya Manik Pathan Para,মধ্য মানিক পাঠান পাড়া,KAT405,22.053031,91.922097,1700,,,,,,,,,,,,,,,,,,,,
514,Bangladesh,Chattogram,Chattogram,Banshkhali,Katharia,05,,,,Pashchim Katharia,পশ্চিম কাথরিয়া,KAT501,22.037589,91.904283,1000,,,,,,,,,,,,,,,,,,,,
515,Bangladesh,Chattogram,Chattogram,Banshkhali,Katharia,05,,,,Khalifa Para,খলিফা পাড়া,KAT502,22.039454,91.909076,1200,,,,,,,,,,,,,,,,,,,,
516,Bangladesh,Chattogram,Chattogram,Banshkhali,Katharia,05,,,,Shil Para,শীল পাড়া,KAT503,22.038725,91.911661,300,,,,,,,,,,,,,,,,,,,,
517,Bangladesh,Chattogram,Chattogram,Banshkhali,Katharia,05,,,,Goyas Chowdhury Para,গোঁয়াছ চৌধুরী পাড়া,KAT504,22.034537,91.912144,700,,,,,,,,,,,,,,,,,,,,
518,Bangladesh,Chattogram,Chattogram,Banshkhali,Katharia,05,,,,Dakkhin Katharia,দক্ষিণ কাথরিয়া,KAT505,22.033089,91.910195,400,,,,,,,,,,,,,,,,,,,,
519,Bangladesh,Chattogram,Chattogram,Banshkhali,Katharia,05,,,,Bai Majhi Para,বাই মাঝি পাড়া,KAT506,22.033725,91.905712,2000,,,,,,,,,,,,,,,,,,,,
520,Bangladesh,Chattogram,Chattogram,Banshkhali,Katharia,06,,,,Chaul Bepari Para,চাউল বেপারী পাড়া,KAT601,22.036860,91.913734,1500,,,,,,,,,,,,,,,,,,,,
521,Bangladesh,Chattogram,Chattogram,Banshkhali,Katharia,06,,,,Degree Para,ডিগ্রী পাড়া,KAT602,22.036948,91.919018,2000,,,,,,,,,,,,,,,,,,,,
522,Bangladesh,Chattogram,Chattogram,Banshkhali,Katharia,06,,,,Noa Para,নোয়া পাড়া,KAT603,22.039689,91.913994,1000,,,,,,,,,,,,,,,,,,,,
523,Bangladesh,Chattogram,Chattogram,Banshkhali,Katharia,06,,,,Lokman Sikder Para,লোকমান সিকদার পাড়া,KAT604,22.032864,91.912630,1000,,,,,,,,,,,,,,,,,,,,
524,Bangladesh,Chattogram,Chattogram,Banshkhali,Katharia,06,,,,Shil Para,শীল পাড়া,KAT605,22.039273,91.912274,200,,,,,,,,,,,,,,,,,,,,
525,Bangladesh,Chattogram,Chattogram,Banshkhali,Katharia,07,,,,Jakumar Para,জকুমার পাড়া,KAT701,22.041911,91.912487,1000,,,,,,,,,,,,,,,,,,,,
526,Bangladesh,Chattogram,Chattogram,Banshkhali,Katharia,07,,,,Tafazzal Ahmed Chowdhury Para,তফজ্জল আহমদ চৌধুরী পাড়া,KAT702,22.041552,91.918909,1200,,,,,,,,,,,,,,,,,,,,
527,Bangladesh,Chattogram,Chattogram,Banshkhali,Katharia,07,,,,Degree Para,ডিগ্রী পাড়া,KAT703,22.038896,91.924065,800,,,,,,,,,,,,,,,,,,,,
528,Bangladesh,Chattogram,Chattogram,Banshkhali,Katharia,07,,,,Jainar Para,জৈনার পাড়া,KAT704,22.042719,91.917123,800,,,,,,,,,,,,,,,,,,,,
529,Bangladesh,Chattogram,Chattogram,Banshkhali,Katharia,07,,,,Newaj Chowdhury Para,নেওয়াজ চৌধুরী পাড়া,KAT705,22.045647,91.916559,1500,,,,,,,,,,,,,,,,,,,,
530,Bangladesh,Chattogram,Chattogram,Banshkhali,Katharia,07,,,,Dular Baper Para,দুলার বাপের পাড়া,KAT706,22.044329,91.924401,800,,,,,,,,,,,,,,,,,,,,
531,Bangladesh,Chattogram,Chattogram,Banshkhali,Katharia,08,,,,Purba Baraitali,পূর্ব বরইতলী,KAT801,22.029299,91.923172,3000,,,,,,,,,,,,,,,,,,,,
532,Bangladesh,Chattogram,Chattogram,Banshkhali,Katharia,08,,,,Pashchim Baraitali,পশ্চিম বরইতলী,KAT802,22.031621,91.917401,2600,,,,,,,,,,,,,,,,,,,,
533,Bangladesh,Chattogram,Chattogram,Banshkhali,Katharia,08,,,,Shil Para,শীল পাড়া,KAT803,22.028129,91.925169,500,,,,,,,,,,,,,,,,,,,,
534,Bangladesh,Chattogram,Chattogram,Banshkhali,Katharia,09,,,,Ghona Para,ঘোনা পাড়া,KAT901,22.032812,91.927476,1000,,,,,,,,,,,,,,,,,,,,
535,Bangladesh,Chattogram,Chattogram,Banshkhali,Katharia,09,,,,Noa Para,নোয়া পাড়া,KAT902,22.033459,91.924579,460,,,,,,,,,,,,,,,,,,,,
536,Bangladesh,Chattogram,Chattogram,Banshkhali,Katharia,09,,,,Degree Para,ডিগ্রী পাড়া,KAT903,22.037262,91.924648,1200,,,,,,,,,,,,,,,,,,,,
537,Bangladesh,Chattogram,Chattogram,Banshkhali,Katharia,09,,,,Maidar Para,মাইদার পাড়া,KAT904,22.044960,91.929540,300,,,,,,,,,,,,,,,,,,,,
538,Bangladesh,Chattogram,Chattogram,Banshkhali,Khankhanabad,01,,,,Kalagazi Para,কালাগাজী পাড়া,KHN101,22.081029,91.868442,1000,,,,,,,,,,,,,,,,,,,,
539,Bangladesh,Chattogram,Chattogram,Banshkhali,Khankhanabad,01,,,,Jamal Molla Para,জামাল মোল্লা পাড়া,KHN102,22.076677,91.868584,1800,,,,,,,,,,,,,,,,,,,,
540,Bangladesh,Chattogram,Chattogram,Banshkhali,Khankhanabad,01,,,,Jele Para,জেলে পাড়া,KHN103,22.082178,91.873410,2200,,,,,,,,,,,,,,,,,,,,
541,Bangladesh,Chattogram,Chattogram,Banshkhali,Khankhanabad,01,,,,Gausia Para,গাউসিয়া পাড়া,KHN104,22.084283,91.871082,700,,,,,,,,,,,,,,,,,,,,
542,Bangladesh,Chattogram,Chattogram,Banshkhali,Khankhanabad,01,,,,Maich Para,মাইছ পাড়া,KHN105,22.090091,91.870056,1000,,,,,,,,,,,,,,,,,,,,
543,Bangladesh,Chattogram,Chattogram,Banshkhali,Khankhanabad,01,,,,Rashid Chowdhury Para,রশিদ চৌধুরী পাড়া,KHN106,22.083661,91.866426,800,,,,,,,,,,,,,,,,,,,,
544,Bangladesh,Chattogram,Chattogram,Banshkhali,Khankhanabad,01,,,,Samad Ali Para,সমদ আলী পাড়া,KHN107,22.086238,91.868092,800,,,,,,,,,,,,,,,,,,,,
545,Bangladesh,Chattogram,Chattogram,Banshkhali,Khankhanabad,02,,,,Khosla Para,খোসলা পাড়া,KHN201,22.101012,91.867226,700,,,,,,,,,,,,,,,,,,,,
546,Bangladesh,Chattogram,Chattogram,Banshkhali,Khankhanabad,02,,,,Sheikh Para,শেখ পাড়া,KHN202,22.101518,91.869798,800,,,,,,,,,,,,,,,,,,,,
547,Bangladesh,Chattogram,Chattogram,Banshkhali,Khankhanabad,02,,,,Subedar Para,সুবেদার পাড়া,KHN203,22.101159,91.872542,1000,,,,,,,,,,,,,,,,,,,,
548,Bangladesh,Chattogram,Chattogram,Banshkhali,Khankhanabad,02,,,,Adur Para,আদুর পাড়া,KHN204,22.098037,91.869869,2000,,,,,,,,,,,,,,,,,,,,
549,Bangladesh,Chattogram,Chattogram,Banshkhali,Khankhanabad,02,,,,Kunyaar Para,কূন্যার পাড়া,KHN205,22.097449,91.866878,500,,,,,,,,,,,,,,,,,,,,
550,Bangladesh,Chattogram,Chattogram,Banshkhali,Khankhanabad,02,,,,Natun Para,নতুন পাড়া,KHN206,22.098847,91.865271,700,,,,,,,,,,,,,,,,,,,,
551,Bangladesh,Chattogram,Chattogram,Banshkhali,Khankhanabad,02,,,,Douhali Para,দৌহালি পাড়া,KHN207,22.093294,91.869514,1300,,,,,,,,,,,,,,,,,,,,
552,Bangladesh,Chattogram,Chattogram,Banshkhali,Khankhanabad,02,,,,Tahsildar,তহসিলদার,KHN208,22.095800,91.869757,1100,,,,,,,,,,,,,,,,,,,,
553,Bangladesh,Chattogram,Chattogram,Banshkhali,Khankhanabad,02,,,,Hashia Para,হাছিয়া পাড়া,KHN209,22.094800,91.863210,300,,,,,,,,,,,,,,,,,,,,
554,Bangladesh,Chattogram,Chattogram,Banshkhali,Khankhanabad,03,,,,Dakkhin Premesia Rosangi Para,দক্ষিণ প্রেমেসিয়া রোসাংঙ্গী পাড়া,KHN301,22.115577,91.866265,2800,,,,,,,,,,,,,,,,,,,,
555,Bangladesh,Chattogram,Chattogram,Banshkhali,Khankhanabad,04,,,,"
Dighir Para",দীঘির পাড়া,KHN401,22.085843,91.880041,1200,,,,,,,,,,,,,,,,,,,,
556,Bangladesh,Chattogram,Chattogram,Banshkhali,Khankhanabad,04,,,,Natun Para,নতুন পাড়া,KHN402,22.093481,91.878120,240,,,,,,,,,,,,,,,,,,,,
557,Bangladesh,Chattogram,Chattogram,Banshkhali,Khankhanabad,04,,,,Khalifa Para,খলিফা পাড়া,KHN403,22.091223,91.888649,2500,,,,,,,,,,,,,,,,,,,,
558,Bangladesh,Chattogram,Chattogram,Banshkhali,Khankhanabad,04,,,,Azam Para,আজম পাড়া,KHN404,22.094017,91.894811,2500,,,,,,,,,,,,,,,,,,,,
559,Bangladesh,Chattogram,Chattogram,Banshkhali,Khankhanabad,04,,,,Gani Para,গণি পাড়া,KHN405,22.096430,91.886047,350,,,,,,,,,,,,,,,,,,,,
560,Bangladesh,Chattogram,Chattogram,Banshkhali,Khankhanabad,05,,,,Palwan Para,পলোয়ান পাড়া,KHN501,22.104089,91.899406,1800,,,,,,,,,,,,,,,,,,,,
561,Bangladesh,Chattogram,Chattogram,Banshkhali,Khankhanabad,05,,,,Munsi Para,মুন্সী পাড়া,KHN502,22.102750,91.892468,1500,,,,,,,,,,,,,,,,,,,,
562,Bangladesh,Chattogram,Chattogram,Banshkhali,Khankhanabad,05,,,,Maich Para,মাইছ পাড়া,KHN503,22.098464,91.892193,1800,,,,,,,,,,,,,,,,,,,,
563,Bangladesh,Chattogram,Chattogram,Banshkhali,Khankhanabad,06,,,,Chowdhury Para,চৌধুরী পাড়া,KHN601,22.102970,91.882937,2000,,,,,,,,,,,,,,,,,,,,
564,Bangladesh,Chattogram,Chattogram,Banshkhali,Khankhanabad,06,,,,Chan Molla Para,চাঁন মোল্লা পাড়া,KHN602,22.100363,91.884085,400,,,,,,,,,,,,,,,,,,,,
565,Bangladesh,Chattogram,Chattogram,Banshkhali,Khankhanabad,06,,,,Samadar Para,সমদর পাড়া,KHN603,22.100917,91.880951,300,,,,,,,,,,,,,,,,,,,,
566,Bangladesh,Chattogram,Chattogram,Banshkhali,Khankhanabad,06,,,,Badur Para,বদূর পাড়া,KHN604,22.096864,91.881465,2000,,,,,,,,,,,,,,,,,,,,
567,Bangladesh,Chattogram,Chattogram,Banshkhali,Khankhanabad,06,,,,Rahmat Ali Muhuri Para,রহমত আলী মুহুরী পাড়া,KHN605,22.106618,91.880637,400,,,,,,,,,,,,,,,,,,,,
568,Bangladesh,Chattogram,Chattogram,Banshkhali,Khankhanabad,06,,,,Askar Ali Para,আসকর আলী পাড়া,KHN606,22.109296,91.881885,300,,,,,,,,,,,,,,,,,,,,
569,Bangladesh,Chattogram,Chattogram,Banshkhali,Khankhanabad,06,,,,Abdullah Para,আবদুল্লাহ পাড়া,KHN607,22.107717,91.877169,375,,,,,,,,,,,,,,,,,,,,
570,Bangladesh,Chattogram,Chattogram,Banshkhali,Khankhanabad,06,,,,Fatehar Para,ফতেয়ার পাড়া,KHN608,22.105339,91.877127,400,,,,,,,,,,,,,,,,,,,,
571,Bangladesh,Chattogram,Chattogram,Banshkhali,Khankhanabad,06,,,,Ghara Haji Para,ঘরা হাজী পাড়া,KHN609,22.107027,91.882522,600,,,,,,,,,,,,,,,,,,,,
572,Bangladesh,Chattogram,Chattogram,Banshkhali,Khankhanabad,07,,,,Sundapi Para,সুন্দপী পাড়া,KHN701,22.124445,91.868624,1500,,,,,,,,,,,,,,,,,,,,
573,Bangladesh,Chattogram,Chattogram,Banshkhali,Khankhanabad,07,,,,Maulavi Para,মৌলভী পাড়া,KHN702,22.126398,91.861191,4000,,,,,,,,,,,,,,,,,,,,
574,Bangladesh,Chattogram,Chattogram,Banshkhali,Khankhanabad,07,,,,Sikder Para,সিকদার পাড়া,KHN703,22.119415,91.865656,2000,,,,,,,,,,,,,,,,,,,,
575,Bangladesh,Chattogram,Chattogram,Banshkhali,Khankhanabad,07,,,,Rosangi Para,রোসাংঙ্গী পাড়া,KHN704,22.120731,91.867976,2000,,,,,,,,,,,,,,,,,,,,
576,Bangladesh,Chattogram,Chattogram,Banshkhali,Khankhanabad,08,,,,Rahmat Nagar,রহমত নগর,KHN801,22.111930,91.869648,600,,,,,,,,,,,,,,,,,,,,
577,Bangladesh,Chattogram,Chattogram,Banshkhali,Khankhanabad,08,,,,Darga Para,দারগা পাড়া,KHN802,22.111304,91.879584,600,,,,,,,,,,,,,,,,,,,,
578,Bangladesh,Chattogram,Chattogram,Banshkhali,Khankhanabad,08,,,,Guchha Gram,গুচ্ছ গ্রাম,KHN803,22.114768,91.881962,150,,,,,,,,,,,,,,,,,,,,
579,Bangladesh,Chattogram,Chattogram,Banshkhali,Khankhanabad,08,,,,Burahazir Para,বুরাহাজীর পাড়া,KHN804,22.116000,91.884048,300,,,,,,,,,,,,,,,,,,,,
580,Bangladesh,Chattogram,Chattogram,Banshkhali,Khankhanabad,08,,,,Chowdhury Para,চৌধুরী পাড়া,KHN805,22.115134,91.879171,800,,,,,,,,,,,,,,,,,,,,
581,Bangladesh,Chattogram,Chattogram,Banshkhali,Khankhanabad,08,,,,Sair Mohammad Para,সাইর মোহাম্মদ পাড়া,KHN806,22.116689,91.873794,700,,,,,,,,,,,,,,,,,,,,
582,Bangladesh,Chattogram,Chattogram,Banshkhali,Khankhanabad,08,,,,Mokami Para,মোকামী পাড়া,KHN807,22.118068,91.881236,1500,,,,,,,,,,,,,,,,,,,,
583,Bangladesh,Chattogram,Chattogram,Banshkhali,Khankhanabad,08,,,,Lala Dighir Para,লালা দীঘির পাড়া,KHN808,22.121427,91.869923,300,,,,,,,,,,,,,,,,,,,,
584,Bangladesh,Chattogram,Chattogram,Banshkhali,Khankhanabad,08,,,,Sundapi Para,সুন্দপী পাড়া,KHN809,22.122921,91.872079,1500,,,,,,,,,,,,,,,,,,,,
585,Bangladesh,Chattogram,Chattogram,Banshkhali,Khankhanabad,08,,,,Site Para,সাইট পাড়া,KHN810,22.119363,91.872650,150,,,,,,,,,,,,,,,,,,,,
586,Bangladesh,Chattogram,Chattogram,Banshkhali,Khankhanabad,08,,,,Napit Para,নাপিত পাড়া,KHN811,22.119187,91.875891,300,,,,,,,,,,,,,,,,,,,,
587,Bangladesh,Chattogram,Chattogram,Banshkhali,Khankhanabad,09,,,,Rosangi Para,রোসাংঙ্গী পাড়া,KHN901,22.114041,91.900525,3000,,,,,,,,,,,,,,,,,,,,
588,Bangladesh,Chattogram,Chattogram,Banshkhali,Khankhanabad,09,,,,Yusuf Ali Para,ইউসুফ আলী পাড়া,KHN902,22.117527,91.897533,1800,,,,,,,,,,,,,,,,,,,,
589,Bangladesh,Chattogram,Chattogram,Banshkhali,Khankhanabad,09,,,,Sadiq Ali Para,সাদিক আলী পাড়া,KHN903,22.119434,91.891708,1800,,,,,,,,,,,,,,,,,,,,
590,Bangladesh,Chattogram,Chattogram,Banshkhali,Khankhanabad,09,,,,Ekram Chowdhury Para,একরাম চৌধুরী পাড়া,KHN904,22.116323,91.893824,1200,,,,,,,,,,,,,,,,,,,,
591,Bangladesh,Chattogram,Chattogram,Banshkhali,Puichhari,01,,,,Mowlar Para,মওলার পাড়া,PUI101,21.900553,91.957905,5000,,,,,,,,,,,,,,,,,,,,
592,Bangladesh,Chattogram,Chattogram,Banshkhali,Puichhari,01,,,,Sikder Para,সিকদার পাড়া,PUI102,21.905745,91.960817,1000,,,,,,,,,,,,,,,,,,,,
593,Bangladesh,Chattogram,Chattogram,Banshkhali,Puichhari,01,,,,Miyar Ghona,মিয়ার ঘোনা,PUI103,21.904657,91.952570,3000,,,,,,,,,,,,,,,,,,,,
594,Bangladesh,Chattogram,Chattogram,Banshkhali,Puichhari,01,,,,Abdur Para,আব্দুর পাড়া,PUI104,21.906047,91.956023,1000,,,,,,,,,,,,,,,,,,,,
595,Bangladesh,Chattogram,Chattogram,Banshkhali,Puichhari,01,,,,Pairang Kata,পাইরাং কাটা,PUI105,21.907761,91.958844,2000,,,,,,,,,,,,,,,,,,,,
596,Bangladesh,Chattogram,Chattogram,Banshkhali,Puichhari,01,,,,Bahna Kata,বহনা কাটা,PUI106,21.910164,91.957151,2000,,,,,,,,,,,,,,,,,,,,
597,Bangladesh,Chattogram,Chattogram,Banshkhali,Puichhari,01,,,,Jaladash Para,জলদাশ পাড়া,PUI107,21.915524,91.955773,1500,,,,,,,,,,,,,,,,,,,,
598,Bangladesh,Chattogram,Chattogram,Banshkhali,Puichhari,01,,,,Kaibartya Para,কৈবর্ত্য পাড়া,PUI108,21.918397,91.956932,1500,,,,,,,,,,,,,,,,,,,,
599,Bangladesh,Chattogram,Chattogram,Banshkhali,Puichhari,02,,,,Uttar Para,উত্তর পাড়া,PUI201,21.913866,91.943186,4000,,,,,,,,,,,,,,,,,,,,
600,Bangladesh,Chattogram,Chattogram,Banshkhali,Puichhari,02,,,,Tek Para,টেক পাড়া,PUI202,21.908405,91.938986,2000,,,,,,,,,,,,,,,,,,,,
601,Bangladesh,Chattogram,Chattogram,Banshkhali,Puichhari,02,,,,Majher Para,মাঝের পাড়া,PUI203,21.907218,91.942631,3000,,,,,,,,,,,,,,,,,,,,
602,Bangladesh,Chattogram,Chattogram,Banshkhali,Puichhari,02,,,,Rowai Para,রোয়াই পাড়া,PUI204,21.906574,91.938403,1000,,,,,,,,,,,,,,,,,,,,
603,Bangladesh,Chattogram,Chattogram,Banshkhali,Puichhari,02,,,,Telia Kata,টেলিয়া কাটা ,PUI205,21.902116,91.950320,1000,,,,,,,,,,,,,,,,,,,,
604,Bangladesh,Chattogram,Chattogram,Banshkhali,Puichhari,02,,,,Arab Shah Ghona,আরব শাহ ঘোনা,PUI206,21.895348,91.943918,2000,,,,,,,,,,,,,,,,,,,,
605,Bangladesh,Chattogram,Chattogram,Banshkhali,Puichhari,02,,,,Rowai Para-2,রোয়াই পাড়া-২,PUI207,21.905407,91.944690,2000,,,,,,,,,,,,,,,,,,,,
606,Bangladesh,Chattogram,Chattogram,Banshkhali,Puichhari,03,,,,Shachia Para,শাছিয়া পাড়া,PUI301,21.892140,91.965146,500,,,,,,,,,,,,,,,,,,,,
607,Bangladesh,Chattogram,Chattogram,Banshkhali,Puichhari,03,,,,Saiyar Para,সাইয়ার পাড়া,PUI302,21.889833,91.963894,1200,,,,,,,,,,,,,,,,,,,,
608,Bangladesh,Chattogram,Chattogram,Banshkhali,Puichhari,03,,,,Abdur Rahman Fakir Para,আব্দুর রহমান ফকির পাড়া,PUI303,21.885776,91.966963,450,,,,,,,,,,,,,,,,,,,,
609,Bangladesh,Chattogram,Chattogram,Banshkhali,Puichhari,03,,,,Monjan and Noora Baper Para,মন্জান ও নূরা বাপের পাড়া,PUI304,21.884932,91.960663,500,,,,,,,,,,,,,,,,,,,,
610,Bangladesh,Chattogram,Chattogram,Banshkhali,Puichhari,03,,,,Shil Para,শীল পাড়া,PUI305,21.893304,91.959382,300,,,,,,,,,,,,,,,,,,,,
611,Bangladesh,Chattogram,Chattogram,Banshkhali,Puichhari,03,,,,Haidari and Sikder Para,হাইদারী ও সিকদার পাড়া,PUI306,21.887023,91.952310,1600,,,,,,,,,,,,,,,,,,,,
612,Bangladesh,Chattogram,Chattogram,Banshkhali,Puichhari,03,,,,Pandit Kata,পন্ডিত কাটা,PUI307,21.898201,91.951381,700,,,,,,,,,,,,,,,,,,,,
613,Bangladesh,Chattogram,Chattogram,Banshkhali,Puichhari,04,,,,Office Tila,অফিস টিলা,PUI401,21.905720,91.978288,900,,,,,,,,,,,,,,,,,,,,
614,Bangladesh,Chattogram,Chattogram,Banshkhali,Puichhari,04,,,,Dakkhin Para,দক্ষিণ পাড়া,PUI402,21.906379,91.970591,6000,,,,,,,,,,,,,,,,,,,,
615,Bangladesh,Chattogram,Chattogram,Banshkhali,Puichhari,04,,,,Ghona Para,ঘোনা পাড়া,PUI403,21.889326,91.966437,1200,,,,,,,,,,,,,,,,,,,,
616,Bangladesh,Chattogram,Chattogram,Banshkhali,Puichhari,04,,,,Sikder Para,সিকদার পাড়া,PUI404,21.896689,91.969250,600,,,,,,,,,,,,,,,,,,,,
617,Bangladesh,Chattogram,Chattogram,Banshkhali,Puichhari,05,,,,Purba Jangal Puichhari,পূর্ব জঙ্গল পুইছড়ি,PUI501,21.912903,91.980561,10700,,,,,,,,,,,,,,,,,,,,
618,Bangladesh,Chattogram,Chattogram,Banshkhali,Puichhari,06,,,,Uttar Puichhari,উত্তর পুইছড়ি,PUI601,21.910843,91.968406,3500,,,,,,,,,,,,,,,,,,,,
619,Bangladesh,Chattogram,Chattogram,Banshkhali,Puichhari,06,,,,Pashchim Para,পশ্চিম পাড়া,PUI602,21.909574,91.963760,900,,,,,,,,,,,,,,,,,,,,
620,Bangladesh,Chattogram,Chattogram,Banshkhali,Puichhari,06,,,,Sikder Para,সিকদার পাড়া,PUI604,21.910063,91.966914,300,,,,,,,,,,,,,,,,,,,,
621,Bangladesh,Chattogram,Chattogram,Banshkhali,Puichhari,06,,,,Das para,দাশ পাড়া,PUI605,21.918518,91.962868,1200,,,,,,,,,,,,,,,,,,,,
622,Bangladesh,Chattogram,Chattogram,Banshkhali,Puichhari,06,,,,Qutub Uddin Member Bari,কতুব উদ্দিন মেম্বার বাড়ি,PUI606,21.908845,91.969532,600,,,,,,,,,,,,,,,,,,,,
623,Bangladesh,Chattogram,Chattogram,Banshkhali,Puichhari,07,,,,Jangal Napora,জঙ্গল নাপোড়া,PUI701,21.919831,91.973277,5000,,,,,,,,,,,,,,,,,,,,
624,Bangladesh,Chattogram,Chattogram,Banshkhali,Puichhari,07,,,,Purba Chalia Para,পূর্ব চালিয়া পাড়া,PUI702,21.928008,91.968153,3000,,,,,,,,,,,,,,,,,,,,
625,Bangladesh,Chattogram,Chattogram,Banshkhali,Puichhari,07,,,,Naya Para,নয়া পাড়া,PUI703,21.921509,91.962909,4000,,,,,,,,,,,,,,,,,,,,
626,Bangladesh,Chattogram,Chattogram,Banshkhali,Puichhari,07,,,,Ismail Master Para,ইসমাইল মাস্টার পাড়া,PUI704,21.925463,91.973280,2000,,,,,,,,,,,,,,,,,,,,
627,Bangladesh,Chattogram,Chattogram,Banshkhali,Puichhari,08,,,,Napora,নাপোড়া,PUI801,21.931305,91.964453,7500,,,,,,,,,,,,,,,,,,,,
628,Bangladesh,Chattogram,Chattogram,Banshkhali,Puichhari,08,,,,Mir Para,মীর পাড়া,PUI802,21.935204,91.963679,1200,,,,,,,,,,,,,,,,,,,,
629,Bangladesh,Chattogram,Chattogram,Banshkhali,Puichhari,08,,,,Shamsia Ghona,শামসিয়া ঘোনা,PUI803,21.939028,91.970319,700,,,,,,,,,,,,,,,,,,,,
630,Bangladesh,Chattogram,Chattogram,Banshkhali,Puichhari,08,,,,Villager Para,ভিলেজার পাড়া,PUI804,21.935335,91.976093,1500,,,,,,,,,,,,,,,,,,,,
631,Bangladesh,Chattogram,Chattogram,Banshkhali,Puichhari,08,,,,Battali Para,বটতলী পাড়া,PUI805,21.940452,91.976438,300,,,,,,,,,,,,,,,,,,,,
632,Bangladesh,Chattogram,Chattogram,Banshkhali,Puichhari,09,,,,Pashchim Napora,পশ্চিম নাপোড়া,PUI901,21.924751,91.956458,4500,,,,,,,,,,,,,,,,,,,,
633,Bangladesh,Chattogram,Chattogram,Banshkhali,Pukuria,01,,,,Purba Para,পূর্ব পাড়া,PUK101,22.153861,91.906988,1000,,,,,,,,,,,,,,,,,,,,
634,Bangladesh,Chattogram,Chattogram,Banshkhali,Pukuria,01,,,,Majher Para,মাঝের পাড়া,PUK102,22.152307,91.900182,1000,,,,,,,,,,,,,,,,,,,,
635,Bangladesh,Chattogram,Chattogram,Banshkhali,Pukuria,01,,,,Al Noor and Yousuf Agro Farm,আল নূর এন্ড ইউসুফ এগ্রো ফার্ম,PUK103,22.149234,91.888151,0,,,,,,,,,,,,,,,,,,,,
636,Bangladesh,Chattogram,Chattogram,Banshkhali,Pukuria,01,,,,Char Para,চর পাড়া ,PUK104,22.151942,91.894789,2000,,,,,,,,,,,,,,,,,,,,
637,Bangladesh,Chattogram,Chattogram,Banshkhali,Pukuria,02,,,,Hindu Para,হিন্দু পাড়া,PUK201,22.146127,91.898544,400,,,,,,,,,,,,,,,,,,,,
638,Bangladesh,Chattogram,Chattogram,Banshkhali,Pukuria,02,,,,Dakkhin Para,দক্ষিণ পাড়া,PUK202,22.144396,91.897625,1000,,,,,,,,,,,,,,,,,,,,
639,Bangladesh,Chattogram,Chattogram,Banshkhali,Pukuria,02,,,,Fakir Para,ফকির পাড়া,PUK203,22.149323,91.898176,600,,,,,,,,,,,,,,,,,,,,
640,Bangladesh,Chattogram,Chattogram,Banshkhali,Pukuria,02,,,,Purba Para,পূর্ব পাড়া,PUK204,22.147081,91.899355,300,,,,,,,,,,,,,,,,,,,,
641,Bangladesh,Chattogram,Chattogram,Banshkhali,Pukuria,02,,,,Uttar Para,উত্তর পাড়া,PUK205,22.148182,91.895535,1200,,,,,,,,,,,,,,,,,,,,
642,Bangladesh,Chattogram,Chattogram,Banshkhali,Pukuria,02,,,,Macher Project,মাছের প্রজেক্ট,PUK206,22.144307,91.890493,0,,,,,,,,,,,,,,,,,,,,
643,Bangladesh,Chattogram,Chattogram,Banshkhali,Pukuria,03,,,,Uttar Hajigaon,উত্তর হাজীগাঁও,PUK301,22.150200,91.907074,4000,,,,,,,,,,,,,,,,,,,,
644,Bangladesh,Chattogram,Chattogram,Banshkhali,Pukuria,03,,,,Dakkhin Hajigaon,দক্ষিণ হাজীগাঁও,PUK302,22.144447,91.908690,2000,,,,,,,,,,,,,,,,,,,,
645,Bangladesh,Chattogram,Chattogram,Banshkhali,Pukuria,04,,,,Kazi Para,কাজী বাড়ি,PUK401,22.155220,91.914519,2500,,,,,,,,,,,,,,,,,,,,
646,Bangladesh,Chattogram,Chattogram,Banshkhali,Pukuria,04,,,,Abdul Mabud Saudagar Para,আব্দুল মাবুদ সওদাগর পাড়া,PUK402,22.152255,91.914375,1500,,,,,,,,,,,,,,,,,,,,
647,Bangladesh,Chattogram,Chattogram,Banshkhali,Pukuria,04,,,,Badu Miyaji Para,বদু মিয়াজী পাড়া,PUK403,22.150058,91.914277,1000,,,,,,,,,,,,,,,,,,,,
648,Bangladesh,Chattogram,Chattogram,Banshkhali,Pukuria,04,,,,Chan Khalifa Para,চাঁন খলিফা পাড়া,PUK404,22.147920,91.915192,500,,,,,,,,,,,,,,,,,,,,
649,Bangladesh,Chattogram,Chattogram,Banshkhali,Pukuria,04,,,,Chairman Bari Chandrapur,চেয়ারম্যান বাড়ী চন্দ্রপুর,PUK405,22.146658,91.912635,600,,,,,,,,,,,,,,,,,,,,
650,Bangladesh,Chattogram,Chattogram,Banshkhali,Pukuria,04,,,,Guchha Gram,গুচ্ছ গ্রাম,PUK406,22.145814,91.915307,400,,,,,,,,,,,,,,,,,,,,
651,Bangladesh,Chattogram,Chattogram,Banshkhali,Pukuria,04,,,,Fechu Master Bari,ফেছু মাস্টার বাড়ী,PUK407,22.144031,91.920090,1000,,,,,,,,,,,,,,,,,,,,
652,Bangladesh,Chattogram,Chattogram,Banshkhali,Pukuria,04,,,,Pashchim Center Para,পশ্চিম সেন্টার পাড়া,PUK408,22.150903,91.917130,1500,,,,,,,,,,,,,,,,,,,,
653,Bangladesh,Chattogram,Chattogram,Banshkhali,Pukuria,04,,,,Purba Center Para,পূর্ব সেন্টার পাড়া,PUK409,22.151578,91.921506,3000,,,,,,,,,,,,,,,,,,,,
654,Bangladesh,Chattogram,Chattogram,Banshkhali,Pukuria,04,,,,Poultry Farm,পোল্ট্রি ফার্ম,PUK410,22.144670,91.919738,10,,,,,,,,,,,,,,,,,,,,
655,Bangladesh,Chattogram,Chattogram,Banshkhali,Pukuria,04,,,,Poultry Farm,পোল্ট্রি ফার্ম,PUK411,22.144478,91.915446,10,,,,,,,,,,,,,,,,,,,,
656,Bangladesh,Chattogram,Chattogram,Banshkhali,Pukuria,05,,,,Natmura Pashchimangsho,নাটমুড়া পশ্চিমাংশ ,PUK501,22.159567,91.914394,4500,,,,,,,,,,,,,,,,,,,,
657,Bangladesh,Chattogram,Chattogram,Banshkhali,Pukuria,05,,,,Chandpur Uttarangsho,চাঁদপুর উত্তরাংশ,PUK502,22.161991,91.916933,2500,,,,,,,,,,,,,,,,,,,,
658,Bangladesh,Chattogram,Chattogram,Banshkhali,Pukuria,06,,,,Pashchim Pukuria (Tecchipara) ,পশ্চিম পুকুরিয়া (তেচ্ছিপাড়া) ,PUK601,22.169627,91.919569,2700,,,,,,,,,,,,,,,,,,,,
659,Bangladesh,Chattogram,Chattogram,Banshkhali,Pukuria,06,,,,Khandaker Para,খন্দকার পাড়া,PUK602,22.163716,91.932794,1200,,,,,,,,,,,,,,,,,,,,
660,Bangladesh,Chattogram,Chattogram,Banshkhali,Pukuria,06,,,,Rajamura,রাজামুড়া,PUK603,22.159364,91.934289,750,,,,,,,,,,,,,,,,,,,,
661,Bangladesh,Chattogram,Chattogram,Banshkhali,Pukuria,06,,,,Natun Para,নতুন পাড়া,PUK604,22.156911,91.930970,4000,,,,,,,,,,,,,,,,,,,,
662,Bangladesh,Chattogram,Chattogram,Banshkhali,Pukuria,06,,,,Natmura,নাটমুড়া,PUK605,22.159567,91.925065,4200,,,,,,,,,,,,,,,,,,,,
663,Bangladesh,Chattogram,Chattogram,Banshkhali,Pukuria,06,,,,Mahajan Bari Hindu Para,মহাজন বাড়ি হিন্দু পাড়া ,PUK606,22.161590,91.928350,900,,,,,,,,,,,,,,,,,,,,
664,Bangladesh,Chattogram,Chattogram,Banshkhali,Pukuria,06,,,,Guchha Gram,গুচ্ছ গ্রাম,PUK607,22.158236,91.926918,300,,,,,,,,,,,,,,,,,,,,
665,Bangladesh,Chattogram,Chattogram,Banshkhali,Pukuria,07,,,,Kulan Para,কুলান পাড়া,PUK701,22.159607,91.946922,1500,,,,,,,,,,,,,,,,,,,,
666,Bangladesh,Chattogram,Chattogram,Banshkhali,Pukuria,07,,,,Banik Para,বণিক পাড়া,PUK702,22.157534,91.946633,450,,,,,,,,,,,,,,,,,,,,
667,Bangladesh,Chattogram,Chattogram,Banshkhali,Pukuria,07,,,,Chharrakul ,ছড়ারকূল ,PUK703,22.151802,91.945843,500,,,,,,,,,,,,,,,,,,,,
668,Bangladesh,Chattogram,Chattogram,Banshkhali,Pukuria,07,,,,Khandaker Para and Tele Para,খন্দকার পাড়া এবং টেলি পাড়া,PUK704,22.158906,91.942817,600,,,,,,,,,,,,,,,,,,,,
669,Bangladesh,Chattogram,Chattogram,Banshkhali,Pukuria,07,,,,Pallan Para,পল্লান পাড়া,PUK705,22.153480,91.942034,750,,,,,,,,,,,,,,,,,,,,
670,Bangladesh,Chattogram,Chattogram,Banshkhali,Pukuria,07,,,,Sabuj Para,সবুজ পাড়া,PUK706,22.149317,91.940815,500,,,,,,,,,,,,,,,,,,,,
671,Bangladesh,Chattogram,Chattogram,Banshkhali,Pukuria,07,,,,Lakkhideva,লক্ষীদেবা,PUK707,22.151685,91.950023,300,,,,,,,,,,,,,,,,,,,,
672,Bangladesh,Chattogram,Chattogram,Banshkhali,Pukuria,07,,,,Cha Bagan,চা বাগান,PUK708,22.138801,91.945002,900,,,,,,,,,,,,,,,,,,,,
673,Bangladesh,Chattogram,Chattogram,Banshkhali,Pukuria,07,,,,Poultry Farm,পোল্ট্রি ফার্ম,PUK709,22.145830,91.950074,0,,,,,,,,,,,,,,,,,,,,
674,Bangladesh,Chattogram,Chattogram,Banshkhali,Pukuria,08,,,,Roaja Para,রোয়াজা পাড়া,PUK801,22.162117,91.942391,1000,,,,,,,,,,,,,,,,,,,,
675,Bangladesh,Chattogram,Chattogram,Banshkhali,Pukuria,08,,,,Munshir Bari,মুন্সীর বাড়ি,PUK802,22.162129,91.938788,2000,,,,,,,,,,,,,,,,,,,,
676,Bangladesh,Chattogram,Chattogram,Banshkhali,Pukuria,08,,,,Chowdhury Para,চৌধুরী পাড়া,PUK803,22.159381,91.939020,2000,,,,,,,,,,,,,,,,,,,,
677,Bangladesh,Chattogram,Chattogram,Banshkhali,Pukuria,08,,,,Dakkhin Para,দক্ষিণ পাড়া,PUK804,22.154147,91.935260,1000,,,,,,,,,,,,,,,,,,,,
678,Bangladesh,Chattogram,Chattogram,Banshkhali,Pukuria,09,,,,Uttar Pukuria,উত্তর পুকুরিয়া,PUK901,22.168034,91.938968,500,,,,,,,,,,,,,,,,,,,,
679,Bangladesh,Chattogram,Chattogram,Banshkhali,Pukuria,09,,,,Sikder Agro,সিকদার এগ্রো,PUK902,22.174260,91.938960,0,,,,,,,,,,,,,,,,,,,,
680,Bangladesh,Chattogram,Chattogram,Banshkhali,Saral,01,,,,Muralir Tek,মুরালির টেক,SAA101,22.016486,91.905874,150,,,,,,,,,,,,,,,,,,,,
681,Bangladesh,Chattogram,Chattogram,Banshkhali,Saral,01,,,,Chowkidar Shamsur Bari,চৌকিদার শামসুর বাড়ি,SAA102,22.018125,91.904859,300,,,,,,,,,,,,,,,,,,,,
682,Bangladesh,Chattogram,Chattogram,Banshkhali,Saral,01,,,,Kalu Balir Bari,কালু বলীর বাড়ি,SAA103,22.017049,91.902438,300,,,,,,,,,,,,,,,,,,,,
683,Bangladesh,Chattogram,Chattogram,Banshkhali,Saral,01,,,,Char Para,চর পাড়া ,SAA104,22.019814,91.889694,250,,,,,,,,,,,,,,,,,,,,
684,Bangladesh,Chattogram,Chattogram,Banshkhali,Saral,01,,,,Majher Para,মাঝের পাড়া,SAA105,22.021784,91.901004,1000,,,,,,,,,,,,,,,,,,,,
685,Bangladesh,Chattogram,Chattogram,Banshkhali,Saral,01,,,,Uttor Saral Para,উত্তর সরল পাড়া,SAA106,22.028428,91.901853,700,,,,,,,,,,,,,,,,,,,,
686,Bangladesh,Chattogram,Chattogram,Banshkhali,Saral,01,,,,Natun Bazar Dakkhin Ongsho Elaka,নতুন বাজার দক্ষিণপাশ এলাকা,SAA107,22.025563,91.898673,700,,,,,,,,,,,,,,,,,,,,
687,Bangladesh,Chattogram,Chattogram,Banshkhali,Saral,01,,,,Dhaiya Majhi Bari and Khalkul Elaka,ধইয়্যা মাঝি বাড়ি ও খালকূল এলাকা,SAA108,22.030008,91.899065,1500,,,,,,,,,,,,,,,,,,,,
688,Bangladesh,Chattogram,Chattogram,Banshkhali,Saral,01,,,,Member Kamrul Alam Bari,মেম্বার কামরুল আলম বাড়ি,SAA109,22.029627,91.886687,200,,,,,,,,,,,,,,,,,,,,
689,Bangladesh,Chattogram,Chattogram,Banshkhali,Saral,02,,,,Muhuri Para,মুহুরী পাড়া,SAA201,22.014567,91.904371,500,,,,,,,,,,,,,,,,,,,,
690,Bangladesh,Chattogram,Chattogram,Banshkhali,Saral,02,,,,Chowdhury Bari,চৌধুরী বাড়ী,SAA202,22.016067,91.902893,400,,,,,,,,,,,,,,,,,,,,
691,Bangladesh,Chattogram,Chattogram,Banshkhali,Saral,02,,,,Sachiber Bari,সচিবের বাড়ী,SAA203,22.016225,91.904667,400,,,,,,,,,,,,,,,,,,,,
692,Bangladesh,Chattogram,Chattogram,Banshkhali,Saral,02,,,,Naya Para,নয়া পাড়া,SAA204,22.015439,91.900625,900,,,,,,,,,,,,,,,,,,,,
693,Bangladesh,Chattogram,Chattogram,Banshkhali,Saral,02,,,,Ambal Ali Bari,আম্বল আলী বাড়ি,SAA205,22.011531,91.900031,300,,,,,,,,,,,,,,,,,,,,
694,Bangladesh,Chattogram,Chattogram,Banshkhali,Saral,02,,,,Barkat Ali Majhi Bari,বরকত আলী মাঝি বাড়ি,SAA206,22.012784,91.894880,600,,,,,,,,,,,,,,,,,,,,
695,Bangladesh,Chattogram,Chattogram,Banshkhali,Saral,02,,,,Khajir Khil,খাজির খীল,SAA207,22.008393,91.890758,700,,,,,,,,,,,,,,,,,,,,
696,Bangladesh,Chattogram,Chattogram,Banshkhali,Saral,02,,,,Doiyar Bari,দৈয়র বাড়ি,SAA208,22.008518,91.902364,500,,,,,,,,,,,,,,,,,,,,
697,Bangladesh,Chattogram,Chattogram,Banshkhali,Saral,02,,,,Beribadh Para,বেরীবাধ পাড়া,SAA209,22.006988,91.903087,200,,,,,,,,,,,,,,,,,,,,
698,Bangladesh,Chattogram,Chattogram,Banshkhali,Saral,02,,,,Bachaya Bari,বাচায়া বাড়ি,SAA210,22.009709,91.896108,400,,,,,,,,,,,,,,,,,,,,
699,Bangladesh,Chattogram,Chattogram,Banshkhali,Saral,02,,,,Maulavi Sikandar Shah Bari,মৌলভী সিকান্দার শাহ বাড়ি,SAA211,22.009585,91.897132,600,,,,,,,,,,,,,,,,,,,,
700,Bangladesh,Chattogram,Chattogram,Banshkhali,Saral,02,,,,Abdul Sobhan Miyaji Bari,আব্দুল সোবহান মিয়াজী বাড়ি,SAA212,22.007385,91.899275,400,,,,,,,,,,,,,,,,,,,,
701,Bangladesh,Chattogram,Chattogram,Banshkhali,Saral,02,,,,Abdul Kader Bari,আব্দুল কাদের বাড়ি,SAA213,22.006406,91.898710,300,,,,,,,,,,,,,,,,,,,,
702,Bangladesh,Chattogram,Chattogram,Banshkhali,Saral,03,,,,Khaleda Para,খালেদা পাড়া,SAA301,22.014551,91.907741,600,,,,,,,,,,,,,,,,,,,,
703,Bangladesh,Chattogram,Chattogram,Banshkhali,Saral,03,,,,Payajjani Bara Bari,পেয়াজ্জানী বড় বাড়ী,SAA302,22.022128,91.907052,800,,,,,,,,,,,,,,,,,,,,
704,Bangladesh,Chattogram,Chattogram,Banshkhali,Saral,03,,,,Rabbat Ali Bari,রব্বত আলীর বাড়ী,SAA303,22.027989,91.907227,600,,,,,,,,,,,,,,,,,,,,
705,Bangladesh,Chattogram,Chattogram,Banshkhali,Saral,03,,,,Hossain Ali Talukder Bari,হোসেন আলী তালুকদার বাড়ী,SAA304,22.031904,91.906565,400,,,,,,,,,,,,,,,,,,,,
706,Bangladesh,Chattogram,Chattogram,Banshkhali,Saral,03,,,,Master Ali Ahmed Bari,মাস্টার আলী আহম্মদ বাড়ী,SAA305,22.017598,91.911545,500,,,,,,,,,,,,,,,,,,,,
707,Bangladesh,Chattogram,Chattogram,Banshkhali,Saral,03,,,,Konar Para,কোনার পাড়া,SAA306,22.024510,91.914815,600,,,,,,,,,,,,,,,,,,,,
708,Bangladesh,Chattogram,Chattogram,Banshkhali,Saral,04,,,,Purba Kahar Ghona,পূর্ব কাহার ঘোনা,SAA401,21.993081,91.939415,5000,,,,,,,,,,,,,,,,,,,,
709,Bangladesh,Chattogram,Chattogram,Banshkhali,Saral,04,,,,Pashchim Kahar Ghona,পশ্চিম কাহার ঘোনা,SAA402,21.987863,91.927584,7500,,,,,,,,,,,,,,,,,,,,
710,Bangladesh,Chattogram,Chattogram,Banshkhali,Saral,05,,,,Aimar Baper Bari,আইমার বাপের বাড়ী,SAA501,21.999228,91.930838,800,,,,,,,,,,,,,,,,,,,,
711,Bangladesh,Chattogram,Chattogram,Banshkhali,Saral,05,,,,Tannar Para,তন্যার পাড়া,SAA502,21.995178,91.932920,400,,,,,,,,,,,,,,,,,,,,
712,Bangladesh,Chattogram,Chattogram,Banshkhali,Saral,05,,,,Khalaichhar Para,খালাইচ্ছর পাড়া,SAA503,21.996521,91.925869,1200,,,,,,,,,,,,,,,,,,,,
713,Bangladesh,Chattogram,Chattogram,Banshkhali,Saral,05,,,,Shatghor Para,ষাটঘর পাড়া,SAA504,21.996566,91.921656,1500,,,,,,,,,,,,,,,,,,,,
714,Bangladesh,Chattogram,Chattogram,Banshkhali,Saral,05,,,,Pashchim Asighor Para,পশ্চিম আশিঘর পাড়া,SAA505,21.987281,91.915410,500,,,,,,,,,,,,,,,,,,,,
715,Bangladesh,Chattogram,Chattogram,Banshkhali,Saral,05,,,,Ghona Para,ঘোনা পাড়া,SAA506,21.992984,91.916309,450,,,,,,,,,,,,,,,,,,,,
716,Bangladesh,Chattogram,Chattogram,Banshkhali,Saral,05,,,,Ashighar Para,আশিঘর পাড়া,SAA507,21.993584,91.922224,1500,,,,,,,,,,,,,,,,,,,,
717,Bangladesh,Chattogram,Chattogram,Banshkhali,Saral,06,,,,Baynakata,বয়নাকাটা,SAA601,22.006997,91.918918,4000,,,,,,,,,,,,,,,,,,,,
718,Bangladesh,Chattogram,Chattogram,Banshkhali,Saral,06,,,,Minjiritala,মিনঝিরিতলা,SAA602,21.999515,91.922139,500,,,,,,,,,,,,,,,,,,,,
719,Bangladesh,Chattogram,Chattogram,Banshkhali,Saral,06,,,,Haji Para,হাজী পাড়া,SAA603,22.012317,91.912546,1000,,,,,,,,,,,,,,,,,,,,
720,Bangladesh,Chattogram,Chattogram,Banshkhali,Saral,06,,,,Ghona Para,ঘোনা পাড়া,SAA604,22.004531,91.904071,2000,,,,,,,,,,,,,,,,,,,,
721,Bangladesh,Chattogram,Chattogram,Banshkhali,Saral,06,,,,Qasim Ali Majhi Para,কাসিম আলী মাঝির পাড়া,SAA605,21.998851,91.909248,200,,,,,,,,,,,,,,,,,,,,
722,Bangladesh,Chattogram,Chattogram,Banshkhali,Saral,07,,,,Al Amaniya Rah Maniya Hashemiya Qaderia Madrasah Para,আল আমানিয়া রহ মানিয়া হাসেমীয়া কাদেরিয়া মাদ্রাসা পাড়া,SAA701,22.022387,91.923179,4500,,,,,,,,,,,,,,,,,,,,
723,Bangladesh,Chattogram,Chattogram,Banshkhali,Saral,07,,,,Kanangur Khil Jame Masjid Para,কাননগুর খীল জামে মসজিদ পাড়া,SAA702,22.013739,91.920363,4000,,,,,,,,,,,,,,,,,,,,
724,Bangladesh,Chattogram,Chattogram,Banshkhali,Saral,07,,,,Nath Para,নাথ পাড়া,SAA703,22.010380,91.919704,1100,,,,,,,,,,,,,,,,,,,,
725,Bangladesh,Chattogram,Chattogram,Banshkhali,Saral,08,,,,Maulana Nasir Uddin Shah R.A. Para,মাওলানা নাছির উদ্দিন শাহ রঃ পাড়া,SAA801,22.025867,91.934262,2000,,,,,,,,,,,,,,,,,,,,
726,Bangladesh,Chattogram,Chattogram,Banshkhali,Saral,08,,,,Master Fazal Karim Para,মাস্টার ফজল করিম পাড়া,SAA802,22.022876,91.936240,1500,,,,,,,,,,,,,,,,,,,,
727,Bangladesh,Chattogram,Chattogram,Banshkhali,Saral,08,,,,Jaliaghata Para,জালিয়াঘাটা পাড়া,SAA803,22.021718,91.931083,2000,,,,,,,,,,,,,,,,,,,,
728,Bangladesh,Chattogram,Chattogram,Banshkhali,Saral,08,,,,Shah Majidiya Madrasha Songlogno Para,শাহ মজিদিয়া মাদ্রাসা সংলগ্ন পাড়া,SAA804,22.022156,91.928903,2000,,,,,,,,,,,,,,,,,,,,
729,Bangladesh,Chattogram,Chattogram,Banshkhali,Saral,08,,,,Tin Mathar Bari,তিন মাথার বাড়ী,SAA805,22.021418,91.926412,1500,,,,,,,,,,,,,,,,,,,,
730,Bangladesh,Chattogram,Chattogram,Banshkhali,Saral,08,,,,Boxshu Miyaji Para,বক্সু মিয়াজী পাড়া,SAA806,22.024199,91.927662,1500,,,,,,,,,,,,,,,,,,,,
731,Bangladesh,Chattogram,Chattogram,Banshkhali,Saral,08,,,,Mohammadiya Para,মোহাম্মদিয়া পাড়া,SAA807,22.020747,91.939080,500,,,,,,,,,,,,,,,,,,,,
732,Bangladesh,Chattogram,Chattogram,Banshkhali,Saral,09,,,,Muhuri Para,মুহুরী পাড়া,SAA901,22.020275,91.961869,300,,,,,,,,,,,,,,,,,,,,
733,Bangladesh,Chattogram,Chattogram,Banshkhali,Saral,09,,,,Chariya Para,ছাড়িয়া পাড়া,SAA902,22.025217,91.945464,300,,,,,,,,,,,,,,,,,,,,
734,Bangladesh,Chattogram,Chattogram,Banshkhali,Saral,09,,,,Hindu Para,হিন্দু পাড়া,SAA903,22.025733,91.946862,500,,,,,,,,,,,,,,,,,,,,
735,Bangladesh,Chattogram,Chattogram,Banshkhali,Saral,09,,,,Abbas Para,আব্বাস পাড়া,SAA904,22.024844,91.950704,200,,,,,,,,,,,,,,,,,,,,
736,Bangladesh,Chattogram,Chattogram,Banshkhali,Saral,09,,,,Mohammadiya Para,মোহাম্মদিয়া পাড়া,SAA905,22.026794,91.949698,200,,,,,,,,,,,,,,,,,,,,
737,Bangladesh,Chattogram,Chattogram,Banshkhali,Saral,09,,,,Bara Pukur Para,বড় পুকুর পাড়া,SAA906,22.025045,91.953244,1200,,,,,,,,,,,,,,,,,,,,
738,Bangladesh,Chattogram,Chattogram,Banshkhali,Saral,09,,,,Banik Para Uttarangsho,বণিক পাড়া উত্তারংশ,SAA907,22.021961,91.949160,150,,,,,,,,,,,,,,,,,,,,
739,Bangladesh,Chattogram,Chattogram,Banshkhali,Saral,09,,,,Abdul Bari Chowdhury Bari,আব্দুল বারী চৌধুরী বাড়ী,SAA908,22.032031,91.950107,1500,,,,,,,,,,,,,,,,,,,,
740,Bangladesh,Chattogram,Chattogram,Banshkhali,Saral,09,,,,Balur Char Para,বালুর চর পাড়া,SAA909,22.031989,91.955926,100,,,,,,,,,,,,,,,,,,,,
741,Bangladesh,Chattogram,Chattogram,Banshkhali,Saral,09,,,,Chumma Para,চুম্মা পাড়া,SAA910,22.015769,91.960659,100,,,,,,,,,,,,,,,,,,,,
742,Bangladesh,Chattogram,Chattogram,Banshkhali,Saral,09,,,,Noa Para,নোয়া পাড়া,SAA911,22.020965,91.947034,500,,,,,,,,,,,,,,,,,,,,
743,Bangladesh,Chattogram,Chattogram,Banshkhali,Saral,09,,,,Maulavi Para,মৌলভী পাড়া,SAA912,22.019960,91.944990,200,,,,,,,,,,,,,,,,,,,,
744,Bangladesh,Chattogram,Chattogram,Banshkhali,Saral,09,,,,Bahadur Para,বাহাদুর পাড়া,SAA913,22.019314,91.943103,200,,,,,,,,,,,,,,,,,,,,
745,Bangladesh,Chattogram,Chattogram,Banshkhali,Saral,09,,,,Kamola Bibi Para,কমলা বিবি পাড়া,SAA914,22.020685,91.942909,150,,,,,,,,,,,,,,,,,,,,
746,Bangladesh,Chattogram,Chattogram,Banshkhali,Saral,09,,,,Chumi Uddin Bari,ছুমি উদ্দিন বাড়ি,SAA915,22.022886,91.946480,100,,,,,,,,,,,,,,,,,,,,
747,Bangladesh,Chattogram,Chattogram,Banshkhali,Sadhanpur,01,,,,Naveen Mahajan Para,নবীন মহাজন পাড়া,SAH101,22.142063,91.910337,360,,,,,,,,,,,,,,,,,,,,
748,Bangladesh,Chattogram,Chattogram,Banshkhali,Sadhanpur,01,,,,Guajar Para,গুয়াজার পাড়া,SAH102,22.140303,91.908442,360,,,,,,,,,,,,,,,,,,,,
749,Bangladesh,Chattogram,Chattogram,Banshkhali,Sadhanpur,01,,,,Phul Para (Kalgazir Bari),ফুল পাড়া (কালগাজীর বাড়ি),SAH103,22.138953,91.911602,600,,,,,,,,,,,,,,,,,,,,
750,Bangladesh,Chattogram,Chattogram,Banshkhali,Sadhanpur,01,,,,Mazar Para,মাজার পাড়া,SAH104,22.140542,91.915555,500,,,,,,,,,,,,,,,,,,,,
751,Bangladesh,Chattogram,Chattogram,Banshkhali,Sadhanpur,01,,,,Natun Para,নতুন পাড়া,SAH105,22.138456,91.919510,700,,,,,,,,,,,,,,,,,,,,
752,Bangladesh,Chattogram,Chattogram,Banshkhali,Sadhanpur,01,,,,Banrupa,বনরুপা,SAH106,22.134736,91.918663,800,,,,,,,,,,,,,,,,,,,,
753,Bangladesh,Chattogram,Chattogram,Banshkhali,Sadhanpur,01,,,,Bautye Para,বাউট্যে পাড়া,SAH107,22.136253,91.913035,1200,,,,,,,,,,,,,,,,,,,,
754,Bangladesh,Chattogram,Chattogram,Banshkhali,Sadhanpur,01,,,,Naya Dighir Par Dakkhin Para,নয়া দীঘির পাড় দক্ষিণ পাড়া,SAH108,22.134433,91.913489,1000,,,,,,,,,,,,,,,,,,,,
755,Bangladesh,Chattogram,Chattogram,Banshkhali,Sadhanpur,02,,,,Hadir Para,হাদীর পাড়া,SAH201,22.140849,91.902097,800,,,,,,,,,,,,,,,,,,,,
756,Bangladesh,Chattogram,Chattogram,Banshkhali,Sadhanpur,02,,,,Ghasiar Para,ঘাসিয়ার পাড়া,SAH202,22.137787,91.903165,1000,,,,,,,,,,,,,,,,,,,,
757,Bangladesh,Chattogram,Chattogram,Banshkhali,Sadhanpur,02,,,,Khandaker Para,খন্দকার পাড়া,SAH203,22.134912,91.905834,250,,,,,,,,,,,,,,,,,,,,
758,Bangladesh,Chattogram,Chattogram,Banshkhali,Sadhanpur,02,,,,Karigar Para,কারিগর পাড়া,SAH204,22.127634,91.915268,200,,,,,,,,,,,,,,,,,,,,
759,Bangladesh,Chattogram,Chattogram,Banshkhali,Sadhanpur,02,,,,Banik Para,বণিক পাড়া,SAH205,22.130072,91.915697,600,,,,,,,,,,,,,,,,,,,,
760,Bangladesh,Chattogram,Chattogram,Banshkhali,Sadhanpur,02,,,,Ashray Prakalpa,আশ্রয় প্রকল্প,SAH206,22.128762,91.917195,350,,,,,,,,,,,,,,,,,,,,
761,Bangladesh,Chattogram,Chattogram,Banshkhali,Sadhanpur,02,,,,Char Para,চর পাড়া,SAH207,22.129345,91.918775,250,,,,,,,,,,,,,,,,,,,,
762,Bangladesh,Chattogram,Chattogram,Banshkhali,Sadhanpur,02,,,,Banarupa Abashik,বনরুপা আবাসিক,SAH208,22.131540,91.918326,200,,,,,,,,,,,,,,,,,,,,
763,Bangladesh,Chattogram,Chattogram,Banshkhali,Sadhanpur,02,,,,Madhavi Para,মাধবী পাড়া,SAH209,22.131650,91.910815,350,,,,,,,,,,,,,,,,,,,,
764,Bangladesh,Chattogram,Chattogram,Banshkhali,Sadhanpur,02,,,,Hindu Para,হিন্দু পাড়া,SAH210,22.131737,91.912453,300,,,,,,,,,,,,,,,,,,,,
765,Bangladesh,Chattogram,Chattogram,Banshkhali,Sadhanpur,02,,,,Bailgaon Para,বৈলগাঁও পাড়া,SAH211,22.132535,91.912763,800,,,,,,,,,,,,,,,,,,,,
766,Bangladesh,Chattogram,Chattogram,Banshkhali,Sadhanpur,03,,,,Khorda Para,খোর্দ পাড়া,SAH301,22.122744,91.908598,50,,,,,,,,,,,,,,,,,,,,
767,Bangladesh,Chattogram,Chattogram,Banshkhali,Sadhanpur,03,,,,Jele Para,জেলে পাড়া,SAH302,22.117756,91.901560,600,,,,,,,,,,,,,,,,,,,,
768,Bangladesh,Chattogram,Chattogram,Banshkhali,Sadhanpur,03,,,,Rata Uttar Para,রাতা উত্তর পাড়া,SAH303,22.117213,91.902836,400,,,,,,,,,,,,,,,,,,,,
769,Bangladesh,Chattogram,Chattogram,Banshkhali,Sadhanpur,03,,,,Rata Dakkhin Para,রাতা দক্ষিণ পাড়া,SAH304,22.115580,91.904734,800,,,,,,,,,,,,,,,,,,,,
770,Bangladesh,Chattogram,Chattogram,Banshkhali,Sadhanpur,03,,,,Bholamara Uttar Para,ভোলামারা উত্তর পাড়া,SAH305,22.113382,91.909288,400,,,,,,,,,,,,,,,,,,,,
771,Bangladesh,Chattogram,Chattogram,Banshkhali,Sadhanpur,03,,,,Bholamara Dakkhin Para,ভোলামারা দক্ষিণ পাড়া,SAH306,22.110634,91.907848,300,,,,,,,,,,,,,,,,,,,,
772,Bangladesh,Chattogram,Chattogram,Banshkhali,Sadhanpur,04,,,,Chamiuddin Palli,ছমিউদ্দিন পল্লী,SAH401,22.123417,91.908772,250,,,,,,,,,,,,,,,,,,,,
773,Bangladesh,Chattogram,Chattogram,Banshkhali,Sadhanpur,04,,,,Kanarajar Bhita,কানারাজার ভিটা,SAH402,22.125228,91.922624,150,,,,,,,,,,,,,,,,,,,,
774,Bangladesh,Chattogram,Chattogram,Banshkhali,Sadhanpur,04,,,,Banigram Purba Para,বাণীগ্রাম পূর্ব পাড়া,SAH403,22.123930,91.919340,1300,,,,,,,,,,,,,,,,,,,,
775,Bangladesh,Chattogram,Chattogram,Banshkhali,Sadhanpur,04,,,,Shil Para,শীল পাড়া,SAH404,22.125614,91.918620,500,,,,,,,,,,,,,,,,,,,,
776,Bangladesh,Chattogram,Chattogram,Banshkhali,Sadhanpur,04,,,,Kachujom Para,কচুজোম পাড়া,SAH405,22.127413,91.924348,1200,,,,,,,,,,,,,,,,,,,,
777,Bangladesh,Chattogram,Chattogram,Banshkhali,Sadhanpur,04,,,,Shib  Narayangiri Akhera,শিব নারায়নগীরী আখেরা,SAH406,22.128664,91.920898,800,,,,,,,,,,,,,,,,,,,,
778,Bangladesh,Chattogram,Chattogram,Banshkhali,Sadhanpur,04,,,,Doctor Para,ডাক্তার পাড়া,SAH407,22.127811,91.918602,500,,,,,,,,,,,,,,,,,,,,
779,Bangladesh,Chattogram,Chattogram,Banshkhali,Sadhanpur,04,,,,Jamadar Para,জমাদার পাড়া,SAH408,22.126525,91.911467,500,,,,,,,,,,,,,,,,,,,,
780,Bangladesh,Chattogram,Chattogram,Banshkhali,Sadhanpur,04,,,,Banigram Pashchim Para,বাণীগ্রাম পশ্চিম পাড়া,SAH409,22.125310,91.915087,1400,,,,,,,,,,,,,,,,,,,,
781,Bangladesh,Chattogram,Chattogram,Banshkhali,Sadhanpur,04,,,,Bazar Para,বাজার পাড়া,SAH410,22.127211,91.917399,500,,,,,,,,,,,,,,,,,,,,
782,Bangladesh,Chattogram,Chattogram,Banshkhali,Sadhanpur,05,,,,Maheshkhali Para,মহেশখালী পাড়া,SAH501,22.123570,91.921229,100,,,,,,,,,,,,,,,,,,,,
783,Bangladesh,Chattogram,Chattogram,Banshkhali,Sadhanpur,05,,,,Namah Para,নমঃ পাড়া,SAH502,22.121920,91.913290,150,,,,,,,,,,,,,,,,,,,,
784,Bangladesh,Chattogram,Chattogram,Banshkhali,Sadhanpur,05,,,,Brahman Para,ব্রাক্ষণ পাড়া,SAH503,22.121247,91.919672,300,,,,,,,,,,,,,,,,,,,,
785,Bangladesh,Chattogram,Chattogram,Banshkhali,Sadhanpur,05,,,,Banigram Latmani Para (Washington),বাণীগ্রাম লটমনি পাড়া (ওয়াশিংটন),SAH504,22.121247,91.922675,120,,,,,,,,,,,,,,,,,,,,
786,Bangladesh,Chattogram,Chattogram,Banshkhali,Sadhanpur,05,,,,Ashcharja Para,আশ্চার্য্য পাড়া,SAH505,22.120337,91.919011,120,,,,,,,,,,,,,,,,,,,,
787,Bangladesh,Chattogram,Chattogram,Banshkhali,Sadhanpur,05,,,,Pal Para,পাল পাড়া,SAH506,22.119814,91.917844,400,,,,,,,,,,,,,,,,,,,,
788,Bangladesh,Chattogram,Chattogram,Banshkhali,Sadhanpur,05,,,,Hangsha Para,হংস পাড়া,SAH507,22.118532,91.917406,300,,,,,,,,,,,,,,,,,,,,
789,Bangladesh,Chattogram,Chattogram,Banshkhali,Sadhanpur,05,,,,Dakkhin Banigram,দক্ষিণ বাণীগ্রাম,SAH508,22.117383,91.921635,300,,,,,,,,,,,,,,,,,,,,
790,Bangladesh,Chattogram,Chattogram,Banshkhali,Sadhanpur,05,,,,Sahadev Para (Talukdar Para),সহদেব পাড়া (তালুকদার পাড়া),SAH509,22.117955,91.918900,700,,,,,,,,,,,,,,,,,,,,
791,Bangladesh,Chattogram,Chattogram,Banshkhali,Sadhanpur,05,,,,Dakkhin Brahman Para,দক্ষিণ ব্রাহ্মণ পাড়া,SAH510,22.118858,91.920131,250,,,,,,,,,,,,,,,,,,,,
792,Bangladesh,Chattogram,Chattogram,Banshkhali,Sadhanpur,05,,,,Banigram Madhaym Para,বাণীগ্রাম মধ্যম পাড়া,SAH511,22.121426,91.916567,450,,,,,,,,,,,,,,,,,,,,
793,Bangladesh,Chattogram,Chattogram,Banshkhali,Sadhanpur,05,,,,Banigram Purba Para,বাণীগ্রাম পূর্ব পাড়া,SAH512,22.121885,91.918504,600,,,,,,,,,,,,,,,,,,,,
794,Bangladesh,Chattogram,Chattogram,Banshkhali,Sadhanpur,05,,,,Latmani Uttar Dakkhin Tila,লটমণি উত্তর দক্ষিণ টিলা,SAH513,22.118764,91.927685,1400,,,,,,,,,,,,,,,,,,,,
795,Bangladesh,Chattogram,Chattogram,Banshkhali,Sadhanpur,06,,,,Kumar Ghat,কুমার ঘাত,SAH601,22.113742,91.927721,600,,,,,,,,,,,,,,,,,,,,
796,Bangladesh,Chattogram,Chattogram,Banshkhali,Sadhanpur,06,,,,Master Para,মাস্টার পাড়া,SAH602,22.113421,91.920567,800,,,,,,,,,,,,,,,,,,,,
797,Bangladesh,Chattogram,Chattogram,Banshkhali,Sadhanpur,06,,,,Peyada Para,পেয়াদা পাড়া,SAH603,22.110729,91.924306,2000,,,,,,,,,,,,,,,,,,,,
798,Bangladesh,Chattogram,Chattogram,Banshkhali,Sadhanpur,06,,,,Duari Para,দূয়ারি পাড়া,SAH604,22.108005,91.925678,3500,,,,,,,,,,,,,,,,,,,,
799,Bangladesh,Chattogram,Chattogram,Banshkhali,Sadhanpur,06,,,,Maulavi Ghona,মৌলভী ঘোনা,SAH605,22.108592,91.932288,400,,,,,,,,,,,,,,,,,,,,
800,Bangladesh,Chattogram,Chattogram,Banshkhali,Sadhanpur,06,,,,Mali Para,মালী পাড়া,SAH606,22.109707,91.922279,200,,,,,,,,,,,,,,,,,,,,
801,Bangladesh,Chattogram,Chattogram,Banshkhali,Sadhanpur,06,,,,Pani Ghatha,পানি ঘাঁঠা,SAH607,22.108960,91.935996,20,,,,,,,,,,,,,,,,,,,,
802,Bangladesh,Chattogram,Chattogram,Banshkhali,Sadhanpur,07,,,,Mahajan Para,মহাজন পাড়া,SAH701,22.105900,91.916771,300,,,,,,,,,,,,,,,,,,,,
803,Bangladesh,Chattogram,Chattogram,Banshkhali,Sadhanpur,07,,,,Miyaji Para,মিয়াজী পাড়া,SAH702,22.107422,91.914988,500,,,,,,,,,,,,,,,,,,,,
804,Bangladesh,Chattogram,Chattogram,Banshkhali,Sadhanpur,07,,,,Noazi Chowdhury Para,নোয়াজী চৌধুরী পাড়া,SAH703,22.106943,91.913412,300,,,,,,,,,,,,,,,,,,,,
805,Bangladesh,Chattogram,Chattogram,Banshkhali,Sadhanpur,07,,,,Jele Para,জেলে পাড়া,SAH704,22.108674,91.909930,300,,,,,,,,,,,,,,,,,,,,
806,Bangladesh,Chattogram,Chattogram,Banshkhali,Sadhanpur,07,,,,"
Dighir Para",দীঘির পাড়া,SAH705,22.103246,91.910260,500,,,,,,,,,,,,,,,,,,,,
807,Bangladesh,Chattogram,Chattogram,Banshkhali,Sadhanpur,07,,,,DC Solemon Chowdhury Bari,ডি সি সোলেমান চৌধুরী বাড়ী,SAH706,22.106065,91.911481,300,,,,,,,,,,,,,,,,,,,,
808,Bangladesh,Chattogram,Chattogram,Banshkhali,Sadhanpur,07,,,,Khalil Munshi Bari Para,খলিল মুন্সী বাড়ী,SAH707,22.105811,91.913353,350,,,,,,,,,,,,,,,,,,,,
809,Bangladesh,Chattogram,Chattogram,Banshkhali,Sadhanpur,07,,,,Becharam Para,বেচারাম পাড়া,SAH708,22.105254,91.915627,300,,,,,,,,,,,,,,,,,,,,
810,Bangladesh,Chattogram,Chattogram,Banshkhali,Sadhanpur,07,,,,Sayed Memberer Bari,সৈয়দ মেম্বারের বাড়ী,SAH709,22.103977,91.912030,250,,,,,,,,,,,,,,,,,,,,
811,Bangladesh,Chattogram,Chattogram,Banshkhali,Sadhanpur,07,,,,Kazir Bari,কাজীর বাড়ি,SAH710,22.102724,91.913860,250,,,,,,,,,,,,,,,,,,,,
812,Bangladesh,Chattogram,Chattogram,Banshkhali,Sadhanpur,07,,,,Kamal Uddin Majumdar Bari,কামাল উদ্দিন মজুমদার বাড়ী,SAH711,22.104537,91.913444,400,,,,,,,,,,,,,,,,,,,,
813,Bangladesh,Chattogram,Chattogram,Banshkhali,Sadhanpur,08,,,,Bichainya Para,বিছিন্যা পাড়া,SAH801,22.099422,91.925523,2500,,,,,,,,,,,,,,,,,,,,
814,Bangladesh,Chattogram,Chattogram,Banshkhali,Sadhanpur,08,,,,Mir Bari Para,মীর বাড়ি পাড়া,SAH802,22.103810,91.925020,600,,,,,,,,,,,,,,,,,,,,
815,Bangladesh,Chattogram,Chattogram,Banshkhali,Sadhanpur,08,,,,Hindu Para,হিন্দু পাড়া,SAH803,22.104388,91.920383,3000,,,,,,,,,,,,,,,,,,,,
816,Bangladesh,Chattogram,Chattogram,Banshkhali,Sadhanpur,09,,,,Teila Para,টেইলা পাড়া,SAH901,22.102904,91.930696,150,,,,,,,,,,,,,,,,,,,,
817,Bangladesh,Chattogram,Chattogram,Banshkhali,Sadhanpur,09,,,,Natun Para,নতুন পাড়া,SAH902,22.102639,91.934326,220,,,,,,,,,,,,,,,,,,,,
818,Bangladesh,Chattogram,Chattogram,Banshkhali,Sadhanpur,09,,,,Talukdar Para,তালুকদার পাড়া,SAH903,22.099797,91.931137,375,,,,,,,,,,,,,,,,,,,,
819,Bangladesh,Chattogram,Chattogram,Banshkhali,Sadhanpur,09,,,,Mokami Para,মোকামী পাড়া,SAH904,22.099247,91.928675,1500,,,,,,,,,,,,,,,,,,,,
820,Bangladesh,Chattogram,Chattogram,Banshkhali,Sadhanpur,09,,,,Bara Ghona,বড় ঘোনা ,SAH905,22.096122,91.934578,700,,,,,,,,,,,,,,,,,,,,
821,Bangladesh,Chattogram,Chattogram,Banshkhali,Sadhanpur,09,,,,Ashraf Ali Bari,আশরাফ আলী বাড়ী,SAH906,22.093570,91.932553,400,,,,,,,,,,,,,,,,,,,,
822,Bangladesh,Chattogram,Chattogram,Banshkhali,Sadhanpur,09,,,,Namah Para,নমঃ পাড়া,SAH907,22.097974,91.929167,220,,,,,,,,,,,,,,,,,,,,
823,Bangladesh,Chattogram,Chattogram,Banshkhali,Sadhanpur,09,,,,Rudra Para,রুদ্র পাড়া,SAH908,22.097757,91.926903,500,,,,,,,,,,,,,,,,,,,,
824,Bangladesh,Chattogram,Chattogram,Banshkhali,Sadhanpur,09,,,,Banik Para,বণিক পাড়া,SAH909,22.097404,91.925170,390,,,,,,,,,,,,,,,,,,,,
825,Bangladesh,Chattogram,Chattogram,Banshkhali,Sadhanpur,09,,,,Shil Para,শীল পাড়া,SAH910,22.096048,91.923241,450,,,,,,,,,,,,,,,,,,,,
826,Bangladesh,Chattogram,Chattogram,Banshkhali,Sadhanpur,09,,,,Lashkar Para,লস্কর পাড়া,SAH911,22.094617,91.920298,300,,,,,,,,,,,,,,,,,,,,
827,Bangladesh,Chattogram,Chattogram,Banshkhali,Sadhanpur,09,,,,Sawdagar Para,সওদাগর পাড়া,SAH912,22.095030,91.930455,1800,,,,,,,,,,,,,,,,,,,,
828,Bangladesh,Chattogram,Chattogram,Banshkhali,Sadhanpur,09,,,,Jahuz Para,জহুজ পাড়া,SAH913,22.094219,91.929557,450,,,,,,,,,,,,,,,,,,,,
829,Bangladesh,Chattogram,Chattogram,Banshkhali,Sekherkhil,01,,,,Boddar Para,বদ্দার পাড়া,SEK101,21.945201,91.945430,2100,,,,,,,,,,,,,,,,,,,,
830,Bangladesh,Chattogram,Chattogram,Banshkhali,Sekherkhil,01,,,,Maulavi Para,মৌলভী পাড়া,SEK102,21.950053,91.945376,1000,,,,,,,,,,,,,,,,,,,,
831,Bangladesh,Chattogram,Chattogram,Banshkhali,Sekherkhil,01,,,,Sam Sikder Para,সাম সিকদার পাড়া,SEK103,21.944997,91.942555,2100,,,,,,,,,,,,,,,,,,,,
832,Bangladesh,Chattogram,Chattogram,Banshkhali,Sekherkhil,02,,,,Batar Para,বাতার পাড়া,SEK201,21.948385,91.942618,700,,,,,,,,,,,,,,,,,,,,
833,Bangladesh,Chattogram,Chattogram,Banshkhali,Sekherkhil,02,,,,Mohabbat Ali Para,মোহাব্বত আলী পাড়া,SEK202,21.948602,91.939567,1300,,,,,,,,,,,,,,,,,,,,
834,Bangladesh,Chattogram,Chattogram,Banshkhali,Sekherkhil,02,,,,Kachari Para,কাচারী পাড়া,SEK203,21.946082,91.938339,900,,,,,,,,,,,,,,,,,,,,
835,Bangladesh,Chattogram,Chattogram,Banshkhali,Sekherkhil,02,,,,Petan Miyaji Para,পেটান মিয়াজী পাড়া,SEK204,21.942581,91.935953,1000,,,,,,,,,,,,,,,,,,,,
836,Bangladesh,Chattogram,Chattogram,Banshkhali,Sekherkhil,03,,,,Bochar Para,বোচার পাড়া,SEK301,21.937966,91.939438,2000,,,,,,,,,,,,,,,,,,,,
837,Bangladesh,Chattogram,Chattogram,Banshkhali,Sekherkhil,03,,,,Tek Para,টেক পাড়া,SEK302,21.939363,91.932941,2500,,,,,,,,,,,,,,,,,,,,
838,Bangladesh,Chattogram,Chattogram,Banshkhali,Sekherkhil,04,,,,Tajor Mulluk Sikder Para,তাজর মুল্লুক সিকদার পাড়া,SEK401,21.950326,91.956434,1500,,,,,,,,,,,,,,,,,,,,
839,Bangladesh,Chattogram,Chattogram,Banshkhali,Sekherkhil,04,,,,Sipahi Pukur Para,সিপাহী পুকুর পাড়া,SEK402,21.944539,91.949445,700,,,,,,,,,,,,,,,,,,,,
840,Bangladesh,Chattogram,Chattogram,Banshkhali,Sekherkhil,04,,,,Sonai Baper Para,সোনাই বাপের পাড়া,SEK403,21.948505,91.952806,1600,,,,,,,,,,,,,,,,,,,,
841,Bangladesh,Chattogram,Chattogram,Banshkhali,Sekherkhil,04,,,,Nath Para,নাথ পাড়া,SEK404,21.946389,91.955148,800,,,,,,,,,,,,,,,,,,,,
842,Bangladesh,Chattogram,Chattogram,Banshkhali,Sekherkhil,04,,,,Naya Para,নয়া পাড়া,SEK405,21.950127,91.949125,700,,,,,,,,,,,,,,,,,,,,
843,Bangladesh,Chattogram,Chattogram,Banshkhali,Sekherkhil,04,,,,Khamar Para,খামার পাড়া,SEK406,21.947004,91.948552,3000,,,,,,,,,,,,,,,,,,,,
844,Bangladesh,Chattogram,Chattogram,Banshkhali,Sekherkhil,05,,,,Toju Baper Para,তজু বাপের পাড়া,SEK501,21.941306,91.947705,600,,,,,,,,,,,,,,,,,,,,
845,Bangladesh,Chattogram,Chattogram,Banshkhali,Sekherkhil,05,,,,Ansur Ali Miyaji Para,আনছুর আলী মিয়াজী পাড়া,SEK502,21.937466,91.945422,600,,,,,,,,,,,,,,,,,,,,
846,Bangladesh,Chattogram,Chattogram,Banshkhali,Sekherkhil,05,,,,Maulavi Ghona,মৌলভী ঘোনা,SEK503,21.932837,91.944768,600,,,,,,,,,,,,,,,,,,,,
847,Bangladesh,Chattogram,Chattogram,Banshkhali,Sekherkhil,05,,,,Mosharaf Ali Sikder Para,মোশারফ আলী সিকদার পাড়া,SEK504,21.929681,91.947212,800,,,,,,,,,,,,,,,,,,,,
848,Bangladesh,Chattogram,Chattogram,Banshkhali,Sekherkhil,05,,,,Mosharaf Ali Dakkhin Para,মোশারফ আলী দক্ষিণ পাড়া,SEK505,21.925759,91.949089,700,,,,,,,,,,,,,,,,,,,,
849,Bangladesh,Chattogram,Chattogram,Banshkhali,Sekherkhil,06,,,,Hindu Para,হিন্দু পাড়া,SEK601,21.933024,91.957551,4000,,,,,,,,,,,,,,,,,,,,
850,Bangladesh,Chattogram,Chattogram,Banshkhali,Sekherkhil,06,,,,Tara Kinkar Sikder Para,তারা কিংকর সিকদার পাড়া,SEK602,21.938136,91.953276,300,,,,,,,,,,,,,,,,,,,,
851,Bangladesh,Chattogram,Chattogram,Banshkhali,Sekherkhil,06,,,,Alibali Para,আলীবলি পাড়া,SEK603,21.927888,91.955740,1000,,,,,,,,,,,,,,,,,,,,
852,Bangladesh,Chattogram,Chattogram,Banshkhali,Sekherkhil,07,,,,Guillakhali,গুইল্যাখালী,SEK701,21.934323,91.933436,2100,,,,,,,,,,,,,,,,,,,,
853,Bangladesh,Chattogram,Chattogram,Banshkhali,Sekherkhil,07,,,,Bolai Majhir Para,বলই মাঝির পাড়া,SEK702,21.933088,91.942862,1500,,,,,,,,,,,,,,,,,,,,
854,Bangladesh,Chattogram,Chattogram,Banshkhali,Sekherkhil,07,,,,Maij Para,মাইজ পাড়া,SEK703,21.932487,91.936823,2000,,,,,,,,,,,,,,,,,,,,
855,Bangladesh,Chattogram,Chattogram,Banshkhali,Sekherkhil,07,,,,Hazi Tajumul Ali Para,হাজী তজুমুল আলী পাড়া,SEK704,21.933772,91.937928,1000,,,,,,,,,,,,,,,,,,,,
856,Bangladesh,Chattogram,Chattogram,Banshkhali,Sekherkhil,08,,,,Bahmanikhil,বাহমনিখীল,SEK801,21.929208,91.932672,1800,,,,,,,,,,,,,,,,,,,,
857,Bangladesh,Chattogram,Chattogram,Banshkhali,Sekherkhil,08,,,,Master Para,মাস্টার পাড়া,SEK802,21.928559,91.936451,1200,,,,,,,,,,,,,,,,,,,,
858,Bangladesh,Chattogram,Chattogram,Banshkhali,Sekherkhil,08,,,,Konakhali,কোনাখালী,SEK803,21.920570,91.932899,1500,,,,,,,,,,,,,,,,,,,,
859,Bangladesh,Chattogram,Chattogram,Banshkhali,Sekherkhil,08,,,,Naya Para,নয়া পাড়া,SEK804,21.922264,91.935760,300,,,,,,,,,,,,,,,,,,,,
860,Bangladesh,Chattogram,Chattogram,Banshkhali,Sekherkhil,08,,,,Madhu Matabbar Bari,মধু মাতব্বর বাড়ি,SEK805,21.925818,91.937444,1500,,,,,,,,,,,,,,,,,,,,
861,Bangladesh,Chattogram,Chattogram,Banshkhali,Sekherkhil,09,,,,Lal Jiban,লাল জীবন,SEK901,21.919112,91.951823,2000,,,,,,,,,,,,,,,,,,,,
862,Bangladesh,Chattogram,Chattogram,Banshkhali,Sekherkhil,09,,,,Dakkhin Para,দক্ষিণ পাড়া,SEK902,21.912309,91.950540,600,,,,,,,,,,,,,,,,,,,,
863,Bangladesh,Chattogram,Chattogram,Banshkhali,Sekherkhil,09,,,,Hedayat Ali Baper Bari,হেদায়ত আলী বাপের বাড়ি,SEK903,21.922085,91.943765,500,,,,,,,,,,,,,,,,,,,,
864,Bangladesh,Chattogram,Chattogram,Banshkhali,Sekherkhil,09,,,,Thanda Baper Bari,ঠান্ডা বাপের বাড়ি,SEK904,21.924787,91.947700,400,,,,,,,,,,,,,,,,,,,,
865,Bangladesh,Chattogram,Chattogram,Banshkhali,Sekherkhil,09,,,,Chhamd Mia Baper Bari,ছমদ মিয়া বাপের বাড়ি,SEK905,21.927330,91.944317,600,,,,,,,,,,,,,,,,,,,,
866,Bangladesh,Chattogram,Chattogram,Banshkhali,Sekherkhil,09,,,,Majher Para,মাঝের পাড়া,SEK906,21.916996,91.954438,1000,,,,,,,,,,,,,,,,,,,,
867,Bangladesh,Chattogram,Chattogram,Banshkhali,Shilkup,01,,,,Uttar Para,উত্তর পাড়া,SHI101,21.982894,91.917613,1300,,,,,,,,,,,,,,,,,,,,
868,Bangladesh,Chattogram,Chattogram,Banshkhali,Shilkup,01,,,,Dakkhin Para,দক্ষিণ পাড়া,SHI102,21.976832,91.916848,1600,,,,,,,,,,,,,,,,,,,,
869,Bangladesh,Chattogram,Chattogram,Banshkhali,Shilkup,02,,,,Head Para,হেড পাড়া,SHI201,21.983106,91.931110,1200,,,,,,,,,,,,,,,,,,,,
870,Bangladesh,Chattogram,Chattogram,Banshkhali,Shilkup,02,,,,Tabli Para,তবলী পাড়া,SHI202,21.981322,91.934953,800,,,,,,,,,,,,,,,,,,,,
871,Bangladesh,Chattogram,Chattogram,Banshkhali,Shilkup,02,,,,Shapla Para,শাপলা পাড়া,SHI203,21.985263,91.935160,500,,,,,,,,,,,,,,,,,,,,
872,Bangladesh,Chattogram,Chattogram,Banshkhali,Shilkup,02,,,,Muhuri Pukur Para,মুহুরী পুকুর পাড়া,SHI204,21.982089,91.924766,300,,,,,,,,,,,,,,,,,,,,
873,Bangladesh,Chattogram,Chattogram,Banshkhali,Shilkup,02,,,,Shil Para,শীল পাড়া,SHI205,21.981642,91.925166,500,,,,,,,,,,,,,,,,,,,,
874,Bangladesh,Chattogram,Chattogram,Banshkhali,Shilkup,03,,,,Mohalla Para,মহল্লা পাড়া,SHI301,21.977661,91.930112,500,,,,,,,,,,,,,,,,,,,,
875,Bangladesh,Chattogram,Chattogram,Banshkhali,Shilkup,03,,,,Pele Haji Para,পেলে হাজী পাড়া,SHI302,21.976100,91.936116,700,,,,,,,,,,,,,,,,,,,,
876,Bangladesh,Chattogram,Chattogram,Banshkhali,Shilkup,03,,,,Golap Jani Baper Bari,গোলাপ জানী বাপের বাড়ি,SHI303,21.976437,91.933999,200,,,,,,,,,,,,,,,,,,,,
877,Bangladesh,Chattogram,Chattogram,Banshkhali,Shilkup,03,,,,Amir Jani Bor Bari,আমির জানি বর বাড়ী,SHI304,21.978161,91.922471,150,,,,,,,,,,,,,,,,,,,,
878,Bangladesh,Chattogram,Chattogram,Banshkhali,Shilkup,03,,,,Amir Hamza Baper Bari,আমির হামজা বাপের বাড়ী,SHI305,21.978957,91.931799,280,,,,,,,,,,,,,,,,,,,,
879,Bangladesh,Chattogram,Chattogram,Banshkhali,Shilkup,03,,,,Akhtarer Bari,আক্তারের বাড়ি,SHI306,21.979788,91.936519,50,,,,,,,,,,,,,,,,,,,,
880,Bangladesh,Chattogram,Chattogram,Banshkhali,Shilkup,03,,,,Neyamat Ali Sikder Para,নেয়ামত আলী সিকদার পাড়া,SHI307,21.977192,91.931751,240,,,,,,,,,,,,,,,,,,,,
881,Bangladesh,Chattogram,Chattogram,Banshkhali,Shilkup,04,,,,Shapla Para,শাপলা পাড়া,SHI401,21.985069,91.936971,900,,,,,,,,,,,,,,,,,,,,
882,Bangladesh,Chattogram,Chattogram,Banshkhali,Shilkup,04,,,,"
Dighir Para",দীঘির পাড়া,SHI402,21.987477,91.938061,3500,,,,,,,,,,,,,,,,,,,,
883,Bangladesh,Chattogram,Chattogram,Banshkhali,Shilkup,04,,,,Anjuman Para,আনজুমান পাড়া,SHI403,21.989464,91.941406,1000,,,,,,,,,,,,,,,,,,,,
884,Bangladesh,Chattogram,Chattogram,Banshkhali,Shilkup,04,,,,Mauddar Para,মউদ্দার পাড়া,SHI404,21.984843,91.944489,700,,,,,,,,,,,,,,,,,,,,
885,Bangladesh,Chattogram,Chattogram,Banshkhali,Shilkup,05,,,,Ali Sikder Para,আলী সিকদার পাড়া,SHI501,21.982954,91.941693,700,,,,,,,,,,,,,,,,,,,,
886,Bangladesh,Chattogram,Chattogram,Banshkhali,Shilkup,05,,,,Kanu Cherang Para,কানু চেরাং পাড়া,SHI502,21.980976,91.940205,500,,,,,,,,,,,,,,,,,,,,
887,Bangladesh,Chattogram,Chattogram,Banshkhali,Shilkup,05,,,,Seinya Para,সেইন্ন্যা পাড়া,SHI503,21.977690,91.939430,1500,,,,,,,,,,,,,,,,,,,,
888,Bangladesh,Chattogram,Chattogram,Banshkhali,Shilkup,05,,,,Shaheb Mia Baper Bari,সাহেব মিয়া বাপের বাড়ী,SHI504,21.976762,91.940676,700,,,,,,,,,,,,,,,,,,,,
889,Bangladesh,Chattogram,Chattogram,Banshkhali,Shilkup,05,,,,Moazzin Para,মোয়াজ্জিন পাড়া,SHI505,21.971982,91.939807,2000,,,,,,,,,,,,,,,,,,,,
890,Bangladesh,Chattogram,Chattogram,Banshkhali,Shilkup,05,,,,Mohabbat Ali Sikder Bari,মোহাব্বত আলী সিকদার বাড়ী,SHI506,21.980863,91.944548,300,,,,,,,,,,,,,,,,,,,,
891,Bangladesh,Chattogram,Chattogram,Banshkhali,Shilkup,06,,,,Maich Para,মাইছ পাড়া,SHI601,21.976445,91.945030,5000,,,,,,,,,,,,,,,,,,,,
892,Bangladesh,Chattogram,Chattogram,Banshkhali,Shilkup,07,,,,Baralia Para,বাড়ালিয়া পাড়া,SHI701,21.972536,91.949749,700,,,,,,,,,,,,,,,,,,,,
893,Bangladesh,Chattogram,Chattogram,Banshkhali,Shilkup,07,,,,Sawdagar Para,সওদাগর পাড়া,SHI702,21.972002,91.953443,300,,,,,,,,,,,,,,,,,,,,
894,Bangladesh,Chattogram,Chattogram,Banshkhali,Shilkup,07,,,,Chartia Para,চরতিয়া পাড়া,SHI703,21.973901,91.954164,700,,,,,,,,,,,,,,,,,,,,
895,Bangladesh,Chattogram,Chattogram,Banshkhali,Shilkup,07,,,,Nanayar Para,ননাইয়ার পাড়া,SHI704,21.975642,91.953846,350,,,,,,,,,,,,,,,,,,,,
896,Bangladesh,Chattogram,Chattogram,Banshkhali,Shilkup,07,,,,Shil Para,শীল পাড়া,SHI705,21.976755,91.953779,250,,,,,,,,,,,,,,,,,,,,
897,Bangladesh,Chattogram,Chattogram,Banshkhali,Shilkup,07,,,,Das para,দাশ পাড়া,SHI706,21.976618,91.952611,200,,,,,,,,,,,,,,,,,,,,
898,Bangladesh,Chattogram,Chattogram,Banshkhali,Shilkup,07,,,,Ahmed Safa Memberer Para,আহমদ ছফা মেম্বারের পাড়া,SHI707,21.975021,91.951570,250,,,,,,,,,,,,,,,,,,,,
899,Bangladesh,Chattogram,Chattogram,Banshkhali,Shilkup,07,,,,Zari Baper Para,জরি বাপের পাড়া,SHI708,21.974940,91.951319,150,,,,,,,,,,,,,,,,,,,,
900,Bangladesh,Chattogram,Chattogram,Banshkhali,Shilkup,07,,,,Shyamoli Para,শ্যামলী পাড়া,SHI709,21.976133,91.950487,200,,,,,,,,,,,,,,,,,,,,
901,Bangladesh,Chattogram,Chattogram,Banshkhali,Shilkup,07,,,,Nuruddin Sikder Para,নুরুদ্দীন সিকদার পাড়া,SHI710,21.977161,91.948890,500,,,,,,,,,,,,,,,,,,,,
902,Bangladesh,Chattogram,Chattogram,Banshkhali,Shilkup,07,,,,Rahmat Ullah Member Para,রহমত উল্লাহ মেম্বার পাড়া,SHI711,21.975361,91.949408,100,,,,,,,,,,,,,,,,,,,,
903,Bangladesh,Chattogram,Chattogram,Banshkhali,Shilkup,07,,,,Nazira Baper Bari,নাজিরা বাপের বাড়ী,SHI712,21.975543,91.948576,100,,,,,,,,,,,,,,,,,,,,
904,Bangladesh,Chattogram,Chattogram,Banshkhali,Shilkup,07,,,,Ashu Baper Para,আশু বাপের পাড়া,SHI713,21.974735,91.948231,150,,,,,,,,,,,,,,,,,,,,
905,Bangladesh,Chattogram,Chattogram,Banshkhali,Shilkup,08,,,,Barua Para Pashchimangsho,বড়ুয়া পাড়া পশ্চিমাংশ,SHI801,21.979348,91.955656,1000,,,,,,,,,,,,,,,,,,,,
906,Bangladesh,Chattogram,Chattogram,Banshkhali,Shilkup,08,,,,Shamshul Alam Chairman Bari,শামশুল আলম চেয়ারম্যান বাড়ী,SHI802,21.976370,91.955920,30,,,,,,,,,,,,,,,,,,,,
907,Bangladesh,Chattogram,Chattogram,Banshkhali,Shilkup,08,,,,Senayet Ali Para,সেনায়েত আলী পাড়া,SHI803,21.981604,91.955044,400,,,,,,,,,,,,,,,,,,,,
908,Bangladesh,Chattogram,Chattogram,Banshkhali,Shilkup,08,,,,Rustom Ali Majhir Para,রুস্তম আলী মাঝির পাড়া,SHI804,21.980443,91.952338,300,,,,,,,,,,,,,,,,,,,,
909,Bangladesh,Chattogram,Chattogram,Banshkhali,Shilkup,08,,,,Zaker Memberer Bari,জাকের মেম্বারের বাড়ী,SHI805,21.978102,91.954240,40,,,,,,,,,,,,,,,,,,,,
910,Bangladesh,Chattogram,Chattogram,Banshkhali,Shilkup,08,,,,Mohabbat Ali Para,মোহাব্বত আলী পাড়া,SHI806,21.981990,91.947831,1300,,,,,,,,,,,,,,,,,,,,
911,Bangladesh,Chattogram,Chattogram,Banshkhali,Shilkup,08,,,,Yusuf Ali Munshi Bari,ইউসুফ আলী মুন্সির বাড়ী,SHI807,21.981886,91.949854,200,,,,,,,,,,,,,,,,,,,,
912,Bangladesh,Chattogram,Chattogram,Banshkhali,Shilkup,09,,,,Maulavi Para,মৌলভী পাড়া,SHI901,21.975182,91.958317,800,,,,,,,,,,,,,,,,,,,,
913,Bangladesh,Chattogram,Chattogram,Banshkhali,Shilkup,09,,,,Dalar Para,ডালার পাড়া,SHI902,21.976248,91.959418,200,,,,,,,,,,,,,,,,,,,,
914,Bangladesh,Chattogram,Chattogram,Banshkhali,Shilkup,09,,,,Miyaji Para,মিয়াজী পাড়া,SHI903,21.974712,91.959999,60,,,,,,,,,,,,,,,,,,,,
915,Bangladesh,Chattogram,Chattogram,Banshkhali,Shilkup,09,,,,Mirza Bari,মির্জা বাড়ী,SHI904,21.978239,91.961465,100,,,,,,,,,,,,,,,,,,,,
916,Bangladesh,Chattogram,Chattogram,Banshkhali,Shilkup,09,,,,Shil Para,শীল পাড়া,SHI905,21.978257,91.960006,900,,,,,,,,,,,,,,,,,,,,
917,Bangladesh,Chattogram,Chattogram,Banshkhali,Shilkup,09,,,,Sikder Para,সিকদার পাড়া,SHI906,21.978435,91.962845,500,,,,,,,,,,,,,,,,,,,,
918,Bangladesh,Chattogram,Chattogram,Banshkhali,Shilkup,09,,,,Lalurmar Para,লালুরমার পাড়া,SHI907,21.977998,91.964126,100,,,,,,,,,,,,,,,,,,,,
919,Bangladesh,Chattogram,Chattogram,Banshkhali,Shilkup,09,,,,Baksu Baper Para,বকসু বাপের পাড়া,SHI908,21.978893,91.962632,50,,,,,,,,,,,,,,,,,,,,
920,Bangladesh,Chattogram,Chattogram,Banshkhali,Shilkup,09,,,,Badla Para,বদলা পাড়া,SHI909,21.977976,91.966904,150,,,,,,,,,,,,,,,,,,,,
921,Bangladesh,Chattogram,Chattogram,Banshkhali,Shilkup,09,,,,Karlya Mura,করল্যা মুড়া,SHI910,21.980070,91.977416,700,,,,,,,,,,,,,,,,,,,,
922,Bangladesh,Chattogram,Chattogram,Banshkhali,Shilkup,09,,,,Adarsha Gram,আদর্শ গ্রাম,SHI911,21.987415,91.975809,500,,,,,,,,,,,,,,,,,,,,
923,Bangladesh,Chattogram,Chattogram,Banshkhali,Shilkup,09,,,,Eco Park,ইকো পার্ক,SHI912,21.989366,91.982288,20,,,,,,,,,,,,,,,,,,,,
924,Bangladesh,Chattogram,Chattogram,Banshkhali,Shilkup,09,,,,Noa Para,নোয়া পাড়া,SHI913,21.985149,91.966664,400,,,,,,,,,,,,,,,,,,,,
925,Bangladesh,Chattogram,Chattogram,Banshkhali,Shilkup,09,,,,Ashighar Para,আশিঘর পাড়া,SHI914,21.983815,91.973207,700,,,,,,,,,,,,,,,,,,,,
926,Bangladesh,Chattogram,Chattogram,Banshkhali,Shilkup,09,,,,Matabbar Para,মাতব্বর পাড়া,SHI915,21.980491,91.965146,400,,,,,,,,,,,,,,,,,,,,
927,Bangladesh,Chattogram,Chattogram,Banshkhali,Shilkup,09,,,,Barua Para,বড়ুয়া পাড়া,SHI916,21.979762,91.961213,75,,,,,,,,,,,,,,,,,,,,
928,Bangladesh,Chattogram,Chattogram,Banshkhali,Shilkup,09,,,,Chintaharan Bagan Para,চিন্তাহরণ বাগান পাড়া,SHI917,21.989777,91.964798,30,,,,,,,,,,,,,,,,,,,,
