SL,Country,Division,District,Upazila,Union,Ward No,Name of SK/SHW,Desig.,Name of SS,Village Name (English),"Village Name 
(Bangla)","Village 
Code",Latitude,Longitute,Population,HH Number,"2026 
(Active LLINs)","2025
(Active LLINs)","2024
(Active LLINs)",January,February,March,April,May,June,July,August,September,October,November,December,"Name of
 MMW, 
Health 
post &
CHW(C)","Village 
Distance
 from 
upazila office (KM)","Name of Border
 with others
 country","Others
 Activities
(TDA/Dev care)"
1,Bangladesh,Chattogram,Bandarban,Alikadam,Alikadam,01,,,,Alimuddin Para Uttar,আলীমুদ্দীন পাড়া উত্তর,ALI101,21.653373,92.310993,40,0,0,0,0,0,0,0,0,0,0,0,0,0,0,0,0,,,,
2,Bangladesh,Chattogram,Bandarban,Alikadam,Alikadam,01,,,,Bojol Member Para,বজল মেম্বার পাড়া,ALI102,21.653231,92.304408,50,0,0,0,0,0,0,0,0,0,0,0,0,0,0,0,0,,,,
3,Bangladesh,Chattogram,Bandarban,Alikadam,Alikadam,01,,,,Mostak Para,মোস্তাক পাড়া,ALI103,21.656151,92.310559,300,0,0,0,0,0,0,0,0,0,0,0,0,0,0,0,0,,,,
4,Bangladesh,Chattogram,Bandarban,Alikadam,Alikadam,01,,,,Pashchim Saber Mia Para,পশ্চিম ছাবের মিয়া পাড়া,ALI104,21.653588,92.299773,200,0,0,0,0,0,0,0,0,0,0,0,0,0,0,0,0,,,,
5,Bangladesh,Chattogram,Bandarban,Alikadam,Alikadam,01,,,,Purba Saber Mia Para,পূর্ব ছাবের মিয়া পাড়া,ALI105,21.658173,92.305257,200,0,0,0,0,0,0,0,0,0,0,0,0,0,0,0,0,,,,
6,Bangladesh,Chattogram,Bandarban,Alikadam,Alikadam,01,,,,Saber Mia Para,ছাবের মিয়া পাড়া,ALI106,21.654204,92.303525,800,0,0,0,0,0,0,0,0,0,0,0,0,0,0,0,0,,,,
7,Bangladesh,Chattogram,Bandarban,Alikadam,Alikadam,01,,,,Soyedur Rahman Para,ছৈয়দুর রহমান পাড়া,ALI107,21.65337,92.30508,40,0,0,0,0,0,0,0,0,0,0,0,0,0,0,0,0,,,,
8,Bangladesh,Chattogram,Bandarban,Alikadam,Alikadam,01,,,,T&T Para,টি এন্ড টি পাড়া,ALI108,21.655076,92.311545,60,0,0,0,0,0,0,0,0,0,0,0,0,0,0,0,0,,,,
9,Bangladesh,Chattogram,Bandarban,Alikadam,Alikadam,01,,,,Thana Para,থানা পাড়া,ALI109,21.65512,92.307556,800,0,0,0,0,0,0,0,0,0,0,0,0,0,0,0,0,,,,
10,Bangladesh,Chattogram,Bandarban,Alikadam,Alikadam,01,,,,Thanda Mistri Para,ঠান্ডা মিস্ত্রী পাড়া,ALI110,21.658274,92.309923,400,0,0,0,0,0,0,0,0,0,0,0,0,0,0,0,0,,,,
11,Bangladesh,Chattogram,Bandarban,Alikadam,Alikadam,01,,,,Thowaichahla Aungbai Para,থোয়াইচাহ্লা অংবাই পাড়া,ALI111,21.651754,92.305655,200,0,0,0,0,0,0,0,0,0,0,0,0,0,0,0,0,,,,
12,Bangladesh,Chattogram,Bandarban,Alikadam,Alikadam,01,,,,Upazila Porishod Para,উপজেলা পরিষদ পাড়া,ALI112,21.652865,92.307669,40,0,0,0,0,0,0,0,0,0,0,0,0,0,0,0,0,,,,
13,Bangladesh,Chattogram,Bandarban,Alikadam,Alikadam,02,,,,Alimuddin Para,আলীমুদ্দীন পাড়া,ALI201,21.652078,92.311197,3200,0,0,0,0,0,0,0,0,0,0,0,0,0,0,0,0,,,,
14,Bangladesh,Chattogram,Bandarban,Alikadam,Alikadam,02,,,,Anawar Hossain Para,আনোয়ার হোসেন পাড়া,ALI202,21.648151,92.310223,600,0,0,0,0,0,0,0,0,0,0,0,0,0,0,0,0,,,,
15,Bangladesh,Chattogram,Bandarban,Alikadam,Alikadam,02,,,,Bazar Marma Para,বাজার মার্মা পাড়া,ALI203,21.645359,92.309044,700,0,0,0,0,0,0,0,0,0,0,0,0,0,0,0,0,,,,
16,Bangladesh,Chattogram,Bandarban,Alikadam,Alikadam,02,,,,Bazar Para,বাজার পাড়া,ALI204,21.64562,92.307764,250,0,0,0,0,0,0,0,0,0,0,0,0,0,0,0,0,,,,
17,Bangladesh,Chattogram,Bandarban,Alikadam,Alikadam,02,,,,Farid Chairman Para,ফরিদ চেয়ারম্যান পাড়া,ALI205,21.649451,92.311806,120,0,0,0,0,0,0,0,0,0,0,0,0,0,0,0,0,,,,
18,Bangladesh,Chattogram,Bandarban,Alikadam,Alikadam,02,,,,Khuilla Mia Para,খুইল্যা মিয়া পাড়া,ALI206,21.644743,92.311215,600,0,0,0,0,0,0,0,0,0,0,0,0,0,0,0,0,,,,
19,Bangladesh,Chattogram,Bandarban,Alikadam,Alikadam,02,,,,Nasir Chairman Para,নাছির চেয়ারম্যান পাড়া,ALI207,21.646856,92.307964,150,0,0,0,0,0,0,0,0,0,0,0,0,0,0,0,0,,,,
20,Bangladesh,Chattogram,Bandarban,Alikadam,Alikadam,02,,,,Nuruzzaman Para,নুরুজ্জামান পাড়া,ALI208,21.646678,92.310985,350,0,0,0,0,0,0,0,0,0,0,0,0,0,0,0,0,,,,
21,Bangladesh,Chattogram,Bandarban,Alikadam,Alikadam,02,,,,Pashchim Bazar Para,পশ্চিম বাজার পাড়া,ALI209,21.646613,92.306548,400,0,0,0,0,0,0,0,0,0,0,0,0,0,0,0,0,,,,
22,Bangladesh,Chattogram,Bandarban,Alikadam,Alikadam,02,,,,Sadar Hindu Para,সদর হিন্দু পাড়া,ALI210,21.650021,92.307476,400,0,0,0,0,0,0,0,0,0,0,0,0,0,0,0,0,,,,
23,Bangladesh,Chattogram,Bandarban,Alikadam,Alikadam,02,,,,Thowaichahla Para,থোয়াইচাহ্লা পাড়া,ALI211,21.651312,92.306203,200,0,0,0,0,0,0,0,0,0,0,0,0,0,0,0,0,,,,
24,Bangladesh,Chattogram,Bandarban,Alikadam,Alikadam,02,,,,Upazila Sadar Para,উপজেলা সদর পাড়া,ALI212,21.651747,92.308322,130,0,0,0,0,0,0,0,0,0,0,0,0,0,0,0,0,,,,
25,Bangladesh,Chattogram,Bandarban,Alikadam,Alikadam,03,,,,Abu Mia Sardar Para,আবু মিয়া সর্দার পাড়া,ALI301,21.644444,92.330187,300,0,0,0,0,0,0,0,0,0,0,0,0,0,0,0,0,,,,
26,Bangladesh,Chattogram,Bandarban,Alikadam,Alikadam,03,,,,Amtali Ghonar Para,আমতলী ঘোনার পাড়া,ALI302,21.648805,92.329478,1200,0,0,0,0,0,0,0,0,0,0,0,0,0,0,0,0,,,,
27,Bangladesh,Chattogram,Bandarban,Alikadam,Alikadam,03,,,,Amtalir Char Para,আমতলীর চর পাড়া,ALI303,21.652012,92.342601,400,0,0,0,0,0,0,0,0,0,0,0,0,0,0,0,0,,,,
28,Bangladesh,Chattogram,Bandarban,Alikadam,Alikadam,03,,,,Dakkhin Purba Palong Para,দক্ষিণ পূর্ব পালং পাড়া,ALI304,21.641336,92.332834,650,0,0,0,0,0,0,0,0,0,0,0,0,0,0,0,0,,,,
29,Bangladesh,Chattogram,Bandarban,Alikadam,Alikadam,03,,,,Haji Gura Mia Sarder Para,হাজী গুরা মিয়া সর্দার পাড়া,ALI305,21.648392,92.324582,400,0,0,0,0,0,0,0,0,0,0,0,0,0,0,0,0,,,,
30,Bangladesh,Chattogram,Bandarban,Alikadam,Alikadam,03,,,,Liyakot Ali Para,লিয়াকত আলী পাড়া,ALI306,21.652038,92.317773,600,0,0,0,0,0,0,0,0,0,0,0,0,0,0,0,0,,,,
31,Bangladesh,Chattogram,Bandarban,Alikadam,Alikadam,03,,,,Mongshoipru Para,মংশৈপ্রু পাড়া,ALI307,21.644299,92.325734,220,0,0,0,0,0,0,0,0,0,0,0,0,0,0,0,0,,,,
32,Bangladesh,Chattogram,Bandarban,Alikadam,Alikadam,03,,,,Monjur Alam Sardar Para,মন্জুর আলম  সর্দার পাড়া,ALI308,21.646567,92.332775,650,0,0,0,0,0,0,0,0,0,0,0,0,0,0,0,0,,,,
33,Bangladesh,Chattogram,Bandarban,Alikadam,Alikadam,03,,,,Alikadam Senanibash,আলীকদম সেনানিবাস,ALI309,21.645463,92.318655,1500,0,0,0,0,0,0,0,0,0,0,0,0,0,0,0,0,,,,
34,Bangladesh,Chattogram,Bandarban,Alikadam,Alikadam,04,,,,Bharat Mohon Para,ভারত মোহন পাড়া,ALI401,21.65771,92.320039,1000,0,0,0,0,0,0,0,0,0,0,0,0,0,0,0,0,,,,
35,Bangladesh,Chattogram,Bandarban,Alikadam,Alikadam,04,,,,Battali Para,বটতলী পাড়া,ALI402,21.660567,92.315406,1000,0,0,0,0,0,0,0,0,0,0,0,0,0,0,0,0,,,,
36,Bangladesh,Chattogram,Bandarban,Alikadam,Alikadam,04,,,,Chiuni Para,চিউনী পাড়া,ALI403,21.667446,92.317426,300,0,0,0,0,0,0,0,0,0,0,0,0,0,0,0,0,,,,
37,Bangladesh,Chattogram,Bandarban,Alikadam,Alikadam,04,,,,Choumuhani Para,চৌমুহনী পাড়া,ALI404,21.652947,92.312977,150,0,0,0,0,0,0,0,0,0,0,0,0,0,0,0,0,,,,
38,Bangladesh,Chattogram,Bandarban,Alikadam,Alikadam,04,,,,Danu Sardar Para,দানু সর্দার পাড়া,ALI405,21.656498,92.313015,2000,0,0,0,0,0,0,0,0,0,0,0,0,0,0,0,0,,,,
39,Bangladesh,Chattogram,Bandarban,Alikadam,Alikadam,04,,,,Jaker Para,জাকের পাড়া,ALI406,21.678322,92.32008,100,0,0,0,0,0,0,0,0,0,0,0,0,0,0,0,0,,,,
40,Bangladesh,Chattogram,Bandarban,Alikadam,Alikadam,04,,,,Master Para,মাস্টার পাড়া,ALI407,21.653187,92.319162,100,0,0,0,0,0,0,0,0,0,0,0,0,0,0,0,0,,,,
41,Bangladesh,Chattogram,Bandarban,Alikadam,Alikadam,04,,,,Mohlu Karbari Para,মহলু কারবারি পাড়া,ALI408,21.656027,92.31978,100,0,0,0,0,0,0,0,0,0,0,0,0,0,0,0,0,,,,
42,Bangladesh,Chattogram,Bandarban,Alikadam,Alikadam,04,,,,Mokbul Hossain Para,মকবুল হোসেন পাড়া,ALI409,21.659576,92.31687,800,0,0,0,0,0,0,0,0,0,0,0,0,0,0,0,0,,,,
43,Bangladesh,Chattogram,Bandarban,Alikadam,Alikadam,04,,,,Mostak Para,মোস্তাক পাড়া,ALI410,21.671154,92.315619,200,0,0,0,0,0,0,0,0,0,0,0,0,0,0,0,0,,,,
44,Bangladesh,Chattogram,Bandarban,Alikadam,Alikadam,04,,,,Nasir Uddin Master Para,নাছির উদ্দিন মাস্টার পাড়া,ALI411,21.660275,92.310813,50,0,0,0,0,0,0,0,0,0,0,0,0,0,0,0,0,,,,
45,Bangladesh,Chattogram,Bandarban,Alikadam,Alikadam,04,,,,Natun Ghona Para,নতুন ঘোনা পাড়া,ALI412,21.662939,92.321811,150,0,0,0,0,0,0,0,0,0,0,0,0,0,0,0,0,,,,
46,Bangladesh,Chattogram,Bandarban,Alikadam,Alikadam,04,,,,Probhat Karbari Para,প্রভাত কারবারি পাড়া,ALI413,21.66442,92.321482,700,0,0,0,0,0,0,0,0,0,0,0,0,0,0,0,0,,,,
47,Bangladesh,Chattogram,Bandarban,Alikadam,Alikadam,04,,,,Santimoni Para,শান্তিমনি পাড়া,ALI414,21.666571,92.325104,60,0,0,0,0,0,0,0,0,0,0,0,0,0,0,0,0,,,,
48,Bangladesh,Chattogram,Bandarban,Alikadam,Alikadam,04,,,,Uttar Palong Para,উত্তর পালং পাড়া,ALI415,21.655967,92.316651,1500,0,0,0,0,0,0,0,0,0,0,0,0,0,0,0,0,,,,
49,Bangladesh,Chattogram,Bandarban,Alikadam,Alikadam,04,,,,Youngki Para,ইয়ংকি পাড়া,ALI416,21.677629,92.32155,70,0,0,0,0,0,0,0,0,0,0,0,0,0,0,0,0,,,,
50,Bangladesh,Chattogram,Bandarban,Alikadam,Alikadam,05,,,,Abu Majhi Para,আবু মাঝি পাড়া,ALI501,21.662419,92.326354,200,0,0,0,0,0,0,0,0,0,0,0,0,0,0,0,0,,,,
51,Bangladesh,Chattogram,Bandarban,Alikadam,Alikadam,05,,,,Amtali Para,আমতলী পাড়া,ALI502,21.658018,92.340142,100,0,0,0,0,0,0,0,0,0,0,0,0,0,0,0,0,,,,
52,Bangladesh,Chattogram,Bandarban,Alikadam,Alikadam,05,,,,Chandra Mohan Para,চন্দ্র মোহন পাড়া,ALI503,21.665078,92.329411,100,0,0,0,0,0,0,0,0,0,0,0,0,0,0,0,0,,,,
53,Bangladesh,Chattogram,Bandarban,Alikadam,Alikadam,05,,,,Domsing Karbari Para,দমসিং কারবারি পাড়া,ALI504,21.679064,92.365196,30,0,0,0,0,0,0,0,0,0,0,0,0,0,0,0,0,,,,
54,Bangladesh,Chattogram,Bandarban,Alikadam,Alikadam,05,,,,Mon Khola Para,মন খোলা পাড়া,ALI505,21.670478,92.334088,150,0,0,0,0,0,0,0,0,0,0,0,0,0,0,0,0,,,,
55,Bangladesh,Chattogram,Bandarban,Alikadam,Alikadam,05,,,,Nurul Alam Para,নুরুল আলম পাড়া,ALI506,21.652318,92.325034,150,0,0,0,0,0,0,0,0,0,0,0,0,0,0,0,0,,,,
56,Bangladesh,Chattogram,Bandarban,Alikadam,Alikadam,05,,,,Pahartali Para,পাহাড়তলী পাড়া,ALI507,21.655915,92.322569,100,0,0,0,0,0,0,0,0,0,0,0,0,0,0,0,0,,,,
57,Bangladesh,Chattogram,Bandarban,Alikadam,Alikadam,05,,,,Preni Para,প্রেণী পাড়া,ALI508,21.655121,92.346975,70,0,0,0,0,0,0,0,0,0,0,0,0,0,0,0,0,,,,
58,Bangladesh,Chattogram,Bandarban,Alikadam,Alikadam,05,,,,Probhat Karbari Para,প্রভাত কারবারি পাড়া,ALI509,21.687265,92.362484,40,0,0,0,0,0,0,0,0,0,0,0,0,0,0,0,0,,,,
59,Bangladesh,Chattogram,Bandarban,Alikadam,Alikadam,05,,,,Purba Palong Para,পূর্ব পালং পাড়া,ALI510,21.652637,92.334525,250,0,0,0,0,0,0,0,0,0,0,0,0,0,0,0,0,,,,
60,Bangladesh,Chattogram,Bandarban,Alikadam,Alikadam,05,,,,Safur Ghona Para,সফুর ঘোনা পাড়া,ALI511,21.65717,92.326971,50,0,0,0,0,0,0,0,0,0,0,0,0,0,0,0,0,,,,
61,Bangladesh,Chattogram,Bandarban,Alikadam,Alikadam,05,,,,Saklam Karbari Para,সাকলাম কারবারি পাড়া,ALI512,21.654874,92.343461,100,0,0,0,0,0,0,0,0,0,0,0,0,0,0,0,0,,,,
62,Bangladesh,Chattogram,Bandarban,Alikadam,Alikadam,05,,,,Sylheti Para,সিলেটি পাড়া,ALI513,21.652787,92.321341,250,0,0,0,0,0,0,0,0,0,0,0,0,0,0,0,0,,,,
63,Bangladesh,Chattogram,Bandarban,Alikadam,Alikadam,05,,,,Thinku Para Bazar,থিংকু পাড়া বাজার,ALI514,21.686888,92.371086,100,0,0,0,0,0,0,0,0,0,0,0,0,0,0,0,0,,,,
64,Bangladesh,Chattogram,Bandarban,Alikadam,Alikadam,05,,,,Thompre Para,থমপ্রে পাড়া,ALI515,21.659761,92.352438,80,0,0,0,0,0,0,0,0,0,0,0,0,0,0,0,0,,,,
65,Bangladesh,Chattogram,Bandarban,Alikadam,Alikadam,05,,,,Thinku Para Army Camp,থিংকু পাড়া আর্মি ক্যাম্প,ALI516,21.684808,92.37298,100,0,0,0,0,0,0,0,0,0,0,0,0,0,0,0,0,,,,
66,Bangladesh,Chattogram,Bandarban,Alikadam,Alikadam,06,,,,Bhabi Para,ভাবী পাড়া,ALI601,21.711515,92.364673,20,0,0,0,0,0,0,0,0,0,0,0,0,0,0,0,0,,,,
67,Bangladesh,Chattogram,Bandarban,Alikadam,Alikadam,06,,,,Changli Para/ Menbau Para,চাংলি পাড়া/ মেনবাউ পাড়া,ALI602,21.711188,92.371259,150,0,0,0,0,0,0,0,0,0,0,0,0,0,0,0,0,,,,
68,Bangladesh,Chattogram,Bandarban,Alikadam,Alikadam,06,,,,Chondromoni Tripura Para,চন্দ্রমনি ত্রিপুরা পাড়া,ALI603,21.695604,92.369271,220,0,0,0,0,0,0,0,0,0,0,0,0,0,0,0,0,,,,
69,Bangladesh,Chattogram,Bandarban,Alikadam,Alikadam,06,,,,Diri Para,দিরি পাড়া,ALI604,21.725483,92.418136,65,0,0,0,0,0,0,0,0,0,0,0,0,0,0,0,0,,,,
70,Bangladesh,Chattogram,Bandarban,Alikadam,Alikadam,06,,,,Islampur Para,ইসলামপুর পাড়া,ALI605,21.69782,92.382217,110,0,0,0,0,0,0,0,0,0,0,0,0,0,0,0,0,,,,
71,Bangladesh,Chattogram,Bandarban,Alikadam,Alikadam,06,,,,Jobiram Karbari Para,জবিরাম কারবারি পাড়া,ALI606,21.691809,92.343218,350,0,0,0,0,0,0,0,0,0,0,0,0,0,0,0,0,,,,
72,Bangladesh,Chattogram,Bandarban,Alikadam,Alikadam,06,,,,Khuluya Murong Para,খুলুয়া মুরুং পাড়া,ALI607,21.712687,92.398852,50,0,0,0,0,0,0,0,0,0,0,0,0,0,0,0,0,,,,
73,Bangladesh,Chattogram,Bandarban,Alikadam,Alikadam,06,,,,Kolarjhiri Para,কলারঝিরি পাড়া,ALI608,21.681701,92.337542,150,0,0,0,0,0,0,0,0,0,0,0,0,0,0,0,0,,,,
74,Bangladesh,Chattogram,Bandarban,Alikadam,Alikadam,06,,,,Longdhon Karbari Para,লংধন কারবারি পাড়া,ALI609,21.689256,92.377299,60,0,0,0,0,0,0,0,0,0,0,0,0,0,0,0,0,,,,
75,Bangladesh,Chattogram,Bandarban,Alikadam,Alikadam,06,,,,Subed Ali Sardar Para,সুবেদ আলী সর্দার পাড়া,ALI610,21.675641,92.33805,200,0,0,0,0,0,0,0,0,0,0,0,0,0,0,0,0,,,,
76,Bangladesh,Chattogram,Bandarban,Alikadam,Alikadam,06,,,,Thowaigyou Para,থোয়াইগ্যউ পাড়া,ALI611,21.679744,92.339293,40,0,0,0,0,0,0,0,0,0,0,0,0,0,0,0,0,,,,
77,Bangladesh,Chattogram,Bandarban,Alikadam,Alikadam,06,,,,Tulu Murong Para,তুলু মুরুং পাড়া,ALI612,21.702332,92.390964,50,0,0,0,0,0,0,0,0,0,0,0,0,0,0,0,0,,,,
78,Bangladesh,Chattogram,Bandarban,Alikadam,Alikadam,06,,,,Younus Member Para,ইউনুছ মেম্বার পাড়া,ALI613,21.678108,92.337995,400,0,0,0,0,0,0,0,0,0,0,0,0,0,0,0,0,,,,
79,Bangladesh,Chattogram,Bandarban,Alikadam,Alikadam,06,,,,Bethelhem Para,বেথেলহেম পাড়া,ALI614,21.701828,92.382103,48,0,0,0,0,0,0,0,0,0,0,0,0,0,0,0,0,,,,
80,Bangladesh,Chattogram,Bandarban,Alikadam,Alikadam,07,,,,Asrayan Prakalpa Para,আশ্রয়ণ প্রকল্প পাড়া,ALI701,21.644952,92.343053,75,0,0,0,0,0,0,0,0,0,0,0,0,0,0,0,0,,,,
81,Bangladesh,Chattogram,Bandarban,Alikadam,Alikadam,07,,,,Austhu Tripura Para,অসথু ত্রিপুরা পাড়া,ALI702,21.642167,92.341636,300,0,0,0,0,0,0,0,0,0,0,0,0,0,0,0,0,,,,
82,Bangladesh,Chattogram,Bandarban,Alikadam,Alikadam,07,,,,Jolontomoni Karbari Para,জলন্তমনি কারবারি পাড়া,ALI703,21.649504,92.343721,300,0,0,0,0,0,0,0,0,0,0,0,0,0,0,0,0,,,,
83,Bangladesh,Chattogram,Bandarban,Alikadam,Alikadam,07,,,,Kainwai Para,কাইনওয়াই পাড়া,ALI704,21.645841,92.378165,65,0,0,0,0,0,0,0,0,0,0,0,0,0,0,0,0,,,,
84,Bangladesh,Chattogram,Bandarban,Alikadam,Alikadam,07,,,,Langdir Para,লাংদির পাড়া,ALI705,21.688917,92.369816,15,0,0,0,0,0,0,0,0,0,0,0,0,0,0,0,0,,,,
85,Bangladesh,Chattogram,Bandarban,Alikadam,Alikadam,07,,,,Langri Para,লাংরী পাড়া,ALI706,21.690947,92.348162,300,0,0,0,0,0,0,0,0,0,0,0,0,0,0,0,0,,,,
86,Bangladesh,Chattogram,Bandarban,Alikadam,Alikadam,07,,,,Menkong Para,মেনকং পাড়া,ALI707,21.634407,92.359712,60,0,0,0,0,0,0,0,0,0,0,0,0,0,0,0,0,,,,
87,Bangladesh,Chattogram,Bandarban,Alikadam,Alikadam,07,,,,Probhat Para,প্রভাত পাড়া,ALI708,21.638906,92.355166,70,0,0,0,0,0,0,0,0,0,0,0,0,0,0,0,0,,,,
88,Bangladesh,Chattogram,Bandarban,Alikadam,Alikadam,07,,,,Ramdan Para,রামদন পাড়া,ALI709,21.689164,92.348742,120,0,0,0,0,0,0,0,0,0,0,0,0,0,0,0,0,,,,
89,Bangladesh,Chattogram,Bandarban,Alikadam,Alikadam,07,,,,Sunong Para,সুনং পাড়া,ALI710,21.647534,92.374081,300,0,0,0,0,0,0,0,0,0,0,0,0,0,0,0,0,,,,
90,Bangladesh,Chattogram,Bandarban,Alikadam,Alikadam,07,,,,Ukling Para,উক্লিং পাড়া,ALI711,21.6727,92.363448,300,0,0,0,0,0,0,0,0,0,0,0,0,0,0,0,0,,,,
91,Bangladesh,Chattogram,Bandarban,Alikadam,Alikadam,08,,,,Agula Karbari Para,আগুলা কারবারি পাড়া,ALI801,21.652397,92.381738,30,0,0,0,0,0,0,0,0,0,0,0,0,0,0,0,0,,,,
92,Bangladesh,Chattogram,Bandarban,Alikadam,Alikadam,08,,,,Bhabi Para,ভাবী পাড়া,ALI802,21.667648,92.393452,170,0,0,0,0,0,0,0,0,0,0,0,0,0,0,0,0,,,,
93,Bangladesh,Chattogram,Bandarban,Alikadam,Alikadam,08,,,,Bodloy Para,বদলয় পাড়া,ALI803,21.623503,92.394176,60,0,0,0,0,0,0,0,0,0,0,0,0,0,0,0,0,,,,
94,Bangladesh,Chattogram,Bandarban,Alikadam,Alikadam,08,,,,Chheoreng Member Para,ছেওরেং মেম্বার পাড়া,ALI804,21.635923,92.402327,140,0,0,0,0,0,0,0,0,0,0,0,0,0,0,0,0,,,,
95,Bangladesh,Chattogram,Bandarban,Alikadam,Alikadam,08,,,,Dharma Charan Para,ধর্ম চরণ পাড়া,ALI805,21.683384,92.369915,30,0,0,0,0,0,0,0,0,0,0,0,0,0,0,0,0,,,,
96,Bangladesh,Chattogram,Bandarban,Alikadam,Alikadam,08,,,,Dor Para,ডর পাড়া,ALI806,21.630255,92.405089,30,0,0,0,0,0,0,0,0,0,0,0,0,0,0,0,0,,,,
97,Bangladesh,Chattogram,Bandarban,Alikadam,Alikadam,08,,,,Kaingway Murang/Mro  Para,কাইংওয়াই  মুরং/ম্রো পাড়া,ALI807,21.685831,92.38701,40,0,0,0,0,0,0,0,0,0,0,0,0,0,0,0,0,,,,
98,Bangladesh,Chattogram,Bandarban,Alikadam,Alikadam,08,,,,Krangsing Para,ক্রাংসিং পাড়া,ALI808,21.632282,92.385657,200,0,0,0,0,0,0,0,0,0,0,0,0,0,0,0,0,,,,
99,Bangladesh,Chattogram,Bandarban,Alikadam,Alikadam,08,,,,Men Karbari Para,মেন কারবারি পাড়া,ALI809,21.676813,92.379413,65,0,0,0,0,0,0,0,0,0,0,0,0,0,0,0,0,,,,
100,Bangladesh,Chattogram,Bandarban,Alikadam,Alikadam,08,,,,Menpoi Karbari Para,মেনপই কারবারি পাড়া,ALI810,21.684397,92.39917,20,0,0,0,0,0,0,0,0,0,0,0,0,0,0,0,0,,,,
101,Bangladesh,Chattogram,Bandarban,Alikadam,Alikadam,08,,,,Niyangak Para,নিয়াঙাক পাড়া,ALI811,21.679778,92.386863,30,0,0,0,0,0,0,0,0,0,0,0,0,0,0,0,0,,,,
102,Bangladesh,Chattogram,Bandarban,Alikadam,Alikadam,08,,,,Parui Para,পারুই পাড়া,ALI812,21.624798,92.369606,50,0,0,0,0,0,0,0,0,0,0,0,0,0,0,0,0,,,,
103,Bangladesh,Chattogram,Bandarban,Alikadam,Alikadam,08,,,,Rengpung Headman Para,রেংপুং হেডম্যান পাড়া,ALI813,21.654681,92.384925,50,0,0,0,0,0,0,0,0,0,0,0,0,0,0,0,0,,,,
104,Bangladesh,Chattogram,Bandarban,Alikadam,Alikadam,08,,,,Shilchondro Para/ Kawkring Para,শিলচন্দ্র পাড়া/ কাউক্রীন পাড়া,ALI814,21.696635,92.395699,30,0,0,0,0,0,0,0,0,0,0,0,0,0,0,0,0,,,,
105,Bangladesh,Chattogram,Bandarban,Alikadam,Alikadam,09,,,,Mengko Para,মেংক পাড়া,ALI901,21.685048,92.401362,80,0,0,0,0,0,0,0,0,0,0,0,0,0,0,0,0,,,,
106,Bangladesh,Chattogram,Bandarban,Alikadam,Alikadam,09,,,,Menkeu Para,মেনকেউ পাড়া,ALI902,21.672196,92.405092,200,0,0,0,0,0,0,0,0,0,0,0,0,0,0,0,0,,,,
107,Bangladesh,Chattogram,Bandarban,Alikadam,Alikadam,09,,,,Menrai Para/Krapung/Kaikoi Para,মেনরাই পাড়া/ক্রাপুং/কাইকই পাড়া,ALI903,21.622228,92.406549,220,0,0,0,0,0,0,0,0,0,0,0,0,0,0,0,0,,,,
108,Bangladesh,Chattogram,Bandarban,Alikadam,Alikadam,09,,,,Menyang Para,মেনয়াং পাড়া,ALI904,21.672657,92.434038,60,0,0,0,0,0,0,0,0,0,0,0,0,0,0,0,0,,,,
109,Bangladesh,Chattogram,Bandarban,Alikadam,Alikadam,09,,,,Paya Para,পায়া পাড়া,ALI905,21.647923,92.397442,250,0,0,0,0,0,0,0,0,0,0,0,0,0,0,0,0,,,,
110,Bangladesh,Chattogram,Bandarban,Alikadam,Chwekhyong,01,,,,Dhuprujhiri Bangali Para,দুপ্রুঝিরি বাঙ্গালী পাড়া,CHW101,21.695049,92.248183,500,0,0,0,0,0,0,0,0,0,0,0,0,0,0,0,0,,,,
111,Bangladesh,Chattogram,Bandarban,Alikadam,Chwekhyong,01,,,,Dhuprujhiri Murang/Mro Para,দুপ্রুঝিরি মুরং/ম্রো পাড়া,CHW102,21.692217,92.247543,280,0,0,0,0,0,0,0,0,0,0,0,0,0,0,0,0,,,,
112,Bangladesh,Chattogram,Bandarban,Alikadam,Chwekhyong,01,,,,Kakrarjhiri Bangali Para,কাকরারঝিরি বাঙ্গালী পাড়া,CHW103,21.70081,92.232836,200,0,0,0,0,0,0,0,0,0,0,0,0,0,0,0,0,,,,
113,Bangladesh,Chattogram,Bandarban,Alikadam,Chwekhyong,01,,,,Kakrarjhiri Murang/Mro Para,কাকরারঝিরি মুরং/ম্রো পাড়া,CHW104,21.70454,92.243545,100,0,0,0,0,0,0,0,0,0,0,0,0,0,0,0,0,,,,
114,Bangladesh,Chattogram,Bandarban,Alikadam,Chwekhyong,01,,,,Kilo Marma Para,কিলো মার্মা পাড়া,CHW105,21.695178,92.252109,80,0,0,0,0,0,0,0,0,0,0,0,0,0,0,0,0,,,,
115,Bangladesh,Chattogram,Bandarban,Alikadam,Chwekhyong,01,,,,Refarfari Bazar Para Purbo/Pashchim,রেফারফারি বাজার পাড়া পূর্ব/পশ্চিম,CHW106,21.697869,92.251339,750,0,0,0,0,0,0,0,0,0,0,0,0,0,0,0,0,,,,
116,Bangladesh,Chattogram,Bandarban,Alikadam,Chwekhyong,01,,,,Shibatoli Aungchao Karbari Para,শিবাতলী অংচাউ কারবারি পাড়া,CHW107,21.712095,92.248191,50,0,0,0,0,0,0,0,0,0,0,0,0,0,0,0,0,,,,
117,Bangladesh,Chattogram,Bandarban,Alikadam,Chwekhyong,01,,,,Shibatoli Kalu KarbarI Para,শিবাতলী কালু কারবারি পাড়া,CHW108,21.708809,92.246028,250,0,0,0,0,0,0,0,0,0,0,0,0,0,0,0,0,,,,
118,Bangladesh,Chattogram,Bandarban,Alikadam,Chwekhyong,01,,,,Shibatoli Bangali Para,শিবাতলী বাঙ্গালী পাড়া,CHW109,21.712831,92.244498,500,0,0,0,0,0,0,0,0,0,0,0,0,0,0,0,0,,,,
119,Bangladesh,Chattogram,Bandarban,Alikadam,Chwekhyong,01,,,,Shibatoli Marma Para,শিবাতলী মার্মা পাড়া,CHW110,21.71466,92.245507,280,0,0,0,0,0,0,0,0,0,0,0,0,0,0,0,0,,,,
120,Bangladesh,Chattogram,Bandarban,Alikadam,Chwekhyong,02,,,,Amir Hossen Sardar Para,আমির হোসেন সর্দার পাড়া,CHW201,21.689112,92.261175,500,0,0,0,0,0,0,0,0,0,0,0,0,0,0,0,0,,,,
121,Bangladesh,Chattogram,Bandarban,Alikadam,Chwekhyong,02,,,,Bagherjhiri Bangali Para,বাগেরঝিরি বাঙ্গালী পাড়া,CHW202,21.676819,92.259643,100,0,0,0,0,0,0,0,0,0,0,0,0,0,0,0,0,,,,
122,Bangladesh,Chattogram,Bandarban,Alikadam,Chwekhyong,02,,,,Battali Marma Para,বটতলী মার্মা পাড়া,CHW203,21.689614,92.267236,130,0,0,0,0,0,0,0,0,0,0,0,0,0,0,0,0,,,,
123,Bangladesh,Chattogram,Bandarban,Alikadam,Chwekhyong,02,,,,Mangkhai Murang/Mro Para,মাংখাই মুরং/ম্রো পাড়া,CHW204,21.675181,92.249479,100,0,0,0,0,0,0,0,0,0,0,0,0,0,0,0,0,,,,
124,Bangladesh,Chattogram,Bandarban,Alikadam,Chwekhyong,02,,,,Nurul Kobir Member Para,নুরুল কবির মেম্বার পাড়া,CHW205,21.696286,92.256641,120,0,0,0,0,0,0,0,0,0,0,0,0,0,0,0,0,,,,
125,Bangladesh,Chattogram,Bandarban,Alikadam,Chwekhyong,02,,,,Omor Ali Para,ওমর আলী পাড়া,CHW206,21.693754,92.259997,400,0,0,0,0,0,0,0,0,0,0,0,0,0,0,0,0,,,,
126,Bangladesh,Chattogram,Bandarban,Alikadam,Chwekhyong,02,,,,Pattakhaiya Nurul Islam Member Para,পাট্টাখাইয়া নুরুল ইসলাম মেম্বার পাড়া,CHW207,21.692364,92.255715,250,0,0,0,0,0,0,0,0,0,0,0,0,0,0,0,0,,,,
127,Bangladesh,Chattogram,Bandarban,Alikadam,Chwekhyong,02,,,,Shilbuniya Abu Kalam Soudagor Para,শিলবুনিয়া আবু কালাম সওদাগর পাড়া,CHW208,21.686663,92.256084,300,0,0,0,0,0,0,0,0,0,0,0,0,0,0,0,0,,,,
128,Bangladesh,Chattogram,Bandarban,Alikadam,Chwekhyong,02,,,,Shilbuniya Marma Para,শিলবুনিয়া মার্মা পাড়া,CHW209,21.688147,92.24576,150,0,0,0,0,0,0,0,0,0,0,0,0,0,0,0,0,,,,
129,Bangladesh,Chattogram,Bandarban,Alikadam,Chwekhyong,02,,,,Shishu Para,শিশু পাড়া,CHW210,21.696832,92.257897,300,0,0,0,0,0,0,0,0,0,0,0,0,0,0,0,0,,,,
130,Bangladesh,Chattogram,Bandarban,Alikadam,Chwekhyong,02,,,,Kana Member Ghat Army Camp,কানা মেম্বার ঘাট আর্মি ক্যাম্প,CHW211,21.692726,92.264321,100,0,0,0,0,0,0,0,0,0,0,0,0,0,0,0,0,,,,
131,Bangladesh,Chattogram,Bandarban,Alikadam,Chwekhyong,03,,,,1 No Purnabasan Suresh Karbari Para,১ নং পুর্নবাসন সুরেশ কারবারি পাড়া,CHW301,21.65237,92.266774,200,0,0,0,0,0,0,0,0,0,0,0,0,0,0,0,0,,,,
132,Bangladesh,Chattogram,Bandarban,Alikadam,Chwekhyong,03,,,,Bagherjhiri Tripura Para,বাঘেরঝিরি ত্রিপুরা পাড়া,CHW302,21.671112,92.268003,170,0,0,0,0,0,0,0,0,0,0,0,0,0,0,0,0,,,,
133,Bangladesh,Chattogram,Bandarban,Alikadam,Chwekhyong,03,,,,Dordori Abul Kashem Para,দরদরী আবুল কাশেম পাড়া,CHW303,21.668632,92.273836,800,0,0,0,0,0,0,0,0,0,0,0,0,0,0,0,0,,,,
134,Bangladesh,Chattogram,Bandarban,Alikadam,Chwekhyong,03,,,,Dordori Karmokar Para,দরদরী কর্মকার পাড়া,CHW304,21.665641,92.272533,300,0,0,0,0,0,0,0,0,0,0,0,0,0,0,0,0,,,,
135,Bangladesh,Chattogram,Bandarban,Alikadam,Chwekhyong,03,,,,Kyhlaong Karbari Para,ক্যহ্লাঅং কারবারি পাড়া,CHW305,21.669635,92.271331,40,0,0,0,0,0,0,0,0,0,0,0,0,0,0,0,0,,,,
136,Bangladesh,Chattogram,Bandarban,Alikadam,Chwekhyong,03,,,,Larot Para,লারত পাড়া,CHW306,21.666746,92.256173,120,0,0,0,0,0,0,0,0,0,0,0,0,0,0,0,0,,,,
137,Bangladesh,Chattogram,Bandarban,Alikadam,Chwekhyong,03,,,,Lungso Marma Para,লুংস মার্মা পাড়া,CHW307,21.663143,92.275467,120,0,0,0,0,0,0,0,0,0,0,0,0,0,0,0,0,,,,
138,Bangladesh,Chattogram,Bandarban,Alikadam,Chwekhyong,03,,,,Mompakhai Headman Para,মমপাখ্যই হেডম্যান পাড়া,CHW308,21.665791,92.278021,150,0,0,0,0,0,0,0,0,0,0,0,0,0,0,0,0,,,,
139,Bangladesh,Chattogram,Bandarban,Alikadam,Chwekhyong,03,,,,Rengkhuyang Karbari Para,রেংখুয়াং কারবারি পাড়া,CHW309,21.651904,92.269273,50,0,0,0,0,0,0,0,0,0,0,0,0,0,0,0,0,,,,
140,Bangladesh,Chattogram,Bandarban,Alikadam,Chwekhyong,04,,,,Mannan Member Para,মান্নান মেম্বার পাড়া,CHW401,21.700025,92.254989,1300,0,0,0,0,0,0,0,0,0,0,0,0,0,0,0,0,,,,
141,Bangladesh,Chattogram,Bandarban,Alikadam,Chwekhyong,04,,,,Mombraching Headman Para,ম্মব্রাচিং হেডম্যান পাড়া,CHW402,21.701645,92.25083,90,0,0,0,0,0,0,0,0,0,0,0,0,0,0,0,0,,,,
142,Bangladesh,Chattogram,Bandarban,Alikadam,Chwekhyong,04,,,,Noiong Karbari Para,ঞোঅং কারবারি পাড়া,CHW403,21.704866,92.25691,120,0,0,0,0,0,0,0,0,0,0,0,0,0,0,0,0,,,,
143,Bangladesh,Chattogram,Bandarban,Alikadam,Chwekhyong,04,,,,Futerjhiri Para,ফুটেরঝিরি পাড়া,CHW404,21.696819,92.268715,550,0,0,0,0,0,0,0,0,0,0,0,0,0,0,0,0,,,,
144,Bangladesh,Chattogram,Bandarban,Alikadam,Chwekhyong,04,,,,Thoyaichhing Headman Para,থোয়াইছিং হেডম্যান পাড়া,CHW405,21.704362,92.248972,650,0,0,0,0,0,0,0,0,0,0,0,0,0,0,0,0,,,,
145,Bangladesh,Chattogram,Bandarban,Alikadam,Chwekhyong,05,,,,20 Mile Para,২০ মাইল পাড়া,CHW501,21.68636,92.276936,100,0,0,0,0,0,0,0,0,0,0,0,0,0,0,0,0,,,,
146,Bangladesh,Chattogram,Bandarban,Alikadam,Chwekhyong,05,,,,Aungchhahla Para,অংচাহ্লা পাড়া,CHW502,21.689225,92.270685,100,0,0,0,0,0,0,0,0,0,0,0,0,0,0,0,0,,,,
147,Bangladesh,Chattogram,Bandarban,Alikadam,Chwekhyong,05,,,,Aungthowaisa Para,অংথোয়াইছা পাড়া,CHW503,21.693015,92.279644,150,0,0,0,0,0,0,0,0,0,0,0,0,0,0,0,0,,,,
148,Bangladesh,Chattogram,Bandarban,Alikadam,Chwekhyong,05,,,,Bhorir Mukh Abdul Khalek Karbari Para,ভরির মূখ আব্দুল খালেক কারবারি পাড়া,CHW504,21.678287,92.269865,400,0,0,0,0,0,0,0,0,0,0,0,0,0,0,0,0,,,,
149,Bangladesh,Chattogram,Bandarban,Alikadam,Chwekhyong,05,,,,Bhorir Mukh Hindu Para,ভরির মূখ হিন্দু পাড়া,CHW505,21.680939,92.276587,35,0,0,0,0,0,0,0,0,0,0,0,0,0,0,0,0,,,,
150,Bangladesh,Chattogram,Bandarban,Alikadam,Chwekhyong,05,,,,Boikhongjhiri Para,বৈক্ষ্যংঝিরি পাড়া,CHW506,21.690973,92.274239,100,0,0,0,0,0,0,0,0,0,0,0,0,0,0,0,0,,,,
151,Bangladesh,Chattogram,Bandarban,Alikadam,Chwekhyong,05,,,,Chahla Murang/Mro Para,চাহলা মুরং/ম্রো পাড়া,CHW507,21.695317,92.273683,20,0,0,0,0,0,0,0,0,0,0,0,0,0,0,0,0,,,,
152,Bangladesh,Chattogram,Bandarban,Alikadam,Chwekhyong,05,,,,Guramia Member Para,গুরামিয়া মেম্বার পাড়া,CHW508,21.690426,92.27107,400,0,0,0,0,0,0,0,0,0,0,0,0,0,0,0,0,,,,
153,Bangladesh,Chattogram,Bandarban,Alikadam,Chwekhyong,05,,,,Kairi Para,কাইরী পাড়া,CHW509,21.699476,92.296964,125,0,0,0,0,0,0,0,0,0,0,0,0,0,0,0,0,,,,
154,Bangladesh,Chattogram,Bandarban,Alikadam,Chwekhyong,05,,,,Kona Para,কোনা পাড়া,CHW510,21.674094,92.274352,50,0,0,0,0,0,0,0,0,0,0,0,0,0,0,0,0,,,,
155,Bangladesh,Chattogram,Bandarban,Alikadam,Chwekhyong,05,,,,Natun Bhorir Mukh Para,নতুন ভরির মূখ পাড়া,CHW511,21.684239,92.271497,300,0,0,0,0,0,0,0,0,0,0,0,0,0,0,0,0,,,,
156,Bangladesh,Chattogram,Bandarban,Alikadam,Chwekhyong,05,,,,Padui para,পাদুই পাড়া,CHW512,21.687431,92.28411,120,0,0,0,0,0,0,0,0,0,0,0,0,0,0,0,0,,,,
157,Bangladesh,Chattogram,Bandarban,Alikadam,Chwekhyong,05,,,,Pubraram Para,পূর্বরাম পাড়া,CHW513,21.696335,92.280866,60,0,0,0,0,0,0,0,0,0,0,0,0,0,0,0,0,,,,
158,Bangladesh,Chattogram,Bandarban,Alikadam,Chwekhyong,05,,,,Puraton Bhorir Mukh Para,পুরাতন ভরির মূখ পাড়া,CHW514,21.682936,92.269643,300,0,0,0,0,0,0,0,0,0,0,0,0,0,0,0,0,,,,
159,Bangladesh,Chattogram,Bandarban,Alikadam,Chwekhyong,05,,,,Sonachondro Para,সোনাচন্দ্র পাড়া,CHW515,21.698615,92.28366,100,0,0,0,0,0,0,0,0,0,0,0,0,0,0,0,0,,,,
160,Bangladesh,Chattogram,Bandarban,Alikadam,Chwekhyong,05,,,,Thaguram Jhiri Kalo Chakma Para,ঠাগুরামঝিরি কালু চাকমা পাড়া,CHW516,21.68676,92.291018,50,0,0,0,0,0,0,0,0,0,0,0,0,0,0,0,0,,,,
161,Bangladesh,Chattogram,Bandarban,Alikadam,Chwekhyong,05,,,,Thakuram Para,ঠাকুরাম পাড়া,CHW517,21.69348,92.283421,100,0,0,0,0,0,0,0,0,0,0,0,0,0,0,0,0,,,,
162,Bangladesh,Chattogram,Bandarban,Alikadam,Chwekhyong,05,,,,Tonowai Murang/Mro Para,থনওয়াই মুরং/ম্রো পাড়া,CHW518,21.689249,92.28186,50,0,0,0,0,0,0,0,0,0,0,0,0,0,0,0,0,,,,
163,Bangladesh,Chattogram,Bandarban,Alikadam,Chwekhyong,06,,,,Akbor Ahmed Para,আকবর আহম্মদ পাড়া,CHW601,21.660517,92.30633,450,0,0,0,0,0,0,0,0,0,0,0,0,0,0,0,0,,,,
164,Bangladesh,Chattogram,Bandarban,Alikadam,Chwekhyong,06,,,,Ali Member Para,আলী মেম্বার পাড়া,CHW602,21.664157,92.304975,500,0,0,0,0,0,0,0,0,0,0,0,0,0,0,0,0,,,,
165,Bangladesh,Chattogram,Bandarban,Alikadam,Chwekhyong,06,,,,Bulu Murang/Mro Karbari Para,বুলু মুরং/ম্রো কারবারি পাড়া,CHW603,21.699926,92.322375,40,0,0,0,0,0,0,0,0,0,0,0,0,0,0,0,0,,,,
166,Bangladesh,Chattogram,Bandarban,Alikadam,Chwekhyong,06,,,,Joynal Member Para,জয়নাল মেম্বার পাড়া,CHW604,21.672316,92.313364,220,0,0,0,0,0,0,0,0,0,0,0,0,0,0,0,0,,,,
167,Bangladesh,Chattogram,Bandarban,Alikadam,Chwekhyong,06,,,,Kashem Member Para,কাশেম মেম্বার পাড়া,CHW605,21.659974,92.308526,400,0,0,0,0,0,0,0,0,0,0,0,0,0,0,0,0,,,,
168,Bangladesh,Chattogram,Bandarban,Alikadam,Chwekhyong,06,,,,Mohammad Ali Para,মোহাম্মদ আলী পাড়া,CHW606,21.665265,92.287176,500,0,0,0,0,0,0,0,0,0,0,0,0,0,0,0,0,,,,
169,Bangladesh,Chattogram,Bandarban,Alikadam,Chwekhyong,06,,,,Mongching Headman Para,মংচিং হেডম্যান পাড়া,CHW607,21.659723,92.301507,450,0,0,0,0,0,0,0,0,0,0,0,0,0,0,0,0,,,,
170,Bangladesh,Chattogram,Bandarban,Alikadam,Chwekhyong,06,,,,Muihla Para,মুইহ্লা পাড়া,CHW608,21.665181,92.283713,390,0,0,0,0,0,0,0,0,0,0,0,0,0,0,0,0,,,,
171,Bangladesh,Chattogram,Bandarban,Alikadam,Chwekhyong,06,,,,Natun Kormokar Para,নতুন কর্মকার পাড়া,CHW609,21.665155,92.281919,60,0,0,0,0,0,0,0,0,0,0,0,0,0,0,0,0,,,,
172,Bangladesh,Chattogram,Bandarban,Alikadam,Chwekhyong,06,,,,Obaidul Hakim Para,ওবাইদুল হাকিম পাড়া,CHW610,21.665146,92.312189,1900,0,0,0,0,0,0,0,0,0,0,0,0,0,0,0,0,,,,
173,Bangladesh,Chattogram,Bandarban,Alikadam,Chwekhyong,06,,,,Omor Majhi Para,ওমর মাঝি পাড়া,CHW611,21.66764,92.281727,190,0,0,0,0,0,0,0,0,0,0,0,0,0,0,0,0,,,,
174,Bangladesh,Chattogram,Bandarban,Alikadam,Chwekhyong,06,,,,Siddique Karbari Para,ছিদ্দিক কারবারি পাড়া,CHW612,21.665966,92.294726,750,0,0,0,0,0,0,0,0,0,0,0,0,0,0,0,0,,,,
175,Bangladesh,Chattogram,Bandarban,Alikadam,Chwekhyong,06,,,,Siraj Karbari Para,সিরাজ কারবারি পাড়া,CHW613,21.668002,92.29935,1000,0,0,0,0,0,0,0,0,0,0,0,0,0,0,0,0,,,,
176,Bangladesh,Chattogram,Bandarban,Alikadam,Chwekhyong,06,,,,Tarabunia Para,তারাবুনিয়া পাড়া,CHW614,21.678063,92.292113,1700,0,0,0,0,0,0,0,0,0,0,0,0,0,0,0,0,,,,
177,Bangladesh,Chattogram,Bandarban,Alikadam,Chwekhyong,07,,,,Bacha Chondro Para,বাচা চন্দ্র পাড়া,CHW701,21.689485,92.329374,120,0,0,0,0,0,0,0,0,0,0,0,0,0,0,0,0,,,,
178,Bangladesh,Chattogram,Bandarban,Alikadam,Chwekhyong,07,,,,Deklo Para,দেক্ল পাড়া,CHW702,21.691983,92.320717,200,0,0,0,0,0,0,0,0,0,0,0,0,0,0,0,0,,,,
179,Bangladesh,Chattogram,Bandarban,Alikadam,Chwekhyong,07,,,,Joynal Abedin Para,জয়নাল আবেদিন পাড়া,CHW703,21.676751,92.317083,130,0,0,0,0,0,0,0,0,0,0,0,0,0,0,0,0,,,,
180,Bangladesh,Chattogram,Bandarban,Alikadam,Chwekhyong,07,,,,Menpa Murang/Mro Para,মেনপা মুরং/ম্রো পাড়া,CHW704,21.705109,92.34079,500,0,0,0,0,0,0,0,0,0,0,0,0,0,0,0,0,,,,
181,Bangladesh,Chattogram,Bandarban,Alikadam,Chwekhyong,07,,,,Nenshon Para,নেনশন পাড়া,CHW705,21.69688,92.324294,170,0,0,0,0,0,0,0,0,0,0,0,0,0,0,0,0,,,,
182,Bangladesh,Chattogram,Bandarban,Alikadam,Chwekhyong,07,,,,Rengya Murang/Mro Para,রেংয়া  মুরং/ম্রো পাড়া,CHW706,21.706274,92.324356,150,0,0,0,0,0,0,0,0,0,0,0,0,0,0,0,0,,,,
183,Bangladesh,Chattogram,Bandarban,Alikadam,Chwekhyong,07,,,,Rengyok Para,রেংয়ক পাড়া,CHW707,21.723434,92.362605,700,0,0,0,0,0,0,0,0,0,0,0,0,0,0,0,0,,,,
184,Bangladesh,Chattogram,Bandarban,Alikadam,Chwekhyong,07,,,,Tola Para,তোলা পাড়া,CHW708,21.726044,92.37937,160,0,0,0,0,0,0,0,0,0,0,0,0,0,0,0,0,,,,
185,Bangladesh,Chattogram,Bandarban,Alikadam,Chwekhyong,08,,,,Aungpre Murang/Mro Para,অংপ্রে মুরং/ম্রো পাড়া,CHW801,21.719403,92.327361,75,0,0,0,0,0,0,0,0,0,0,0,0,0,0,0,0,,,,
186,Bangladesh,Chattogram,Bandarban,Alikadam,Chwekhyong,08,,,,Kakoi Murang/Mro Para,কাকৈই মুরং/ম্রো পাড়া,CHW802,21.754127,92.394507,125,0,0,0,0,0,0,0,0,0,0,0,0,0,0,0,0,,,,
187,Bangladesh,Chattogram,Bandarban,Alikadam,Chwekhyong,08,,,,Khinpang Para,খিনপং পাড়া,CHW803,21.752285,92.36972,85,0,0,0,0,0,0,0,0,0,0,0,0,0,0,0,0,,,,
188,Bangladesh,Chattogram,Bandarban,Alikadam,Chwekhyong,08,,,,Menui Murang/Mro Para,মেনউই  মুরং/ম্রো পাড়া,CHW804,21.736942,92.350345,115,0,0,0,0,0,0,0,0,0,0,0,0,0,0,0,0,,,,
189,Bangladesh,Chattogram,Bandarban,Alikadam,Chwekhyong,08,,,,Ramju Para,রামজু পাড়া,CHW805,21.74762,92.342244,135,0,0,0,0,0,0,0,0,0,0,0,0,0,0,0,0,,,,
190,Bangladesh,Chattogram,Bandarban,Alikadam,Chwekhyong,08,,,,Ruipa Murang/Mro Para,রুইপা  মুরং/ম্রো পাড়া,CHW806,21.739601,92.349672,250,0,0,0,0,0,0,0,0,0,0,0,0,0,0,0,0,,,,
191,Bangladesh,Chattogram,Bandarban,Alikadam,Chwekhyong,08,,,,Ruipong Murang/Mro Para,রুইপং মুরং/ম্রো পাড়া,CHW807,21.723321,92.34706,50,0,0,0,0,0,0,0,0,0,0,0,0,0,0,0,0,,,,
192,Bangladesh,Chattogram,Bandarban,Alikadam,Chwekhyong,08,,,,Sakleng Murang/Mro Para,সাকলেং  মুরং/ম্রো পাড়া,CHW808,21.730351,92.346354,95,0,0,0,0,0,0,0,0,0,0,0,0,0,0,0,0,,,,
193,Bangladesh,Chattogram,Bandarban,Alikadam,Chwekhyong,08,,,,Sangsum Murang/Mro Para,সাংসুম  মুরং/ম্রো পাড়া,CHW809,21.765307,92.381023,60,0,0,0,0,0,0,0,0,0,0,0,0,0,0,0,0,,,,
194,Bangladesh,Chattogram,Bandarban,Alikadam,Chwekhyong,09,,,,Adu Murang/Mro Para,আদু মুরং/ম্রো পাড়া,CHW901,21.725932,92.401957,400,0,0,0,0,0,0,0,0,0,0,0,0,0,0,0,0,,,,
195,Bangladesh,Chattogram,Bandarban,Alikadam,Chwekhyong,09,,,,Chhala Para,ছালা পাড়া,CHW902,21.737276,92.414797,40,0,0,0,0,0,0,0,0,0,0,0,0,0,0,0,0,,,,
196,Bangladesh,Chattogram,Bandarban,Alikadam,Chwekhyong,09,,,,Chhotro Tripura Para,ছত্র ত্রিপুরা পাড়া,CHW903,21.753811,92.345904,300,0,0,0,0,0,0,0,0,0,0,0,0,0,0,0,0,,,,
197,Bangladesh,Chattogram,Bandarban,Alikadam,Chwekhyong,09,,,,Namsaf Murang/Mro Para,নামসাফ  মুরং/ম্রো পাড়া,CHW904,21.743842,92.395312,180,0,0,0,0,0,0,0,0,0,0,0,0,0,0,0,0,,,,
198,Bangladesh,Chattogram,Bandarban,Alikadam,Chwekhyong,09,,,,Pamiya Murang/Mro Para,পামিয়া  / ম্রো পাড়া,CHW905,21.739337,92.395741,150,0,0,0,0,0,0,0,0,0,0,0,0,0,0,0,0,,,,
199,Bangladesh,Chattogram,Bandarban,Alikadam,Chwekhyong,09,,,,Pobla Murang/Mro Para,পবলা মুরং/ম্রো পাড়া,CHW906,21.770614,92.364973,110,0,0,0,0,0,0,0,0,0,0,0,0,0,0,0,0,,,,
200,Bangladesh,Chattogram,Bandarban,Alikadam,Chwekhyong,09,,,,Sangkrat Murang/Mro Para,সাংক্রাত  মুরং/ম্রো পাড়া,CHW907,21.755457,92.367001,100,0,0,0,0,0,0,0,0,0,0,0,0,0,0,0,0,,,,
201,Bangladesh,Chattogram,Bandarban,Alikadam,Chwekhyong,09,,,,Tontui Murang/Mro Para,তনতুই  মুরং/ম্রো পাড়া,CHW908,21.741586,92.396619,160,0,0,0,0,0,0,0,0,0,0,0,0,0,0,0,0,,,,
202,Bangladesh,Chattogram,Bandarban,Alikadam,Chwekhyong,09,,,,Ukijon Tripura Para,উকিজন ত্রিপুরা পাড়া,CHW909,21.721075,92.387733,100,0,0,0,0,0,0,0,0,0,0,0,0,0,0,0,0,,,,
203,Bangladesh,Chattogram,Bandarban,Alikadam,Chwekhyong,09,,,,Dimajon Tripura Para,দিমাজন ত্রিপুরা পাড়া,CHW910,21.725932,92.393119,56,0,0,0,0,0,0,0,0,0,0,0,0,0,0,0,0,,,,
204,Bangladesh,Chattogram,Bandarban,Alikadam,Kurukpata,01,,,,Arui Para,আরুই পাড়া,KUR101,21.57535,92.354427,240,0,0,0,0,0,0,0,0,0,0,0,0,0,0,0,0,,,,
205,Bangladesh,Chattogram,Bandarban,Alikadam,Kurukpata,01,,,,Biddyamoni Para,বিদ্যামনি পাড়া,KUR102,21.604291,92.355203,250,0,0,0,0,0,0,0,0,0,0,0,0,0,0,0,0,,,,
206,Bangladesh,Chattogram,Bandarban,Alikadam,Kurukpata,01,,,,Janali Bazar Para,জানালি বাজার পাড়া,KUR103,21.599565,92.363062,120,0,0,0,0,0,0,0,0,0,0,0,0,0,0,0,0,,,,
207,Bangladesh,Chattogram,Bandarban,Alikadam,Kurukpata,01,,,,Jira Para,জিরা পাড়া,KUR104,21.596294,92.365632,200,0,0,0,0,0,0,0,0,0,0,0,0,0,0,0,0,,,,
208,Bangladesh,Chattogram,Bandarban,Alikadam,Kurukpata,01,,,,Kainwai Para,কাইনওয়াই পাড়া,KUR105,21.574999,92.365925,65,0,0,0,0,0,0,0,0,0,0,0,0,0,0,0,0,,,,
209,Bangladesh,Chattogram,Bandarban,Alikadam,Kurukpata,01,,,,Krongleng Para,ক্রংলেং পাড়া,KUR106,21.558591,92.353276,250,0,0,0,0,0,0,0,0,0,0,0,0,0,0,0,0,,,,
210,Bangladesh,Chattogram,Bandarban,Alikadam,Kurukpata,01,,,,Lajain Para,লাজাইন পাড়া,KUR107,21.540259,92.361889,70,0,0,0,0,0,0,0,0,0,0,0,0,0,0,0,0,,,,
211,Bangladesh,Chattogram,Bandarban,Alikadam,Kurukpata,01,,,,Patui Para,পাতুই পাড়া,KUR108,21.545606,92.350826,40,0,0,0,0,0,0,0,0,0,0,0,0,0,0,0,0,,,,
212,Bangladesh,Chattogram,Bandarban,Alikadam,Kurukpata,01,,,,Pongdi Para,পংদি পাড়া,KUR109,21.554579,92.365505,40,0,0,0,0,0,0,0,0,0,0,0,0,0,0,0,0,,,,
213,Bangladesh,Chattogram,Bandarban,Alikadam,Kurukpata,01,,,,Rengaung Para/Ringrang Para,রেংঅং পাড়া/ রিংরাং পাড়া,KUR110,21.56755,92.354875,35,0,0,0,0,0,0,0,0,0,0,0,0,0,0,0,0,,,,
214,Bangladesh,Chattogram,Bandarban,Alikadam,Kurukpata,01,,,,Satirang Para,সাতিরাং পাড়া,KUR111,21.601858,92.354844,70,0,0,0,0,0,0,0,0,0,0,0,0,0,0,0,0,,,,
215,Bangladesh,Chattogram,Bandarban,Alikadam,Kurukpata,01,,,,Tailey Para/ Padui Para,তাইলে পাড়া/ পাদুই পাড়া,KUR112,21.550056,92.375544,15,0,0,0,0,0,0,0,0,0,0,0,0,0,0,0,0,,,,
216,Bangladesh,Chattogram,Bandarban,Alikadam,Kurukpata,01,,,,Janali Para Army Camp,জানালি পাড়া আর্মি ক্যাম্প,KUR113,21.601406,92.360672,30,0,0,0,0,0,0,0,0,0,0,0,0,0,0,0,0,,,,
217,Bangladesh,Chattogram,Bandarban,Alikadam,Kurukpata,02,,,,Jomiram Para,জমিরাম পাড়া,KUR201,21.568535,92.37783,120,0,0,0,0,0,0,0,0,0,0,0,0,0,0,0,0,,,,
218,Bangladesh,Chattogram,Bandarban,Alikadam,Kurukpata,02,,,,Kainpa Para,কাইনপা পাড়া,KUR202,21.603661,92.383864,50,0,0,0,0,0,0,0,0,0,0,0,0,0,0,0,0,,,,
219,Bangladesh,Chattogram,Bandarban,Alikadam,Kurukpata,02,,,,Kongthui Para,কংথুই পাড়া,KUR203,21.613279,92.371321,40,0,0,0,0,0,0,0,0,0,0,0,0,0,0,0,0,,,,
220,Bangladesh,Chattogram,Bandarban,Alikadam,Kurukpata,02,,,,Lailia Para,লাইলিয়া পাড়া,KUR204,21.604342,92.424567,65,0,0,0,0,0,0,0,0,0,0,0,0,0,0,0,0,,,,
221,Bangladesh,Chattogram,Bandarban,Alikadam,Kurukpata,02,,,,Menchom Para,মেনচম পাড়া,KUR205,21.586794,92.3865,40,0,0,0,0,0,0,0,0,0,0,0,0,0,0,0,0,,,,
222,Bangladesh,Chattogram,Bandarban,Alikadam,Kurukpata,02,,,,Mennik Para,মেন্নিক পাড়া,KUR206,21.570114,92.373739,70,0,0,0,0,0,0,0,0,0,0,0,0,0,0,0,0,,,,
223,Bangladesh,Chattogram,Bandarban,Alikadam,Kurukpata,02,,,,Neyabut Para,নেয়াবুত পাড়া,KUR207,21.611048,92.398677,25,0,0,0,0,0,0,0,0,0,0,0,0,0,0,0,0,,,,
224,Bangladesh,Chattogram,Bandarban,Alikadam,Kurukpata,02,,,,Nogosing Para,নগসিং পাড়া,KUR208,21.580264,92.385487,80,0,0,0,0,0,0,0,0,0,0,0,0,0,0,0,0,,,,
225,Bangladesh,Chattogram,Bandarban,Alikadam,Kurukpata,02,,,,Rumrong Para,রুমরং পাড়া,KUR209,21.607031,92.409543,70,0,0,0,0,0,0,0,0,0,0,0,0,0,0,0,0,,,,
226,Bangladesh,Chattogram,Bandarban,Alikadam,Kurukpata,02,,,,Ruiton Para,রুইতন পাড়া,KUR210,21.591222,92.428575,200,0,0,0,0,0,0,0,0,0,0,0,0,0,0,0,0,,,,
227,Bangladesh,Chattogram,Bandarban,Alikadam,Kurukpata,02,,,,Singreng Para,সিংরেং পাড়া,KUR211,21.59945,92.403082,50,0,0,0,0,0,0,0,0,0,0,0,0,0,0,0,0,,,,
228,Bangladesh,Chattogram,Bandarban,Alikadam,Kurukpata,02,,,,Tain Para,তাইন পাড়া,KUR212,21.598392,92.377882,110,0,0,0,0,0,0,0,0,0,0,0,0,0,0,0,0,,,,
229,Bangladesh,Chattogram,Bandarban,Alikadam,Kurukpata,02,,,,Yongnong Para,য়ংনং পাড়া,KUR213,21.592092,92.410575,150,0,0,0,0,0,0,0,0,0,0,0,0,0,0,0,0,,,,
230,Bangladesh,Chattogram,Bandarban,Alikadam,Kurukpata,03,,,,Boroi Murang/Mro Para,বরই মুরং/ম্রো পাড়া,KUR301,21.710244,92.423946,155,0,0,0,0,0,0,0,0,0,0,0,0,0,0,0,0,,,,
231,Bangladesh,Chattogram,Bandarban,Alikadam,Kurukpata,03,,,,Dochhari Bazar Para,দোছড়ি বাজার পাড়া,KUR302,21.661107,92.406271,256,0,0,0,0,0,0,0,0,0,0,0,0,0,0,0,0,,,,
232,Bangladesh,Chattogram,Bandarban,Alikadam,Kurukpata,03,,,,Dokhin Murang/Mro Para,দখিন মুরং/ম্রো পাড়া,KUR303,21.612705,92.444064,145,0,0,0,0,0,0,0,0,0,0,0,0,0,0,0,0,,,,
233,Bangladesh,Chattogram,Bandarban,Alikadam,Kurukpata,03,,,,Hajirang Tripura Para,হাঁজিরাং ত্রিপুরা পারা,KUR304,21.643635,92.426037,109,0,0,0,0,0,0,0,0,0,0,0,0,0,0,0,0,,,,
234,Bangladesh,Chattogram,Bandarban,Alikadam,Kurukpata,03,,,,Hatrang Tripura Para,হাঁতরাং ত্রিপুরা পাড়া,KUR305,21.705718,92.387217,129,0,0,0,0,0,0,0,0,0,0,0,0,0,0,0,0,,,,
235,Bangladesh,Chattogram,Bandarban,Alikadam,Kurukpata,03,,,,Jogotchondro Tripura Para,জগৎচন্দ্র ত্রিপুরা পাড়া,KUR306,21.661568,92.410105,177,0,0,0,0,0,0,0,0,0,0,0,0,0,0,0,0,,,,
236,Bangladesh,Chattogram,Bandarban,Alikadam,Kurukpata,03,,,,Jonachondro Tripura Para,জনাচন্দ্র ত্রিপুরা পাড়া,KUR307,21.594493,92.465086,155,0,0,0,0,0,0,0,0,0,0,0,0,0,0,0,0,,,,
237,Bangladesh,Chattogram,Bandarban,Alikadam,Kurukpata,03,,,,Monggol Murang/Mro Para,মঙ্গল মুরং/ম্রো পাড়া,KUR308,21.694451,92.418888,187,0,0,0,0,0,0,0,0,0,0,0,0,0,0,0,0,,,,
238,Bangladesh,Chattogram,Bandarban,Alikadam,Kurukpata,03,,,,Reingbok Murang/Mro Para,রেইংবুক মুরং/ম্রো পাড়া,KUR309,21.632411,92.433323,144,0,0,0,0,0,0,0,0,0,0,0,0,0,0,0,0,,,,
239,Bangladesh,Chattogram,Bandarban,Alikadam,Kurukpata,03,,,,Rengnik Murang/Mro Para,রেংনিক মুরং/ম্রো পাড়া,KUR310,21.627377,92.457473,100,0,0,0,0,0,0,0,0,0,0,0,0,0,0,0,0,,,,
240,Bangladesh,Chattogram,Bandarban,Alikadam,Kurukpata,04,,,,Bulaiya/Menliu Murang Para,বুলাইয়া/ মেনলিউ মুরং/ম্রো পাড়া,KUR401,21.603518,92.475546,195,0,0,0,0,0,0,0,0,0,0,0,0,0,0,0,0,,,,
241,Bangladesh,Chattogram,Bandarban,Alikadam,Kurukpata,04,,,,Chhakklam Murang/Mro Para,ছাকক্লাম মুরং/ম্রো পাড়া,KUR402,21.638456,92.447437,200,0,0,0,0,0,0,0,0,0,0,0,0,0,0,0,0,,,,
242,Bangladesh,Chattogram,Bandarban,Alikadam,Kurukpata,04,,,,Dumukkha Natun Para/ Rawyan Para,দুমুক্ষ্যা নতুন পাড়া/ রাওয়ান পাড়া,KUR403,21.63843,92.417024,120,0,0,0,0,0,0,0,0,0,0,0,0,0,0,0,0,,,,
243,Bangladesh,Chattogram,Bandarban,Alikadam,Kurukpata,04,,,,Dumukkha Puraton Para/ Thongpong Para,দুমুক্ষ্যা পুরাতন পাড়া/ থংপং পাড়া,KUR404,21.649352,92.417603,60,0,0,0,0,0,0,0,0,0,0,0,0,0,0,0,0,,,,
244,Bangladesh,Chattogram,Bandarban,Alikadam,Kurukpata,04,,,,Khamchong Murang/Mro Para,খামচং মুরং/ম্রো পাড়া,KUR405,21.669576,92.4506,68,0,0,0,0,0,0,0,0,0,0,0,0,0,0,0,0,,,,
245,Bangladesh,Chattogram,Bandarban,Alikadam,Kurukpata,04,,,,Kodom/ Parau Murang/Mro Para,কদম/ পারাউ মুরং/ম্রো পাড়া,KUR406,21.619369,92.476882,90,0,0,0,0,0,0,0,0,0,0,0,0,0,0,0,0,,,,
246,Bangladesh,Chattogram,Bandarban,Alikadam,Kurukpata,04,,,,Kratlai Murang/Mro Para,ক্রাতলাই মুরং/ম্রো পাড়া,KUR407,21.60975,92.493867,38,0,0,0,0,0,0,0,0,0,0,0,0,0,0,0,0,,,,
247,Bangladesh,Chattogram,Bandarban,Alikadam,Kurukpata,04,,,,Lokkhimoni Tongchangya Para,লক্ষিমনি তংচংগ্যা পাড়া,KUR408,21.643702,92.436267,102,0,0,0,0,0,0,0,0,0,0,0,0,0,0,0,0,,,,
248,Bangladesh,Chattogram,Bandarban,Alikadam,Kurukpata,04,,,,Menrot Murang/Mro Para,মেনরত মুরং/ম্রো পাড়া,KUR409,21.62241,92.45984,103,0,0,0,0,0,0,0,0,0,0,0,0,0,0,0,0,,,,
249,Bangladesh,Chattogram,Bandarban,Alikadam,Kurukpata,04,,,,Nilmoni Tongchangya Para,নিলমনি তংচংগ্যা পাড়া,KUR410,21.657101,92.435391,57,0,0,0,0,0,0,0,0,0,0,0,0,0,0,0,0,,,,
250,Bangladesh,Chattogram,Bandarban,Alikadam,Kurukpata,04,,,,Raitmoni Tongchangya Para,রাইতমনি তংচংগ্যা পাড়া,KUR411,21.65654,92.411865,200,0,0,0,0,0,0,0,0,0,0,0,0,0,0,0,0,,,,
251,Bangladesh,Chattogram,Bandarban,Alikadam,Kurukpata,04,,,,Raong Murang/Mro Para,রাঅং মুরং/ম্রো পাড়া,KUR412,21.627435,92.463311,170,0,0,0,0,0,0,0,0,0,0,0,0,0,0,0,0,,,,
252,Bangladesh,Chattogram,Bandarban,Alikadam,Kurukpata,04,,,,Thongoi Murang/Mro Para,থংগই মুরং/ম্রো পাড়া,KUR413,21.649117,92.454881,40,0,0,0,0,0,0,0,0,0,0,0,0,0,0,0,0,,,,
253,Bangladesh,Chattogram,Bandarban,Alikadam,Kurukpata,04,,,,Uchingda Tongchangya Para,উচিংদা তংচংগ্যা পাড়া,KUR414,21.663696,92.428347,45,0,0,0,0,0,0,0,0,0,0,0,0,0,0,0,0,,,,
254,Bangladesh,Chattogram,Bandarban,Alikadam,Kurukpata,04,,,,Dochhari Bazar Army Camp,দোছরী বাজার আর্মি ক্যাম্প,KUR415,21.660264,92.406031,30,0,0,0,0,0,0,0,0,0,0,0,0,0,0,0,0,,,,
255,Bangladesh,Chattogram,Bandarban,Alikadam,Kurukpata,05,,,,Bulai Para,বুলাই পাড়া,KUR501,21.562378,92.471533,85,0,0,0,0,0,0,0,0,0,0,0,0,0,0,0,0,,,,
256,Bangladesh,Chattogram,Bandarban,Alikadam,Kurukpata,05,,,,Chongreng Para,চংরেং পাড়া,KUR502,21.56806,92.449701,100,0,0,0,0,0,0,0,0,0,0,0,0,0,0,0,0,,,,
257,Bangladesh,Chattogram,Bandarban,Alikadam,Kurukpata,05,,,,Chongwai Para,চংওয়াই পাড়া,KUR503,21.577219,92.433248,105,0,0,0,0,0,0,0,0,0,0,0,0,0,0,0,0,,,,
258,Bangladesh,Chattogram,Bandarban,Alikadam,Kurukpata,05,,,,Dangling Para,দাংলীং পাড়া,KUR504,21.596213,92.445214,92,0,0,0,0,0,0,0,0,0,0,0,0,0,0,0,0,,,,
259,Bangladesh,Chattogram,Bandarban,Alikadam,Kurukpata,05,,,,Khidu Para,খিদু পাড়া,KUR505,21.53793,92.480926,350,0,0,0,0,0,0,0,0,0,0,0,0,0,0,0,0,,,,
260,Bangladesh,Chattogram,Bandarban,Alikadam,Kurukpata,05,,,,Komchong Para,কমচং পাড়া,KUR506,21.574984,92.477169,175,0,0,0,0,0,0,0,0,0,0,0,0,0,0,0,0,,,,
261,Bangladesh,Chattogram,Bandarban,Alikadam,Kurukpata,05,,,,Maikoya Para,মাইকোয়া পাড়া,KUR507,21.556395,92.522934,115,0,0,0,0,0,0,0,0,0,0,0,0,0,0,0,0,,,,
262,Bangladesh,Chattogram,Bandarban,Alikadam,Kurukpata,05,,,,Mangrum Para,মাংরুম পাড়া,KUR508,21.558476,92.472858,135,0,0,0,0,0,0,0,0,0,0,0,0,0,0,0,0,,,,
263,Bangladesh,Chattogram,Bandarban,Alikadam,Kurukpata,05,,,,Mendon Para,মেনদন পাড়া,KUR509,21.555929,92.451187,150,0,0,0,0,0,0,0,0,0,0,0,0,0,0,0,0,,,,
264,Bangladesh,Chattogram,Bandarban,Alikadam,Kurukpata,05,,,,Nanrao Para,নানরাও পাড়া,KUR510,21.576898,92.443378,90,0,0,0,0,0,0,0,0,0,0,0,0,0,0,0,0,,,,
265,Bangladesh,Chattogram,Bandarban,Alikadam,Kurukpata,05,,,,Ralai Para,রালাই পাড়া,KUR511,21.582048,92.458683,160,0,0,0,0,0,0,0,0,0,0,0,0,0,0,0,0,,,,
266,Bangladesh,Chattogram,Bandarban,Alikadam,Kurukpata,05,,,,Rengiyen Para,রেংইয়েন পাড়া,KUR512,21.547862,92.456364,85,0,0,0,0,0,0,0,0,0,0,0,0,0,0,0,0,,,,
267,Bangladesh,Chattogram,Bandarban,Alikadam,Kurukpata,05,,,,Youngcha/Menlio Para,য়ুংছা পাড়া/ মেনলিউ পাড়া,KUR513,21.558143,92.477076,175,0,0,0,0,0,0,0,0,0,0,0,0,0,0,0,0,,,,
268,Bangladesh,Chattogram,Bandarban,Alikadam,Kurukpata,05,,,,Bulai Para Army Camp,বুলাই পাড়া আর্মি ক্যাম্প,KUR514,21.554011,92.472953,40,0,0,0,0,0,0,0,0,0,0,0,0,0,0,0,0,,,,
269,Bangladesh,Chattogram,Bandarban,Alikadam,Kurukpata,06,,,,Alosomoni Para /Aungka Jai Para,অলস্যমনি পাড়া/অংক্যজাই পাড়া,KUR601,21.559432,92.413639,200,0,0,0,0,0,0,0,0,0,0,0,0,0,0,0,0,,,,
270,Bangladesh,Chattogram,Bandarban,Alikadam,Kurukpata,06,,,,Amen Para,আমেন পাড়া,KUR602,21.564715,92.400011,120,0,0,0,0,0,0,0,0,0,0,0,0,0,0,0,0,,,,
271,Bangladesh,Chattogram,Bandarban,Alikadam,Kurukpata,06,,,,Awai Para,আওয়াই পাড়া,KUR603,21.548411,92.411069,400,0,0,0,0,0,0,0,0,0,0,0,0,0,0,0,0,,,,
272,Bangladesh,Chattogram,Bandarban,Alikadam,Kurukpata,06,,,,Butu Para,বুতু পাড়া,KUR604,21.534173,92.440544,350,0,0,0,0,0,0,0,0,0,0,0,0,0,0,0,0,,,,
273,Bangladesh,Chattogram,Bandarban,Alikadam,Kurukpata,06,,,,Gulkum Para,গুল্কুম পাড়া,KUR605,21.575762,92.397528,90,0,0,0,0,0,0,0,0,0,0,0,0,0,0,0,0,,,,
274,Bangladesh,Chattogram,Bandarban,Alikadam,Kurukpata,06,,,,Kara Para,কারা পাড়া,KUR606,21.575347,92.409191,130,0,0,0,0,0,0,0,0,0,0,0,0,0,0,0,0,,,,
275,Bangladesh,Chattogram,Bandarban,Alikadam,Kurukpata,06,,,,Krilai Para,ক্রিলাই পাড়া,KUR607,21.557889,92.388955,50,0,0,0,0,0,0,0,0,0,0,0,0,0,0,0,0,,,,
276,Bangladesh,Chattogram,Bandarban,Alikadam,Kurukpata,06,,,,Kurukpata Bazar Para,কুরুকপাতা বাজার পাড়া,KUR608,21.547075,92.411467,150,0,0,0,0,0,0,0,0,0,0,0,0,0,0,0,0,,,,
277,Bangladesh,Chattogram,Bandarban,Alikadam,Kurukpata,06,,,,Lengtui Para,লেংতুই পাড়া,KUR609,21.539439,92.384327,80,0,0,0,0,0,0,0,0,0,0,0,0,0,0,0,0,,,,
278,Bangladesh,Chattogram,Bandarban,Alikadam,Kurukpata,06,,,,Mendong Para,মেনদং পাড়া,KUR610,21.543204,92.395139,60,0,0,0,0,0,0,0,0,0,0,0,0,0,0,0,0,,,,
279,Bangladesh,Chattogram,Bandarban,Alikadam,Kurukpata,06,,,,Menpak Para,মেনপাক পাড়া,KUR611,21.530824,92.402358,25,0,0,0,0,0,0,0,0,0,0,0,0,0,0,0,0,,,,
280,Bangladesh,Chattogram,Bandarban,Alikadam,Kurukpata,06,,,,Mentang Para,মেনতাং পাড়া,KUR612,21.550696,92.43901,45,0,0,0,0,0,0,0,0,0,0,0,0,0,0,0,0,,,,
281,Bangladesh,Chattogram,Bandarban,Alikadam,Kurukpata,06,,,,Mongbu Para,মংবু পাড়া,KUR613,21.561292,92.439443,30,0,0,0,0,0,0,0,0,0,0,0,0,0,0,0,0,,,,
282,Bangladesh,Chattogram,Bandarban,Alikadam,Kurukpata,06,,,,Mongkynu Para,মংক্যনু পাড়া,KUR614,21.553224,92.416752,30,0,0,0,0,0,0,0,0,0,0,0,0,0,0,0,0,,,,
283,Bangladesh,Chattogram,Bandarban,Alikadam,Kurukpata,06,,,,Paddi Para,পাদ্দি পাড়া,KUR615,21.582989,92.423883,100,0,0,0,0,0,0,0,0,0,0,0,0,0,0,0,0,,,,
284,Bangladesh,Chattogram,Bandarban,Alikadam,Kurukpata,06,,,,Rongrao Para/ Menrum Para,রংরাও পাড়া/ মেন্রুম পাড়া,KUR616,21.554272,92.419246,45,0,0,0,0,0,0,0,0,0,0,0,0,0,0,0,0,,,,
285,Bangladesh,Chattogram,Bandarban,Alikadam,Kurukpata,06,,,,Sonabi Para,সোনাবি পাড়া,KUR617,21.555297,92.417966,20,0,0,0,0,0,0,0,0,0,0,0,0,0,0,0,0,,,,
286,Bangladesh,Chattogram,Bandarban,Alikadam,Kurukpata,06,,,,Sotiram Para,সতিরাম পাড়া,KUR618,21.542524,92.419425,40,0,0,0,0,0,0,0,0,0,0,0,0,0,0,0,0,,,,
287,Bangladesh,Chattogram,Bandarban,Alikadam,Kurukpata,06,,,,Teccha/Thoiw Mong Para,তেচ্ছা/থৈয়ও মং পাড়া,KUR619,21.533097,92.453322,103,0,0,0,0,0,0,0,0,0,0,0,0,0,0,0,0,,,,
288,Bangladesh,Chattogram,Bandarban,Alikadam,Kurukpata,06,,,,Tongleng Para,তংলেং পাড়া,KUR620,21.56091,92.408331,200,0,0,0,0,0,0,0,0,0,0,0,0,0,0,0,0,,,,
289,Bangladesh,Chattogram,Bandarban,Alikadam,Kurukpata,06,,,,Mendong Para Army Camp,মেনদং পাড়া আর্মি ক্যাম্প,KUR621,21.540638,92.39925,40,0,0,0,0,0,0,0,0,0,0,0,0,0,0,0,0,,,,
290,Bangladesh,Chattogram,Bandarban,Alikadam,Kurukpata,06,,,,Krilai Para Bordar Guard Bangladesh Camp,ক্রিলাই পাড়া বর্ডার গার্ড বাংলাদেশ ক্যাম্প,KUR622,21.556962,92.390046,30,0,0,0,0,0,0,0,0,0,0,0,0,0,0,0,0,,,,
291,Bangladesh,Chattogram,Bandarban,Alikadam,Kurukpata,07,,,,Adui Para,আদুই পাড়া,KUR701,21.515868,92.451043,190,0,0,0,0,0,0,0,0,0,0,0,0,0,0,0,0,,,,
292,Bangladesh,Chattogram,Bandarban,Alikadam,Kurukpata,07,,,,Bheola Para,ভেওলা পাড়া,KUR702,21.51568,92.383636,180,0,0,0,0,0,0,0,0,0,0,0,0,0,0,0,0,,,,
293,Bangladesh,Chattogram,Bandarban,Alikadam,Kurukpata,07,,,,Bilrang Para,বিলরাং পাড়া,KUR703,21.52072,92.445057,160,0,0,0,0,0,0,0,0,0,0,0,0,0,0,0,0,,,,
294,Bangladesh,Chattogram,Bandarban,Alikadam,Kurukpata,07,,,,Chhola Para,ছলা পাড়া,KUR704,21.529753,92.464744,60,0,0,0,0,0,0,0,0,0,0,0,0,0,0,0,0,,,,
295,Bangladesh,Chattogram,Bandarban,Alikadam,Kurukpata,07,,,,Dubhasi Para,দুভাসি পাড়া,KUR705,21.487895,92.4175,40,0,0,0,0,0,0,0,0,0,0,0,0,0,0,0,0,,,,
296,Bangladesh,Chattogram,Bandarban,Alikadam,Kurukpata,07,,,,Dukkha Para,দুক্ষা পাড়া,KUR706,21.493935,92.407754,170,0,0,0,0,0,0,0,0,0,0,0,0,0,0,0,0,,,,
297,Bangladesh,Chattogram,Bandarban,Alikadam,Kurukpata,07,,,,Khorchong Para,খরচং পাড়া,KUR707,21.479985,92.402535,100,0,0,0,0,0,0,0,0,0,0,0,0,0,0,0,0,,,,
298,Bangladesh,Chattogram,Bandarban,Alikadam,Kurukpata,07,,,,Krongton Para,ক্রংতন পাড়া,KUR708,21.510689,92.395878,60,0,0,0,0,0,0,0,0,0,0,0,0,0,0,0,0,,,,
299,Bangladesh,Chattogram,Bandarban,Alikadam,Kurukpata,07,,,,Lelong Para,লেলং পাড়া,KUR709,21.502671,92.385722,210,0,0,0,0,0,0,0,0,0,0,0,0,0,0,0,0,,,,
300,Bangladesh,Chattogram,Bandarban,Alikadam,Kurukpata,07,,,,Menggi Para,মেনঙি পাড়া,KUR710,21.518993,92.429006,180,0,0,0,0,0,0,0,0,0,0,0,0,0,0,0,0,,,,
301,Bangladesh,Chattogram,Bandarban,Alikadam,Kurukpata,07,,,,Menliu Para,মেনলিউ পাড়া,KUR711,21.540603,92.431134,60,0,0,0,0,0,0,0,0,0,0,0,0,0,0,0,0,,,,
302,Bangladesh,Chattogram,Bandarban,Alikadam,Kurukpata,07,,,,Menyom Para,মেনয়ম পাড়া,KUR712,21.508589,92.42648,150,0,0,0,0,0,0,0,0,0,0,0,0,0,0,0,0,,,,
303,Bangladesh,Chattogram,Bandarban,Alikadam,Kurukpata,07,,,,Nepio Para,নেপিও পাড়া,KUR713,21.513297,92.415036,120,0,0,0,0,0,0,0,0,0,0,0,0,0,0,0,0,,,,
304,Bangladesh,Chattogram,Bandarban,Alikadam,Kurukpata,07,,,,Nongwai Para,নংওয়াই পাড়া,KUR714,21.528938,92.41432,70,0,0,0,0,0,0,0,0,0,0,0,0,0,0,0,0,,,,
305,Bangladesh,Chattogram,Bandarban,Alikadam,Kurukpata,07,,,,Ringlot Para,রিংলত পাড়া,KUR715,21.509012,92.451956,40,0,0,0,0,0,0,0,0,0,0,0,0,0,0,0,0,,,,
306,Bangladesh,Chattogram,Bandarban,Alikadam,Kurukpata,07,,,,Saknao Para,সাকনাও পাড়া,KUR716,21.487171,92.405799,80,0,0,0,0,0,0,0,0,0,0,0,0,0,0,0,0,,,,
307,Bangladesh,Chattogram,Bandarban,Alikadam,Kurukpata,07,,,,Buchitong Bordar Guard Bangladesh camp,বুচিতং বর্ডার গার্ড বাংলাদেশ ক্যাম্প,KUR717,21.491356,92.386199,45,0,0,0,0,0,0,0,0,0,0,0,0,0,0,0,0,,,,
308,Bangladesh,Chattogram,Bandarban,Alikadam,Kurukpata,08,,,,Aungowai Para,অংওয়াই পাড়া,KUR801,21.49514,92.486364,40,0,0,0,0,0,0,0,0,0,0,0,0,0,0,0,0,,,,
309,Bangladesh,Chattogram,Bandarban,Alikadam,Kurukpata,08,,,,Biddyamoni Para,বিদ্যামনি পাড়া,KUR802,21.495056,92.428885,90,0,0,0,0,0,0,0,0,0,0,0,0,0,0,0,0,,,,
310,Bangladesh,Chattogram,Bandarban,Alikadam,Kurukpata,08,,,,Chingdi Para,চিংদি পাড়া,KUR803,21.447778,92.437467,70,0,0,0,0,0,0,0,0,0,0,0,0,0,0,0,0,,,,
311,Bangladesh,Chattogram,Bandarban,Alikadam,Kurukpata,08,,,,Dangku Para,ডাংকু পাড়া,KUR804,21.505417,92.499087,80,0,0,0,0,0,0,0,0,0,0,0,0,0,0,0,0,,,,
312,Bangladesh,Chattogram,Bandarban,Alikadam,Kurukpata,08,,,,Hatirbazar Para,হাতিবাজার পাড়া,KUR805,21.476902,92.446838,100,0,0,0,0,0,0,0,0,0,0,0,0,0,0,0,0,,,,
313,Bangladesh,Chattogram,Bandarban,Alikadam,Kurukpata,08,,,,Klongklang Para,ক্লংক্লাং পাড়া,KUR806,21.498983,92.485774,60,0,0,0,0,0,0,0,0,0,0,0,0,0,0,0,0,,,,
314,Bangladesh,Chattogram,Bandarban,Alikadam,Kurukpata,08,,,,Langpung Para,লাংপুং পাড়া,KUR807,21.467415,92.456547,60,0,0,0,0,0,0,0,0,0,0,0,0,0,0,0,0,,,,
315,Bangladesh,Chattogram,Bandarban,Alikadam,Kurukpata,08,,,,Malirang Para,মালিরাং পাড়া,KUR808,21.456809,92.45374,80,0,0,0,0,0,0,0,0,0,0,0,0,0,0,0,0,,,,
316,Bangladesh,Chattogram,Bandarban,Alikadam,Kurukpata,08,,,,Mangkrat Para,মাংক্রাত পাড়া,KUR809,21.474683,92.43437,200,0,0,0,0,0,0,0,0,0,0,0,0,0,0,0,0,,,,
317,Bangladesh,Chattogram,Bandarban,Alikadam,Kurukpata,08,,,,Menle Para,মেনলে পাড়া,KUR810,21.459043,92.461132,90,0,0,0,0,0,0,0,0,0,0,0,0,0,0,0,0,,,,
318,Bangladesh,Chattogram,Bandarban,Alikadam,Kurukpata,08,,,,Menpat Para,মেনপাত পাড়া,KUR811,21.496597,92.460075,120,0,0,0,0,0,0,0,0,0,0,0,0,0,0,0,0,,,,
319,Bangladesh,Chattogram,Bandarban,Alikadam,Kurukpata,08,,,,Menrai Para,মেনরাই পাড়া,KUR812,21.482297,92.470322,100,0,0,0,0,0,0,0,0,0,0,0,0,0,0,0,0,,,,
320,Bangladesh,Chattogram,Bandarban,Alikadam,Kurukpata,08,,,,Nodorang Para/ Dugechandra Para/ Subash Para,নদরাং পাড়া/ দুগীচন্দ্র পাড়া/ সুবাস পাড়া,KUR814,21.45681,92.454972,80,0,0,0,0,0,0,0,0,0,0,0,0,0,0,0,0,,,,
321,Bangladesh,Chattogram,Bandarban,Alikadam,Kurukpata,08,,,,Patui Para,পাতুই পাড়া,KUR815,21.49243,92.440261,70,0,0,0,0,0,0,0,0,0,0,0,0,0,0,0,0,,,,
322,Bangladesh,Chattogram,Bandarban,Alikadam,Kurukpata,08,,,,Powamuhori Bazar,পোয়ামহুরী বাজার,KUR816,21.468444,92.450693,50,0,0,0,0,0,0,0,0,0,0,0,0,0,0,0,0,,,,
323,Bangladesh,Chattogram,Bandarban,Alikadam,Kurukpata,08,,,,Tonleng Para,তনলেং পাড়া,KUR817,21.456136,92.45154,200,0,0,0,0,0,0,0,0,0,0,0,0,0,0,0,0,,,,
324,Bangladesh,Chattogram,Bandarban,Alikadam,Kurukpata,08,,,,Tula Para,তুলা পাড়া,KUR818,21.481545,92.464099,180,0,0,0,0,0,0,0,0,0,0,0,0,0,0,0,0,,,,
325,Bangladesh,Chattogram,Bandarban,Alikadam,Kurukpata,08,,,,Yaring Para,ইয়ারিং পাড়া,KUR819,21.46398,92.419627,220,0,0,0,0,0,0,0,0,0,0,0,0,0,0,0,0,,,,
326,Bangladesh,Chattogram,Bandarban,Alikadam,Kurukpata,08,,,,Powamuhori Bordar Guard Bangladesh Camp,পোয়ামহুরী বর্ডার গার্ড বাংলাদেশ ক্যাম্প,KUR820,21.46716,92.406674,50,0,0,0,0,0,0,0,0,0,0,0,0,0,0,0,0,,,,
327,Bangladesh,Chattogram,Bandarban,Alikadam,Kurukpata,08,,,,Powamuhori Army Camp,পোয়ামহুরী আর্মি ক্যাম্প,KUR821,21.468769,92.446357,50,0,0,0,0,0,0,0,0,0,0,0,0,0,0,0,0,,,,
328,Bangladesh,Chattogram,Bandarban,Alikadam,Kurukpata,09,,,,Andali Para,আন্দালী পাড়া,KUR901,21.414543,92.526888,140,0,0,0,0,0,0,0,0,0,0,0,0,0,0,0,0,,,,
329,Bangladesh,Chattogram,Bandarban,Alikadam,Kurukpata,09,,,,Anum Para,আনুম পাড়া,KUR902,21.436169,92.542258,70,0,0,0,0,0,0,0,0,0,0,0,0,0,0,0,0,,,,
330,Bangladesh,Chattogram,Bandarban,Alikadam,Kurukpata,09,,,,Didur Para,দিদুর পাড়া,KUR903,21.398465,92.481636,158,0,0,0,0,0,0,0,0,0,0,0,0,0,0,0,0,,,,
331,Bangladesh,Chattogram,Bandarban,Alikadam,Kurukpata,09,,,,Fatra Para,ফাত্রা পাড়া,KUR904,21.378339,92.493773,70,0,0,0,0,0,0,0,0,0,0,0,0,0,0,0,0,,,,
332,Bangladesh,Chattogram,Bandarban,Alikadam,Kurukpata,09,,,,Indupachha Para,ইন্দুপাচ্ছ পাড়া,KUR905,21.437591,92.473469,90,0,0,0,0,0,0,0,0,0,0,0,0,0,0,0,0,,,,
333,Bangladesh,Chattogram,Bandarban,Alikadam,Kurukpata,09,,,,Kampuk Para,কামপুক পাড়া,KUR906,21.427932,92.450262,60,0,0,0,0,0,0,0,0,0,0,0,0,0,0,0,0,,,,
334,Bangladesh,Chattogram,Bandarban,Alikadam,Kurukpata,09,,,,Kongyeng Para,কংয়েং পাড়া,KUR907,21.400126,92.495179,200,0,0,0,0,0,0,0,0,0,0,0,0,0,0,0,0,,,,
335,Bangladesh,Chattogram,Bandarban,Alikadam,Kurukpata,09,,,,Langchong Para,লাংচং পাড়া,KUR908,21.409278,92.512671,30,0,0,0,0,0,0,0,0,0,0,0,0,0,0,0,0,,,,
336,Bangladesh,Chattogram,Bandarban,Alikadam,Kurukpata,09,,,,Langthuyain Para,লাংথুয়াইন পাড়া,KUR909,21.468918,92.508108,120,0,0,0,0,0,0,0,0,0,0,0,0,0,0,0,0,,,,
337,Bangladesh,Chattogram,Bandarban,Alikadam,Kurukpata,09,,,,Machkom Para,মাছকোম পাড়া,KUR910,21.407816,92.488458,60,0,0,0,0,0,0,0,0,0,0,0,0,0,0,0,0,,,,
338,Bangladesh,Chattogram,Bandarban,Alikadam,Kurukpata,09,,,,Maran Para,মারান পাড়া,KUR911,21.451009,92.487514,180,0,0,0,0,0,0,0,0,0,0,0,0,0,0,0,0,,,,
339,Bangladesh,Chattogram,Bandarban,Alikadam,Kurukpata,09,,,,Menlang Para,মেনলাং পাড়া,KUR912,21.416565,92.477683,30,0,0,0,0,0,0,0,0,0,0,0,0,0,0,0,0,,,,
340,Bangladesh,Chattogram,Bandarban,Alikadam,Kurukpata,09,,,,Moroni Para,মরনী পাড়া,KUR913,21.395122,92.451193,150,0,0,0,0,0,0,0,0,0,0,0,0,0,0,0,0,,,,
341,Bangladesh,Chattogram,Bandarban,Alikadam,Kurukpata,09,,,,Neyadui Para,নেয়াদুই পাড়া,KUR914,21.413319,92.453755,162,0,0,0,0,0,0,0,0,0,0,0,0,0,0,0,0,,,,
342,Bangladesh,Chattogram,Bandarban,Alikadam,Kurukpata,09,,,,Pahar Bhanga Para,পাহার ভাঙ্গা পাড়া,KUR915,21.401439,92.49386,70,0,0,0,0,0,0,0,0,0,0,0,0,0,0,0,0,,,,
343,Bangladesh,Chattogram,Bandarban,Alikadam,Kurukpata,09,,,,Pale Para,পালে পাড়া,KUR916,21.428324,92.499723,140,0,0,0,0,0,0,0,0,0,0,0,0,0,0,0,0,,,,
344,Bangladesh,Chattogram,Bandarban,Alikadam,Kurukpata,09,,,,Rengyok Para,রেংয়ক পাড়া,KUR917,21.395732,92.522622,100,0,0,0,0,0,0,0,0,0,0,0,0,0,0,0,0,,,,
345,Bangladesh,Chattogram,Bandarban,Alikadam,Kurukpata,09,,,,Ruiton Para,রুইতন পাড়া,KUR918,21.450229,92.510482,80,0,0,0,0,0,0,0,0,0,0,0,0,0,0,0,0,,,,
346,Bangladesh,Chattogram,Bandarban,Alikadam,Kurukpata,09,,,,Sakpung Para,সাকপুং পাড়া,KUR919,21.425396,92.465902,60,0,0,0,0,0,0,0,0,0,0,0,0,0,0,0,0,,,,
347,Bangladesh,Chattogram,Bandarban,Alikadam,Kurukpata,09,,,,Singuya Para,সিংগুয়া পাড়া,KUR920,21.378696,92.494158,40,0,0,0,0,0,0,0,0,0,0,0,0,0,0,0,0,,,,
348,Bangladesh,Chattogram,Bandarban,Alikadam,Kurukpata,09,,,,Young A Para/ Sindhu Para,ইয়ংএ পাড়া / সিন্দু পাড়া,KUR921,21.430717,92.471214,220,0,0,0,0,0,0,0,0,0,0,0,0,0,0,0,0,,,,
349,Bangladesh,Chattogram,Bandarban,Alikadam,Kurukpata,09,,,,Choto Augla Bordar Guard Bangladesh Camp,ছোট অগলা বর্ডার গার্ড বাংলাদেশ ক্যাম্প,KUR922,21.420533,92.446045,45,0,0,0,0,0,0,0,0,0,0,0,0,0,0,0,0,,,,
350,Bangladesh,Chattogram,Bandarban,Alikadam,Kurukpata,09,,,,Moromi Para Bordar Guard Bangladesh Camp,মরমী পাড়া বর্ডার গার্ড বাংলাদেশ ক্যাম্প,KUR923,21.39126,92.452558,45,0,0,0,0,0,0,0,0,0,0,0,0,0,0,0,0,,,,
351,Bangladesh,Chattogram,Bandarban,Alikadam,Nayapara,01,,,,Achhad Ali Para,আছদ আলী পাড়া,NAY101,21.661103,92.293203,70,0,0,0,0,0,0,0,0,0,0,0,0,0,0,0,0,,,,
352,Bangladesh,Chattogram,Bandarban,Alikadam,Nayapara,01,,,,Kalar Jhiri Abbas Karbari Para,কলার ঝিরি আব্বাস কারবারি পাড়া,NAY102,21.660027,92.282193,500,0,0,0,0,0,0,0,0,0,0,0,0,0,0,0,0,,,,
353,Bangladesh,Chattogram,Bandarban,Alikadam,Nayapara,01,,,,Karmakar Para,কর্মকার পাড়া,NAY103,21.66258,92.287848,50,0,0,0,0,0,0,0,0,0,0,0,0,0,0,0,0,,,,
354,Bangladesh,Chattogram,Bandarban,Alikadam,Nayapara,01,,,,Mangal Jhiri Chakma Para,মংঙ্গল ঝিরি চাকমা পাড়া,NAY104,21.647448,92.271406,45,0,0,0,0,0,0,0,0,0,0,0,0,0,0,0,0,,,,
355,Bangladesh,Chattogram,Bandarban,Alikadam,Nayapara,01,,,,Thanda Jhiri Murong Para,ঠাণ্ডা ঝিরি মুরুং পাড়া,NAY105,21.643853,92.272323,100,0,0,0,0,0,0,0,0,0,0,0,0,0,0,0,0,,,,
356,Bangladesh,Chattogram,Bandarban,Alikadam,Nayapara,02,,,,Barisal Para,বরিশাল পাড়া,NAY201,21.643461,92.291857,90,0,0,0,0,0,0,0,0,0,0,0,0,0,0,0,0,,,,
357,Bangladesh,Chattogram,Bandarban,Alikadam,Nayapara,02,,,,Marma Para,মার্মা পাড়া,NAY202,21.649612,92.303196,200,0,0,0,0,0,0,0,0,0,0,0,0,0,0,0,0,,,,
358,Bangladesh,Chattogram,Bandarban,Alikadam,Nayapara,02,,,,Mongcha Para,মংচা পাড়া,NAY203,21.647761,92.301381,200,0,0,0,0,0,0,0,0,0,0,0,0,0,0,0,0,,,,
359,Bangladesh,Chattogram,Bandarban,Alikadam,Nayapara,02,,,,Mostak Karbari Para,মোস্তাক কারবারি পাড়া,NAY204,21.652098,92.295971,350,0,0,0,0,0,0,0,0,0,0,0,0,0,0,0,0,,,,
360,Bangladesh,Chattogram,Bandarban,Alikadam,Nayapara,02,,,,Muslim Para,মুসলিম পাড়া,NAY205,21.648129,92.297915,600,0,0,0,0,0,0,0,0,0,0,0,0,0,0,0,0,,,,
361,Bangladesh,Chattogram,Bandarban,Alikadam,Nayapara,02,,,,Moheshing Marma Rubber Bagan,মহেশিং মার্মা রাবার বাগান,NAY206,21.643328,92.295366,20,0,0,0,0,0,0,0,0,0,0,0,0,0,0,0,0,,,,
362,Bangladesh,Chattogram,Bandarban,Alikadam,Nayapara,03,,,,Basudeb Karbari Para,বাসুদেব কারবারি পাড়া,NAY301,21.634631,92.286869,250,0,0,0,0,0,0,0,0,0,0,0,0,0,0,0,0,,,,
363,Bangladesh,Chattogram,Bandarban,Alikadam,Nayapara,03,,,,Chayemuruag Para,চায়েমুরুং পাড়া,NAY302,21.635721,92.278232,80,0,0,0,0,0,0,0,0,0,0,0,0,0,0,0,0,,,,
364,Bangladesh,Chattogram,Bandarban,Alikadam,Nayapara,03,,,,Jogendra Karbari Para,যোগেন্দ্র কারবারি পাড়া,NAY303,21.637849,92.291342,350,0,0,0,0,0,0,0,0,0,0,0,0,0,0,0,0,,,,
365,Bangladesh,Chattogram,Bandarban,Alikadam,Nayapara,03,,,,Rohini Mohon Karbari Para,রোহিনী মোহন কারবারি পাড়া,NAY304,21.640933,92.278214,150,0,0,0,0,0,0,0,0,0,0,0,0,0,0,0,0,,,,
366,Bangladesh,Chattogram,Bandarban,Alikadam,Nayapara,04,,,,Abbas Karbari Para,আব্বাস কারবারি পাড়া,NAY401,21.638878,92.306845,375,0,0,0,0,0,0,0,0,0,0,0,0,0,0,0,0,,,,
367,Bangladesh,Chattogram,Bandarban,Alikadam,Nayapara,04,,,,Boshir Karbari Para,বশির কারবারি পাড়া,NAY402,21.639294,92.298188,240,0,0,0,0,0,0,0,0,0,0,0,0,0,0,0,0,,,,
368,Bangladesh,Chattogram,Bandarban,Alikadam,Nayapara,04,,,,Dakkhin Bagan Para,দক্ষিণ বাগান পাড়া,NAY403,21.63584,92.307578,200,0,0,0,0,0,0,0,0,0,0,0,0,0,0,0,0,,,,
369,Bangladesh,Chattogram,Bandarban,Alikadam,Nayapara,04,,,,Natun Boshir Para,নতুন বশির পাড়া,NAY404,21.636194,92.302875,600,0,0,0,0,0,0,0,0,0,0,0,0,0,0,0,0,,,,
370,Bangladesh,Chattogram,Bandarban,Alikadam,Nayapara,04,,,,Surjomoni Para,সূর্য্যমনি পাড়া,NAY405,21.641,92.302392,650,0,0,0,0,0,0,0,0,0,0,0,0,0,0,0,0,,,,
371,Bangladesh,Chattogram,Bandarban,Alikadam,Nayapara,05,,,,Bagan Para,বাগান পাড়া,NAY501,21.635457,92.309089,150,0,0,0,0,0,0,0,0,0,0,0,0,0,0,0,0,,,,
372,Bangladesh,Chattogram,Bandarban,Alikadam,Nayapara,05,,,,Dakkhin Bagan Para,দক্ষিণ বাগান পাড়া,NAY502,21.633973,92.308186,230,0,0,0,0,0,0,0,0,0,0,0,0,0,0,0,0,,,,
373,Bangladesh,Chattogram,Bandarban,Alikadam,Nayapara,05,,,,Idris Karbari Para,ইদ্রিস কারবারি পাড়া,NAY503,21.63974,92.310118,700,0,0,0,0,0,0,0,0,0,0,0,0,0,0,0,0,,,,
374,Bangladesh,Chattogram,Bandarban,Alikadam,Nayapara,05,,,,Mokter Sardar Para,মোক্তার সর্দার পাড়া,NAY504,21.633943,92.312408,700,0,0,0,0,0,0,0,0,0,0,0,0,0,0,0,0,,,,
375,Bangladesh,Chattogram,Bandarban,Alikadam,Nayapara,05,,,,Najir Member Para,নজির মেম্বার পাড়া,NAY505,21.638063,92.312022,500,0,0,0,0,0,0,0,0,0,0,0,0,0,0,0,0,,,,
376,Bangladesh,Chattogram,Bandarban,Alikadam,Nayapara,05,,,,Ranjit Mahajon Para,রঞ্জিত মহাজন পাড়া,NAY506,21.637325,92.311104,230,0,0,0,0,0,0,0,0,0,0,0,0,0,0,0,0,,,,
377,Bangladesh,Chattogram,Bandarban,Alikadam,Nayapara,05,,,,Noyapara BGB Camp,নয়াপাড়া বিজিবি ক্যাম্প,NAY507,21.63232,92.307185,100,0,0,0,0,0,0,0,0,0,0,0,0,0,0,0,0,,,,
378,Bangladesh,Chattogram,Bandarban,Alikadam,Nayapara,06,,,,Amtali Banpur Chakma Para,আমতলী বনপুর চাকমা পাড়া,NAY601,21.640254,92.339477,60,0,0,0,0,0,0,0,0,0,0,0,0,0,0,0,0,,,,
379,Bangladesh,Chattogram,Bandarban,Alikadam,Nayapara,06,,,,Amtalir Char,আমতলীর চর,NAY602,21.646809,92.338202,50,0,0,0,0,0,0,0,0,0,0,0,0,0,0,0,0,,,,
380,Bangladesh,Chattogram,Bandarban,Alikadam,Nayapara,06,,,,Babu Parar Uttar Ongsho,বাবু পাড়ার উত্তর অংশ,NAY603,21.628553,92.318195,200,0,0,0,0,0,0,0,0,0,0,0,0,0,0,0,0,,,,
381,Bangladesh,Chattogram,Bandarban,Alikadam,Nayapara,06,,,,Dakkhin Nayapara,দক্ষিণ নয়াপাড়া,NAY604,21.629353,92.31572,250,0,0,0,0,0,0,0,0,0,0,0,0,0,0,0,0,,,,
382,Bangladesh,Chattogram,Bandarban,Alikadam,Nayapara,06,,,,Nayaparar Char,নয়াপাড়ার চর,NAY605,21.634824,92.318438,35,0,0,0,0,0,0,0,0,0,0,0,0,0,0,0,0,,,,
383,Bangladesh,Chattogram,Bandarban,Alikadam,Nayapara,06,,,,Sarda Para,সারদা পাড়া,NAY606,21.642494,92.328005,88,0,0,0,0,0,0,0,0,0,0,0,0,0,0,0,0,,,,
384,Bangladesh,Chattogram,Bandarban,Alikadam,Nayapara,07,,,,Banik Para,বণিক পাড়া,NAY701,21.63629,92.316156,250,0,0,0,0,0,0,0,0,0,0,0,0,0,0,0,0,,,,
385,Bangladesh,Chattogram,Bandarban,Alikadam,Nayapara,07,,,,Ishhak Karbari Para,ইছহাক কারবারি পাড়া,NAY702,21.640179,92.314762,560,0,0,0,0,0,0,0,0,0,0,0,0,0,0,0,0,,,,
386,Bangladesh,Chattogram,Bandarban,Alikadam,Nayapara,07,,,,Mokter Sardar Para,মোক্তার সর্দার পাড়া,NAY703,21.634378,92.314685,200,0,0,0,0,0,0,0,0,0,0,0,0,0,0,0,0,,,,
387,Bangladesh,Chattogram,Bandarban,Alikadam,Nayapara,07,,,,Wayaihla Karbari Para,ওয়াইহ্লা কারবারি পাড়া,NAY704,21.639446,92.317784,480,0,0,0,0,0,0,0,0,0,0,0,0,0,0,0,0,,,,
388,Bangladesh,Chattogram,Bandarban,Alikadam,Nayapara,08,,,,Babu Para,বাবু পাড়া,NAY801,21.627468,92.31875,700,0,0,0,0,0,0,0,0,0,0,0,0,0,0,0,0,,,,
389,Bangladesh,Chattogram,Bandarban,Alikadam,Nayapara,08,,,,Buchhi Para,বুছি পাড়া,NAY802,21.619176,92.319725,300,0,0,0,0,0,0,0,0,0,0,0,0,0,0,0,0,,,,
390,Bangladesh,Chattogram,Bandarban,Alikadam,Nayapara,08,,,,Kaingwayai Karbari Para,কাইংওয়াই কারবারি পাড়া,NAY803,21.605672,92.293927,400,0,0,0,0,0,0,0,0,0,0,0,0,0,0,0,0,,,,
391,Bangladesh,Chattogram,Bandarban,Alikadam,Nayapara,08,,,,Mangpaikhei Karbari Para,মাংপাইখেই কারবারি পাড়া,NAY804,21.595152,92.325957,40,0,0,0,0,0,0,0,0,0,0,0,0,0,0,0,0,,,,
392,Bangladesh,Chattogram,Bandarban,Alikadam,Nayapara,08,,,,Mangye Karbari Para,মাংএ কারবারি পাড়া,NAY805,21.606181,92.32242,50,0,0,0,0,0,0,0,0,0,0,0,0,0,0,0,0,,,,
393,Bangladesh,Chattogram,Bandarban,Alikadam,Nayapara,08,,,,Mellum Karbari Para,মেল্লুম কারবারি পাড়া,NAY806,21.605732,92.266455,40,0,0,0,0,0,0,0,0,0,0,0,0,0,0,0,0,,,,
394,Bangladesh,Chattogram,Bandarban,Alikadam,Nayapara,08,,,,Menchhing Karbari Para,মেনছিং কারবারি পাড়া,NAY807,21.591459,92.306414,250,0,0,0,0,0,0,0,0,0,0,0,0,0,0,0,0,,,,
395,Bangladesh,Chattogram,Bandarban,Alikadam,Nayapara,08,,,,Menthok Para,মেনথক পাড়া,NAY808,21.59826,92.299573,350,0,0,0,0,0,0,0,0,0,0,0,0,0,0,0,0,,,,
396,Bangladesh,Chattogram,Bandarban,Alikadam,Nayapara,08,,,,Murongjhiri Kayingye Para,মুরুংঝিরি কাইংয়ে পাড়া,NAY809,21.615714,92.285292,25,0,0,0,0,0,0,0,0,0,0,0,0,0,0,0,0,,,,
397,Bangladesh,Chattogram,Bandarban,Alikadam,Nayapara,08,,,,Padong Karbari Para,পাদং কারবারি পাড়া,NAY810,21.607533,92.323401,60,0,0,0,0,0,0,0,0,0,0,0,0,0,0,0,0,,,,
398,Bangladesh,Chattogram,Bandarban,Alikadam,Nayapara,08,,,,Paring Karbari Para,পারিং কারবারি পাড়া,NAY811,21.593858,92.309896,60,0,0,0,0,0,0,0,0,0,0,0,0,0,0,0,0,,,,
399,Bangladesh,Chattogram,Bandarban,Alikadam,Nayapara,08,,,,Compong Karbari Para,কমপং কারবারি পাড়া,NAY812,21.603042,92.294033,50,0,0,0,0,0,0,0,0,0,0,0,0,0,0,0,0,,,,
400,Bangladesh,Chattogram,Bandarban,Alikadam,Nayapara,08,,,,Saklang Karbari Para,সাকলাং কারবারি পাড়া,NAY813,21.581572,92.324866,35,0,0,0,0,0,0,0,0,0,0,0,0,0,0,0,0,,,,
401,Bangladesh,Chattogram,Bandarban,Alikadam,Nayapara,09,,,,Begra Para,বেগ্রা পাড়া,NAY901,21.610836,92.349908,40,0,0,0,0,0,0,0,0,0,0,0,0,0,0,0,0,,,,
402,Bangladesh,Chattogram,Bandarban,Alikadam,Nayapara,09,,,,Janali Para,জানালী পাড়া,NAY902,21.614143,92.334414,175,0,0,0,0,0,0,0,0,0,0,0,0,0,0,0,0,,,,
403,Bangladesh,Chattogram,Bandarban,Alikadam,Nayapara,09,,,,Kaimen Para,কাইমেন পাড়া,NAY903,21.580984,92.34687,125,0,0,0,0,0,0,0,0,0,0,0,0,0,0,0,0,,,,
404,Bangladesh,Chattogram,Bandarban,Alikadam,Nayapara,09,,,,Khethding Para,খেতদিং পাড়া,NAY904,21.601812,92.34087,220,0,0,0,0,0,0,0,0,0,0,0,0,0,0,0,0,,,,
405,Bangladesh,Chattogram,Bandarban,Alikadam,Nayapara,09,,,,Kriway Para,ক্রিওয়াই পাড়া,NAY905,21.590115,92.341794,40,0,0,0,0,0,0,0,0,0,0,0,0,0,0,0,0,,,,
406,Bangladesh,Chattogram,Bandarban,Alikadam,Nayapara,09,,,,Mendon Para,মেনদন পাড়া,NAY906,21.600934,92.337423,40,0,0,0,0,0,0,0,0,0,0,0,0,0,0,0,0,,,,
407,Bangladesh,Chattogram,Bandarban,Alikadam,Nayapara,09,,,,Merinchar Kaingkok Para,মেরিনচর কাইংকক পাড়া,NAY907,21.61209,92.34613,200,0,0,0,0,0,0,0,0,0,0,0,0,0,0,0,0,,,,
408,Bangladesh,Chattogram,Bandarban,Alikadam,Nayapara,09,,,,Merinchar Songkraaung Para,মেরিনচর সংক্রাঅং পাড়া,NAY908,21.611782,92.347512,200,0,0,0,0,0,0,0,0,0,0,0,0,0,0,0,0,,,,
409,Bangladesh,Chattogram,Bandarban,Alikadam,Nayapara,09,,,,Saklang para,সাকলাং পাড়া,NAY909,21.57125,92.327666,60,0,0,0,0,0,0,0,0,0,0,0,0,0,0,0,0,,,,
410,Bangladesh,Chattogram,Bandarban,Bandarban Sadar,Bandarban Pourasabha,01,,,,Bazar Elaka,বাজার এলাকা,BAM101,22.214203,92.211,300,0,0,0,0,0,0,0,0,0,0,0,0,0,0,0,0,,,,
411,Bangladesh,Chattogram,Bandarban,Bandarban Sadar,Bandarban Pourasabha,01,,,,Dinej Kabiraj Para,দিনেজ কবিরাজ পাড়া,BAM102,22.215495,92.209,150,0,0,0,0,0,0,0,0,0,0,0,0,0,0,0,0,,,,
412,Bangladesh,Chattogram,Bandarban,Bandarban Sadar,Bandarban Pourasabha,01,,,,Fazar Ali Para,ফজর আলী পাড়া,BAM103,22.212175,92.215,100,0,0,0,0,0,0,0,0,0,0,0,0,0,0,0,0,,,,
413,Bangladesh,Chattogram,Bandarban,Bandarban Sadar,Bandarban Pourasabha,01,,,,Godar Para,গোদার পাড়া,BAM104,22.215341,92.207,100,0,0,0,0,0,0,0,0,0,0,0,0,0,0,0,0,,,,
414,Bangladesh,Chattogram,Bandarban,Bandarban Sadar,Bandarban Pourasabha,01,,,,Haji Para,হাজী পাড়া,BAM105,22.215827,92.208,150,0,0,0,0,0,0,0,0,0,0,0,0,0,0,0,0,,,,
415,Bangladesh,Chattogram,Bandarban,Bandarban Sadar,Bandarban Pourasabha,01,,,,Highschool Elaka,হাইস্কুল এলাকা,BAM106,22.217534,92.21,200,0,0,0,0,0,0,0,0,0,0,0,0,0,0,0,0,,,,
416,Bangladesh,Chattogram,Bandarban,Bandarban Sadar,Bandarban Pourasabha,01,,,,Hindu Para,হিন্দু পাড়া,BAM107,22.217475,92.207,1000,0,0,0,0,0,0,0,0,0,0,0,0,0,0,0,0,,,,
417,Bangladesh,Chattogram,Bandarban,Bandarban Sadar,Bandarban Pourasabha,01,,,,Karbari Para,কারবারি পাড়া,BAM108,22.215545,92.211,500,0,0,0,0,0,0,0,0,0,0,0,0,0,0,0,0,,,,
418,Bangladesh,Chattogram,Bandarban,Bandarban Sadar,Bandarban Pourasabha,01,,,,Kespro Para,কেসপ্রো পাড়া,BAM109,22.216937,92.211,250,0,0,0,0,0,0,0,0,0,0,0,0,0,0,0,0,,,,
419,Bangladesh,Chattogram,Bandarban,Bandarban Sadar,Bandarban Pourasabha,01,,,,Lemujhiri Para,লেমুঝিরি পাড়া,BAM110,22.214525,92.214,60,0,0,0,0,0,0,0,0,0,0,0,0,0,0,0,0,,,,
420,Bangladesh,Chattogram,Bandarban,Bandarban Sadar,Bandarban Pourasabha,01,,,,Modhyam Balaghata Para,মধ্যম বালাঘাটা পাড়া,BAM111,22.220448,92.206,500,0,0,0,0,0,0,0,0,0,0,0,0,0,0,0,0,,,,
421,Bangladesh,Chattogram,Bandarban,Bandarban Sadar,Bandarban Pourasabha,01,,,,Pashchim Balaghata Para,পশ্চিম বালাঘাটা পাড়া,BAM112,22.222734,92.202,1000,0,0,0,0,0,0,0,0,0,0,0,0,0,0,0,0,,,,
422,Bangladesh,Chattogram,Bandarban,Bandarban Sadar,Bandarban Pourasabha,01,,,,Purba Balaghata Para,পূর্ব বালাঘাটা পাড়া,BAM113,22.217421,92.214,400,0,0,0,0,0,0,0,0,0,0,0,0,0,0,0,0,,,,
423,Bangladesh,Chattogram,Bandarban,Bandarban Sadar,Bandarban Pourasabha,01,,,,Sugandha Abashik Elaka,সুগন্ধা আবাসিক এলাকা,BAM114,22.214236,92.212,200,0,0,0,0,0,0,0,0,0,0,0,0,0,0,0,0,,,,
424,Bangladesh,Chattogram,Bandarban,Bandarban Sadar,Bandarban Pourasabha,01,,,,Sunil Tongchangya Para,সুনিল তংচংগ্যা পাড়া,BAM115,22.215827,92.207,250,0,0,0,0,0,0,0,0,0,0,0,0,0,0,0,0,,,,
425,Bangladesh,Chattogram,Bandarban,Bandarban Sadar,Bandarban Pourasabha,01,,,,Tongchangya Para,তংচংগ্যা পাড়া,BAM116,22.214644,92.207,50,0,0,0,0,0,0,0,0,0,0,0,0,0,0,0,0,,,,
426,Bangladesh,Chattogram,Bandarban,Bandarban Sadar,Bandarban Pourasabha,01,,,,Ukkechhing Para,উক্কেছিং পাড়া,BAM117,22.216639,92.21,600,0,0,0,0,0,0,0,0,0,0,0,0,0,0,0,0,,,,
427,Bangladesh,Chattogram,Bandarban,Bandarban Sadar,Bandarban Pourasabha,01,,,,Police Line,পুলিশ লাইন,BAM118,22.211872,92.212,1000,0,0,0,0,0,0,0,0,0,0,0,0,0,0,0,0,,,,
428,Bangladesh,Chattogram,Bandarban,Bandarban Sadar,Bandarban Pourasabha,02,,,,Balaghata Bazar Elaka,বালাঘাটা বাজার এলাকা,BAM201,22.213673,92.21,300,0,0,0,0,0,0,0,0,0,0,0,0,0,0,0,0,,,,
429,Bangladesh,Chattogram,Bandarban,Bandarban Sadar,Bandarban Pourasabha,02,,,,Balaghata Haji Para,বালাঘাটা হাজী পাড়া,BAM202,22.202599,92.218,450,0,0,0,0,0,0,0,0,0,0,0,0,0,0,0,0,,,,
430,Bangladesh,Chattogram,Bandarban,Bandarban Sadar,Bandarban Pourasabha,02,,,,Bashundhara Abashik Elaka,বসুন্ধরা আবাসিক এলাকা,BAM203,22.209219,92.214,150,0,0,0,0,0,0,0,0,0,0,0,0,0,0,0,0,,,,
431,Bangladesh,Chattogram,Bandarban,Bandarban Sadar,Bandarban Pourasabha,02,,,,Bhhorakhali Road Dakkhin Area,ভরাখালী রোড দক্ষিণ এলাকা,BAM204,22.214452,92.208,300,0,0,0,0,0,0,0,0,0,0,0,0,0,0,0,0,,,,
432,Bangladesh,Chattogram,Bandarban,Bandarban Sadar,Bandarban Pourasabha,02,,,,Chaigya Mahajon Para,চাইগ্যা মহাজন পাড়া,BAM205,22.208685,92.212,60,0,0,0,0,0,0,0,0,0,0,0,0,0,0,0,0,,,,
433,Bangladesh,Chattogram,Bandarban,Bandarban Sadar,Bandarban Pourasabha,02,,,,Chitrasen Baiddya Para,চিত্রসেন বৈদ্য পাড়া,BAM206,22.20383,92.217,300,0,0,0,0,0,0,0,0,0,0,0,0,0,0,0,0,,,,
434,Bangladesh,Chattogram,Bandarban,Bandarban Sadar,Bandarban Pourasabha,02,,,,Ejahar Colony Para,এজাহার কলোনী পাড়া,BAM207,22.206949,92.216,350,0,0,0,0,0,0,0,0,0,0,0,0,0,0,0,0,,,,
435,Bangladesh,Chattogram,Bandarban,Bandarban Sadar,Bandarban Pourasabha,02,,,,Fazar Ali Para,ফজর আলী পাড়া,BAM208,22.211025,92.215,300,0,0,0,0,0,0,0,0,0,0,0,0,0,0,0,0,,,,
436,Bangladesh,Chattogram,Bandarban,Bandarban Sadar,Bandarban Pourasabha,02,,,,Gunguni Mahajon Tongchangya Para,গুনগুনি মহাজন তংচংগ্যা পাড়া,BAM209,22.214765,92.21,400,0,0,0,0,0,0,0,0,0,0,0,0,0,0,0,0,,,,
437,Bangladesh,Chattogram,Bandarban,Bandarban Sadar,Bandarban Pourasabha,02,,,,Horticulture Area,হর্টিকালচার এলাকা,BAM210,22.210647,92.21,1000,0,0,0,0,0,0,0,0,0,0,0,0,0,0,0,0,,,,
438,Bangladesh,Chattogram,Bandarban,Bandarban Sadar,Bandarban Pourasabha,02,,,,Islampur Para,ইসলামপুর পাড়া,BAM211,22.213561,92.208,200,0,0,0,0,0,0,0,0,0,0,0,0,0,0,0,0,,,,
439,Bangladesh,Chattogram,Bandarban,Bandarban Sadar,Bandarban Pourasabha,02,,,,Lal Miyar Char Elaka,লাল মিয়ার চর এলাকা,BAM212,22.205742,92.21,250,0,0,0,0,0,0,0,0,0,0,0,0,0,0,0,0,,,,
440,Bangladesh,Chattogram,Bandarban,Bandarban Sadar,Bandarban Pourasabha,02,,,,MDS Elaka,এমডিএস এলাকা,BAM213,22.207375,92.214,200,0,0,0,0,0,0,0,0,0,0,0,0,0,0,0,0,,,,
441,Bangladesh,Chattogram,Bandarban,Bandarban Sadar,Bandarban Pourasabha,02,,,,Mourati Karbari Para,মৌরতি কারবারি পাড়া,BAM214,22.206386,92.217,300,0,0,0,0,0,0,0,0,0,0,0,0,0,0,0,0,,,,
442,Bangladesh,Chattogram,Bandarban,Bandarban Sadar,Bandarban Pourasabha,02,,,,Shoiloshova Abashik Elaka,শৈলসভা আবাসিক এলাকা,BAM215,22.212394,92.209,600,0,0,0,0,0,0,0,0,0,0,0,0,0,0,0,0,,,,
443,Bangladesh,Chattogram,Bandarban,Bandarban Sadar,Bandarban Pourasabha,02,,,,Bandarban Senanibash,বান্দরবান সেনানিবাস,BAM216,22.204481,92.214,3000,0,0,0,0,0,0,0,0,0,0,0,0,0,0,0,0,,,,
444,Bangladesh,Chattogram,Bandarban,Bandarban Sadar,Bandarban Pourasabha,03,,,,Alam Nagar,আলম নগর,BAM301,22.201413,92.229,70,0,0,0,0,0,0,0,0,0,0,0,0,0,0,0,0,,,,
445,Bangladesh,Chattogram,Bandarban,Bandarban Sadar,Bandarban Pourasabha,03,,,,Aungchoitong Para,অংচইতং পাড়া,BAM302,22.19207,92.235,100,0,0,0,0,0,0,0,0,0,0,0,0,0,0,0,0,,,,
446,Bangladesh,Chattogram,Bandarban,Bandarban Sadar,Bandarban Pourasabha,03,,,,Barua Para,বড়ুয়া পাড়া,BAM303,22.192893,92.234,250,0,0,0,0,0,0,0,0,0,0,0,0,0,0,0,0,,,,
447,Bangladesh,Chattogram,Bandarban,Bandarban Sadar,Bandarban Pourasabha,03,,,,Baruar Tek,বড়ুয়ার ট্যাক,BAM304,22.191877,92.232,200,0,0,0,0,0,0,0,0,0,0,0,0,0,0,0,0,,,,
448,Bangladesh,Chattogram,Bandarban,Bandarban Sadar,Bandarban Pourasabha,03,,,,Bazar Elaka,বাজার এলাকা,BAM305,22.194016,92.229,200,0,0,0,0,0,0,0,0,0,0,0,0,0,0,0,0,,,,
449,Bangladesh,Chattogram,Bandarban,Bandarban Sadar,Bandarban Pourasabha,03,,,,Bir Bahadur Nagar,বীর বাহা্দুর নগর,BAM306,22.189802,92.231,250,0,0,0,0,0,0,0,0,0,0,0,0,0,0,0,0,,,,
450,Bangladesh,Chattogram,Bandarban,Bandarban Sadar,Bandarban Pourasabha,03,,,,Brick Field Elaka,ব্রিক ফিল্ড এলাকা,BAM307,22.188732,92.232,100,0,0,0,0,0,0,0,0,0,0,0,0,0,0,0,0,,,,
451,Bangladesh,Chattogram,Bandarban,Bandarban Sadar,Bandarban Pourasabha,03,,,,Dakkhin Jele Para,দক্ষিণ জেলে পাড়া,BAM308,22.190581,92.229,100,0,0,0,0,0,0,0,0,0,0,0,0,0,0,0,0,,,,
452,Bangladesh,Chattogram,Bandarban,Bandarban Sadar,Bandarban Pourasabha,03,,,,Driver Para,ড্রাইভার পাড়া,BAM309,22.197154,92.231,180,0,0,0,0,0,0,0,0,0,0,0,0,0,0,0,0,,,,
453,Bangladesh,Chattogram,Bandarban,Bandarban Sadar,Bandarban Pourasabha,03,,,,Fakirer Tila,ফকিরের টিলা,BAM310,22.19509,92.234,120,0,0,0,0,0,0,0,0,0,0,0,0,0,0,0,0,,,,
454,Bangladesh,Chattogram,Bandarban,Bandarban Sadar,Bandarban Pourasabha,03,,,,Fanchi Ghona,ফানচি ঘোনা,BAM311,22.194089,92.236,180,0,0,0,0,0,0,0,0,0,0,0,0,0,0,0,0,,,,
455,Bangladesh,Chattogram,Bandarban,Bandarban Sadar,Bandarban Pourasabha,03,,,,Gorzoniya Para,গর্জনিয়া পাড়া,BAM312,22.197045,92.229,250,0,0,0,0,0,0,0,0,0,0,0,0,0,0,0,0,,,,
456,Bangladesh,Chattogram,Bandarban,Bandarban Sadar,Bandarban Pourasabha,03,,,,Jafar Karbari Para,জাফর কারবারি পাড়া,BAM313,22.197833,92.229,300,0,0,0,0,0,0,0,0,0,0,0,0,0,0,0,0,,,,
457,Bangladesh,Chattogram,Bandarban,Bandarban Sadar,Bandarban Pourasabha,03,,,,Jele Para,জেলে পাড়া,BAM314,22.193419,92.229,300,0,0,0,0,0,0,0,0,0,0,0,0,0,0,0,0,,,,
458,Bangladesh,Chattogram,Bandarban,Bandarban Sadar,Bandarban Pourasabha,03,,,,Kalaghata Godar Para,কালাঘাটা গোদার পাড়া,BAM315,22.188046,92.236,180,0,0,0,0,0,0,0,0,0,0,0,0,0,0,0,0,,,,
459,Bangladesh,Chattogram,Bandarban,Bandarban Sadar,Bandarban Pourasabha,03,,,,Kashem Para,কাশেম পাড়া,BAM316,22.187447,92.231,80,0,0,0,0,0,0,0,0,0,0,0,0,0,0,0,0,,,,
460,Bangladesh,Chattogram,Bandarban,Bandarban Sadar,Bandarban Pourasabha,03,,,,Liyakot Para,লিয়াকত পাড়া,BAM317,22.195887,92.229,250,0,0,0,0,0,0,0,0,0,0,0,0,0,0,0,0,,,,
461,Bangladesh,Chattogram,Bandarban,Bandarban Sadar,Bandarban Pourasabha,03,,,,Modhyam Jele Para,মধ্যম জেলে পাড়া,BAM318,22.192017,92.229,100,0,0,0,0,0,0,0,0,0,0,0,0,0,0,0,0,,,,
462,Bangladesh,Chattogram,Bandarban,Bandarban Sadar,Bandarban Pourasabha,03,,,,Mongkeo Ghona Para,মংকেও ঘোনা পাড়া,BAM319,22.202106,92.226,50,0,0,0,0,0,0,0,0,0,0,0,0,0,0,0,0,,,,
463,Bangladesh,Chattogram,Bandarban,Bandarban Sadar,Bandarban Pourasabha,03,,,,Ranir Char,রানীর চর,BAM320,22.191147,92.237,200,0,0,0,0,0,0,0,0,0,0,0,0,0,0,0,0,,,,
464,Bangladesh,Chattogram,Bandarban,Bandarban Sadar,Bandarban Pourasabha,03,,,,Rowangchhari Bus Stand,রোয়াংছড়ি বাস স্ট্যান্ড,BAM321,22.201466,92.219,250,0,0,0,0,0,0,0,0,0,0,0,0,0,0,0,0,,,,
465,Bangladesh,Chattogram,Bandarban,Bandarban Sadar,Bandarban Pourasabha,03,,,,Sarkari Shishu Paribar Elaka,সরকারী শিশু পরিবার এলাকা,BAM322,22.19072,92.235,100,0,0,0,0,0,0,0,0,0,0,0,0,0,0,0,0,,,,
466,Bangladesh,Chattogram,Bandarban,Bandarban Sadar,Bandarban Pourasabha,03,,,,Segun Bagicha,সেগুন বাগিচা,BAM323,22.198248,92.216,150,0,0,0,0,0,0,0,0,0,0,0,0,0,0,0,0,,,,
467,Bangladesh,Chattogram,Bandarban,Bandarban Sadar,Bandarban Pourasabha,03,,,,Tripura Para,ত্রিপুরা পাড়া,BAM324,22.194626,92.229,325,0,0,0,0,0,0,0,0,0,0,0,0,0,0,0,0,,,,
468,Bangladesh,Chattogram,Bandarban,Bandarban Sadar,Bandarban Pourasabha,03,,,,Unmukto Bishwabidyaloy Elaka,উন্মুক্ত বিশ্ববিদ্যালয় এলাকা,BAM325,22.19252,92.233,1500,0,0,0,0,0,0,0,0,0,0,0,0,0,0,0,0,,,,
469,Bangladesh,Chattogram,Bandarban,Bandarban Sadar,Bandarban Pourasabha,04,,,,Bandarban Bazar Elaka,বান্দরবান বাজার এলাকা,BAM401,22.196804,92.218,2000,0,0,0,0,0,0,0,0,0,0,0,0,0,0,0,0,,,,
470,Bangladesh,Chattogram,Bandarban,Bandarban Sadar,Bandarban Pourasabha,04,,,,Boat Ghata Para,বোট ঘাটা পাড়া,BAM402,22.197737,92.218,150,0,0,0,0,0,0,0,0,0,0,0,0,0,0,0,0,,,,
471,Bangladesh,Chattogram,Bandarban,Bandarban Sadar,Bandarban Pourasabha,04,,,,Chairman Para,চেয়ারম্যান পাড়া,BAM403,22.19588,92.22,500,0,0,0,0,0,0,0,0,0,0,0,0,0,0,0,0,,,,
472,Bangladesh,Chattogram,Bandarban,Bandarban Sadar,Bandarban Pourasabha,04,,,,Dhopa Pukur Par,ধোপা পুকুর পাড়,BAM404,22.196683,92.22,150,0,0,0,0,0,0,0,0,0,0,0,0,0,0,0,0,,,,
473,Bangladesh,Chattogram,Bandarban,Bandarban Sadar,Bandarban Pourasabha,04,,,,Kola Para and Keang Vita,কলা পাড়া ও কিয়াং ভিটা,BAM405,22.19568,92.221,400,0,0,0,0,0,0,0,0,0,0,0,0,0,0,0,0,,,,
474,Bangladesh,Chattogram,Bandarban,Bandarban Sadar,Bandarban Pourasabha,04,,,,Modhyam Para,মধ্যম পাড়া,BAM406,22.199305,92.22,700,0,0,0,0,0,0,0,0,0,0,0,0,0,0,0,0,,,,
475,Bangladesh,Chattogram,Bandarban,Bandarban Sadar,Bandarban Pourasabha,04,,,,Modhyam Para Nodir Par,মধ্যম পাড়া নদীর পাড়,BAM407,22.199483,92.219,800,0,0,0,0,0,0,0,0,0,0,0,0,0,0,0,0,,,,
476,Bangladesh,Chattogram,Bandarban,Bandarban Sadar,Bandarban Pourasabha,04,,,,Nappi Ghata Para,নাপ্পি ঘাটা পাড়া,BAM408,22.197434,92.218,100,0,0,0,0,0,0,0,0,0,0,0,0,0,0,0,0,,,,
477,Bangladesh,Chattogram,Bandarban,Bandarban Sadar,Bandarban Pourasabha,04,,,,Rajbari and Highschool Elaka,রাজবাড়ী ও হাইস্কুল এলাকা,BAM409,22.197637,92.219,200,0,0,0,0,0,0,0,0,0,0,0,0,0,0,0,0,,,,
478,Bangladesh,Chattogram,Bandarban,Bandarban Sadar,Bandarban Pourasabha,05,,,,Barisal Para,বরিশাল পাড়া,BAM501,22.199845,92.221,700,0,0,0,0,0,0,0,0,0,0,0,0,0,0,0,0,,,,
479,Bangladesh,Chattogram,Bandarban,Bandarban Sadar,Bandarban Pourasabha,05,,,,Dakkhin Nodir Par,দক্ষিণ নদীর পাড়,BAM502,22.200282,92.222,500,0,0,0,0,0,0,0,0,0,0,0,0,0,0,0,0,,,,
480,Bangladesh,Chattogram,Bandarban,Bandarban Sadar,Bandarban Pourasabha,05,,,,Kiyang Elaka,কিয়াং এলাকা,BAM503,22.197744,92.224,400,0,0,0,0,0,0,0,0,0,0,0,0,0,0,0,0,,,,
481,Bangladesh,Chattogram,Bandarban,Bandarban Sadar,Bandarban Pourasabha,05,,,,Mission Elaka,মিশন এলাকা,BAM504,22.195994,92.224,100,0,0,0,0,0,0,0,0,0,0,0,0,0,0,0,0,,,,
482,Bangladesh,Chattogram,Bandarban,Bandarban Sadar,Bandarban Pourasabha,05,,,,Modhyam Para,মধ্যম পাড়া,BAM505,22.198622,92.221,1000,0,0,0,0,0,0,0,0,0,0,0,0,0,0,0,0,,,,
483,Bangladesh,Chattogram,Bandarban,Bandarban Sadar,Bandarban Pourasabha,05,,,,Rajbari Elaka,রাজবাড়ী এলাকা,BAM506,22.198288,92.222,80,0,0,0,0,0,0,0,0,0,0,0,0,0,0,0,0,,,,
484,Bangladesh,Chattogram,Bandarban,Bandarban Sadar,Bandarban Pourasabha,05,,,,Sawmil Elaka,সমিল এলাকা,BAM507,22.197577,92.225,700,0,0,0,0,0,0,0,0,0,0,0,0,0,0,0,0,,,,
485,Bangladesh,Chattogram,Bandarban,Bandarban Sadar,Bandarban Pourasabha,05,,,,Ujani Para,উজানি পাড়া,BAM508,22.199233,92.223,350,0,0,0,0,0,0,0,0,0,0,0,0,0,0,0,0,,,,
486,Bangladesh,Chattogram,Bandarban,Bandarban Sadar,Bandarban Pourasabha,05,,,,Ujani Para Bisic Elaka,উজানি পাড়া বিসিক এলাকা,BAM509,22.198277,92.225,600,0,0,0,0,0,0,0,0,0,0,0,0,0,0,0,0,,,,
487,Bangladesh,Chattogram,Bandarban,Bandarban Sadar,Bandarban Pourasabha,05,,,,Uttar Nodir Par,উত্তর নদীর পাড়,BAM510,22.199731,92.224,400,0,0,0,0,0,0,0,0,0,0,0,0,0,0,0,0,,,,
488,Bangladesh,Chattogram,Bandarban,Bandarban Sadar,Bandarban Pourasabha,05,,,,Zadi Para,জাদি পাড়া,BAM511,22.19638,92.222,500,0,0,0,0,0,0,0,0,0,0,0,0,0,0,0,0,,,,
489,Bangladesh,Chattogram,Bandarban,Bandarban Sadar,Bandarban Pourasabha,06,,,,Arif Nagar Elaka,আরিফ নগর এলাকা,BAM601,22.176479,92.228,300,0,0,0,0,0,0,0,0,0,0,0,0,0,0,0,0,,,,
490,Bangladesh,Chattogram,Bandarban,Bandarban Sadar,Bandarban Pourasabha,06,,,,Banarupa Para,বনরুপা পাড়া,BAM602,22.187839,92.221,2000,0,0,0,0,0,0,0,0,0,0,0,0,0,0,0,0,,,,
491,Bangladesh,Chattogram,Bandarban,Bandarban Sadar,Bandarban Pourasabha,06,,,,Fire Service Elaka,ফায়ার সার্ভিস এলাকা,BAM603,22.193848,92.224,600,0,0,0,0,0,0,0,0,0,0,0,0,0,0,0,0,,,,
492,Bangladesh,Chattogram,Bandarban,Bandarban Sadar,Bandarban Pourasabha,06,,,,Ghona Para,ঘোনা পাড়া,BAM604,22.192491,92.221,400,0,0,0,0,0,0,0,0,0,0,0,0,0,0,0,0,,,,
493,Bangladesh,Chattogram,Bandarban,Bandarban Sadar,Bandarban Pourasabha,06,,,,Haspatal Elaka,হাসপাতাল এলাকা,BAM605,22.18958,92.226,300,0,0,0,0,0,0,0,0,0,0,0,0,0,0,0,0,,,,
494,Bangladesh,Chattogram,Bandarban,Bandarban Sadar,Bandarban Pourasabha,06,,,,Hazera Ma Tag Para,হাজেরা মা ট্যাগ পাড়া,BAM606,22.178616,92.23,200,0,0,0,0,0,0,0,0,0,0,0,0,0,0,0,0,,,,
495,Bangladesh,Chattogram,Bandarban,Bandarban Sadar,Bandarban Pourasabha,06,,,,Jailkhanar Elaka,জেলখানার এলাকা,BAM607,22.190866,92.225,800,0,0,0,0,0,0,0,0,0,0,0,0,0,0,0,0,,,,
496,Bangladesh,Chattogram,Bandarban,Bandarban Sadar,Bandarban Pourasabha,06,,,,Jalalabad Para,জালালাবাদ পাড়া,BAM608,22.184118,92.228,800,0,0,0,0,0,0,0,0,0,0,0,0,0,0,0,0,,,,
497,Bangladesh,Chattogram,Bandarban,Bandarban Sadar,Bandarban Pourasabha,06,,,,Jele Para,জেলে পাড়া,BAM609,22.181849,92.23,800,0,0,0,0,0,0,0,0,0,0,0,0,0,0,0,0,,,,
498,Bangladesh,Chattogram,Bandarban,Bandarban Sadar,Bandarban Pourasabha,06,,,,Kesing Ghata Elaka,কেসিং ঘাটা এলাকা,BAM610,22.183927,92.23,400,0,0,0,0,0,0,0,0,0,0,0,0,0,0,0,0,,,,
499,Bangladesh,Chattogram,Bandarban,Bandarban Sadar,Bandarban Pourasabha,06,,,,Kesing Para,কেসিং পাড়া,BAM611,22.180964,92.229,300,0,0,0,0,0,0,0,0,0,0,0,0,0,0,0,0,,,,
500,Bangladesh,Chattogram,Bandarban,Bandarban Sadar,Bandarban Pourasabha,06,,,,New Gulshan Para,নিউ গুলশান পাড়া,BAM612,22.187562,92.227,800,0,0,0,0,0,0,0,0,0,0,0,0,0,0,0,0,,,,
501,Bangladesh,Chattogram,Bandarban,Bandarban Sadar,Bandarban Pourasabha,06,,,,Natun Para,নতুন পাড়া,BAM613,22.179951,92.227,1500,0,0,0,0,0,0,0,0,0,0,0,0,0,0,0,0,,,,
502,Bangladesh,Chattogram,Bandarban,Bandarban Sadar,Bandarban Pourasabha,06,,,,Noa Para,নোয়া পাড়া,BAM614,22.193928,92.221,500,0,0,0,0,0,0,0,0,0,0,0,0,0,0,0,0,,,,
503,Bangladesh,Chattogram,Bandarban,Bandarban Sadar,Bandarban Pourasabha,06,,,,Siddique Nagar Para,সিদ্দিক নগর পাড়া,BAM615,22.183654,92.224,600,0,0,0,0,0,0,0,0,0,0,0,0,0,0,0,0,,,,
504,Bangladesh,Chattogram,Bandarban,Bandarban Sadar,Bandarban Pourasabha,06,,,,Stadium Elaka,স্টেডিয়াম এলাকা,BAM616,22.19188,92.222,900,0,0,0,0,0,0,0,0,0,0,0,0,0,0,0,0,,,,
505,Bangladesh,Chattogram,Bandarban,Bandarban Sadar,Bandarban Pourasabha,06,,,,Sudhangshu Para,শুধাংশু পাড়া,BAM617,22.19047,92.223,500,0,0,0,0,0,0,0,0,0,0,0,0,0,0,0,0,,,,
506,Bangladesh,Chattogram,Bandarban,Bandarban Sadar,Bandarban Pourasabha,06,,,,Town Hall Elaka,টাউন হল এলাকা,BAM618,22.195482,92.222,300,0,0,0,0,0,0,0,0,0,0,0,0,0,0,0,0,,,,
507,Bangladesh,Chattogram,Bandarban,Bandarban Sadar,Bandarban Pourasabha,07,,,,Army Para Elaka,আর্মি পাড়া এলাকা,BAM701,22.192231,92.217,2500,0,0,0,0,0,0,0,0,0,0,0,0,0,0,0,0,,,,
508,Bangladesh,Chattogram,Bandarban,Bandarban Sadar,Bandarban Pourasabha,07,,,,K.G. School Elaka,কে. জি. স্কুল এলাকা,BAM702,22.194283,92.218,1000,0,0,0,0,0,0,0,0,0,0,0,0,0,0,0,0,,,,
509,Bangladesh,Chattogram,Bandarban,Bandarban Sadar,Bandarban Pourasabha,07,,,,Math Elaka,মাঠ এলাকা,BAM703,22.191069,92.217,500,0,0,0,0,0,0,0,0,0,0,0,0,0,0,0,0,,,,
510,Bangladesh,Chattogram,Bandarban,Bandarban Sadar,Bandarban Pourasabha,07,,,,Sher-E-Bangla Nagar Elaka,শের-ই-বাংলা নগর এলাকা,BAM704,22.190153,92.216,2500,0,0,0,0,0,0,0,0,0,0,0,0,0,0,0,0,,,,
511,Bangladesh,Chattogram,Bandarban,Bandarban Sadar,Bandarban Pourasabha,08,,,,Barisal Para,বরিশাল পাড়া,BAM801,22.186398,92.216,1500,0,0,0,0,0,0,0,0,0,0,0,0,0,0,0,0,,,,
512,Bangladesh,Chattogram,Bandarban,Bandarban Sadar,Bandarban Pourasabha,08,,,,Bus Station Para,বাস স্টেশন পাড়া,BAM802,22.188785,92.215,70,0,0,0,0,0,0,0,0,0,0,0,0,0,0,0,0,,,,
513,Bangladesh,Chattogram,Bandarban,Bandarban Sadar,Bandarban Pourasabha,08,,,,Chandabaj Para,চান্দাবাজ পাড়া,BAM803,22.183702,92.216,300,0,0,0,0,0,0,0,0,0,0,0,0,0,0,0,0,,,,
514,Bangladesh,Chattogram,Bandarban,Bandarban Sadar,Bandarban Pourasabha,08,,,,Hafez Ghona,হাফেজ ঘোনা,BAM804,22.187369,92.218,2000,0,0,0,0,0,0,0,0,0,0,0,0,0,0,0,0,,,,
515,Bangladesh,Chattogram,Bandarban,Bandarban Sadar,Bandarban Pourasabha,08,,,,Haji Nabab Mia Para,হাজী নবাব মিয়া পাড়া,BAM805,22.184374,92.214,70,0,0,0,0,0,0,0,0,0,0,0,0,0,0,0,0,,,,
516,Bangladesh,Chattogram,Bandarban,Bandarban Sadar,Bandarban Pourasabha,08,,,,Member Para,মেম্বার পাড়া,BAM806,22.192155,92.219,1500,0,0,0,0,0,0,0,0,0,0,0,0,0,0,0,0,,,,
517,Bangladesh,Chattogram,Bandarban,Bandarban Sadar,Bandarban Pourasabha,09,,,,Amtali Para,আমতলী পাড়া,BAM901,22.184177,92.21,480,0,0,0,0,0,0,0,0,0,0,0,0,0,0,0,0,,,,
518,Bangladesh,Chattogram,Bandarban,Bandarban Sadar,Bandarban Pourasabha,09,,,,Banani Choumil,বনানী চৌমিল,BAM902,22.19294,92.214,300,0,0,0,0,0,0,0,0,0,0,0,0,0,0,0,0,,,,
519,Bangladesh,Chattogram,Bandarban,Bandarban Sadar,Bandarban Pourasabha,09,,,,Chairman Bagan,চেয়ারম্যান বাগান,BAM903,22.183016,92.197,350,0,0,0,0,0,0,0,0,0,0,0,0,0,0,0,0,,,,
520,Bangladesh,Chattogram,Bandarban,Bandarban Sadar,Bandarban Pourasabha,09,,,,Forest Colony,ফরেস্ট কলোনী,BAM904,22.195454,92.211,100,0,0,0,0,0,0,0,0,0,0,0,0,0,0,0,0,,,,
521,Bangladesh,Chattogram,Bandarban,Bandarban Sadar,Bandarban Pourasabha,09,,,,Haji Para,হাজী পাড়া,BAM905,22.199358,92.209,110,0,0,0,0,0,0,0,0,0,0,0,0,0,0,0,0,,,,
522,Bangladesh,Chattogram,Bandarban,Bandarban Sadar,Bandarban Pourasabha,09,,,,Islampur Para,ইসলামপুর পাড়া,BAM906,22.192177,92.212,350,0,0,0,0,0,0,0,0,0,0,0,0,0,0,0,0,,,,
523,Bangladesh,Chattogram,Bandarban,Bandarban Sadar,Bandarban Pourasabha,09,,,,Jalalabad Para,জালালাবাদ পাড়া,BAM907,22.203306,92.208,450,0,0,0,0,0,0,0,0,0,0,0,0,0,0,0,0,,,,
524,Bangladesh,Chattogram,Bandarban,Bandarban Sadar,Bandarban Pourasabha,09,,,,Joutha Khamar,যৌথ খামার,BAM908,22.182068,92.2,200,0,0,0,0,0,0,0,0,0,0,0,0,0,0,0,0,,,,
525,Bangladesh,Chattogram,Bandarban,Bandarban Sadar,Bandarban Pourasabha,09,,,,Kabiraj Para,কবিরাজ পাড়া,BAM909,22.19321,92.215,150,0,0,0,0,0,0,0,0,0,0,0,0,0,0,0,0,,,,
526,Bangladesh,Chattogram,Bandarban,Bandarban Sadar,Bandarban Pourasabha,09,,,,Kashem Para,কাশেম পাড়া,BAM910,22.188996,92.213,800,0,0,0,0,0,0,0,0,0,0,0,0,0,0,0,0,,,,
527,Bangladesh,Chattogram,Bandarban,Bandarban Sadar,Bandarban Pourasabha,09,,,,Koshai Para,কসাই পাড়া,BAM911,22.185877,92.212,350,0,0,0,0,0,0,0,0,0,0,0,0,0,0,0,0,,,,
528,Bangladesh,Chattogram,Bandarban,Bandarban Sadar,Bandarban Pourasabha,09,,,,Lal Bridge Elaka,লাল ব্রীজ এলাকা,BAM912,22.18283,92.204,80,0,0,0,0,0,0,0,0,0,0,0,0,0,0,0,0,,,,
529,Bangladesh,Chattogram,Bandarban,Bandarban Sadar,Bandarban Pourasabha,09,,,,Langi Para,লাংগি পাড়া,BAM913,22.199121,92.209,300,0,0,0,0,0,0,0,0,0,0,0,0,0,0,0,0,,,,
530,Bangladesh,Chattogram,Bandarban,Bandarban Sadar,Bandarban Pourasabha,09,,,,Meghla Elaka,মেঘলা এলাকা,BAM914,22.180688,92.191,1000,0,0,0,0,0,0,0,0,0,0,0,0,0,0,0,0,,,,
531,Bangladesh,Chattogram,Bandarban,Bandarban Sadar,Bandarban Pourasabha,09,,,,Mohammadpur Para,মোহাম্মদপুর পাড়া,BAM915,22.195369,92.217,250,0,0,0,0,0,0,0,0,0,0,0,0,0,0,0,0,,,,
532,Bangladesh,Chattogram,Bandarban,Bandarban Sadar,Bandarban Pourasabha,09,,,,Natun Para,নতুন পাড়া,BAM916,22.197303,92.208,100,0,0,0,0,0,0,0,0,0,0,0,0,0,0,0,0,,,,
533,Bangladesh,Chattogram,Bandarban,Bandarban Sadar,Bandarban Pourasabha,09,,,,Pourasabha Elaka,পৌরসভা এলাকা,BAM917,22.1941,92.215,250,0,0,0,0,0,0,0,0,0,0,0,0,0,0,0,0,,,,
534,Bangladesh,Chattogram,Bandarban,Bandarban Sadar,Bandarban Pourasabha,09,,,,Sikder Para,সিকদার পাড়া,BAM918,22.196457,92.21,440,0,0,0,0,0,0,0,0,0,0,0,0,0,0,0,0,,,,
535,Bangladesh,Chattogram,Bandarban,Bandarban Sadar,Bandarban Pourasabha,09,,,,SOJ Elaka,সওজ এ্লাকা,BAM919,22.191722,92.214,260,0,0,0,0,0,0,0,0,0,0,0,0,0,0,0,0,,,,
536,Bangladesh,Chattogram,Bandarban,Bandarban Sadar,Bandarban Pourasabha,09,,,,T&T Para,টি এন্ড টি পাড়া,BAM920,22.185512,92.204,200,0,0,0,0,0,0,0,0,0,0,0,0,0,0,0,0,,,,
537,Bangladesh,Chattogram,Bandarban,Bandarban Sadar,Bandarban Pourasabha,09,,,,Tanki Para,টাংকি় পাড়া,BAM921,22.193819,92.212,350,0,0,0,0,0,0,0,0,0,0,0,0,0,0,0,0,,,,
538,Bangladesh,Chattogram,Bandarban,Bandarban Sadar,Bandarban Pourasabha,09,,,,Tiger Para,টাইগার পাড়া,BAM922,22.172114,92.204,350,0,0,0,0,0,0,0,0,0,0,0,0,0,0,0,0,,,,
539,Bangladesh,Chattogram,Bandarban,Bandarban Sadar,Bandarban Pourasabha,09,,,,Tulatali Para,তুলাতলী পাড়া,BAM923,22.19015,92.208,1000,0,0,0,0,0,0,0,0,0,0,0,0,0,0,0,0,,,,
540,Bangladesh,Chattogram,Bandarban,Bandarban Sadar,Bandarban Pourasabha,09,,,,Tourist Police Camp,টুরিস্ট পুলিশ ক্যাম্প,BAM924,22.178648,92.189,40,0,0,0,0,0,0,0,0,0,0,0,0,0,0,0,0,,,,
541,Bangladesh,Chattogram,Bandarban,Bandarban Sadar,Bandarban Sadar,01,,,,Bhangamura Muslim Para,ভাঙ্গামুড়া মুসলিম পাড়া,BAN101,22.224064,92.176,300,0,0,0,0,0,0,0,0,0,0,0,0,0,0,0,0,,,,
542,Bangladesh,Chattogram,Bandarban,Bandarban Sadar,Bandarban Sadar,01,,,,Dalur Bag Para,ডলুর বাগ পাড়া,BAN102,22.204304,92.162,150,0,0,0,0,0,0,0,0,0,0,0,0,0,0,0,0,,,,
543,Bangladesh,Chattogram,Bandarban,Bandarban Sadar,Bandarban Sadar,01,,,,Goalia Khola Para,গোয়ালিয়া খোলা পাড়া,BAN103,22.205646,92.151,1000,0,0,0,0,0,0,0,0,0,0,0,0,0,0,0,0,,,,
544,Bangladesh,Chattogram,Bandarban,Bandarban Sadar,Bandarban Sadar,02,,,,Brick Field Para,ব্রিক ফিল্ড পাড়া,BAN201,22.186119,92.164,50,0,0,0,0,0,0,0,0,0,0,0,0,0,0,0,0,,,,
545,Bangladesh,Chattogram,Bandarban,Bandarban Sadar,Bandarban Sadar,02,,,,Dhunkhi Aung Para,ধুংখী অং পাড়া,BAN202,22.190482,92.162,220,0,0,0,0,0,0,0,0,0,0,0,0,0,0,0,0,,,,
546,Bangladesh,Chattogram,Bandarban,Bandarban Sadar,Bandarban Sadar,02,,,,Dolujhiri Marma Para,ডলুঝিরি মারমা পাড়া,BAN203,22.192956,92.164,145,0,0,0,0,0,0,0,0,0,0,0,0,0,0,0,0,,,,
547,Bangladesh,Chattogram,Bandarban,Bandarban Sadar,Bandarban Sadar,02,,,,Ratnapur Para,রত্নপুর পাড়া,BAN204,22.182668,92.163,80,0,0,0,0,0,0,0,0,0,0,0,0,0,0,0,0,,,,
548,Bangladesh,Chattogram,Bandarban,Bandarban Sadar,Bandarban Sadar,02,,,,Rowaja Para,রোয়াজা পাড়া,BAN205,22.196767,92.156,450,0,0,0,0,0,0,0,0,0,0,0,0,0,0,0,0,,,,
549,Bangladesh,Chattogram,Bandarban,Bandarban Sadar,Bandarban Sadar,03,,,,Jiniaung Para,জিনিঅং পাড়া,BAN301,22.181864,92.167,105,0,0,0,0,0,0,0,0,0,0,0,0,0,0,0,0,,,,
550,Bangladesh,Chattogram,Bandarban,Bandarban Sadar,Bandarban Sadar,03,,,,Nazrul Para,নজরুল পাড়া,BAN302,22.167656,92.177,15,0,0,0,0,0,0,0,0,0,0,0,0,0,0,0,0,,,,
551,Bangladesh,Chattogram,Bandarban,Bandarban Sadar,Bandarban Sadar,03,,,,Reichha Ghona Para,রেইছা ঘোনা পাড়া,BAN303,22.16548,92.177,50,0,0,0,0,0,0,0,0,0,0,0,0,0,0,0,0,,,,
552,Bangladesh,Chattogram,Bandarban,Bandarban Sadar,Bandarban Sadar,03,,,,Reichha Lamba Ghona Para,রেইছা লম্বা ঘোনা পাড়া,BAN304,22.176856,92.168,205,0,0,0,0,0,0,0,0,0,0,0,0,0,0,0,0,,,,
553,Bangladesh,Chattogram,Bandarban,Bandarban Sadar,Bandarban Sadar,03,,,,Reichha Madan Para,রেইছা মদন পাড়া,BAN305,22.172282,92.165,50,0,0,0,0,0,0,0,0,0,0,0,0,0,0,0,0,,,,
554,Bangladesh,Chattogram,Bandarban,Bandarban Sadar,Bandarban Sadar,03,,,,Reichha Satkomol Para,রেইছা সাতকমল পাড়া,BAN306,22.166985,92.168,450,0,0,0,0,0,0,0,0,0,0,0,0,0,0,0,0,,,,
555,Bangladesh,Chattogram,Bandarban,Bandarban Sadar,Bandarban Sadar,03,,,,Shehlau Para,শৈহ্লাউ পাড়া,BAN307,22.175846,92.172,75,0,0,0,0,0,0,0,0,0,0,0,0,0,0,0,0,,,,
556,Bangladesh,Chattogram,Bandarban,Bandarban Sadar,Bandarban Sadar,04,,,,Bhandari Para,ভান্ডারী পাড়া,BAN401,22.172113,92.182,200,0,0,0,0,0,0,0,0,0,0,0,0,0,0,0,0,,,,
557,Bangladesh,Chattogram,Bandarban,Bandarban Sadar,Bandarban Sadar,04,,,,Dat Vangga Para,দাঁত ভাঙ্গা পাড়া,BAN402,22.192028,92.194,250,0,0,0,0,0,0,0,0,0,0,0,0,0,0,0,0,,,,
558,Bangladesh,Chattogram,Bandarban,Bandarban Sadar,Bandarban Sadar,04,,,,Dolujhiri Para,ডলুঝিরি পাড়া,BAN403,22.193092,92.184,175,0,0,0,0,0,0,0,0,0,0,0,0,0,0,0,0,,,,
559,Bangladesh,Chattogram,Bandarban,Bandarban Sadar,Bandarban Sadar,04,,,,Kana Para,কানা পাড়া,BAN404,22.197785,92.187,300,0,0,0,0,0,0,0,0,0,0,0,0,0,0,0,0,,,,
560,Bangladesh,Chattogram,Bandarban,Bandarban Sadar,Bandarban Sadar,04,,,,Porjoton Chakma Para,পর্যটন চাকমা পাড়া,BAN405,22.177185,92.185,200,0,0,0,0,0,0,0,0,0,0,0,0,0,0,0,0,,,,
561,Bangladesh,Chattogram,Bandarban,Bandarban Sadar,Bandarban Sadar,04,,,,Sitamura Para,সিতামুড়া পাড়া,BAN406,22.217691,92.186,300,0,0,0,0,0,0,0,0,0,0,0,0,0,0,0,0,,,,
562,Bangladesh,Chattogram,Bandarban,Bandarban Sadar,Bandarban Sadar,05,,,,Reichha Bazar Para,রেইছা বাজার পাড়া,BAN501,22.163065,92.179,1800,0,0,0,0,0,0,0,0,0,0,0,0,0,0,0,0,,,,
563,Bangladesh,Chattogram,Bandarban,Bandarban Sadar,Bandarban Sadar,05,,,,Reichha Tholi Para,রেইছা থলি পাড়া,BAN502,22.163215,92.176,1500,0,0,0,0,0,0,0,0,0,0,0,0,0,0,0,0,,,,
564,Bangladesh,Chattogram,Bandarban,Bandarban Sadar,Bandarban Sadar,05,,,,Reichha Tongbongse Para,রেইছা তংবংসে পাড়া,BAN503,22.164573,92.177,150,0,0,0,0,0,0,0,0,0,0,0,0,0,0,0,0,,,,
565,Bangladesh,Chattogram,Bandarban,Bandarban Sadar,Bandarban Sadar,05,,,,Senior Para,সিনিয়র পাড়া,BAN504,22.164494,92.183,400,0,0,0,0,0,0,0,0,0,0,0,0,0,0,0,0,,,,
566,Bangladesh,Chattogram,Bandarban,Bandarban Sadar,Bandarban Sadar,05,,,,Talukdar Para,তালুকদার পাড়া,BAN505,22.176547,92.19,200,0,0,0,0,0,0,0,0,0,0,0,0,0,0,0,0,,,,
567,Bangladesh,Chattogram,Bandarban,Bandarban Sadar,Bandarban Sadar,05,,,,Raicha Army Camp,রেইছা আর্মি ক্যাম্প,BAN506,22.165247,92.18,50,0,0,0,0,0,0,0,0,0,0,0,0,0,0,0,0,,,,
568,Bangladesh,Chattogram,Bandarban,Bandarban Sadar,Bandarban Sadar,06,,,,Chaigyai Nicher Para,ছাইগ্যাই নিচের পাড়া,BAN601,22.164026,92.216,64,0,0,0,0,0,0,0,0,0,0,0,0,0,0,0,0,,,,
569,Bangladesh,Chattogram,Bandarban,Bandarban Sadar,Bandarban Sadar,06,,,,Chaigyai Uporer Para,ছাইগ্যাই উপরের পাড়া,BAN602,22.166247,92.221,80,0,0,0,0,0,0,0,0,0,0,0,0,0,0,0,0,,,,
570,Bangladesh,Chattogram,Bandarban,Bandarban Sadar,Bandarban Sadar,06,,,,Dakkhin Hafez Ghona Natun Para,দক্ষিণ হাফেজ ঘোনা নতুন পাড়া,BAN603,22.175479,92.22,145,0,0,0,0,0,0,0,0,0,0,0,0,0,0,0,0,,,,
571,Bangladesh,Chattogram,Bandarban,Bandarban Sadar,Bandarban Sadar,06,,,,Hafez Ghona Para,হাফেজ ঘোনা পাড়া,BAN604,22.182441,92.219,200,0,0,0,0,0,0,0,0,0,0,0,0,0,0,0,0,,,,
572,Bangladesh,Chattogram,Bandarban,Bandarban Sadar,Bandarban Sadar,06,,,,Hati Vanga Para,হাতি ভাঁঙ্গা পাড়া,BAN605,22.17201,92.216,240,0,0,0,0,0,0,0,0,0,0,0,0,0,0,0,0,,,,
573,Bangladesh,Chattogram,Bandarban,Bandarban Sadar,Bandarban Sadar,06,,,,Laimi Para,লাইমি পাড়া,BAN606,22.156768,92.215,420,0,0,0,0,0,0,0,0,0,0,0,0,0,0,0,0,,,,
574,Bangladesh,Chattogram,Bandarban,Bandarban Sadar,Bandarban Sadar,06,,,,Milonchhari Police Camp,মিলনছড়ি পুলিশ ক্যাম্প,BAN607,22.16222,92.217,50,0,0,0,0,0,0,0,0,0,0,0,0,0,0,0,0,,,,
575,Bangladesh,Chattogram,Bandarban,Bandarban Sadar,Bandarban Sadar,07,,,,Lemujhiri Aga Para,লেমুঝিরি আগা পাড়া,BAN701,22.20471,92.221,250,0,0,0,0,0,0,0,0,0,0,0,0,0,0,0,0,,,,
576,Bangladesh,Chattogram,Bandarban,Bandarban Sadar,Bandarban Sadar,07,,,,Lemujhiri Modhyam Para,লেমুঝিরি মধ্যম পাড়া,BAN702,22.210396,92.223,30,0,0,0,0,0,0,0,0,0,0,0,0,0,0,0,0,,,,
577,Bangladesh,Chattogram,Bandarban,Bandarban Sadar,Bandarban Sadar,07,,,,Lemujhiri Muslim Para,লেমুঝিরি মুসলিম পাড়া,BAN703,22.214307,92.216,250,0,0,0,0,0,0,0,0,0,0,0,0,0,0,0,0,,,,
578,Bangladesh,Chattogram,Bandarban,Bandarban Sadar,Bandarban Sadar,07,,,,Lemujhiri Para,লেমুঝিরি পাড়া,BAN704,22.214523,92.218,550,0,0,0,0,0,0,0,0,0,0,0,0,0,0,0,0,,,,
579,Bangladesh,Chattogram,Bandarban,Bandarban Sadar,Bandarban Sadar,07,,,,Lemujhiri Tongchangya Aga Para,লেমুঝিরি তংচংগ্যা আগা পাড়া,BAN705,22.210194,92.23,250,0,0,0,0,0,0,0,0,0,0,0,0,0,0,0,0,,,,
580,Bangladesh,Chattogram,Bandarban,Bandarban Sadar,Bandarban Sadar,07,,,,Tangpru Tongchangya Para,তংপ্রু তংচংগ্যা পাড়া,BAN706,22.204802,92.237,200,0,0,0,0,0,0,0,0,0,0,0,0,0,0,0,0,,,,
581,Bangladesh,Chattogram,Bandarban,Bandarban Sadar,Bandarban Sadar,08,,,,Habron Para,হেব্রণ পাড়া,BAN801,22.223589,92.243,350,0,0,0,0,0,0,0,0,0,0,0,0,0,0,0,0,,,,
582,Bangladesh,Chattogram,Bandarban,Bandarban Sadar,Bandarban Sadar,08,,,,Joymohon Muslim Para,জয়মহন মুসলিম পাড়া,BAN802,22.219406,92.228,30,0,0,0,0,0,0,0,0,0,0,0,0,0,0,0,0,,,,
583,Bangladesh,Chattogram,Bandarban,Bandarban Sadar,Bandarban Sadar,08,,,,Joymohon para,জয়মহন পাড়া,BAN803,22.219833,92.234,70,0,0,0,0,0,0,0,0,0,0,0,0,0,0,0,0,,,,
584,Bangladesh,Chattogram,Bandarban,Bandarban Sadar,Bandarban Sadar,08,,,,Kanaiu Para,কানাইউ পাড়া,BAN804,22.217377,92.251,50,0,0,0,0,0,0,0,0,0,0,0,0,0,0,0,0,,,,
585,Bangladesh,Chattogram,Bandarban,Bandarban Sadar,Bandarban Sadar,08,,,,Mangpru Para,মাংপ্রু পাড়া,BAN805,22.21879,92.239,250,0,0,0,0,0,0,0,0,0,0,0,0,0,0,0,0,,,,
586,Bangladesh,Chattogram,Bandarban,Bandarban Sadar,Bandarban Sadar,09,,,,Kattoli Para,কাট্ট‌লি পাড়া,BAN901,22.251647,92.251,350,0,0,0,0,0,0,0,0,0,0,0,0,0,0,0,0,,,,
587,Bangladesh,Chattogram,Bandarban,Bandarban Sadar,Bandarban Sadar,09,,,,Mongnu Headman Para,মংনু হেডম্যান পাড়া,BAN902,22.24727,92.264,100,0,0,0,0,0,0,0,0,0,0,0,0,0,0,0,0,,,,
588,Bangladesh,Chattogram,Bandarban,Bandarban Sadar,Bandarban Sadar,09,,,,Uzi Para,উজি পাড়া,BAN903,22.236016,92.255,350,0,0,0,0,0,0,0,0,0,0,0,0,0,0,0,0,,,,
589,Bangladesh,Chattogram,Bandarban,Bandarban Sadar,Jamchhari,01,,,,Chushak Para,চুশাক পাড়া,JAM101,22.338641,92.274,130,0,0,0,0,0,0,0,0,0,0,0,0,0,0,0,0,,,,
590,Bangladesh,Chattogram,Bandarban,Bandarban Sadar,Jamchhari,01,,,,Hapigya Para,হ্যাপিগ্যা পাড়া,JAM102,22.310408,92.263,200,0,0,0,0,0,0,0,0,0,0,0,0,0,0,0,0,,,,
591,Bangladesh,Chattogram,Bandarban,Bandarban Sadar,Jamchhari,01,,,,Monjoy Member Para,মনজয় মেম্বার পাড়া,JAM103,22.296254,92.261,350,0,0,0,0,0,0,0,0,0,0,0,0,0,0,0,0,,,,
592,Bangladesh,Chattogram,Bandarban,Bandarban Sadar,Jamchhari,01,,,,Murongkkhyong Mukh Para,মুরুংক্ষ্যং মুখ পাড়া,JAM104,22.322051,92.265,125,0,0,0,0,0,0,0,0,0,0,0,0,0,0,0,0,,,,
593,Bangladesh,Chattogram,Bandarban,Bandarban Sadar,Jamchhari,01,,,,Thanglu Para,থাংলু পাড়া,JAM105,22.307973,92.282,120,0,0,0,0,0,0,0,0,0,0,0,0,0,0,0,0,,,,
594,Bangladesh,Chattogram,Bandarban,Bandarban Sadar,Jamchhari,02,,,,Monjoy Headman Para,মনজয় হেডম্যান পাড়া,JAM201,22.294247,92.261,500,0,0,0,0,0,0,0,0,0,0,0,0,0,0,0,0,,,,
595,Bangladesh,Chattogram,Bandarban,Bandarban Sadar,Jamchhari,02,,,,Rowaja Para,রোয়াজা পাড়া,JAM202,22.281642,92.259,215,0,0,0,0,0,0,0,0,0,0,0,0,0,0,0,0,,,,
596,Bangladesh,Chattogram,Bandarban,Bandarban Sadar,Jamchhari,02,,,,Thangkhri Para,থাংখ্রী পাড়া,JAM203,22.280739,92.243,130,0,0,0,0,0,0,0,0,0,0,0,0,0,0,0,0,,,,
597,Bangladesh,Chattogram,Bandarban,Bandarban Sadar,Jamchhari,03,,,,Baghmara Bazar Para,বাঘমারা বাজার পাড়া,JAM301,22.239978,92.288,80,0,0,0,0,0,0,0,0,0,0,0,0,0,0,0,0,,,,
598,Bangladesh,Chattogram,Bandarban,Bandarban Sadar,Jamchhari,03,,,,Chikkya Karbari Para,চিক্ক্যা কারবারি পাড়া,JAM302,22.246037,92.288,170,0,0,0,0,0,0,0,0,0,0,0,0,0,0,0,0,,,,
599,Bangladesh,Chattogram,Bandarban,Bandarban Sadar,Jamchhari,03,,,,Hindu Para,হিন্দু পাড়া,JAM303,22.242091,92.286,160,0,0,0,0,0,0,0,0,0,0,0,0,0,0,0,0,,,,
600,Bangladesh,Chattogram,Bandarban,Bandarban Sadar,Jamchhari,03,,,,Jogesh Karbari Para,যোগেশ কারবারি পাড়া,JAM304,22.243903,92.288,180,0,0,0,0,0,0,0,0,0,0,0,0,0,0,0,0,,,,
601,Bangladesh,Chattogram,Bandarban,Bandarban Sadar,Jamchhari,03,,,,Lokkhimohon Karbari Para,লক্ষীমোহন কারবারি পাড়া,JAM305,22.248004,92.288,130,0,0,0,0,0,0,0,0,0,0,0,0,0,0,0,0,,,,
602,Bangladesh,Chattogram,Bandarban,Bandarban Sadar,Jamchhari,03,,,,Murukkhong Mukh Para,মুরুক্ষ্যং মুখ পাড়া,JAM306,22.25355,92.289,200,0,0,0,0,0,0,0,0,0,0,0,0,0,0,0,0,,,,
603,Bangladesh,Chattogram,Bandarban,Bandarban Sadar,Jamchhari,04,,,,Baghmara Bazar Para,বাঘমারা বাজার পাড়া,JAM401,22.237995,92.287,200,0,0,0,0,0,0,0,0,0,0,0,0,0,0,0,0,,,,
604,Bangladesh,Chattogram,Bandarban,Bandarban Sadar,Jamchhari,04,,,,Baghmara Barua Para,বাঘমারা বড়ুয়া পাড়া,JAM402,22.239448,92.287,70,0,0,0,0,0,0,0,0,0,0,0,0,0,0,0,0,,,,
605,Bangladesh,Chattogram,Bandarban,Bandarban Sadar,Jamchhari,04,,,,Baghmara Headman Para,বাঘমারা হেডম্যান পাড়া,JAM403,22.235097,92.284,250,0,0,0,0,0,0,0,0,0,0,0,0,0,0,0,0,,,,
606,Bangladesh,Chattogram,Bandarban,Bandarban Sadar,Jamchhari,04,,,,Chingkyu Karbari Para,চিংক্যউ কারবারি পাড়া,JAM404,22.237919,92.285,110,0,0,0,0,0,0,0,0,0,0,0,0,0,0,0,0,,,,
607,Bangladesh,Chattogram,Bandarban,Bandarban Sadar,Jamchhari,04,,,,Galachipa Chakma Para,গলাচিপা চাকমা পাড়া,JAM405,22.232517,92.28,160,0,0,0,0,0,0,0,0,0,0,0,0,0,0,0,0,,,,
608,Bangladesh,Chattogram,Bandarban,Bandarban Sadar,Jamchhari,04,,,,Rajendra Para,রাজেন্দ্র পাড়া,JAM406,22.231379,92.283,80,0,0,0,0,0,0,0,0,0,0,0,0,0,0,0,0,,,,
609,Bangladesh,Chattogram,Bandarban,Bandarban Sadar,Jamchhari,04,,,,Waibraing Para,ওয়াব্রাইং পাড়া,JAM407,22.231112,92.27,300,0,0,0,0,0,0,0,0,0,0,0,0,0,0,0,0,,,,
610,Bangladesh,Chattogram,Bandarban,Bandarban Sadar,Jamchhari,05,,,,Jamchari Bazar Para,জামছড়ি বাজার পাড়া,JAM501,22.217261,92.27,30,0,0,0,0,0,0,0,0,0,0,0,0,0,0,0,0,,,,
611,Bangladesh,Chattogram,Bandarban,Bandarban Sadar,Jamchhari,05,,,,Jamchari Mukh Para,জামছড়ি মুখ পাড়া,JAM502,22.215786,92.272,650,0,0,0,0,0,0,0,0,0,0,0,0,0,0,0,0,,,,
612,Bangladesh,Chattogram,Bandarban,Bandarban Sadar,Jamchhari,05,,,,Jamchari Vitor Para,জামছড়ি ভিতর  পাড়া,JAM503,22.220432,92.27,170,0,0,0,0,0,0,0,0,0,0,0,0,0,0,0,0,,,,
613,Bangladesh,Chattogram,Bandarban,Bandarban Sadar,Jamchhari,05,,,,Khamadong Nicher Para,খামাদং নিচের পাড়া,JAM504,22.223703,92.274,100,0,0,0,0,0,0,0,0,0,0,0,0,0,0,0,0,,,,
614,Bangladesh,Chattogram,Bandarban,Bandarban Sadar,Jamchhari,05,,,,Khamadong Upor Para,খামাদং উপর পাড়া,JAM505,22.227082,92.276,110,0,0,0,0,0,0,0,0,0,0,0,0,0,0,0,0,,,,
615,Bangladesh,Chattogram,Bandarban,Bandarban Sadar,Jamchhari,05,,,,Kraikkhong Chakma Para,ক্রাইক্ষ্যং চাকমা পাড়া,JAM506,22.226185,92.272,100,0,0,0,0,0,0,0,0,0,0,0,0,0,0,0,0,,,,
616,Bangladesh,Chattogram,Bandarban,Bandarban Sadar,Jamchhari,06,,,,Bongjo Para,বংজো পাড়া,JAM601,22.191607,92.239,40,0,0,0,0,0,0,0,0,0,0,0,0,0,0,0,0,,,,
617,Bangladesh,Chattogram,Bandarban,Bandarban Sadar,Jamchhari,06,,,,Hanshama Para,হানসামা পাড়া,JAM602,22.205697,92.266,520,0,0,0,0,0,0,0,0,0,0,0,0,0,0,0,0,,,,
618,Bangladesh,Chattogram,Bandarban,Bandarban Sadar,Jamchhari,06,,,,Paikkhyong Noa Para,পাইক্ষ্যং নোয়া পাড়া,JAM603,22.190883,92.244,250,0,0,0,0,0,0,0,0,0,0,0,0,0,0,0,0,,,,
619,Bangladesh,Chattogram,Bandarban,Bandarban Sadar,Jamchhari,06,,,,Rajar Khamar Chak Para,রাজার খামার চাক পাড়া,JAM604,22.192588,92.241,220,0,0,0,0,0,0,0,0,0,0,0,0,0,0,0,0,,,,
620,Bangladesh,Chattogram,Bandarban,Bandarban Sadar,Jamchhari,06,,,,Rajar Khamar Muslim Para,রাজার খামার মুসলিম পাড়া,JAM605,22.193778,92.239,150,0,0,0,0,0,0,0,0,0,0,0,0,0,0,0,0,,,,
621,Bangladesh,Chattogram,Bandarban,Bandarban Sadar,Jamchhari,06,,,,Rajar Khamar Para,রাজার খামার পাড়া,JAM606,22.193743,92.243,200,0,0,0,0,0,0,0,0,0,0,0,0,0,0,0,0,,,,
622,Bangladesh,Chattogram,Bandarban,Bandarban Sadar,Jamchhari,06,,,,Ramzadi Sebok Polli Para,রামজাদী সেবক পল্লী পাড়া,JAM607,22.197848,92.246,120,0,0,0,0,0,0,0,0,0,0,0,0,0,0,0,0,,,,
623,Bangladesh,Chattogram,Bandarban,Bandarban Sadar,Jamchhari,06,,,,Tongpru Para,তংপ্রু পাড়া,JAM608,22.200341,92.239,350,0,0,0,0,0,0,0,0,0,0,0,0,0,0,0,0,,,,
624,Bangladesh,Chattogram,Bandarban,Bandarban Sadar,Jamchhari,07,,,,Hlapaimukh Para,হ্লাপাইমুখ পাড়া,JAM701,22.174291,92.294,220,0,0,0,0,0,0,0,0,0,0,0,0,0,0,0,0,,,,
625,Bangladesh,Chattogram,Bandarban,Bandarban Sadar,Jamchhari,07,,,,Hlapaimukh Ujani Para,হ্লাপাইমুখ উজানী পাড়া,JAM702,22.180032,92.298,96,0,0,0,0,0,0,0,0,0,0,0,0,0,0,0,0,,,,
626,Bangladesh,Chattogram,Bandarban,Bandarban Sadar,Jamchhari,07,,,,Noapotong Para,নোয়াপতং পাড়া,JAM703,22.171053,92.281,125,0,0,0,0,0,0,0,0,0,0,0,0,0,0,0,0,,,,
627,Bangladesh,Chattogram,Bandarban,Bandarban Sadar,Jamchhari,08,,,,Alekkhyong Para,আলেক্ষ্যং পাড়া,JAM801,22.204667,92.326,70,0,0,0,0,0,0,0,0,0,0,0,0,0,0,0,0,,,,
628,Bangladesh,Chattogram,Bandarban,Bandarban Sadar,Jamchhari,08,,,,Lulain Headman Para,লুলাইন হেডম্যান পাড়া,JAM802,22.197564,92.295,260,0,0,0,0,0,0,0,0,0,0,0,0,0,0,0,0,,,,
629,Bangladesh,Chattogram,Bandarban,Bandarban Sadar,Jamchhari,08,,,,Lulain Punarbasan Para,লুলাইন পূনর্বাসন পাড়া,JAM803,22.195172,92.283,200,0,0,0,0,0,0,0,0,0,0,0,0,0,0,0,0,,,,
630,Bangladesh,Chattogram,Bandarban,Bandarban Sadar,Jamchhari,08,,,,Shamukjhiri Punarbasan Para,শামুকঝিরি পূনর্বাসন পাড়া,JAM804,22.189665,92.32,130,0,0,0,0,0,0,0,0,0,0,0,0,0,0,0,0,,,,
631,Bangladesh,Chattogram,Bandarban,Bandarban Sadar,Jamchhari,09,,,,Dolujhiri Nicher Para,ডলুঝিরি নিচের পাড়া,JAM901,22.216758,92.295,232,0,0,0,0,0,0,0,0,0,0,0,0,0,0,0,0,,,,
632,Bangladesh,Chattogram,Bandarban,Bandarban Sadar,Jamchhari,09,,,,Dolujhiri Upor Para,ডলুঝিরি উপর পাড়া,JAM902,22.223097,92.31,53,0,0,0,0,0,0,0,0,0,0,0,0,0,0,0,0,,,,
633,Bangladesh,Chattogram,Bandarban,Bandarban Sadar,Jamchhari,09,,,,Kraikkhong Mukh Para,ক্রাইক্ষ্যং মুখ পাড়া,JAM903,22.207581,92.268,342,0,0,0,0,0,0,0,0,0,0,0,0,0,0,0,0,,,,
634,Bangladesh,Chattogram,Bandarban,Bandarban Sadar,Jamchhari,09,,,,BGB Sector Office,বিজিবি সেক্টর অফিস,JAM904,22.204774,92.272,1000,0,0,0,0,0,0,0,0,0,0,0,0,0,0,0,0,,,,
635,Bangladesh,Chattogram,Bandarban,Bandarban Sadar,Jamchhari,09,,,,Jamchari Police Camp,জামছড়ি পুলিশ ক্যাম্প,JAM905,22.206379,92.269,30,0,0,0,0,0,0,0,0,0,0,0,0,0,0,0,0,,,,
636,Bangladesh,Chattogram,Bandarban,Bandarban Sadar,Jamchhari,09,,,,Undefined,নামহীন,JAM906,22.195882,92.268,0,0,0,0,0,0,0,0,0,0,0,0,0,0,0,0,0,,,,
637,Bangladesh,Chattogram,Bandarban,Bandarban Sadar,Kuhalong,01,,,,Chemi Dolu Para,চেমী ডলু পাড়া,KUH101,22.256692,92.155,900,0,0,0,0,0,0,0,0,0,0,0,0,0,0,0,0,,,,
638,Bangladesh,Chattogram,Bandarban,Bandarban Sadar,Kuhalong,01,,,,Kolase Para,কোলাসে পাড়া,KUH102,22.266785,92.152,40,0,0,0,0,0,0,0,0,0,0,0,0,0,0,0,0,,,,
639,Bangladesh,Chattogram,Bandarban,Bandarban Sadar,Kuhalong,01,,,,Krau Amtoli Para,ক্রাউ আমতলী পাড়া,KUH103,22.27889,92.159,300,0,0,0,0,0,0,0,0,0,0,0,0,0,0,0,0,,,,
640,Bangladesh,Chattogram,Bandarban,Bandarban Sadar,Kuhalong,01,,,,Chemi Dolu Para Army & Ansar Camp,চেমী ডলু পাড়া আর্মি এবং আনসার ক্যাম্প,KUH104,22.254871,92.157,100,0,0,0,0,0,0,0,0,0,0,0,0,0,0,0,0,,,,
641,Bangladesh,Chattogram,Bandarban,Bandarban Sadar,Kuhalong,02,,,,Buri Para,বুড়ি পাড়া,KUH201,22.26429,92.218,197,0,0,0,0,0,0,0,0,0,0,0,0,0,0,0,0,,,,
642,Bangladesh,Chattogram,Bandarban,Bandarban Sadar,Kuhalong,02,,,,Chau Para Purbo,ছাও পাড়া পূর্ব,KUH202,22.30218,92.191,45,0,0,0,0,0,0,0,0,0,0,0,0,0,0,0,0,,,,
643,Bangladesh,Chattogram,Bandarban,Bandarban Sadar,Kuhalong,02,,,,Chau Para,ছাও পাড়া,KUH203,22.304439,92.181,270,0,0,0,0,0,0,0,0,0,0,0,0,0,0,0,0,,,,
644,Bangladesh,Chattogram,Bandarban,Bandarban Sadar,Kuhalong,02,,,,Dakbangla Muslim Para,ডাকবাংলা মুসলিম পাড়া,KUH204,22.309318,92.154,87,0,0,0,0,0,0,0,0,0,0,0,0,0,0,0,0,,,,
645,Bangladesh,Chattogram,Bandarban,Bandarban Sadar,Kuhalong,02,,,,Kanaijo Para,কানাইজো পাড়া,KUH205,22.265046,92.2,195,0,0,0,0,0,0,0,0,0,0,0,0,0,0,0,0,,,,
646,Bangladesh,Chattogram,Bandarban,Bandarban Sadar,Kuhalong,02,,,,Khoiya Para Pashchim,খৈয়া পাড়া পশ্চিম,KUH206,22.292536,92.146,375,0,0,0,0,0,0,0,0,0,0,0,0,0,0,0,0,,,,
647,Bangladesh,Chattogram,Bandarban,Bandarban Sadar,Kuhalong,02,,,,Khoiya Para Purba,খৈয়া পাড়া পূর্ব,KUH207,22.292469,92.152,355,0,0,0,0,0,0,0,0,0,0,0,0,0,0,0,0,,,,
648,Bangladesh,Chattogram,Bandarban,Bandarban Sadar,Kuhalong,02,,,,Kibuk Para,কিবুক পাড়া,KUH208,22.314334,92.159,420,0,0,0,0,0,0,0,0,0,0,0,0,0,0,0,0,,,,
649,Bangladesh,Chattogram,Bandarban,Bandarban Sadar,Kuhalong,02,,,,Noa Para,নোয়া পাড়া,KUH209,22.286527,92.194,287,0,0,0,0,0,0,0,0,0,0,0,0,0,0,0,0,,,,
650,Bangladesh,Chattogram,Bandarban,Bandarban Sadar,Kuhalong,02,,,,Ugga Para,উগ্য পাড়া,KUH210,22.316336,92.168,245,0,0,0,0,0,0,0,0,0,0,0,0,0,0,0,0,,,,
651,Bangladesh,Chattogram,Bandarban,Bandarban Sadar,Kuhalong,03,,,,Gung Guru Aga Para,গুং গুরু আগা পাড়া,KUH301,22.272608,92.139,300,0,0,0,0,0,0,0,0,0,0,0,0,0,0,0,0,,,,
652,Bangladesh,Chattogram,Bandarban,Bandarban Sadar,Kuhalong,03,,,,Gung Guru Modhyam Bottola Para,গুং গুরু মধ্যম বটতলা পাড়া,KUH302,22.263032,92.143,70,0,0,0,0,0,0,0,0,0,0,0,0,0,0,0,0,,,,
653,Bangladesh,Chattogram,Bandarban,Bandarban Sadar,Kuhalong,03,,,,Gung Guru Modhyam Para,গুং গুরু মধ্যম পাড়া,KUH303,22.253476,92.145,375,0,0,0,0,0,0,0,0,0,0,0,0,0,0,0,0,,,,
654,Bangladesh,Chattogram,Bandarban,Bandarban Sadar,Kuhalong,03,,,,Gung Guru Mukh Murakhyong Para,গুং গুরু মুখ ম্রক্ষং পাড়া,KUH304,22.250739,92.151,80,0,0,0,0,0,0,0,0,0,0,0,0,0,0,0,0,,,,
655,Bangladesh,Chattogram,Bandarban,Bandarban Sadar,Kuhalong,03,,,,Gung Guru Mukh Para,গুং গুরু মুখ পাড়া,KUH305,22.247523,92.146,320,0,0,0,0,0,0,0,0,0,0,0,0,0,0,0,0,,,,
656,Bangladesh,Chattogram,Bandarban,Bandarban Sadar,Kuhalong,04,,,,Antor Ghona Para,অন্তর ঘোনা পাড়া,KUH401,22.219506,92.21,60,0,0,0,0,0,0,0,0,0,0,0,0,0,0,0,0,,,,
657,Bangladesh,Chattogram,Bandarban,Bandarban Sadar,Kuhalong,04,,,,Apru Mong Karbari Para,আপ্রু মং কারবারি পাড়া,KUH402,22.222826,92.212,80,0,0,0,0,0,0,0,0,0,0,0,0,0,0,0,0,,,,
658,Bangladesh,Chattogram,Bandarban,Bandarban Sadar,Kuhalong,04,,,,Bakichhara Mukh Para,বাকীছড়া মুখ পাড়া,KUH403,22.23441,92.187,60,0,0,0,0,0,0,0,0,0,0,0,0,0,0,0,0,,,,
659,Bangladesh,Chattogram,Bandarban,Bandarban Sadar,Kuhalong,04,,,,Bakichhara Jouthokhamar Para,বাকীছড়া যৌথখামার পাড়া,KUH404,22.230307,92.2,90,0,0,0,0,0,0,0,0,0,0,0,0,0,0,0,0,,,,
660,Bangladesh,Chattogram,Bandarban,Bandarban Sadar,Kuhalong,04,,,,Bakichhara Mukh Para Alinagar Para,বাকীছড়া মুখ পাড়া আলীনগর পাড়া,KUH405,22.229038,92.194,120,0,0,0,0,0,0,0,0,0,0,0,0,0,0,0,0,,,,
661,Bangladesh,Chattogram,Bandarban,Bandarban Sadar,Kuhalong,04,,,,Bhorakhali Para,ভরাখালী পাড়া,KUH406,22.214039,92.204,300,0,0,0,0,0,0,0,0,0,0,0,0,0,0,0,0,,,,
662,Bangladesh,Chattogram,Bandarban,Bandarban Sadar,Kuhalong,04,,,,Bikrichhara Para,বিক্রিছড়া পাড়া,KUH407,22.227267,92.211,200,0,0,0,0,0,0,0,0,0,0,0,0,0,0,0,0,,,,
663,Bangladesh,Chattogram,Bandarban,Bandarban Sadar,Kuhalong,04,,,,Langichar Para,লাঙ্গীচর পাড়া,KUH408,22.208383,92.199,100,0,0,0,0,0,0,0,0,0,0,0,0,0,0,0,0,,,,
664,Bangladesh,Chattogram,Bandarban,Bandarban Sadar,Kuhalong,04,,,,Natun Chorui Para,নতুন চড়ুই পাড়া,KUH409,22.222948,92.219,200,0,0,0,0,0,0,0,0,0,0,0,0,0,0,0,0,,,,
665,Bangladesh,Chattogram,Bandarban,Bandarban Sadar,Kuhalong,04,,,,Pashchim Muslim Para,পশ্চিম মুসলিম পাড়া,KUH410,22.21862,92.213,400,0,0,0,0,0,0,0,0,0,0,0,0,0,0,0,0,,,,
666,Bangladesh,Chattogram,Bandarban,Bandarban Sadar,Kuhalong,04,,,,Pul Para,পুল পাড়া,KUH411,22.220485,92.199,150,0,0,0,0,0,0,0,0,0,0,0,0,0,0,0,0,,,,
667,Bangladesh,Chattogram,Bandarban,Bandarban Sadar,Kuhalong,04,,,,Puraton Chorui Para,পুরাতন চড়ুই পাড়া,KUH412,22.221688,92.226,300,0,0,0,0,0,0,0,0,0,0,0,0,0,0,0,0,,,,
668,Bangladesh,Chattogram,Bandarban,Bandarban Sadar,Kuhalong,04,,,,Purba Muslim Para,পূর্ব মুসলিম পাড়া,KUH413,22.222154,92.221,300,0,0,0,0,0,0,0,0,0,0,0,0,0,0,0,0,,,,
669,Bangladesh,Chattogram,Bandarban,Bandarban Sadar,Kuhalong,04,,,,Shorno Mondir Elaka Para,স্বর্ণ মন্দির এলাকা পাড়া,KUH414,22.223651,92.198,120,0,0,0,0,0,0,0,0,0,0,0,0,0,0,0,0,,,,
670,Bangladesh,Chattogram,Bandarban,Bandarban Sadar,Kuhalong,05,,,,1 No Rubber Bagan Para,১ নং রাবার বাগান পাড়া,KUH501,22.255274,92.203,150,0,0,0,0,0,0,0,0,0,0,0,0,0,0,0,0,,,,
671,Bangladesh,Chattogram,Bandarban,Bandarban Sadar,Kuhalong,05,,,,1 No Tripura Para,১ নং ত্রিপুরা পাড়া,KUH502,22.255769,92.205,70,0,0,0,0,0,0,0,0,0,0,0,0,0,0,0,0,,,,
672,Bangladesh,Chattogram,Bandarban,Bandarban Sadar,Kuhalong,05,,,,2 No Rubber Bagan Para,২ নং রাবার বাগান পাড়া,KUH503,22.25392,92.2,75,0,0,0,0,0,0,0,0,0,0,0,0,0,0,0,0,,,,
673,Bangladesh,Chattogram,Bandarban,Bandarban Sadar,Kuhalong,05,,,,4 No. Rubber Bagan Para,৪ নং রাবার বাগান পাড়া,KUH504,22.256478,92.194,100,0,0,0,0,0,0,0,0,0,0,0,0,0,0,0,0,,,,
674,Bangladesh,Chattogram,Bandarban,Bandarban Sadar,Kuhalong,05,,,,Battali Para,বটতলী পাড়া,KUH505,22.256875,92.181,200,0,0,0,0,0,0,0,0,0,0,0,0,0,0,0,0,,,,
675,Bangladesh,Chattogram,Bandarban,Bandarban Sadar,Kuhalong,05,,,,Kyamba Para,ক্যাম্বা পাড়া,KUH506,22.238667,92.2,250,0,0,0,0,0,0,0,0,0,0,0,0,0,0,0,0,,,,
676,Bangladesh,Chattogram,Bandarban,Bandarban Sadar,Kuhalong,05,,,,Lamar Para,লামার পাড়া,KUH507,22.245599,92.19,150,0,0,0,0,0,0,0,0,0,0,0,0,0,0,0,0,,,,
677,Bangladesh,Chattogram,Bandarban,Bandarban Sadar,Kuhalong,05,,,,Majher Para,মাঝের পাড়া,KUH508,22.249999,92.188,200,0,0,0,0,0,0,0,0,0,0,0,0,0,0,0,0,,,,
678,Bangladesh,Chattogram,Bandarban,Bandarban Sadar,Kuhalong,05,,,,Tongkhyong Para,তংখ্যং পাড়া,KUH509,22.247547,92.196,280,0,0,0,0,0,0,0,0,0,0,0,0,0,0,0,0,,,,
679,Bangladesh,Chattogram,Bandarban,Bandarban Sadar,Kuhalong,06,,,,Chinlung Para,চিনলুং পাড়া,KUH601,22.250534,92.235,60,0,0,0,0,0,0,0,0,0,0,0,0,0,0,0,0,,,,
680,Bangladesh,Chattogram,Bandarban,Bandarban Sadar,Kuhalong,06,,,,Jardan Para,জর্দান পাড়া,KUH602,22.248329,92.239,100,0,0,0,0,0,0,0,0,0,0,0,0,0,0,0,0,,,,
681,Bangladesh,Chattogram,Bandarban,Bandarban Sadar,Kuhalong,06,,,,Minjhiri Para Marma,মিনঝিরি পাড়া মার্মা,KUH603,22.234994,92.217,220,0,0,0,0,0,0,0,0,0,0,0,0,0,0,0,0,,,,
682,Bangladesh,Chattogram,Bandarban,Bandarban Sadar,Kuhalong,06,,,,Minjhiri Tongchangya Para,মিনঝিরি তংচংগ্যা পাড়া,KUH604,22.235113,92.215,100,0,0,0,0,0,0,0,0,0,0,0,0,0,0,0,0,,,,
683,Bangladesh,Chattogram,Bandarban,Bandarban Sadar,Kuhalong,06,,,,Pru Mong U Headman Para,প্রু মং উ হেডম্যান পাড়া,KUH605,22.226402,92.236,270,0,0,0,0,0,0,0,0,0,0,0,0,0,0,0,0,,,,
684,Bangladesh,Chattogram,Bandarban,Bandarban Sadar,Kuhalong,06,,,,Thoainga Nicher Para,থোয়াইংগ্য নিচের পাড়া,KUH606,22.233162,92.226,200,0,0,0,0,0,0,0,0,0,0,0,0,0,0,0,0,,,,
685,Bangladesh,Chattogram,Bandarban,Bandarban Sadar,Kuhalong,06,,,,Thoainga Upor Para,থোয়াইংগ্য উপর পাড়া,KUH607,22.235893,92.227,200,0,0,0,0,0,0,0,0,0,0,0,0,0,0,0,0,,,,
686,Bangladesh,Chattogram,Bandarban,Bandarban Sadar,Kuhalong,06,,,,Uzimukh Headman Para,উজিমুখ হেডম্যান পাড়া,KUH608,22.233145,92.247,250,0,0,0,0,0,0,0,0,0,0,0,0,0,0,0,0,,,,
687,Bangladesh,Chattogram,Bandarban,Bandarban Sadar,Kuhalong,07,,,,Baghmara Para,বাগমারা পাড়া,KUH701,22.239596,92.153,100,0,0,0,0,0,0,0,0,0,0,0,0,0,0,0,0,,,,
688,Bangladesh,Chattogram,Bandarban,Bandarban Sadar,Kuhalong,07,,,,Baghmaramukh Para,বাগমারামুখ পাড়া,KUH702,22.230145,92.153,200,0,0,0,0,0,0,0,0,0,0,0,0,0,0,0,0,,,,
689,Bangladesh,Chattogram,Bandarban,Bandarban Sadar,Kuhalong,07,,,,Battali Dakkhin Para,বটতলী দক্ষিণ পাড়া,KUH703,22.229744,92.146,287,0,0,0,0,0,0,0,0,0,0,0,0,0,0,0,0,,,,
690,Bangladesh,Chattogram,Bandarban,Bandarban Sadar,Kuhalong,07,,,,Battali Uttar Para,বটতলী উত্তর পাড়া,KUH704,22.23457,92.143,400,0,0,0,0,0,0,0,0,0,0,0,0,0,0,0,0,,,,
691,Bangladesh,Chattogram,Bandarban,Bandarban Sadar,Kuhalong,07,,,,Chemirmukh Para,চেমিরমুখ পাড়া,KUH705,22.21401,92.152,270,0,0,0,0,0,0,0,0,0,0,0,0,0,0,0,0,,,,
692,Bangladesh,Chattogram,Bandarban,Bandarban Sadar,Kuhalong,07,,,,Chingpru Karbari Para,চিংপ্রু কারবারি পাড়া,KUH706,22.243113,92.144,150,0,0,0,0,0,0,0,0,0,0,0,0,0,0,0,0,,,,
693,Bangladesh,Chattogram,Bandarban,Bandarban Sadar,Kuhalong,07,,,,Dholbaniya Aungchau Karbari Para,ধলবনিয়া অংচাউ কারবারি পাড়া,KUH707,22.234059,92.15,300,0,0,0,0,0,0,0,0,0,0,0,0,0,0,0,0,,,,
694,Bangladesh,Chattogram,Bandarban,Bandarban Sadar,Kuhalong,07,,,,Royelghona Para,রয়েলঘোনা পাড়া,KUH708,22.239822,92.145,300,0,0,0,0,0,0,0,0,0,0,0,0,0,0,0,0,,,,
695,Bangladesh,Chattogram,Bandarban,Bandarban Sadar,Kuhalong,08,,,,Kuhalong Headman Barua Para,কুহালং হেডম্যান বড়ুয়া পাড়া,KUH801,22.213099,92.16,150,0,0,0,0,0,0,0,0,0,0,0,0,0,0,0,0,,,,
696,Bangladesh,Chattogram,Bandarban,Bandarban Sadar,Kuhalong,08,,,,Kuhalong Headman Para,কুহালং হেডম্যান পাড়া,KUH802,22.210644,92.16,400,0,0,0,0,0,0,0,0,0,0,0,0,0,0,0,0,,,,
697,Bangladesh,Chattogram,Bandarban,Bandarban Sadar,Kuhalong,08,,,,Bhangamura Muslim Para,ভাঙ্গামুড়া মুসলিম পাড়া,KUH803,22.218451,92.17,80,0,0,0,0,0,0,0,0,0,0,0,0,0,0,0,0,,,,
698,Bangladesh,Chattogram,Bandarban,Bandarban Sadar,Kuhalong,08,,,,Bhangamura Para,ভাঙ্গামুড়া পাড়া,KUH804,22.216962,92.175,360,0,0,0,0,0,0,0,0,0,0,0,0,0,0,0,0,,,,
699,Bangladesh,Chattogram,Bandarban,Bandarban Sadar,Kuhalong,08,,,,Moulana Shah Ahmad Agro Farm and Fishari,মৌলানা শাহ আহমদ এগ্রো ফার্ম ও ফিশারি,KUH805,22.215911,92.17,60,0,0,0,0,0,0,0,0,0,0,0,0,0,0,0,0,,,,
700,Bangladesh,Chattogram,Bandarban,Bandarban Sadar,Kuhalong,09,,,,Kyamlong Chaishoimong Para,ক্যামলং চাইশৈমং পাড়া,KUH901,22.226076,92.184,145,0,0,0,0,0,0,0,0,0,0,0,0,0,0,0,0,,,,
701,Bangladesh,Chattogram,Bandarban,Bandarban Sadar,Kuhalong,09,,,,Kyamlong Member Para/Kyamlong Mongkychi Member Para,ক্যামলং মেম্বার পাড়া/ক্যামলং মংক্যচি মেম্বার পাড়া,KUH902,22.223913,92.184,80,0,0,0,0,0,0,0,0,0,0,0,0,0,0,0,0,,,,
702,Bangladesh,Chattogram,Bandarban,Bandarban Sadar,Kuhalong,09,,,,Kyamlong Mongpu para,ক্যামলং মংপু পাড়া,KUH903,22.224283,92.182,140,0,0,0,0,0,0,0,0,0,0,0,0,0,0,0,0,,,,
703,Bangladesh,Chattogram,Bandarban,Bandarban Sadar,Kuhalong,09,,,,Kyamlong Nithoyai Para,ক্যামলং নিথোয়াই পাড়া,KUH904,22.227672,92.178,360,0,0,0,0,0,0,0,0,0,0,0,0,0,0,0,0,,,,
704,Bangladesh,Chattogram,Bandarban,Bandarban Sadar,Kuhalong,09,,,,Kyamlong Ubashoi Para,ক্যামলং উবাশৈ পাড়া,KUH905,22.226015,92.182,220,0,0,0,0,0,0,0,0,0,0,0,0,0,0,0,0,,,,
705,Bangladesh,Chattogram,Bandarban,Bandarban Sadar,Kuhalong,09,,,,Kyamlong Unuching Para,ক্যামলং উনুচিং পাড়া,KUH906,22.226682,92.185,180,0,0,0,0,0,0,0,0,0,0,0,0,0,0,0,0,,,,
706,Bangladesh,Chattogram,Bandarban,Bandarban Sadar,Kuhalong,09,,,,Kyamlong Ushoi Para,ক্যামলং উশৈ পাড়া,KUH907,22.222602,92.184,85,0,0,0,0,0,0,0,0,0,0,0,0,0,0,0,0,,,,
707,Bangladesh,Chattogram,Bandarban,Bandarban Sadar,Rajbila,01,,,,Aunggri Para,আংগ্রী পাড়া,RAJ101,22.344306,92.161,110,0,0,0,0,0,0,0,0,0,0,0,0,0,0,0,0,,,,
708,Bangladesh,Chattogram,Bandarban,Bandarban Sadar,Rajbila,01,,,,Ingradong Para,ইংরাদং পাড়া,RAJ102,22.341102,92.158,250,0,0,0,0,0,0,0,0,0,0,0,0,0,0,0,0,,,,
709,Bangladesh,Chattogram,Bandarban,Bandarban Sadar,Rajbila,01,,,,Kyongdong Para,ক্যংডং পাড়া,RAJ103,22.342411,92.15,120,0,0,0,0,0,0,0,0,0,0,0,0,0,0,0,0,,,,
710,Bangladesh,Chattogram,Bandarban,Bandarban Sadar,Rajbila,01,,,,Langal Para,লাঙ্গল পাড়া,RAJ104,22.343973,92.154,35,0,0,0,0,0,0,0,0,0,0,0,0,0,0,0,0,,,,
711,Bangladesh,Chattogram,Bandarban,Bandarban Sadar,Rajbila,01,,,,Master Para,মাস্টার পাড়া,RAJ105,22.341735,92.152,60,0,0,0,0,0,0,0,0,0,0,0,0,0,0,0,0,,,,
712,Bangladesh,Chattogram,Bandarban,Bandarban Sadar,Rajbila,01,,,,Renidong Para,রেনিডং পাড়া,RAJ106,22.343588,92.146,150,0,0,0,0,0,0,0,0,0,0,0,0,0,0,0,0,,,,
713,Bangladesh,Chattogram,Bandarban,Bandarban Sadar,Rajbila,01,,,,Tongse Para,তংসে পাড়া,RAJ107,22.340773,92.155,120,0,0,0,0,0,0,0,0,0,0,0,0,0,0,0,0,,,,
714,Bangladesh,Chattogram,Bandarban,Bandarban Sadar,Rajbila,01,,,,Renidong Para Police Camp,রেনিডং পাড়া পুলিশ ক্যাম্প,RAJ108,22.341306,92.145,40,0,0,0,0,0,0,0,0,0,0,0,0,0,0,0,0,,,,
715,Bangladesh,Chattogram,Bandarban,Bandarban Sadar,Rajbila,02,,,,Bura Member Para,বুড়া মেম্বার পাড়া,RAJ201,22.331629,92.158,90,0,0,0,0,0,0,0,0,0,0,0,0,0,0,0,0,,,,
716,Bangladesh,Chattogram,Bandarban,Bandarban Sadar,Rajbila,02,,,,Chaithui Doctor Para,চাইথুই ডাক্তার পাড়া,RAJ202,22.335244,92.161,80,0,0,0,0,0,0,0,0,0,0,0,0,0,0,0,0,,,,
717,Bangladesh,Chattogram,Bandarban,Bandarban Sadar,Rajbila,02,,,,Headman Para,হেডম্যান পাড়া,RAJ203,22.337586,92.156,80,0,0,0,0,0,0,0,0,0,0,0,0,0,0,0,0,,,,
718,Bangladesh,Chattogram,Bandarban,Bandarban Sadar,Rajbila,02,,,,Karbari Para,কারবারি পাড়া,RAJ204,22.339708,92.161,90,0,0,0,0,0,0,0,0,0,0,0,0,0,0,0,0,,,,
719,Bangladesh,Chattogram,Bandarban,Bandarban Sadar,Rajbila,02,,,,Noa Para,নোয়া পাড়া,RAJ205,22.341529,92.17,95,0,0,0,0,0,0,0,0,0,0,0,0,0,0,0,0,,,,
720,Bangladesh,Chattogram,Bandarban,Bandarban Sadar,Rajbila,02,,,,Udalboniya Upor Para,উদালবনিয়া উপর পাড়া,RAJ206,22.335305,92.164,80,0,0,0,0,0,0,0,0,0,0,0,0,0,0,0,0,,,,
721,Bangladesh,Chattogram,Bandarban,Bandarban Sadar,Rajbila,02,,,,Zhuzhari Para,ঝুঝরী পাড়া,RAJ207,22.335228,92.17,50,0,0,0,0,0,0,0,0,0,0,0,0,0,0,0,0,,,,
722,Bangladesh,Chattogram,Bandarban,Bandarban Sadar,Rajbila,03,,,,Rajbila Madhyam Para/Tongse Para,রাজবিলা মধ্যম পাড়া/তংসে পাড়া,RAJ301,22.322317,92.164,300,0,0,0,0,0,0,0,0,0,0,0,0,0,0,0,0,,,,
723,Bangladesh,Chattogram,Bandarban,Bandarban Sadar,Rajbila,03,,,,Rajbila Nicher Para,রাজবিলা নিচের পাড়া,RAJ302,22.325285,92.16,150,0,0,0,0,0,0,0,0,0,0,0,0,0,0,0,0,,,,
724,Bangladesh,Chattogram,Bandarban,Bandarban Sadar,Rajbila,03,,,,Rajbila Tongchangya Para,রাজবিলা তংচংগ্যা পাড়া,RAJ303,22.328406,92.168,250,0,0,0,0,0,0,0,0,0,0,0,0,0,0,0,0,,,,
725,Bangladesh,Chattogram,Bandarban,Bandarban Sadar,Rajbila,04,,,,Komdong Para,কমদং পাড়া,RAJ401,22.335057,92.177,55,0,0,0,0,0,0,0,0,0,0,0,0,0,0,0,0,,,,
726,Bangladesh,Chattogram,Bandarban,Bandarban Sadar,Rajbila,04,,,,Moshalboniya Para,মশালবনিয়া পাড়া,RAJ402,22.345943,92.186,140,0,0,0,0,0,0,0,0,0,0,0,0,0,0,0,0,,,,
727,Bangladesh,Chattogram,Bandarban,Bandarban Sadar,Rajbila,04,,,,Romotiya Para,রমতিয়া পাড়া,RAJ403,22.355516,92.147,160,0,0,0,0,0,0,0,0,0,0,0,0,0,0,0,0,,,,
728,Bangladesh,Chattogram,Bandarban,Bandarban Sadar,Rajbila,04,,,,Thaikhyonggri Para,থাইখ্যংগ্রী পাড়া,RAJ404,22.355585,92.183,60,0,0,0,0,0,0,0,0,0,0,0,0,0,0,0,0,,,,
729,Bangladesh,Chattogram,Bandarban,Bandarban Sadar,Rajbila,04,,,,Thongjoma Para,থংজমা পাড়া,RAJ405,22.333385,92.185,230,0,0,0,0,0,0,0,0,0,0,0,0,0,0,0,0,,,,
730,Bangladesh,Chattogram,Bandarban,Bandarban Sadar,Rajbila,05,,,,Hakimtila Para,হাকিমটিলা পাড়া,RAJ501,22.342347,92.192,175,0,0,0,0,0,0,0,0,0,0,0,0,0,0,0,0,,,,
731,Bangladesh,Chattogram,Bandarban,Bandarban Sadar,Rajbila,05,,,,Islampur Para,ইসলামপুর পাড়া,RAJ502,22.34151,92.195,300,0,0,0,0,0,0,0,0,0,0,0,0,0,0,0,0,,,,
732,Bangladesh,Chattogram,Bandarban,Bandarban Sadar,Rajbila,05,,,,Kadertila Para,কাদেরটিলা পাড়া,RAJ503,22.338505,92.192,180,0,0,0,0,0,0,0,0,0,0,0,0,0,0,0,0,,,,
733,Bangladesh,Chattogram,Bandarban,Bandarban Sadar,Rajbila,05,,,,Pathorbon Noya Para,পাথরবন নয়া পাড়া,RAJ504,22.362967,92.177,60,0,0,0,0,0,0,0,0,0,0,0,0,0,0,0,0,,,,
734,Bangladesh,Chattogram,Bandarban,Bandarban Sadar,Rajbila,05,,,,Pathorbon Para,পাথরবন পাড়া,RAJ505,22.361538,92.181,200,0,0,0,0,0,0,0,0,0,0,0,0,0,0,0,0,,,,
735,Bangladesh,Chattogram,Bandarban,Bandarban Sadar,Rajbila,05,,,,Rashidtila Para,রশিদটিলা পাড়া,RAJ506,22.340055,92.197,100,0,0,0,0,0,0,0,0,0,0,0,0,0,0,0,0,,,,
736,Bangladesh,Chattogram,Bandarban,Bandarban Sadar,Rajbila,05,,,,Wajed Tila Para,ওয়াজেদ টিলা পাড়া,RAJ507,22.348122,92.192,70,0,0,0,0,0,0,0,0,0,0,0,0,0,0,0,0,,,,
737,Bangladesh,Chattogram,Bandarban,Bandarban Sadar,Rajbila,06,,,,Islampur Balumura Para,ইসলামপুর বালুমুড়া পাড়া,RAJ601,22.336553,92.207,210,0,0,0,0,0,0,0,0,0,0,0,0,0,0,0,0,,,,
738,Bangladesh,Chattogram,Bandarban,Bandarban Sadar,Rajbila,06,,,,Kengrachhari Para,কেংড়াছড়ি পাড়া,RAJ602,22.327332,92.181,215,0,0,0,0,0,0,0,0,0,0,0,0,0,0,0,0,,,,
739,Bangladesh,Chattogram,Bandarban,Bandarban Sadar,Rajbila,06,,,,Jhangka Para,ঝাংকা পাড়া,RAJ603,22.328633,92.194,290,0,0,0,0,0,0,0,0,0,0,0,0,0,0,0,0,,,,
740,Bangladesh,Chattogram,Bandarban,Bandarban Sadar,Rajbila,07,,,,Rajbila Dhungmari Para,রাজবিলা ধুংমারী পাড়া,RAJ701,22.309728,92.179,150,0,0,0,0,0,0,0,0,0,0,0,0,0,0,0,0,,,,
741,Bangladesh,Chattogram,Bandarban,Bandarban Sadar,Rajbila,07,,,,Rajbila Dhungmari Tongchangya Para,রাজবিলা ধুংমারী তংচংগ্যা পাড়া,RAJ702,22.305763,92.181,25,0,0,0,0,0,0,0,0,0,0,0,0,0,0,0,0,,,,
742,Bangladesh,Chattogram,Bandarban,Bandarban Sadar,Rajbila,07,,,,Rajbila Muslim Para,রাজবিলা মুসলিম পাড়া,RAJ703,22.312641,92.175,250,0,0,0,0,0,0,0,0,0,0,0,0,0,0,0,0,,,,
743,Bangladesh,Chattogram,Bandarban,Bandarban Sadar,Rajbila,07,,,,Rajbila Upor Para,রাজবিলা উপর পাড়া,RAJ704,22.3149,92.174,225,0,0,0,0,0,0,0,0,0,0,0,0,0,0,0,0,,,,
744,Bangladesh,Chattogram,Bandarban,Bandarban Sadar,Rajbila,08,,,,8 No Punarbasan Para,৮ নং পুর্ণবাসন পাড়া,RAJ801,22.292217,92.194,150,0,0,0,0,0,0,0,0,0,0,0,0,0,0,0,0,,,,
745,Bangladesh,Chattogram,Bandarban,Bandarban Sadar,Rajbila,08,,,,Murukkhyong Aga Para,মুরুক্ষ্যং আগা পাড়া,RAJ802,22.302259,92.214,40,0,0,0,0,0,0,0,0,0,0,0,0,0,0,0,0,,,,
746,Bangladesh,Chattogram,Bandarban,Bandarban Sadar,Rajbila,08,,,,Rening Para,রেনীং পাড়া,RAJ803,22.30543,92.188,200,0,0,0,0,0,0,0,0,0,0,0,0,0,0,0,0,,,,
747,Bangladesh,Chattogram,Bandarban,Bandarban Sadar,Rajbila,08,,,,Soingkkhyng Para,সইংক্ষ্যং পাড়া,RAJ804,22.304094,92.2,250,0,0,0,0,0,0,0,0,0,0,0,0,0,0,0,0,,,,
748,Bangladesh,Chattogram,Bandarban,Bandarban Sadar,Rajbila,08,,,,Taikhali Nicher Para,তাইখালী নিচের পাড়া,RAJ805,22.321487,92.19,100,0,0,0,0,0,0,0,0,0,0,0,0,0,0,0,0,,,,
749,Bangladesh,Chattogram,Bandarban,Bandarban Sadar,Rajbila,08,,,,Taikhali Upor Para,তাইখালী উপর পাড়া,RAJ806,22.316746,92.192,170,0,0,0,0,0,0,0,0,0,0,0,0,0,0,0,0,,,,
750,Bangladesh,Chattogram,Bandarban,Bandarban Sadar,Rajbila,09,,,,7 No. Punarbasan Para,৭ নং পুর্ণবাসন পাড়া,RAJ901,22.287275,92.201,60,0,0,0,0,0,0,0,0,0,0,0,0,0,0,0,0,,,,
751,Bangladesh,Chattogram,Bandarban,Bandarban Sadar,Rajbila,09,,,,Buri Para,বুড়ি পাড়া,RAJ902,22.265069,92.223,250,0,0,0,0,0,0,0,0,0,0,0,0,0,0,0,0,,,,
752,Bangladesh,Chattogram,Bandarban,Bandarban Sadar,Rajbila,09,,,,Meoa Para,মেওয়া পাড়া,RAJ903,22.279311,92.203,270,0,0,0,0,0,0,0,0,0,0,0,0,0,0,0,0,,,,
753,Bangladesh,Chattogram,Bandarban,Bandarban Sadar,Rajbila,09,,,,Ningkkhyng Para,ঞংক্ষ্যং পাড়া,RAJ904,22.269064,92.204,50,0,0,0,0,0,0,0,0,0,0,0,0,0,0,0,0,,,,
754,Bangladesh,Chattogram,Bandarban,Bandarban Sadar,Rajbila,09,,,,Sakredong Para,সাক্রেদং পাড়া,RAJ905,22.276949,92.24,40,0,0,0,0,0,0,0,0,0,0,0,0,0,0,0,0,,,,
755,Bangladesh,Chattogram,Bandarban,Bandarban Sadar,Suwalok,01,,,,Bisarikhola Para,বিশারিখোলা পাড়া,SUW101,22.164035,92.16,200,0,0,0,0,0,0,0,0,0,0,0,0,0,0,0,0,,,,
756,Bangladesh,Chattogram,Bandarban,Bandarban Sadar,Suwalok,01,,,,Bongo Para,বঙ্গ পাড়া,SUW102,22.138489,92.175,150,0,0,0,0,0,0,0,0,0,0,0,0,0,0,0,0,,,,
757,Bangladesh,Chattogram,Bandarban,Bandarban Sadar,Suwalok,01,,,,Borgiaror Char/Pashchim Shikdar Para,বর্গিয়ারর চর/ পশ্চিম শিকদার পাড়া,SUW103,22.142124,92.17,800,0,0,0,0,0,0,0,0,0,0,0,0,0,0,0,0,,,,
758,Bangladesh,Chattogram,Bandarban,Bandarban Sadar,Suwalok,01,,,,Harin Mara Para,হরিণ মারা পাড়া,SUW104,22.149943,92.177,150,0,0,0,0,0,0,0,0,0,0,0,0,0,0,0,0,,,,
759,Bangladesh,Chattogram,Bandarban,Bandarban Sadar,Suwalok,01,,,,Kamar Para,কামার পাড়া,SUW105,22.142743,92.175,55,0,0,0,0,0,0,0,0,0,0,0,0,0,0,0,0,,,,
760,Bangladesh,Chattogram,Bandarban,Bandarban Sadar,Suwalok,01,,,,Lamba Rasta Para,লম্বা রাস্তা পাড়া,SUW106,22.153561,92.18,80,0,0,0,0,0,0,0,0,0,0,0,0,0,0,0,0,,,,
761,Bangladesh,Chattogram,Bandarban,Bandarban Sadar,Suwalok,01,,,,Sikder Para,সিকদার পাড়া,SUW107,22.149221,92.169,950,0,0,0,0,0,0,0,0,0,0,0,0,0,0,0,0,,,,
762,Bangladesh,Chattogram,Bandarban,Bandarban Sadar,Suwalok,01,,,,Sualok Bazar Para,সুয়ালক বাজার পাড়া,SUW108,22.140465,92.172,1000,0,0,0,0,0,0,0,0,0,0,0,0,0,0,0,0,,,,
763,Bangladesh,Chattogram,Bandarban,Bandarban Sadar,Suwalok,01,,,,Sultanpur Para,সুলতানপুর পাড়া,SUW109,22.155767,92.164,1000,0,0,0,0,0,0,0,0,0,0,0,0,0,0,0,0,,,,
764,Bangladesh,Chattogram,Bandarban,Bandarban Sadar,Suwalok,01,,,,27 No Ansar Batelion Sadar Dofotor,২৭ নং আনসার ব্যাটেলিয়ন সদর দফতর,SUW110,22.143605,92.174,300,0,0,0,0,0,0,0,0,0,0,0,0,0,0,0,0,,,,
765,Bangladesh,Chattogram,Bandarban,Bandarban Sadar,Suwalok,01,,,,Nasir Uddin Poultryfarm,নাসির উদ্দিন পোল্টিফার্ম,SUW111,22.140229,92.174,15,0,0,0,0,0,0,0,0,0,0,0,0,0,0,0,0,,,,
766,Bangladesh,Chattogram,Bandarban,Bandarban Sadar,Suwalok,02,,,,Kaichtoli Para,কাইচতলী পাড়া,SUW201,22.123852,92.164,1500,0,0,0,0,0,0,0,0,0,0,0,0,0,0,0,0,,,,
767,Bangladesh,Chattogram,Bandarban,Bandarban Sadar,Suwalok,02,,,,Prantik Lake Para,প্রান্তিক লেক পাড়া,SUW202,22.11078,92.175,50,0,0,0,0,0,0,0,0,0,0,0,0,0,0,0,0,,,,
768,Bangladesh,Chattogram,Bandarban,Bandarban Sadar,Suwalok,02,,,,Tulatali Para,তুলাতলী পাড়া,SUW203,22.11647,92.174,1200,0,0,0,0,0,0,0,0,0,0,0,0,0,0,0,0,,,,
769,Bangladesh,Chattogram,Bandarban,Bandarban Sadar,Suwalok,02,,,,Udrukka Para,উদ্যরুক্যা পাড়া,SUW204,22.131588,92.162,250,0,0,0,0,0,0,0,0,0,0,0,0,0,0,0,0,,,,
770,Bangladesh,Chattogram,Bandarban,Bandarban Sadar,Suwalok,03,,,,Daikyakhola Para,ডাইক্যাখোলা পাড়া,SUW301,22.093532,92.153,570,0,0,0,0,0,0,0,0,0,0,0,0,0,0,0,0,,,,
771,Bangladesh,Chattogram,Bandarban,Bandarban Sadar,Suwalok,03,,,,Harichyakhola Para,হারিচ্যাখোলা পাড়া,SUW302,22.098167,92.16,500,0,0,0,0,0,0,0,0,0,0,0,0,0,0,0,0,,,,
772,Bangladesh,Chattogram,Bandarban,Bandarban Sadar,Suwalok,03,,,,Kodukhola Natun Para,কদুখোলা নতুন পাড়া,SUW303,22.090519,92.161,180,0,0,0,0,0,0,0,0,0,0,0,0,0,0,0,0,,,,
773,Bangladesh,Chattogram,Bandarban,Bandarban Sadar,Suwalok,03,,,,Kodukhola Para,কদুখোলা পাড়া,SUW304,22.09551,92.161,600,0,0,0,0,0,0,0,0,0,0,0,0,0,0,0,0,,,,
774,Bangladesh,Chattogram,Bandarban,Bandarban Sadar,Suwalok,03,,,,Prantik Lake Para,প্রান্তিক লেক পাড়া,SUW305,22.107619,92.173,70,0,0,0,0,0,0,0,0,0,0,0,0,0,0,0,0,,,,
775,Bangladesh,Chattogram,Bandarban,Bandarban Sadar,Suwalok,04,,,,Headman Para,হেডম্যান পাড়া,SUW401,22.13434,92.195,450,0,0,0,0,0,0,0,0,0,0,0,0,0,0,0,0,,,,
776,Bangladesh,Chattogram,Bandarban,Bandarban Sadar,Suwalok,04,,,,Lamar Para,লামার পাড়া,SUW402,22.143167,92.181,350,0,0,0,0,0,0,0,0,0,0,0,0,0,0,0,0,,,,
777,Bangladesh,Chattogram,Bandarban,Bandarban Sadar,Suwalok,04,,,,Majher Para,মাঝের পাড়া,SUW403,22.139385,92.187,600,0,0,0,0,0,0,0,0,0,0,0,0,0,0,0,0,,,,
778,Bangladesh,Chattogram,Bandarban,Bandarban Sadar,Suwalok,04,,,,Majher Para Rastar Matha,মাঝের পাড়া রাস্তার মাথা,SUW404,22.146938,92.18,60,0,0,0,0,0,0,0,0,0,0,0,0,0,0,0,0,,,,
779,Bangladesh,Chattogram,Bandarban,Bandarban Sadar,Suwalok,04,,,,Prafulla Para,প্রফুল্ল পাড়া,SUW405,22.135884,92.19,150,0,0,0,0,0,0,0,0,0,0,0,0,0,0,0,0,,,,
780,Bangladesh,Chattogram,Bandarban,Bandarban Sadar,Suwalok,04,,,,Mongkya Chowdhury Motso Khamar,মংক্য চৌধুরী মৎস্য খামার,SUW406,22.140817,92.194,1,0,0,0,0,0,0,0,0,0,0,0,0,0,0,0,0,,,,
781,Bangladesh,Chattogram,Bandarban,Bandarban Sadar,Suwalok,04,,,,Uthing Marma Motso Khamar,উটিং মার্মা মৎস্য খামার,SUW407,22.137884,92.195,3,0,0,0,0,0,0,0,0,0,0,0,0,0,0,0,0,,,,
782,Bangladesh,Chattogram,Bandarban,Bandarban Sadar,Suwalok,05,,,,Amtali Marma Para,আমতলী মার্মা পাড়া,SUW501,22.120086,92.196,500,0,0,0,0,0,0,0,0,0,0,0,0,0,0,0,0,,,,
783,Bangladesh,Chattogram,Bandarban,Bandarban Sadar,Suwalok,05,,,,Amtali Tongchangya Para,আমতলী তংচংগ্যা পাড়া,SUW502,22.11675,92.197,270,0,0,0,0,0,0,0,0,0,0,0,0,0,0,0,0,,,,
784,Bangladesh,Chattogram,Bandarban,Bandarban Sadar,Suwalok,05,,,,Bongo Para,বঙ্গ পাড়া,SUW503,22.135348,92.177,130,0,0,0,0,0,0,0,0,0,0,0,0,0,0,0,0,,,,
785,Bangladesh,Chattogram,Bandarban,Bandarban Sadar,Suwalok,05,,,,Chingpru Para,চিংপ্রু পাড়া,SUW504,22.129704,92.18,50,0,0,0,0,0,0,0,0,0,0,0,0,0,0,0,0,,,,
786,Bangladesh,Chattogram,Bandarban,Bandarban Sadar,Suwalok,05,,,,Gonesh Para,গনেশ পাড়া,SUW505,22.127737,92.191,120,0,0,0,0,0,0,0,0,0,0,0,0,0,0,0,0,,,,
787,Bangladesh,Chattogram,Bandarban,Bandarban Sadar,Suwalok,05,,,,Bir Bahadur Ushei Sing Fish and Mango Farm,বীর বাহাদুর উশেই সিং ফিস ও ম্যনগো ফার্ম,SUW506,22.129713,92.186,4,0,0,0,0,0,0,0,0,0,0,0,0,0,0,0,0,,,,
788,Bangladesh,Chattogram,Bandarban,Bandarban Sadar,Suwalok,06,,,,Basanta Para,বসন্ত পাড়া,SUW601,22.118343,92.221,120,0,0,0,0,0,0,0,0,0,0,0,0,0,0,0,0,,,,
789,Bangladesh,Chattogram,Bandarban,Bandarban Sadar,Suwalok,06,,,,Bethani Para,বেথানী পাড়া,SUW602,22.140146,92.219,80,0,0,0,0,0,0,0,0,0,0,0,0,0,0,0,0,,,,
790,Bangladesh,Chattogram,Bandarban,Bandarban Sadar,Suwalok,06,,,,Faruk Para,ফারুক পাড়া,SUW603,22.153139,92.218,950,0,0,0,0,0,0,0,0,0,0,0,0,0,0,0,0,,,,
791,Bangladesh,Chattogram,Bandarban,Bandarban Sadar,Suwalok,06,,,,Getshimani Para,গেৎশিমানি পাড়া,SUW604,22.137768,92.227,320,0,0,0,0,0,0,0,0,0,0,0,0,0,0,0,0,,,,
792,Bangladesh,Chattogram,Bandarban,Bandarban Sadar,Suwalok,06,,,,Girishova Para,গিরিশোভা পাড়া,SUW605,22.145581,92.228,40,0,0,0,0,0,0,0,0,0,0,0,0,0,0,0,0,,,,
793,Bangladesh,Chattogram,Bandarban,Bandarban Sadar,Suwalok,06,,,,Murang Long Para,মুরং লং পাড়া,SUW606,22.127448,92.228,135,0,0,0,0,0,0,0,0,0,0,0,0,0,0,0,0,,,,
794,Bangladesh,Chattogram,Bandarban,Bandarban Sadar,Suwalok,06,,,,Noa Para,নোয়া পাড়া,SUW607,22.124179,92.225,125,0,0,0,0,0,0,0,0,0,0,0,0,0,0,0,0,,,,
795,Bangladesh,Chattogram,Bandarban,Bandarban Sadar,Suwalok,06,,,,Shyaran Para,শ্যারন পাড়া,SUW608,22.133344,92.213,290,0,0,0,0,0,0,0,0,0,0,0,0,0,0,0,0,,,,
796,Bangladesh,Chattogram,Bandarban,Bandarban Sadar,Suwalok,06,,,,Lalram Rowat Aam Bagan,লালরাম রোয়াত আম বাগান,SUW609,22.136528,92.218,2,0,0,0,0,0,0,0,0,0,0,0,0,0,0,0,0,,,,
797,Bangladesh,Chattogram,Bandarban,Bandarban Sadar,Suwalok,07,,,,Deoyai Headman Para,দেওয়াই হেডম্যান পাড়া,SUW701,22.094762,92.242,200,0,0,0,0,0,0,0,0,0,0,0,0,0,0,0,0,,,,
798,Bangladesh,Chattogram,Bandarban,Bandarban Sadar,Suwalok,07,,,,Kramadi Para,ক্রামাদি পাড়া,SUW702,22.104987,92.234,150,0,0,0,0,0,0,0,0,0,0,0,0,0,0,0,0,,,,
799,Bangladesh,Chattogram,Bandarban,Bandarban Sadar,Suwalok,07,,,,Madhyam Para,মধ্যম পাড়া,SUW703,22.08717,92.249,120,0,0,0,0,0,0,0,0,0,0,0,0,0,0,0,0,,,,
800,Bangladesh,Chattogram,Bandarban,Bandarban Sadar,Suwalok,07,,,,Natun Chhatang Para,নতুন ছাতং পাড়া,SUW704,22.099018,92.237,180,0,0,0,0,0,0,0,0,0,0,0,0,0,0,0,0,,,,
801,Bangladesh,Chattogram,Bandarban,Bandarban Sadar,Suwalok,07,,,,Ranglai Chairman Para/Purnarbasan Para,রাংলাই চেয়ারম্যান পাড়া/পূর্নবাসন পাড়া,SUW705,22.088732,92.248,160,0,0,0,0,0,0,0,0,0,0,0,0,0,0,0,0,,,,
802,Bangladesh,Chattogram,Bandarban,Bandarban Sadar,Suwalok,07,,,,Renikkhyong Bagan Para,রেনিক্ষ্যং বাগান পাড়া,SUW706,22.111305,92.233,200,0,0,0,0,0,0,0,0,0,0,0,0,0,0,0,0,,,,
803,Bangladesh,Chattogram,Bandarban,Bandarban Sadar,Suwalok,07,,,,Singchyong Para,সিংচ্যং পাড়া,SUW707,22.085752,92.249,50,0,0,0,0,0,0,0,0,0,0,0,0,0,0,0,0,,,,
804,Bangladesh,Chattogram,Bandarban,Bandarban Sadar,Suwalok,07,,,,Y Junction Bazar Para,ওয়াই জংশন বাজার পাড়া,SUW708,22.096389,92.25,150,0,0,0,0,0,0,0,0,0,0,0,0,0,0,0,0,,,,
805,Bangladesh,Chattogram,Bandarban,Bandarban Sadar,Suwalok,07,,,,Amtali Army Camp,আমতলী আর্মি ক্যাম্প,SUW709,22.105603,92.205,50,0,0,0,0,0,0,0,0,0,0,0,0,0,0,0,0,,,,
806,Bangladesh,Chattogram,Bandarban,Bandarban Sadar,Suwalok,07,,,,Kraiking Army Camp/Straiking Army Camp,ক্রাইকিং আর্মি ক্যাম্প/স্ট্রাইকিং আর্মি ক্যাম্প,SUW710,22.096699,92.249,50,0,0,0,0,0,0,0,0,0,0,0,0,0,0,0,0,,,,
807,Bangladesh,Chattogram,Bandarban,Bandarban Sadar,Suwalok,07,,,,Madam Project,ম্যাডাম প্রজেক্ট,SUW711,22.088266,92.228,20,0,0,0,0,0,0,0,0,0,0,0,0,0,0,0,0,,,,
808,Bangladesh,Chattogram,Bandarban,Bandarban Sadar,Suwalok,08,,,,Baikka Para,বাইক্কা পাড়া,SUW801,22.0753,92.178,150,0,0,0,0,0,0,0,0,0,0,0,0,0,0,0,0,,,,
809,Bangladesh,Chattogram,Bandarban,Bandarban Sadar,Suwalok,08,,,,Deba Para,ডেবা পাড়া,SUW802,22.072403,92.162,250,0,0,0,0,0,0,0,0,0,0,0,0,0,0,0,0,,,,
810,Bangladesh,Chattogram,Bandarban,Bandarban Sadar,Suwalok,08,,,,Goyal Mara Para,গয়াল মারা পাড়া,SUW803,22.071653,92.161,400,0,0,0,0,0,0,0,0,0,0,0,0,0,0,0,0,,,,
811,Bangladesh,Chattogram,Bandarban,Bandarban Sadar,Suwalok,08,,,,Member Para,মেম্বার পাড়া,SUW804,22.072988,92.159,300,0,0,0,0,0,0,0,0,0,0,0,0,0,0,0,0,,,,
812,Bangladesh,Chattogram,Bandarban,Bandarban Sadar,Suwalok,08,,,,Mujib Borsho Para,মুজিব বর্ষ পাড়া,SUW805,22.072487,92.16,70,0,0,0,0,0,0,0,0,0,0,0,0,0,0,0,0,,,,
813,Bangladesh,Chattogram,Bandarban,Bandarban Sadar,Suwalok,08,,,,Oilla Shiya Para,অইল্লা শিয়া পাড়া,SUW806,22.074318,92.158,100,0,0,0,0,0,0,0,0,0,0,0,0,0,0,0,0,,,,
814,Bangladesh,Chattogram,Bandarban,Bandarban Sadar,Suwalok,08,,,,Bandarban Military Training Area (BMTA),বান্দরবান মিলিটারী ট্রেইনিং এরিয়া (বিএমটিএ),SUW807,22.09196,92.188,3,0,0,0,0,0,0,0,0,0,0,0,0,0,0,0,0,,,,
815,Bangladesh,Chattogram,Bandarban,Bandarban Sadar,Suwalok,09,,,,Baburchi Para,বাবুর্চি পাড়া,SUW901,22.076026,92.159,800,0,0,0,0,0,0,0,0,0,0,0,0,0,0,0,0,,,,
816,Bangladesh,Chattogram,Bandarban,Bandarban Sadar,Suwalok,09,,,,Bhagyakul Para,ভাগ্যকুল পাড়া,SUW902,22.079029,92.162,350,0,0,0,0,0,0,0,0,0,0,0,0,0,0,0,0,,,,
817,Bangladesh,Chattogram,Bandarban,Bandarban Sadar,Suwalok,09,,,,Bhagyakul Natun Para,ভাগ্যকুল নতুন পাড়া,SUW903,22.082717,92.161,400,0,0,0,0,0,0,0,0,0,0,0,0,0,0,0,0,,,,
818,Bangladesh,Chattogram,Bandarban,Bandarban Sadar,Suwalok,09,,,,Hindu Para,হিন্দু পাড়া,SUW904,22.075574,92.16,50,0,0,0,0,0,0,0,0,0,0,0,0,0,0,0,0,,,,
819,Bangladesh,Chattogram,Bandarban,Bandarban Sadar,Tankabati,01,,,,Ramri Para,রামরি পাড়া,TAN101,22.077177,92.258,350,0,0,0,0,0,0,0,0,0,0,0,0,0,0,0,0,,,,
820,Bangladesh,Chattogram,Bandarban,Bandarban Sadar,Tankabati,02,,,,Bagan Para,বাগান পাড়া,TAN201,22.060936,92.267,192,0,0,0,0,0,0,0,0,0,0,0,0,0,0,0,0,,,,
821,Bangladesh,Chattogram,Bandarban,Bandarban Sadar,Tankabati,02,,,,Baitta Para,বাইট্ট্যা পাড়া,TAN202,22.059821,92.247,472,0,0,0,0,0,0,0,0,0,0,0,0,0,0,0,0,,,,
822,Bangladesh,Chattogram,Bandarban,Bandarban Sadar,Tankabati,03,,,,Alinagar Chandar Para,আলীনগর চান্দার পাড়া,TAN301,22.046654,92.166,350,0,0,0,0,0,0,0,0,0,0,0,0,0,0,0,0,,,,
823,Bangladesh,Chattogram,Bandarban,Bandarban Sadar,Tankabati,03,,,,Babu Nagor Para,বাবু নগর পাড়া,TAN302,22.040041,92.187,150,0,0,0,0,0,0,0,0,0,0,0,0,0,0,0,0,,,,
824,Bangladesh,Chattogram,Bandarban,Bandarban Sadar,Tankabati,03,,,,Mithakhali Para,মিঠাখালী পাড়া,TAN303,22.062332,92.178,150,0,0,0,0,0,0,0,0,0,0,0,0,0,0,0,0,,,,
825,Bangladesh,Chattogram,Bandarban,Bandarban Sadar,Tankabati,03,,,,Yusuf Shah Para,ইউসুফ শাহ পাড়া,TAN304,22.038443,92.173,200,0,0,0,0,0,0,0,0,0,0,0,0,0,0,0,0,,,,
826,Bangladesh,Chattogram,Bandarban,Bandarban Sadar,Tankabati,03,,,,Tonkabati Police Todonto Kendra,টংকাবতী পুলিশ তদন্ত কেন্দ্র,TAN305,22.041705,92.187,20,0,0,0,0,0,0,0,0,0,0,0,0,0,0,0,0,,,,
827,Bangladesh,Chattogram,Bandarban,Bandarban Sadar,Tankabati,04,,,,Bali Para,বলি পাড়া,TAN401,22.0381,92.257,162,0,0,0,0,0,0,0,0,0,0,0,0,0,0,0,0,,,,
828,Bangladesh,Chattogram,Bandarban,Bandarban Sadar,Tankabati,04,,,,Chimbuk Para,চিম্বুক পাড়া,TAN402,22.038661,92.279,457,0,0,0,0,0,0,0,0,0,0,0,0,0,0,0,0,,,,
829,Bangladesh,Chattogram,Bandarban,Bandarban Sadar,Tankabati,04,,,,Mirza Para 1,মির্জা পাড়া ১,TAN403,22.055203,92.255,185,0,0,0,0,0,0,0,0,0,0,0,0,0,0,0,0,,,,
830,Bangladesh,Chattogram,Bandarban,Bandarban Sadar,Tankabati,04,,,,Mirza Para 2,মির্জা পাড়া ২,TAN404,22.049776,92.253,211,0,0,0,0,0,0,0,0,0,0,0,0,0,0,0,0,,,,
831,Bangladesh,Chattogram,Bandarban,Bandarban Sadar,Tankabati,04,,,,Chimbuk Police Camp,চিম্বুক পুলিশ ক্যাম্প,TAN405,22.057623,92.272,30,0,0,0,0,0,0,0,0,0,0,0,0,0,0,0,0,,,,
832,Bangladesh,Chattogram,Bandarban,Bandarban Sadar,Tankabati,04,,,,Chimbuk Army Camp,চিম্বুক আর্মি  ক্যাম্প,TAN406,22.051894,92.277,50,0,0,0,0,0,0,0,0,0,0,0,0,0,0,0,0,,,,
833,Bangladesh,Chattogram,Bandarban,Bandarban Sadar,Tankabati,05,,,,Aungla Para,অংলা পাড়া,TAN501,22.022774,92.27,28,0,0,0,0,0,0,0,0,0,0,0,0,0,0,0,0,,,,
834,Bangladesh,Chattogram,Bandarban,Bandarban Sadar,Tankabati,05,,,,Brick Field Para,ব্রিক ফিল্ড পাড়া,TAN502,22.047415,92.224,185,0,0,0,0,0,0,0,0,0,0,0,0,0,0,0,0,,,,
835,Bangladesh,Chattogram,Bandarban,Bandarban Sadar,Tankabati,05,,,,Immanuel Para,ইম্মানুয়েল পাড়া,TAN503,22.013715,92.236,66,0,0,0,0,0,0,0,0,0,0,0,0,0,0,0,0,,,,
836,Bangladesh,Chattogram,Bandarban,Bandarban Sadar,Tankabati,05,,,,Ingchhom Para,ইংছম পাড়া,TAN504,22.039496,92.223,42,0,0,0,0,0,0,0,0,0,0,0,0,0,0,0,0,,,,
837,Bangladesh,Chattogram,Bandarban,Bandarban Sadar,Tankabati,05,,,,Kamal Para,কামাল পাড়া,TAN505,22.030499,92.203,175,0,0,0,0,0,0,0,0,0,0,0,0,0,0,0,0,,,,
838,Bangladesh,Chattogram,Bandarban,Bandarban Sadar,Tankabati,05,,,,Lakri Para,লাকড়ী পাড়া,TAN506,22.042499,92.232,216,0,0,0,0,0,0,0,0,0,0,0,0,0,0,0,0,,,,
839,Bangladesh,Chattogram,Bandarban,Bandarban Sadar,Tankabati,05,,,,Latajhiri Para,লতাঝিরি পাড়া,TAN507,22.05004,92.224,84,0,0,0,0,0,0,0,0,0,0,0,0,0,0,0,0,,,,
840,Bangladesh,Chattogram,Bandarban,Bandarban Sadar,Tankabati,05,,,,Mereng Para,মেরেং পাড়া,TAN508,22.025193,92.24,184,0,0,0,0,0,0,0,0,0,0,0,0,0,0,0,0,,,,
841,Bangladesh,Chattogram,Bandarban,Bandarban Sadar,Tankabati,05,,,,Penai Para,পেনাই পাড়া,TAN509,22.031321,92.229,294,0,0,0,0,0,0,0,0,0,0,0,0,0,0,0,0,,,,
842,Bangladesh,Chattogram,Bandarban,Bandarban Sadar,Tankabati,05,,,,Romju Para,রমজু পাড়া,TAN510,22.031992,92.23,104,0,0,0,0,0,0,0,0,0,0,0,0,0,0,0,0,,,,
843,Bangladesh,Chattogram,Bandarban,Bandarban Sadar,Tankabati,05,,,,Sakkhoy Para,সাক্ষয় পাড়া,TAN511,22.048768,92.223,384,0,0,0,0,0,0,0,0,0,0,0,0,0,0,0,0,,,,
844,Bangladesh,Chattogram,Bandarban,Bandarban Sadar,Tankabati,05,,,,Shekh Mujib Nagar Para,শেখ মুজিব নগর পাড়া,TAN512,22.048243,92.218,25,0,0,0,0,0,0,0,0,0,0,0,0,0,0,0,0,,,,
845,Bangladesh,Chattogram,Bandarban,Bandarban Sadar,Tankabati,06,,,,Hatir Dera Para,হাতির ডেরা পাড়া,TAN601,22.019985,92.2,210,0,0,0,0,0,0,0,0,0,0,0,0,0,0,0,0,,,,
846,Bangladesh,Chattogram,Bandarban,Bandarban Sadar,Tankabati,06,,,,Maulavi Para,মৌলভী পাড়া,TAN602,22.01388,92.206,70,0,0,0,0,0,0,0,0,0,0,0,0,0,0,0,0,,,,
847,Bangladesh,Chattogram,Bandarban,Bandarban Sadar,Tankabati,06,,,,Safiqur Rahman Para,শফিকুর রহমান পাড়া,TAN603,22.026306,92.187,420,0,0,0,0,0,0,0,0,0,0,0,0,0,0,0,0,,,,
848,Bangladesh,Chattogram,Bandarban,Bandarban Sadar,Tankabati,07,,,,Bhuitta Para,ভুইট্ট্যা পাড়া,TAN701,22.025801,92.279,55,0,0,0,0,0,0,0,0,0,0,0,0,0,0,0,0,,,,
849,Bangladesh,Chattogram,Bandarban,Bandarban Sadar,Tankabati,07,,,,Chaola Patui Para,চাওলা পাতুই পাড়া,TAN702,22.008551,92.241,120,0,0,0,0,0,0,0,0,0,0,0,0,0,0,0,0,,,,
850,Bangladesh,Chattogram,Bandarban,Bandarban Sadar,Tankabati,07,,,,Headman Para,হেডম্যান পাড়া,TAN703,21.98201,92.24,250,0,0,0,0,0,0,0,0,0,0,0,0,0,0,0,0,,,,
851,Bangladesh,Chattogram,Bandarban,Bandarban Sadar,Tankabati,07,,,,Junglai Para,জুংলাই পাড়া,TAN704,22.008103,92.259,40,0,0,0,0,0,0,0,0,0,0,0,0,0,0,0,0,,,,
852,Bangladesh,Chattogram,Bandarban,Bandarban Sadar,Tankabati,07,,,,Kakdui Para,কাকদুই পাড়া,TAN705,22.029458,92.251,14,0,0,0,0,0,0,0,0,0,0,0,0,0,0,0,0,,,,
853,Bangladesh,Chattogram,Bandarban,Bandarban Sadar,Tankabati,07,,,,Latajhiri Para,লতাঝিরি পাড়া,TAN706,21.989616,92.205,210,0,0,0,0,0,0,0,0,0,0,0,0,0,0,0,0,,,,
854,Bangladesh,Chattogram,Bandarban,Bandarban Sadar,Tankabati,07,,,,Menleng Para,মেনলেং পাড়া,TAN707,22.00271,92.244,40,0,0,0,0,0,0,0,0,0,0,0,0,0,0,0,0,,,,
855,Bangladesh,Chattogram,Bandarban,Bandarban Sadar,Tankabati,07,,,,Menyang Para,মেনয়াং পাড়া,TAN708,22.019612,92.265,42,0,0,0,0,0,0,0,0,0,0,0,0,0,0,0,0,,,,
856,Bangladesh,Chattogram,Bandarban,Bandarban Sadar,Tankabati,07,,,,Muktadhon Para/Muktajon Para,মুক্তাধন পাড়া/মুক্তাজন পাড়া,TAN709,21.989757,92.217,20,0,0,0,0,0,0,0,0,0,0,0,0,0,0,0,0,,,,
857,Bangladesh,Chattogram,Bandarban,Bandarban Sadar,Tankabati,07,,,,Patui Para,পাতুই পাড়া,TAN710,21.966439,92.253,45,0,0,0,0,0,0,0,0,0,0,0,0,0,0,0,0,,,,
858,Bangladesh,Chattogram,Bandarban,Bandarban Sadar,Tankabati,07,,,,Punarbasan Chakma Para,পূর্ণবাসন চাকমা পাড়া,TAN711,21.981266,92.216,60,0,0,0,0,0,0,0,0,0,0,0,0,0,0,0,0,,,,
859,Bangladesh,Chattogram,Bandarban,Bandarban Sadar,Tankabati,07,,,,Punarbasan Tripura Para,পুর্ণবাসন ত্রিপুরা পাড়া,TAN712,21.987568,92.229,90,0,0,0,0,0,0,0,0,0,0,0,0,0,0,0,0,,,,
860,Bangladesh,Chattogram,Bandarban,Bandarban Sadar,Tankabati,07,,,,Rongin Mukh Bazar Para,রঙিন মুখ বাজার পাড়া,TAN713,21.993418,92.237,30,0,0,0,0,0,0,0,0,0,0,0,0,0,0,0,0,,,,
861,Bangladesh,Chattogram,Bandarban,Bandarban Sadar,Tankabati,07,,,,Rubber Bagan Para,রাবার বাগান পাড়া,TAN714,21.995863,92.233,35,0,0,0,0,0,0,0,0,0,0,0,0,0,0,0,0,,,,
862,Bangladesh,Chattogram,Bandarban,Bandarban Sadar,Tankabati,07,,,,Tonglok Para,তংলক পাড়া,TAN715,21.99623,92.225,25,0,0,0,0,0,0,0,0,0,0,0,0,0,0,0,0,,,,
863,Bangladesh,Chattogram,Bandarban,Bandarban Sadar,Tankabati,07,,,,Waggya Paring Para,ওয়াগ্যা পারিং পাড়া,TAN716,21.976905,92.251,20,0,0,0,0,0,0,0,0,0,0,0,0,0,0,0,0,,,,
864,Bangladesh,Chattogram,Bandarban,Bandarban Sadar,Tankabati,07,,,,Gold Leaf Tamak Kheter Khamar,গোল্ড লিফ তামাক ক্ষেতের খামার,TAN717,22.004267,92.251,8,0,0,0,0,0,0,0,0,0,0,0,0,0,0,0,0,,,,
865,Bangladesh,Chattogram,Bandarban,Bandarban Sadar,Tankabati,08,,,,Adajhiri Para,আদাঝিরি পাড়া,TAN801,21.943598,92.292,60,0,0,0,0,0,0,0,0,0,0,0,0,0,0,0,0,,,,
866,Bangladesh,Chattogram,Bandarban,Bandarban Sadar,Tankabati,08,,,,Chingkrat Para,চিংক্রাত পাড়া,TAN802,21.941277,92.308,70,0,0,0,0,0,0,0,0,0,0,0,0,0,0,0,0,,,,
867,Bangladesh,Chattogram,Bandarban,Bandarban Sadar,Tankabati,08,,,,Chingman Para,চিংম্যান পাড়া,TAN803,21.966706,92.301,150,0,0,0,0,0,0,0,0,0,0,0,0,0,0,0,0,,,,
868,Bangladesh,Chattogram,Bandarban,Bandarban Sadar,Tankabati,08,,,,Kangku Para,কাংকু পাড়া,TAN804,21.958857,92.282,135,0,0,0,0,0,0,0,0,0,0,0,0,0,0,0,0,,,,
869,Bangladesh,Chattogram,Bandarban,Bandarban Sadar,Tankabati,08,,,,Kaoyai Headman Para,কাওয়াই হেডম্যান পাড়া,TAN805,21.955523,92.277,250,0,0,0,0,0,0,0,0,0,0,0,0,0,0,0,0,,,,
870,Bangladesh,Chattogram,Bandarban,Bandarban Sadar,Tankabati,08,,,,Krongton Para,ক্রংতন পাড়া,TAN806,21.936889,92.296,75,0,0,0,0,0,0,0,0,0,0,0,0,0,0,0,0,,,,
871,Bangladesh,Chattogram,Bandarban,Bandarban Sadar,Tankabati,08,,,,Krorang Bazar Para,ক্ররাং বাজার পাড়া,TAN807,21.973581,92.302,70,0,0,0,0,0,0,0,0,0,0,0,0,0,0,0,0,,,,
872,Bangladesh,Chattogram,Bandarban,Bandarban Sadar,Tankabati,08,,,,Laru Para,লাড়ু পারা,TAN808,21.949202,92.298,50,0,0,0,0,0,0,0,0,0,0,0,0,0,0,0,0,,,,
873,Bangladesh,Chattogram,Bandarban,Bandarban Sadar,Tankabati,08,,,,Markin Para,মার্কিন পাড়া,TAN809,21.956782,92.305,200,0,0,0,0,0,0,0,0,0,0,0,0,0,0,0,0,,,,
874,Bangladesh,Chattogram,Bandarban,Bandarban Sadar,Tankabati,08,,,,Menring Para,মেনরিং পাড়া,TAN810,21.945325,92.306,200,0,0,0,0,0,0,0,0,0,0,0,0,0,0,0,0,,,,
875,Bangladesh,Chattogram,Bandarban,Bandarban Sadar,Tankabati,08,,,,Mensing Para,মেনসিং পাড়া,TAN811,21.978507,92.299,230,0,0,0,0,0,0,0,0,0,0,0,0,0,0,0,0,,,,
876,Bangladesh,Chattogram,Bandarban,Bandarban Sadar,Tankabati,08,,,,Natun Para,নতুন পাড়া,TAN812,21.942663,92.284,65,0,0,0,0,0,0,0,0,0,0,0,0,0,0,0,0,,,,
877,Bangladesh,Chattogram,Bandarban,Bandarban Sadar,Tankabati,08,,,,Paring Para,পারিং পাড়া,TAN813,21.957168,92.295,180,0,0,0,0,0,0,0,0,0,0,0,0,0,0,0,0,,,,
878,Bangladesh,Chattogram,Bandarban,Bandarban Sadar,Tankabati,08,,,,Rengme Para/Rengchom,রেংমে পাড়া/রেংচম,TAN814,21.944302,92.31,30,0,0,0,0,0,0,0,0,0,0,0,0,0,0,0,0,,,,
879,Bangladesh,Chattogram,Bandarban,Bandarban Sadar,Tankabati,08,,,,Lungthowaing Para,লাংথোইং পাড়া,TAN815,21.960583,92.282,45,0,0,0,0,0,0,0,0,0,0,0,0,0,0,0,0,,,,
880,Bangladesh,Chattogram,Bandarban,Bandarban Sadar,Tankabati,09,,,,Ampu Para,এম্পু পাড়া,TAN901,21.981293,92.298,170,0,0,0,0,0,0,0,0,0,0,0,0,0,0,0,0,,,,
881,Bangladesh,Chattogram,Bandarban,Bandarban Sadar,Tankabati,09,,,,Ayuk Para,আয়ুক পাড়া,TAN902,21.988482,92.288,60,0,0,0,0,0,0,0,0,0,0,0,0,0,0,0,0,,,,
882,Bangladesh,Chattogram,Bandarban,Bandarban Sadar,Tankabati,09,,,,Chini Para,চিনি পাড়া,TAN903,21.986208,92.259,360,0,0,0,0,0,0,0,0,0,0,0,0,0,0,0,0,,,,
883,Bangladesh,Chattogram,Bandarban,Bandarban Sadar,Tankabati,09,,,,Dala Para,ডালা পাড়া,TAN904,21.984011,92.275,50,0,0,0,0,0,0,0,0,0,0,0,0,0,0,0,0,,,,
884,Bangladesh,Chattogram,Bandarban,Bandarban Sadar,Tankabati,09,,,,Fultola Bazar Para,ফুলতলা বাজার পাড়া,TAN905,21.966762,92.269,20,0,0,0,0,0,0,0,0,0,0,0,0,0,0,0,0,,,,
885,Bangladesh,Chattogram,Bandarban,Bandarban Sadar,Tankabati,09,,,,Kaitong Para,কাইতং পাড়া,TAN906,21.965886,92.283,190,0,0,0,0,0,0,0,0,0,0,0,0,0,0,0,0,,,,
886,Bangladesh,Chattogram,Bandarban,Bandarban Sadar,Tankabati,09,,,,Muslim Shikdar Para,মুসলিম সিকদার পাড়া,TAN907,21.973767,92.272,25,0,0,0,0,0,0,0,0,0,0,0,0,0,0,0,0,,,,
887,Bangladesh,Chattogram,Bandarban,Bandarban Sadar,Tankabati,09,,,,Nayong Para,নায়ং পাড়া,TAN908,22.010259,92.275,30,0,0,0,0,0,0,0,0,0,0,0,0,0,0,0,0,,,,
888,Bangladesh,Chattogram,Bandarban,Bandarban Sadar,Tankabati,09,,,,Natun Romju Para,নতুন রমজু পাড়া,TAN909,22.001709,92.283,240,0,0,0,0,0,0,0,0,0,0,0,0,0,0,0,0,,,,
889,Bangladesh,Chattogram,Bandarban,Bandarban Sadar,Tankabati,09,,,,Patui Para/Amjhiri Para,পাতুই পাড়া/ আমঝিরি পাড়া,TAN910,22.017051,92.282,125,0,0,0,0,0,0,0,0,0,0,0,0,0,0,0,0,,,,
890,Bangladesh,Chattogram,Bandarban,Bandarban Sadar,Tankabati,09,,,,Putui Jhiri Para,পুতুই ঝিড়ি পাড়া,TAN911,21.978648,92.281,150,0,0,0,0,0,0,0,0,0,0,0,0,0,0,0,0,,,,
891,Bangladesh,Chattogram,Bandarban,Bandarban Sadar,Tankabati,09,,,,Ruiyang Para,রুইয়াং পাড়া,TAN912,21.990603,92.294,65,0,0,0,0,0,0,0,0,0,0,0,0,0,0,0,0,,,,
892,Bangladesh,Chattogram,Bandarban,Lama,Aziznagar,01,,,,Azizuddin Colony Para,আজিজউদ্দিন কলোনী পাড়া,AZI101,21.907527,92.06407,80,0,0,0,0,0,0,0,0,0,0,0,0,0,0,0,0,,,,
893,Bangladesh,Chattogram,Bandarban,Lama,Aziznagar,01,,,,Road Para,রোড পাড়া,AZI102,21.903243,92.061867,350,0,0,0,0,0,0,0,0,0,0,0,0,0,0,0,0,,,,
894,Bangladesh,Chattogram,Bandarban,Lama,Aziznagar,01,,,,Uttar Para,উত্তর পাড়া,AZI103,21.909432,92.064123,1300,0,0,0,0,0,0,0,0,0,0,0,0,0,0,0,0,,,,
895,Bangladesh,Chattogram,Bandarban,Lama,Aziznagar,01,,,,Aziznagar Police Camp,আজিজনগর পুলিশ ক্যাম্প,AZI104,21.906305,92.064106,25,0,0,0,0,0,0,0,0,0,0,0,0,0,0,0,0,,,,
896,Bangladesh,Chattogram,Bandarban,Lama,Aziznagar,02,,,,Bosonto Chanda Para,বসন্ত চাঁন্দা পাড়া,AZI201,21.923625,92.089433,40,0,0,0,0,0,0,0,0,0,0,0,0,0,0,0,0,,,,
897,Bangladesh,Chattogram,Bandarban,Lama,Aziznagar,02,,,,Himchhari Para,হিমছড়ি পাড়া,AZI202,21.915027,92.07052,600,0,0,0,0,0,0,0,0,0,0,0,0,0,0,0,0,,,,
898,Bangladesh,Chattogram,Bandarban,Lama,Aziznagar,02,,,,Mission Para,মিশন পাড়া,AZI203,21.907891,92.067326,1000,0,0,0,0,0,0,0,0,0,0,0,0,0,0,0,0,,,,
899,Bangladesh,Chattogram,Bandarban,Lama,Aziznagar,02,,,,Muslim Para,মুসলিম পাড়া,AZI204,21.916585,92.076541,400,0,0,0,0,0,0,0,0,0,0,0,0,0,0,0,0,,,,
900,Bangladesh,Chattogram,Bandarban,Lama,Aziznagar,02,,,,Telunia Para (Uttar-Pashchimangsho),তেলুনিয়া পাড়া (উত্তর-পশ্চিমাংশ),AZI205,21.908307,92.071594,500,0,0,0,0,0,0,0,0,0,0,0,0,0,0,0,0,,,,
901,Bangladesh,Chattogram,Bandarban,Lama,Aziznagar,03,,,,Chairman Para,চেয়ারম্যান পাড়া,AZI301,21.903111,92.065585,500,0,0,0,0,0,0,0,0,0,0,0,0,0,0,0,0,,,,
902,Bangladesh,Chattogram,Bandarban,Lama,Aziznagar,03,,,,Chambi Mofiz Bazar Para,চাম্বি মফিজ বাজার পাড়া,AZI302,21.904501,92.064043,100,0,0,0,0,0,0,0,0,0,0,0,0,0,0,0,0,,,,
903,Bangladesh,Chattogram,Bandarban,Lama,Aziznagar,03,,,,Headman Para,হেডম্যান পাড়া,AZI303,21.903939,92.064494,500,0,0,0,0,0,0,0,0,0,0,0,0,0,0,0,0,,,,
904,Bangladesh,Chattogram,Bandarban,Lama,Aziznagar,03,,,,Match Colony Para,ম্যাচ কলোনী পাড়া,AZI304,21.90266,92.063921,200,0,0,0,0,0,0,0,0,0,0,0,0,0,0,0,0,,,,
905,Bangladesh,Chattogram,Bandarban,Lama,Aziznagar,04,,,,Islampur Para,ইসলামপুর পাড়া,AZI401,21.898834,92.076557,500,0,0,0,0,0,0,0,0,0,0,0,0,0,0,0,0,,,,
906,Bangladesh,Chattogram,Bandarban,Lama,Aziznagar,04,,,,Leburjhiri Para,লেবুরঝিরি পাড়া,AZI402,21.902422,92.07868,100,0,0,0,0,0,0,0,0,0,0,0,0,0,0,0,0,,,,
907,Bangladesh,Chattogram,Bandarban,Lama,Aziznagar,04,,,,Sonarang Tripura Para,সোনারাং ত্রিপুরা পাড়া,AZI403,21.907795,92.084158,35,0,0,0,0,0,0,0,0,0,0,0,0,0,0,0,0,,,,
908,Bangladesh,Chattogram,Bandarban,Lama,Aziznagar,04,,,,Sandwip Para,সন্দ্বীপ পাড়া,AZI404,21.903847,92.075078,1000,0,0,0,0,0,0,0,0,0,0,0,0,0,0,0,0,,,,
909,Bangladesh,Chattogram,Bandarban,Lama,Aziznagar,04,,,,Telunia Para (Uttar-Purbangsho),তেলুনিয়া পাড়া (উত্তর-পূর্বাংশ),AZI405,21.909388,92.077386,1000,0,0,0,0,0,0,0,0,0,0,0,0,0,0,0,0,,,,
910,Bangladesh,Chattogram,Bandarban,Lama,Aziznagar,05,,,,Doar Kata Para,‌দোয়ার কাটা পাড়া,AZI501,21.879056,92.078641,90,0,0,0,0,0,0,0,0,0,0,0,0,0,0,0,0,,,,
911,Bangladesh,Chattogram,Bandarban,Lama,Aziznagar,05,,,,Harinmara Para,হ‌রিণমারা পাড়া,AZI502,21.895321,92.07736,550,0,0,0,0,0,0,0,0,0,0,0,0,0,0,0,0,,,,
912,Bangladesh,Chattogram,Bandarban,Lama,Aziznagar,05,,,,Kattoli Para,কাট্ট‌লি পাড়া,AZI503,21.899138,92.085646,103,0,0,0,0,0,0,0,0,0,0,0,0,0,0,0,0,,,,
913,Bangladesh,Chattogram,Bandarban,Lama,Aziznagar,05,,,,Khayang Jhiri Bahadur Para,ক্ষ‌্যায়াং ঝি‌রি বাহাদুর পাড়া,AZI504,21.903379,92.087526,90,0,0,0,0,0,0,0,0,0,0,0,0,0,0,0,0,,,,
914,Bangladesh,Chattogram,Bandarban,Lama,Aziznagar,06,,,,Ananda Karbari Tripura Para,আনন্দ কারবারি ত্রিপুরা পাড়া,AZI601,21.893337,92.099374,200,0,0,0,0,0,0,0,0,0,0,0,0,0,0,0,0,,,,
915,Bangladesh,Chattogram,Bandarban,Lama,Aziznagar,06,,,,Ashraf Para,আশ্রাফ পাড়া,AZI602,21.896093,92.094224,144,0,0,0,0,0,0,0,0,0,0,0,0,0,0,0,0,,,,
916,Bangladesh,Chattogram,Bandarban,Lama,Aziznagar,06,,,,Imam Para,ইমাম পাড়া,AZI603,21.89911,92.094392,130,0,0,0,0,0,0,0,0,0,0,0,0,0,0,0,0,,,,
917,Bangladesh,Chattogram,Bandarban,Lama,Aziznagar,06,,,,Kalamia Para,কালামিয়া পাড়া,AZI604,21.889247,92.089497,385,0,0,0,0,0,0,0,0,0,0,0,0,0,0,0,0,,,,
918,Bangladesh,Chattogram,Bandarban,Lama,Aziznagar,06,,,,Kuddus Para,কুদ্দুস পাড়া,AZI605,21.893067,92.09193,157,0,0,0,0,0,0,0,0,0,0,0,0,0,0,0,0,,,,
919,Bangladesh,Chattogram,Bandarban,Lama,Aziznagar,06,,,,Mahtab Para,মাহতাব পাড়া,AZI606,21.882641,92.086655,72,0,0,0,0,0,0,0,0,0,0,0,0,0,0,0,0,,,,
920,Bangladesh,Chattogram,Bandarban,Lama,Aziznagar,06,,,,Mizan Para,মিজান পাড়া,AZI607,21.887862,92.094273,100,0,0,0,0,0,0,0,0,0,0,0,0,0,0,0,0,,,,
921,Bangladesh,Chattogram,Bandarban,Lama,Aziznagar,06,,,,Mostafa Para,মোস্তফা পাড়া,AZI608,21.898984,92.091029,60,0,0,0,0,0,0,0,0,0,0,0,0,0,0,0,0,,,,
922,Bangladesh,Chattogram,Bandarban,Lama,Aziznagar,06,,,,Nayek Jamal Para,নায়েক জামাল পাড়া,AZI609,21.895203,92.089278,102,0,0,0,0,0,0,0,0,0,0,0,0,0,0,0,0,,,,
923,Bangladesh,Chattogram,Bandarban,Lama,Aziznagar,06,,,,Nurul Islam Para,নুরুল ইসলাম পাড়া,AZI610,21.887929,92.090578,30,0,0,0,0,0,0,0,0,0,0,0,0,0,0,0,0,,,,
924,Bangladesh,Chattogram,Bandarban,Lama,Aziznagar,06,,,,Sohrab Para,সোহরাব পাড়া,AZI611,21.889931,92.097899,160,0,0,0,0,0,0,0,0,0,0,0,0,0,0,0,0,,,,
925,Bangladesh,Chattogram,Bandarban,Lama,Aziznagar,06,,,,Soleman Bazar Para,সোলেমান বাজার পাড়া,AZI612,21.896882,92.091824,165,0,0,0,0,0,0,0,0,0,0,0,0,0,0,0,0,,,,
926,Bangladesh,Chattogram,Bandarban,Lama,Aziznagar,07,,,,Abubakar Para,আবুবক্কর পাড়া,AZI701,21.898058,92.099573,25,0,0,0,0,0,0,0,0,0,0,0,0,0,0,0,0,,,,
927,Bangladesh,Chattogram,Bandarban,Lama,Aziznagar,07,,,,Dakkhin Bachhuri Para,দক্ষিণ বাছুরী পাড়া,AZI702,21.900941,92.117835,50,0,0,0,0,0,0,0,0,0,0,0,0,0,0,0,0,,,,
928,Bangladesh,Chattogram,Bandarban,Lama,Aziznagar,07,,,,Dhonumia Para,ধনুমিয়া পাড়া,AZI703,21.901865,92.100321,65,0,0,0,0,0,0,0,0,0,0,0,0,0,0,0,0,,,,
929,Bangladesh,Chattogram,Bandarban,Lama,Aziznagar,07,,,,Faruk Para,ফারুক পাড়া,AZI704,21.891552,92.104161,200,0,0,0,0,0,0,0,0,0,0,0,0,0,0,0,0,,,,
930,Bangladesh,Chattogram,Bandarban,Lama,Aziznagar,07,,,,Giash Para,গিয়াস পাড়া,AZI705,21.890865,92.103344,45,0,0,0,0,0,0,0,0,0,0,0,0,0,0,0,0,,,,
931,Bangladesh,Chattogram,Bandarban,Lama,Aziznagar,07,,,,Jane Alam Para,জানে আলম পাড়া,AZI706,21.897982,92.112676,50,0,0,0,0,0,0,0,0,0,0,0,0,0,0,0,0,,,,
932,Bangladesh,Chattogram,Bandarban,Lama,Aziznagar,07,,,,Master Para,মাস্টার পাড়া,AZI707,21.89755,92.102537,45,0,0,0,0,0,0,0,0,0,0,0,0,0,0,0,0,,,,
933,Bangladesh,Chattogram,Bandarban,Lama,Aziznagar,07,,,,Matin Para-1,মতিন পাড়া - ১,AZI708,21.901423,92.102263,35,0,0,0,0,0,0,0,0,0,0,0,0,0,0,0,0,,,,
934,Bangladesh,Chattogram,Bandarban,Lama,Aziznagar,07,,,,Matin Para-2,মতিন পাড়া - ২,AZI709,21.899087,92.104751,30,0,0,0,0,0,0,0,0,0,0,0,0,0,0,0,0,,,,
935,Bangladesh,Chattogram,Bandarban,Lama,Aziznagar,07,,,,Moin Uddin Para,মঈন উদ্দিন পাড়া,AZI710,21.901128,92.104626,100,0,0,0,0,0,0,0,0,0,0,0,0,0,0,0,0,,,,
936,Bangladesh,Chattogram,Bandarban,Lama,Aziznagar,07,,,,Nurul Alam Para,নুরুল আলম পাড়া,AZI711,21.90236,92.103122,42,0,0,0,0,0,0,0,0,0,0,0,0,0,0,0,0,,,,
937,Bangladesh,Chattogram,Bandarban,Lama,Aziznagar,07,,,,Razzak Para,রাজ্জাক পাড়া,AZI712,21.896747,92.10747,180,0,0,0,0,0,0,0,0,0,0,0,0,0,0,0,0,,,,
938,Bangladesh,Chattogram,Bandarban,Lama,Aziznagar,07,,,,Showkat Para,শওকত পাড়া,AZI713,21.899631,92.099902,25,0,0,0,0,0,0,0,0,0,0,0,0,0,0,0,0,,,,
939,Bangladesh,Chattogram,Bandarban,Lama,Aziznagar,07,,,,Zahed Latif Para,জাহেদ লতিফ পাড়া,AZI714,21.894781,92.101167,200,0,0,0,0,0,0,0,0,0,0,0,0,0,0,0,0,,,,
940,Bangladesh,Chattogram,Bandarban,Lama,Aziznagar,08,,,,Anowar Para,আনোয়ার পাড়া,AZI801,21.898526,92.097455,70,0,0,0,0,0,0,0,0,0,0,0,0,0,0,0,0,,,,
941,Bangladesh,Chattogram,Bandarban,Lama,Aziznagar,08,,,,Bachhuri Para,বাছুরী পাড়া,AZI802,21.906243,92.117427,120,0,0,0,0,0,0,0,0,0,0,0,0,0,0,0,0,,,,
942,Bangladesh,Chattogram,Bandarban,Lama,Aziznagar,08,,,,Botchodong Para,বটচডং পাড়া,AZI803,21.931466,92.111994,70,0,0,0,0,0,0,0,0,0,0,0,0,0,0,0,0,,,,
943,Bangladesh,Chattogram,Bandarban,Lama,Aziznagar,08,,,,Kabir Para,কবির পাড়া,AZI804,21.906034,92.109184,60,0,0,0,0,0,0,0,0,0,0,0,0,0,0,0,0,,,,
944,Bangladesh,Chattogram,Bandarban,Lama,Aziznagar,08,,,,Khayer Para,খায়ের পাড়া,AZI805,21.905313,92.101007,60,0,0,0,0,0,0,0,0,0,0,0,0,0,0,0,0,,,,
945,Bangladesh,Chattogram,Bandarban,Lama,Aziznagar,08,,,,Krachong Murong Para,ক্রাচং মুরুং পাড়া,AZI806,21.898371,92.130986,170,0,0,0,0,0,0,0,0,0,0,0,0,0,0,0,0,,,,
946,Bangladesh,Chattogram,Bandarban,Lama,Aziznagar,08,,,,Nur Mohammad Para,নূর মোহাম্মদ পাড়া,AZI807,21.902338,92.108076,20,0,0,0,0,0,0,0,0,0,0,0,0,0,0,0,0,,,,
947,Bangladesh,Chattogram,Bandarban,Lama,Aziznagar,08,,,,Pradhan Jhiri Para,প্রধান ঝিরি পাড়া,AZI808,21.906059,92.104783,100,0,0,0,0,0,0,0,0,0,0,0,0,0,0,0,0,,,,
948,Bangladesh,Chattogram,Bandarban,Lama,Aziznagar,08,,,,Sapmara Murang Para,সাপমারা মুরুং পাড়া,AZI809,21.897771,92.14594,60,0,0,0,0,0,0,0,0,0,0,0,0,0,0,0,0,,,,
949,Bangladesh,Chattogram,Bandarban,Lama,Aziznagar,08,,,,Shafiq Para,শফিক পাড়া,AZI810,21.903699,92.098222,70,0,0,0,0,0,0,0,0,0,0,0,0,0,0,0,0,,,,
950,Bangladesh,Chattogram,Bandarban,Lama,Aziznagar,08,,,,Thandajhiri Para,ঠান্ডাঝিরি পাড়া,AZI811,21.914398,92.110227,20,0,0,0,0,0,0,0,0,0,0,0,0,0,0,0,0,,,,
951,Bangladesh,Chattogram,Bandarban,Lama,Aziznagar,08,,,,Wohid Para,ওহিদ পাড়া,AZI812,21.904014,92.106269,60,0,0,0,0,0,0,0,0,0,0,0,0,0,0,0,0,,,,
952,Bangladesh,Chattogram,Bandarban,Lama,Aziznagar,08,,,,Selim Para,সেলিম পাড়া,AZI813,21.89659,92.098436,50,0,0,0,0,0,0,0,0,0,0,0,0,0,0,0,0,,,,
953,Bangladesh,Chattogram,Bandarban,Lama,Aziznagar,09,,,,Chagolkhaiya Para,ছাগলখাইয়া পাড়া,AZI901,21.889102,92.152448,45,0,0,0,0,0,0,0,0,0,0,0,0,0,0,0,0,,,,
954,Bangladesh,Chattogram,Bandarban,Lama,Aziznagar,09,,,,Chhaleyang Para,ছালেয়াং পাড়া,AZI902,21.90649,92.154503,50,0,0,0,0,0,0,0,0,0,0,0,0,0,0,0,0,,,,
955,Bangladesh,Chattogram,Bandarban,Lama,Aziznagar,09,,,,Mostofa Nagar Para,মোস্তফা নগর পাড়া,AZI903,21.901799,92.16313,250,0,0,0,0,0,0,0,0,0,0,0,0,0,0,0,0,,,,
956,Bangladesh,Chattogram,Bandarban,Lama,Aziznagar,09,,,,Purba Chambi Amtoli Muslim Para,পূর্ব চাম্বি আমতলী মুসলিম পাড়া,AZI904,21.907407,92.163197,400,0,0,0,0,0,0,0,0,0,0,0,0,0,0,0,0,,,,
957,Bangladesh,Chattogram,Bandarban,Lama,Aziznagar,09,,,,Purba Chambi Degreekhola Para,পূর্ব চাম্বি ডিগ্রিখোলা পাড়া,AZI905,21.896769,92.164575,460,0,0,0,0,0,0,0,0,0,0,0,0,0,0,0,0,,,,
958,Bangladesh,Chattogram,Bandarban,Lama,Aziznagar,09,,,,Purba Chambi Dhuilla Para,পূর্ব চাম্বি ধুইল্যা পাড়া,AZI906,21.889982,92.166799,120,0,0,0,0,0,0,0,0,0,0,0,0,0,0,0,0,,,,
959,Bangladesh,Chattogram,Bandarban,Lama,Aziznagar,09,,,,Purba Chambi Gorurloda Para,পূর্ব চাম্বি গরুলোডা পাড়া,AZI907,21.894317,92.158426,150,0,0,0,0,0,0,0,0,0,0,0,0,0,0,0,0,,,,
960,Bangladesh,Chattogram,Bandarban,Lama,Faitang,01,,,,Angratoli Para,আংড়াতলী পাড়া,F101,21.885177,92.103923,265,0,0,0,0,0,0,0,0,0,0,0,0,0,0,0,0,,,,
961,Bangladesh,Chattogram,Bandarban,Lama,Faitang,01,,,,Chiurtoli Bazar Para,চিউরতলী বাজার পাড়া,F102,21.881654,92.115503,240,0,0,0,0,0,0,0,0,0,0,0,0,0,0,0,0,,,,
962,Bangladesh,Chattogram,Bandarban,Lama,Faitang,01,,,,Dorgatoli Para,দরগাতলী পাড়া,F103,21.89064,92.109757,80,0,0,0,0,0,0,0,0,0,0,0,0,0,0,0,0,,,,
963,Bangladesh,Chattogram,Bandarban,Lama,Faitang,01,,,,Jabina Para,জাবিনা পাড়া,F104,21.890059,92.124586,65,0,0,0,0,0,0,0,0,0,0,0,0,0,0,0,0,,,,
964,Bangladesh,Chattogram,Bandarban,Lama,Faitang,01,,,,Maheshkata Para,মহেশকাটা পাড়া,F105,21.886338,92.113722,70,0,0,0,0,0,0,0,0,0,0,0,0,0,0,0,0,,,,
965,Bangladesh,Chattogram,Bandarban,Lama,Faitang,01,,,,Malichan Para,মালিচান পাড়া,F106,21.879847,92.11391,85,0,0,0,0,0,0,0,0,0,0,0,0,0,0,0,0,,,,
966,Bangladesh,Chattogram,Bandarban,Lama,Faitang,01,,,,Mollarjhiri Para,মোল্লারঝিরি পাড়া,F107,21.888437,92.117838,120,0,0,0,0,0,0,0,0,0,0,0,0,0,0,0,0,,,,
967,Bangladesh,Chattogram,Bandarban,Lama,Faitang,01,,,,Murangjhiri Para,মুরুংঝিরি পাড়া,F108,21.882946,92.111749,40,0,0,0,0,0,0,0,0,0,0,0,0,0,0,0,0,,,,
968,Bangladesh,Chattogram,Bandarban,Lama,Faitang,01,,,,Thandajhiri Para,ঠান্ডাঝিরি পাড়া,F109,21.880643,92.126893,60,0,0,0,0,0,0,0,0,0,0,0,0,0,0,0,0,,,,
969,Bangladesh,Chattogram,Bandarban,Lama,Faitang,02,,,,Bhaja Marma Para,ভাজা মারমা পাড়া,F201,21.863455,92.116683,250,0,0,0,0,0,0,0,0,0,0,0,0,0,0,0,0,,,,
970,Bangladesh,Chattogram,Bandarban,Lama,Faitang,02,,,,Bhaja Muslim Para,ভাজা মুসলিম পাড়া,F202,21.862916,92.114303,300,0,0,0,0,0,0,0,0,0,0,0,0,0,0,0,0,,,,
971,Bangladesh,Chattogram,Bandarban,Lama,Faitang,02,,,,Jatitang Tripura Para,জাতিতাং ত্রিপুরা পাড়া,F203,21.848616,92.124445,40,0,0,0,0,0,0,0,0,0,0,0,0,0,0,0,0,,,,
972,Bangladesh,Chattogram,Bandarban,Lama,Faitang,02,,,,Kamaijjaerjhiri Para,কামাইজ্যারঝিরি পাড়া,F204,21.867941,92.104432,250,0,0,0,0,0,0,0,0,0,0,0,0,0,0,0,0,,,,
973,Bangladesh,Chattogram,Bandarban,Lama,Faitang,02,,,,Meunda Muslim Para,মেউন্দা মুসলিম পাড়া,F205,21.859779,92.111403,250,0,0,0,0,0,0,0,0,0,0,0,0,0,0,0,0,,,,
974,Bangladesh,Chattogram,Bandarban,Lama,Faitang,02,,,,Sonaichhari Noya Para,সোনাইছড়ি নয়া পাড়া,F206,21.866382,92.110086,250,0,0,0,0,0,0,0,0,0,0,0,0,0,0,0,0,,,,
975,Bangladesh,Chattogram,Bandarban,Lama,Faitang,02,,,,Sonaichhari Para,সোনাইছড়ি পাড়া,F207,21.873864,92.113623,450,0,0,0,0,0,0,0,0,0,0,0,0,0,0,0,0,,,,
976,Bangladesh,Chattogram,Bandarban,Lama,Faitang,03,,,,Amtali Para,আমতলী পাড়া,F301,21.825653,92.085286,300,0,0,0,0,0,0,0,0,0,0,0,0,0,0,0,0,,,,
977,Bangladesh,Chattogram,Bandarban,Lama,Faitang,03,,,,Himchhari Para,হিমছড়ি পাড়া,F302,21.830871,92.085565,250,0,0,0,0,0,0,0,0,0,0,0,0,0,0,0,0,,,,
978,Bangladesh,Chattogram,Bandarban,Lama,Faitang,03,,,,Kolarjhiri Para,কলারঝিরি পাড়া,F303,21.857889,92.1035,65,0,0,0,0,0,0,0,0,0,0,0,0,0,0,0,0,,,,
979,Bangladesh,Chattogram,Bandarban,Lama,Faitang,03,,,,Monindra Para,মনিন্দ্র পাড়া,F304,21.843447,92.088546,580,0,0,0,0,0,0,0,0,0,0,0,0,0,0,0,0,,,,
980,Bangladesh,Chattogram,Bandarban,Lama,Faitang,03,,,,Pukkaiajhiri Para,পুক্কাইয়াঝিরি পাড়া,F305,21.848999,92.086646,200,0,0,0,0,0,0,0,0,0,0,0,0,0,0,0,0,,,,
981,Bangladesh,Chattogram,Bandarban,Lama,Faitang,03,,,,Ramchhari Para,রামছড়ি পাড়া,F306,21.835681,92.087179,200,0,0,0,0,0,0,0,0,0,0,0,0,0,0,0,0,,,,
982,Bangladesh,Chattogram,Bandarban,Lama,Faitang,04,,,,Burir Chikon Ghona Para,বুড়ির চিকন ঘোনা পাড়া,F401,21.812413,92.0817,700,0,0,0,0,0,0,0,0,0,0,0,0,0,0,0,0,,,,
983,Bangladesh,Chattogram,Bandarban,Lama,Faitang,04,,,,Dhuillachhari Para,ধুইল্যাছড়ি পাড়া,F402,21.818781,92.083695,350,0,0,0,0,0,0,0,0,0,0,0,0,0,0,0,0,,,,
984,Bangladesh,Chattogram,Bandarban,Lama,Faitang,04,,,,Khedarban Para,খেদারবান পাড়া,F403,21.8152,92.085257,120,0,0,0,0,0,0,0,0,0,0,0,0,0,0,0,0,,,,
985,Bangladesh,Chattogram,Bandarban,Lama,Faitang,04,,,,Maheshkhali Para,মহেশখালী পাড়া,F404,21.815622,92.079661,250,0,0,0,0,0,0,0,0,0,0,0,0,0,0,0,0,,,,
986,Bangladesh,Chattogram,Bandarban,Lama,Faitang,05,,,,Battaliaghona Para,বটতলীয়াঘোনা পাড়া,F501,21.810542,92.084218,1000,0,0,0,0,0,0,0,0,0,0,0,0,0,0,0,0,,,,
987,Bangladesh,Chattogram,Bandarban,Lama,Faitang,05,,,,Khedarban Para,খেদারবান পাড়া,F502,21.812446,92.087134,500,0,0,0,0,0,0,0,0,0,0,0,0,0,0,0,0,,,,
988,Bangladesh,Chattogram,Bandarban,Lama,Faitang,05,,,,Kutubdia Para,কুতুবদিয়া পাড়া,F503,21.810667,92.094989,500,0,0,0,0,0,0,0,0,0,0,0,0,0,0,0,0,,,,
989,Bangladesh,Chattogram,Bandarban,Lama,Faitang,05,,,,Sutabadi Para,সুতাবাদী পাড়া,F504,21.814956,92.092254,300,0,0,0,0,0,0,0,0,0,0,0,0,0,0,0,0,,,,
990,Bangladesh,Chattogram,Bandarban,Lama,Faitang,05,,,,Purber Tila Para,পূর্বের টিলা পাড়া,F505,21.81936,92.094438,1000,0,0,0,0,0,0,0,0,0,0,0,0,0,0,0,0,,,,
991,Bangladesh,Chattogram,Bandarban,Lama,Faitang,06,,,,Madhyam Naya Para,মধ্যম নয়া পাড়া,F601,21.80785,92.086692,340,0,0,0,0,0,0,0,0,0,0,0,0,0,0,0,0,,,,
992,Bangladesh,Chattogram,Bandarban,Lama,Faitang,06,,,,Naya Para,নয়া পাড়া,F602,21.806137,92.090078,330,0,0,0,0,0,0,0,0,0,0,0,0,0,0,0,0,,,,
993,Bangladesh,Chattogram,Bandarban,Lama,Faitang,06,,,,Rangajhiri Para,রাঙ্গাঝিরি পাড়া,F603,21.806566,92.097002,650,0,0,0,0,0,0,0,0,0,0,0,0,0,0,0,0,,,,
994,Bangladesh,Chattogram,Bandarban,Lama,Faitang,06,,,,Uttar Naya Para,উত্তর নয়া পাড়া,F604,21.809003,92.08354,340,0,0,0,0,0,0,0,0,0,0,0,0,0,0,0,0,,,,
995,Bangladesh,Chattogram,Bandarban,Lama,Faitang,06,,,,Faitong Police Fari,ফাইতং পুলিশ ফাঁড়ি,F605,21.805859,92.086885,50,0,0,0,0,0,0,0,0,0,0,0,0,0,0,0,0,,,,
996,Bangladesh,Chattogram,Bandarban,Lama,Faitang,07,,,,Golachhira Para,গলাছিরা পাড়া,F701,21.818922,92.104678,50,0,0,0,0,0,0,0,0,0,0,0,0,0,0,0,0,,,,
997,Bangladesh,Chattogram,Bandarban,Lama,Faitang,07,,,,Khandakia Para,খন্দকিয়া পাড়া,F702,21.833696,92.126314,12,0,0,0,0,0,0,0,0,0,0,0,0,0,0,0,0,,,,
998,Bangladesh,Chattogram,Bandarban,Lama,Faitang,07,,,,Lombashia Para,লম্বাশিয়া পাড়া,F703,21.819093,92.115567,150,0,0,0,0,0,0,0,0,0,0,0,0,0,0,0,0,,,,
999,Bangladesh,Chattogram,Bandarban,Lama,Faitang,07,,,,Mongbaching Para,মংবাচিং পাড়া,F704,21.829538,92.109742,150,0,0,0,0,0,0,0,0,0,0,0,0,0,0,0,0,,,,
1000,Bangladesh,Chattogram,Bandarban,Lama,Faitang,07,,,,Mognama Para,মগনামা পাড়া,F705,21.825972,92.096818,200,0,0,0,0,0,0,0,0,0,0,0,0,0,0,0,0,,,,
1001,Bangladesh,Chattogram,Bandarban,Lama,Faitang,07,,,,Mongchingchha Member Para,মংচিংছা মেম্বার পাড়া,F706,21.818432,92.107996,50,0,0,0,0,0,0,0,0,0,0,0,0,0,0,0,0,,,,
1002,Bangladesh,Chattogram,Bandarban,Lama,Faitang,07,,,,Meong Para,মেঅং পাড়া,F707,21.828716,92.112635,300,0,0,0,0,0,0,0,0,0,0,0,0,0,0,0,0,,,,
1003,Bangladesh,Chattogram,Bandarban,Lama,Faitang,07,,,,Raimmakhola Para,রাইম্মাখোলা পাড়া,F708,21.824499,92.105806,450,0,0,0,0,0,0,0,0,0,0,0,0,0,0,0,0,,,,
1004,Bangladesh,Chattogram,Bandarban,Lama,Faitang,07,,,,Shibatoli Para,শিবাতলী পাড়া,F709,21.83412,92.109841,400,0,0,0,0,0,0,0,0,0,0,0,0,0,0,0,0,,,,
1005,Bangladesh,Chattogram,Bandarban,Lama,Faitang,08,,,,Bara Muslim Para,বড় মুসলিম পাড়া,F801,21.814133,92.102093,1000,0,0,0,0,0,0,0,0,0,0,0,0,0,0,0,0,,,,
1006,Bangladesh,Chattogram,Bandarban,Lama,Faitang,08,,,,Fadubagan Para,ফাদুবাগান পাড়া,F802,21.814459,92.12139,60,0,0,0,0,0,0,0,0,0,0,0,0,0,0,0,0,,,,
1007,Bangladesh,Chattogram,Bandarban,Lama,Faitang,08,,,,Faduchhara Para,ফাদুছড়া পাড়া,F803,21.809108,92.122162,250,0,0,0,0,0,0,0,0,0,0,0,0,0,0,0,0,,,,
1008,Bangladesh,Chattogram,Bandarban,Lama,Faitang,08,,,,Headman Para,হেডম্যান পাড়া,F804,21.812474,92.106827,1050,0,0,0,0,0,0,0,0,0,0,0,0,0,0,0,0,,,,
1009,Bangladesh,Chattogram,Bandarban,Lama,Faitang,08,,,,Harinkhaiyea Para,হরিণখাইয়া পাড়া,F805,21.812932,92.116515,150,0,0,0,0,0,0,0,0,0,0,0,0,0,0,0,0,,,,
1010,Bangladesh,Chattogram,Bandarban,Lama,Faitang,08,,,,Mongputoai Member Para,মংপুতোয়াই মেম্বার পাড়া,F806,21.810018,92.109077,250,0,0,0,0,0,0,0,0,0,0,0,0,0,0,0,0,,,,
1011,Bangladesh,Chattogram,Bandarban,Lama,Faitang,09,,,,Bangali Para,বাঙালি পাড়া,F901,21.792267,92.124884,250,0,0,0,0,0,0,0,0,0,0,0,0,0,0,0,0,,,,
1012,Bangladesh,Chattogram,Bandarban,Lama,Faitang,09,,,,Chingdok Murang Para,চিংদক মুরুং পাড়া,F902,21.813655,92.143236,50,0,0,0,0,0,0,0,0,0,0,0,0,0,0,0,0,,,,
1013,Bangladesh,Chattogram,Bandarban,Lama,Faitang,09,,,,Karian Para,কারিয়ান পাড়া,F903,21.796431,92.13464,250,0,0,0,0,0,0,0,0,0,0,0,0,0,0,0,0,,,,
1014,Bangladesh,Chattogram,Bandarban,Lama,Faitang,09,,,,Kuijjaekhola Para,কুইজ্যাখোলা পাড়া,F904,21.8004,92.110985,165,0,0,0,0,0,0,0,0,0,0,0,0,0,0,0,0,,,,
1015,Bangladesh,Chattogram,Bandarban,Lama,Faitang,09,,,,Pagli Para,পাগলী পাড়া,F905,21.785535,92.144842,50,0,0,0,0,0,0,0,0,0,0,0,0,0,0,0,0,,,,
1016,Bangladesh,Chattogram,Bandarban,Lama,Faitang,09,,,,Rowaja Para,রওয়াজা পাড়া,F906,21.794131,92.125178,340,0,0,0,0,0,0,0,0,0,0,0,0,0,0,0,0,,,,
1017,Bangladesh,Chattogram,Bandarban,Lama,Fansiakhali,01,,,,Amtali Murang/Mro Para,আমতলী  মুরং/ম্রো পাড়া,FAS101,21.606684,92.227922,60,0,0,0,0,0,0,0,0,0,0,0,0,0,0,0,0,,,,
1018,Bangladesh,Chattogram,Bandarban,Lama,Fansiakhali,01,,,,Bonopur Notun Tripura Para,বনপুর নতুন ত্রিপুরা পাড়া,FAS102,21.664395,92.188288,60,0,0,0,0,0,0,0,0,0,0,0,0,0,0,0,0,,,,
1019,Bangladesh,Chattogram,Bandarban,Lama,Fansiakhali,01,,,,Fortui Para,ফরটুই পাড়া,FAS103,21.675806,92.244775,50,0,0,0,0,0,0,0,0,0,0,0,0,0,0,0,0,,,,
1020,Bangladesh,Chattogram,Bandarban,Lama,Fansiakhali,01,,,,Goyalmara Muslim Para,গয়ালমারা মুসলিম পাড়া,FAS104,21.614223,92.205229,220,0,0,0,0,0,0,0,0,0,0,0,0,0,0,0,0,,,,
1021,Bangladesh,Chattogram,Bandarban,Lama,Fansiakhali,01,,,,Goyalmara Tripura Para,গয়ালমারা ত্রিপুরা পাড়া,FAS105,21.607377,92.20839,180,0,0,0,0,0,0,0,0,0,0,0,0,0,0,0,0,,,,
1022,Bangladesh,Chattogram,Bandarban,Lama,Fansiakhali,01,,,,Jinijhiri Murang/Mro Para,জিনিঝিরি মুরং/ম্রো পাড়া,FAS106,21.633612,92.21804,35,0,0,0,0,0,0,0,0,0,0,0,0,0,0,0,0,,,,
1023,Bangladesh,Chattogram,Bandarban,Lama,Fansiakhali,01,,,,Khristan Para,খ্রীষ্টান পাড়া,FAS107,21.674386,92.207576,115,0,0,0,0,0,0,0,0,0,0,0,0,0,0,0,0,,,,
1024,Bangladesh,Chattogram,Bandarban,Lama,Fansiakhali,01,,,,Laillyarmar Para,লাইল্যারমার পাড়া,FAS108,21.625716,92.133877,710,0,0,0,0,0,0,0,0,0,0,0,0,0,0,0,0,,,,
1025,Bangladesh,Chattogram,Bandarban,Lama,Fansiakhali,01,,,,Menshong Murang Para,মেনশং মুরুং পাড়া,FAS109,21.617977,92.223329,60,0,0,0,0,0,0,0,0,0,0,0,0,0,0,0,0,,,,
1026,Bangladesh,Chattogram,Bandarban,Lama,Fansiakhali,01,,,,Muktaram Karbari Para,মুক্তারাম কারবারি পাড়া,FAS110,21.606867,92.210123,90,0,0,0,0,0,0,0,0,0,0,0,0,0,0,0,0,,,,
1027,Bangladesh,Chattogram,Bandarban,Lama,Fansiakhali,01,,,,Muslimkhan Para,মুসলিমখাঁন পাড়া,FAS111,21.669663,92.184496,100,0,0,0,0,0,0,0,0,0,0,0,0,0,0,0,0,,,,
1028,Bangladesh,Chattogram,Bandarban,Lama,Fansiakhali,01,,,,Paikjhiri Rengchong Para,পাইকঝিরি রেংচুং পাড়া,FAS112,21.670214,92.221018,30,0,0,0,0,0,0,0,0,0,0,0,0,0,0,0,0,,,,
1029,Bangladesh,Chattogram,Bandarban,Lama,Fansiakhali,01,,,,Raja Murang Para,রাজা মুরুং পাড়া,FAS113,21.656333,92.186,80,0,0,0,0,0,0,0,0,0,0,0,0,0,0,0,0,,,,
1030,Bangladesh,Chattogram,Bandarban,Lama,Fansiakhali,01,,,,Raja Muslim Para,রাজা মুসলিম পাড়া,FAS114,21.662167,92.185225,50,0,0,0,0,0,0,0,0,0,0,0,0,0,0,0,0,,,,
1031,Bangladesh,Chattogram,Bandarban,Lama,Fansiakhali,01,,,,Rangoti Para,রাংগতি পাড়া,FAS115,21.672972,92.186922,150,0,0,0,0,0,0,0,0,0,0,0,0,0,0,0,0,,,,
1032,Bangladesh,Chattogram,Bandarban,Lama,Fansiakhali,01,,,,Rengle Karbari Para,রেংলে কারবারি পাড়া,FAS116,21.653409,92.232067,70,0,0,0,0,0,0,0,0,0,0,0,0,0,0,0,0,,,,
1033,Bangladesh,Chattogram,Bandarban,Lama,Fansiakhali,01,,,,Rowaja Para,রোয়াজা পাড়া,FAS117,21.645085,92.248327,170,0,0,0,0,0,0,0,0,0,0,0,0,0,0,0,0,,,,
1034,Bangladesh,Chattogram,Bandarban,Lama,Fansiakhali,01,,,,Roingyar Jhiri Para,রইংগারঝিরি পাড়া,FAS118,21.628147,92.14162,385,0,0,0,0,0,0,0,0,0,0,0,0,0,0,0,0,,,,
1035,Bangladesh,Chattogram,Bandarban,Lama,Fansiakhali,01,,,,Saper Ghata Marma Para,সাপের ঘাটা মারমা পাড়া,FAS119,21.627518,92.152031,270,0,0,0,0,0,0,0,0,0,0,0,0,0,0,0,0,,,,
1036,Bangladesh,Chattogram,Bandarban,Lama,Fansiakhali,01,,,,Saper Ghata Muslim Para,সাপের ঘাটা মুসলিম পাড়া,FAS120,21.630919,92.157004,400,0,0,0,0,0,0,0,0,0,0,0,0,0,0,0,0,,,,
1037,Bangladesh,Chattogram,Bandarban,Lama,Fansiakhali,01,,,,Saper Ghata Purba Marma Para,সাপের ঘাটা পূর্ব মারমা পাড়া,FAS121,21.628869,92.153909,450,0,0,0,0,0,0,0,0,0,0,0,0,0,0,0,0,,,,
1038,Bangladesh,Chattogram,Bandarban,Lama,Fansiakhali,01,,,,Saper Ghata Shia Marma Para,সাপের ঘাটা শিয়া মারমা পাড়া,FAS122,21.628377,92.149959,200,0,0,0,0,0,0,0,0,0,0,0,0,0,0,0,0,,,,
1039,Bangladesh,Chattogram,Bandarban,Lama,Fansiakhali,01,,,,Sosai Para,সসাই পাড়া,FAS123,21.672413,92.211665,100,0,0,0,0,0,0,0,0,0,0,0,0,0,0,0,0,,,,
1040,Bangladesh,Chattogram,Bandarban,Lama,Fansiakhali,01,,,,Satish Para,সতিশ পাড়া,FAS124,21.66384,92.191267,30,0,0,0,0,0,0,0,0,0,0,0,0,0,0,0,0,,,,
1041,Bangladesh,Chattogram,Bandarban,Lama,Fansiakhali,01,,,,Thandarjhiri Siro Murang Para,ঠান্ডাঝিরি চিরো মুরং/ম্রো পাড়া,FAS125,21.673457,92.211468,60,0,0,0,0,0,0,0,0,0,0,0,0,0,0,0,0,,,,
1042,Bangladesh,Chattogram,Bandarban,Lama,Fansiakhali,01,,,,Trishdeba Para,ত্রিশডেবা পাড়া,FAS126,21.642066,92.195034,800,0,0,0,0,0,0,0,0,0,0,0,0,0,0,0,0,,,,
1043,Bangladesh,Chattogram,Bandarban,Lama,Fansiakhali,01,,,,Wakrao Tripura Para,ওয়াক্রাউ ত্রিপুরা পাড়া,FAS127,21.679156,92.19727,40,0,0,0,0,0,0,0,0,0,0,0,0,0,0,0,0,,,,
1044,Bangladesh,Chattogram,Bandarban,Lama,Fansiakhali,01,,,,Trishdeva BGB Camp,ত্রিশদেবা বিজিবি ক্যাম্প,FAS128,21.661025,92.181288,40,0,0,0,0,0,0,0,0,0,0,0,0,0,0,0,0,,,,
1045,Bangladesh,Chattogram,Bandarban,Lama,Fansiakhali,02,,,,Abdullahjhiri Para,আব্দুল্লাহঝিরি পাড়া,FAS201,21.649867,92.150066,750,0,0,0,0,0,0,0,0,0,0,0,0,0,0,0,0,,,,
1046,Bangladesh,Chattogram,Bandarban,Lama,Fansiakhali,02,,,,Alibaperjhum Para,অলিবাপেরঝুম পাড়া,FAS202,21.652489,92.108129,55,0,0,0,0,0,0,0,0,0,0,0,0,0,0,0,0,,,,
1047,Bangladesh,Chattogram,Bandarban,Lama,Fansiakhali,02,,,,Daikaefari Para,ডাইক্যাফাড়ি পাড়া,FAS203,21.648391,92.141481,70,0,0,0,0,0,0,0,0,0,0,0,0,0,0,0,0,,,,
1048,Bangladesh,Chattogram,Bandarban,Lama,Fansiakhali,02,,,,Dakkhin Kuruppatajhiri Para,দক্ষিণ কুরুপ্পাতারঝিরি পাড়া,FAS204,21.644237,92.116533,300,0,0,0,0,0,0,0,0,0,0,0,0,0,0,0,0,,,,
1049,Bangladesh,Chattogram,Bandarban,Lama,Fansiakhali,02,,,,Fakirakhola Para,ফকিরাখোলা পাড়া,FAS205,21.639595,92.108297,800,0,0,0,0,0,0,0,0,0,0,0,0,0,0,0,0,,,,
1050,Bangladesh,Chattogram,Bandarban,Lama,Fansiakhali,02,,,,Golbanerjhiri Para,গোলবানেরঝিরি পাড়া,FAS206,21.63761,92.130485,250,0,0,0,0,0,0,0,0,0,0,0,0,0,0,0,0,,,,
1051,Bangladesh,Chattogram,Bandarban,Lama,Fansiakhali,02,,,,Hargaja Madhyam Marma Para,হারগাজা মধ্যম মারমা পাড়া,FAS207,21.63995,92.115896,320,0,0,0,0,0,0,0,0,0,0,0,0,0,0,0,0,,,,
1052,Bangladesh,Chattogram,Bandarban,Lama,Fansiakhali,02,,,,Hargaja Muslim Para,হারগাজা মুসলিম পাড়া,FAS208,21.638291,92.116302,150,0,0,0,0,0,0,0,0,0,0,0,0,0,0,0,0,,,,
1053,Bangladesh,Chattogram,Bandarban,Lama,Fansiakhali,02,,,,Hargaja Puraton Headman Para,হারগাজা পুরাতন হেডম্যান পাড়া,FAS209,21.640844,92.114116,130,0,0,0,0,0,0,0,0,0,0,0,0,0,0,0,0,,,,
1054,Bangladesh,Chattogram,Bandarban,Lama,Fansiakhali,02,,,,Hargaja Purba Marma Para,হারগাজা পূর্ব মারমা পাড়া,FAS210,21.637642,92.118999,150,0,0,0,0,0,0,0,0,0,0,0,0,0,0,0,0,,,,
1055,Bangladesh,Chattogram,Bandarban,Lama,Fansiakhali,02,,,,Hlaethui Para,হ্ল্যাথুই পাড়া,FAS211,21.641951,92.134587,90,0,0,0,0,0,0,0,0,0,0,0,0,0,0,0,0,,,,
1056,Bangladesh,Chattogram,Bandarban,Lama,Fansiakhali,02,,,,Kuruppatarzhiri Para,কুরুপ্পাতারঝিরি পাড়া,FAS212,21.651168,92.118937,700,0,0,0,0,0,0,0,0,0,0,0,0,0,0,0,0,,,,
1057,Bangladesh,Chattogram,Bandarban,Lama,Fansiakhali,02,,,,Maheshkhali Para,মহেশখালী পাড়া,FAS213,21.640437,92.125811,300,0,0,0,0,0,0,0,0,0,0,0,0,0,0,0,0,,,,
1058,Bangladesh,Chattogram,Bandarban,Lama,Fansiakhali,02,,,,Olarjhiri Notun Para,ওলারঝিরি নতুন পাড়া,FAS214,21.650862,92.133644,300,0,0,0,0,0,0,0,0,0,0,0,0,0,0,0,0,,,,
1059,Bangladesh,Chattogram,Bandarban,Lama,Fansiakhali,02,,,,Pagliraga Para,পাগলিরআগা পাড়া,FAS215,21.655229,92.112475,1200,0,0,0,0,0,0,0,0,0,0,0,0,0,0,0,0,,,,
1060,Bangladesh,Chattogram,Bandarban,Lama,Fansiakhali,03,,,,Bogaichhari Para,বগাইছড়ি পাড়া,FAS301,21.66525,92.120148,365,0,0,0,0,0,0,0,0,0,0,0,0,0,0,0,0,,,,
1061,Bangladesh,Chattogram,Bandarban,Lama,Fansiakhali,03,,,,Burirjhum Para,বুড়িরঝুম পাড়া,FAS302,21.669945,92.122757,105,0,0,0,0,0,0,0,0,0,0,0,0,0,0,0,0,,,,
1062,Bangladesh,Chattogram,Bandarban,Lama,Fansiakhali,03,,,,Chagolyajhiri Para,ছাগল্যারঝিরি পাড়া,FAS303,21.662074,92.12324,220,0,0,0,0,0,0,0,0,0,0,0,0,0,0,0,0,,,,
1063,Bangladesh,Chattogram,Bandarban,Lama,Fansiakhali,03,,,,Chaillahtali Para,চাইল্যাতলি পাড়া,FAS304,21.668016,92.153681,55,0,0,0,0,0,0,0,0,0,0,0,0,0,0,0,0,,,,
1064,Bangladesh,Chattogram,Bandarban,Lama,Fansiakhali,03,,,,Community Centre Hindu Para,কমিউনিটি সেন্টার হিন্দু পাড়া,FAS305,21.670356,92.128047,90,0,0,0,0,0,0,0,0,0,0,0,0,0,0,0,0,,,,
1065,Bangladesh,Chattogram,Bandarban,Lama,Fansiakhali,03,,,,Community Centre Para,কমিউনিটি সেন্টার পাড়া,FAS306,21.667728,92.127714,225,0,0,0,0,0,0,0,0,0,0,0,0,0,0,0,0,,,,
1066,Bangladesh,Chattogram,Bandarban,Lama,Fansiakhali,03,,,,Dakkhin Malumya Para,দক্ষিণ মালুম্যা পাড়া,FAS307,21.66541,92.111409,230,0,0,0,0,0,0,0,0,0,0,0,0,0,0,0,0,,,,
1067,Bangladesh,Chattogram,Bandarban,Lama,Fansiakhali,03,,,,Douchhari Para,দৌছড়ি পাড়া,FAS308,21.664567,92.152356,75,0,0,0,0,0,0,0,0,0,0,0,0,0,0,0,0,,,,
1068,Bangladesh,Chattogram,Bandarban,Lama,Fansiakhali,03,,,,Ghilatali Para,ঘিলাতলী পাড়া,FAS309,21.675907,92.140176,250,0,0,0,0,0,0,0,0,0,0,0,0,0,0,0,0,,,,
1069,Bangladesh,Chattogram,Bandarban,Lama,Fansiakhali,03,,,,Goyalmara Para,গয়ালমারা পাড়া,FAS310,21.665388,92.138215,255,0,0,0,0,0,0,0,0,0,0,0,0,0,0,0,0,,,,
1070,Bangladesh,Chattogram,Bandarban,Lama,Fansiakhali,03,,,,Katabeel Para,কাটাবিল পাড়া,FAS311,21.668349,92.123362,115,0,0,0,0,0,0,0,0,0,0,0,0,0,0,0,0,,,,
1071,Bangladesh,Chattogram,Bandarban,Lama,Fansiakhali,03,,,,Kochukhola Para,কচুখোলা পাড়া,FAS312,21.679623,92.15424,202,0,0,0,0,0,0,0,0,0,0,0,0,0,0,0,0,,,,
1072,Bangladesh,Chattogram,Bandarban,Lama,Fansiakhali,03,,,,Lokkhonjhiri Para,লক্ষণঝিরি পাড়া,FAS313,21.663295,92.162772,180,0,0,0,0,0,0,0,0,0,0,0,0,0,0,0,0,,,,
1073,Bangladesh,Chattogram,Bandarban,Lama,Fansiakhali,03,,,,Nalbania Para,নলবনিয়া পাড়া,FAS314,21.672518,92.117974,224,0,0,0,0,0,0,0,0,0,0,0,0,0,0,0,0,,,,
1074,Bangladesh,Chattogram,Bandarban,Lama,Fansiakhali,03,,,,Napiterzhiri Para,নাপিতেরঝিরি পাড়া,FAS315,21.679214,92.147081,84,0,0,0,0,0,0,0,0,0,0,0,0,0,0,0,0,,,,
1075,Bangladesh,Chattogram,Bandarban,Lama,Fansiakhali,03,,,,Purarjhiri Para,পুরারঝিরি পাড়া,FAS316,21.668104,92.147262,245,0,0,0,0,0,0,0,0,0,0,0,0,0,0,0,0,,,,
1076,Bangladesh,Chattogram,Bandarban,Lama,Fansiakhali,03,,,,Rongkholar Jhiri Para,রংখোলার ঝিরি পাড়া,FAS317,21.664317,92.129577,195,0,0,0,0,0,0,0,0,0,0,0,0,0,0,0,0,,,,
1077,Bangladesh,Chattogram,Bandarban,Lama,Fansiakhali,03,,,,Islampur Para (Shukur Mararzhiri),ইসলামপুর পাড়া (শুকুর মারারঝিরি),FAS318,21.670906,92.129675,100,0,0,0,0,0,0,0,0,0,0,0,0,0,0,0,0,,,,
1078,Bangladesh,Chattogram,Bandarban,Lama,Fansiakhali,03,,,,Uttar Malumya Para,উত্তর মালুম্যা পাড়া,FAS319,21.669086,92.110714,308,0,0,0,0,0,0,0,0,0,0,0,0,0,0,0,0,,,,
1079,Bangladesh,Chattogram,Bandarban,Lama,Fansiakhali,04,,,,Kumari Bagan Para,কুমারী বাগান পাড়া,FAS401,21.708323,92.126877,60,0,0,0,0,0,0,0,0,0,0,0,0,0,0,0,0,,,,
1080,Bangladesh,Chattogram,Bandarban,Lama,Fansiakhali,04,,,,Kumari Bazar Para,কুমারী বাজার পাড়া,FAS402,21.714014,92.122189,550,0,0,0,0,0,0,0,0,0,0,0,0,0,0,0,0,,,,
1081,Bangladesh,Chattogram,Bandarban,Lama,Fansiakhali,04,,,,Kumari Bichhainnyar Chhara Para,কুমারী বিছাইন্যার ছড়া পাড়া,FAS403,21.728137,92.118917,55,0,0,0,0,0,0,0,0,0,0,0,0,0,0,0,0,,,,
1082,Bangladesh,Chattogram,Bandarban,Lama,Fansiakhali,04,,,,Kumari Chakkata Para,কুমারী চাককাটা পাড়া,FAS404,21.723345,92.121351,395,0,0,0,0,0,0,0,0,0,0,0,0,0,0,0,0,,,,
1083,Bangladesh,Chattogram,Bandarban,Lama,Fansiakhali,04,,,,Kumari Iskata Para,কুমারী ইসকাটা পাড়া,FAS405,21.714412,92.14459,15,0,0,0,0,0,0,0,0,0,0,0,0,0,0,0,0,,,,
1084,Bangladesh,Chattogram,Bandarban,Lama,Fansiakhali,04,,,,Kumari Nicher Para,কুমারী নিচের পাড়া,FAS406,21.717524,92.122788,250,0,0,0,0,0,0,0,0,0,0,0,0,0,0,0,0,,,,
1085,Bangladesh,Chattogram,Bandarban,Lama,Fansiakhali,04,,,,Kumari Painnarjhiri Para,কুমারী পাইন্যারঝিরি পাড়া,FAS407,21.712476,92.112036,190,0,0,0,0,0,0,0,0,0,0,0,0,0,0,0,0,,,,
1086,Bangladesh,Chattogram,Bandarban,Lama,Fansiakhali,04,,,,Kumari Pyetannar Chhara Para,কুমারী প্যাতান্নার ছড়া পাড়া,FAS408,21.720641,92.114453,225,0,0,0,0,0,0,0,0,0,0,0,0,0,0,0,0,,,,
1087,Bangladesh,Chattogram,Bandarban,Lama,Fansiakhali,04,,,,Kumari School Para,কুমারী স্কুল পাড়া,FAS409,21.717443,92.127642,250,0,0,0,0,0,0,0,0,0,0,0,0,0,0,0,0,,,,
1088,Bangladesh,Chattogram,Bandarban,Lama,Fansiakhali,04,,,,Piyarjhiri Para,পিয়ারঝিরি পাড়া,FAS410,21.726303,92.112981,30,0,0,0,0,0,0,0,0,0,0,0,0,0,0,0,0,,,,
1089,Bangladesh,Chattogram,Bandarban,Lama,Fansiakhali,04,,,,Rangajhiri Para,রাঙ্গাঝিরি পাড়া,FAS411,21.708598,92.114972,250,0,0,0,0,0,0,0,0,0,0,0,0,0,0,0,0,,,,
1090,Bangladesh,Chattogram,Bandarban,Lama,Fansiakhali,04,,,,Gazi Rubber Factory,গাজী রাবার কারখানা,FAS412,21.709177,92.120588,50,0,0,0,0,0,0,0,0,0,0,0,0,0,0,0,0,,,,
1091,Bangladesh,Chattogram,Bandarban,Lama,Fansiakhali,04,,,,Poultry Farm,পোল্ট্রি ফার্ম,FAS413,21.703861,92.125074,10,0,0,0,0,0,0,0,0,0,0,0,0,0,0,0,0,,,,
1092,Bangladesh,Chattogram,Bandarban,Lama,Fansiakhali,04,,,,Kumari Police Fari,কুমারী পুলিশ ফাঁড়ি,FAS414,21.712944,92.124237,20,0,0,0,0,0,0,0,0,0,0,0,0,0,0,0,0,,,,
1093,Bangladesh,Chattogram,Bandarban,Lama,Fansiakhali,05,,,,Bamhatirchhara Para,বামহাতিরছড়া পাড়া,FAS501,21.690042,92.120294,590,0,0,0,0,0,0,0,0,0,0,0,0,0,0,0,0,,,,
1094,Bangladesh,Chattogram,Bandarban,Lama,Fansiakhali,05,,,,Barachhonkhola Pashchim Para,বড়ছনখোলা পশ্চিম পাড়া,FAS502,21.699293,92.119765,430,0,0,0,0,0,0,0,0,0,0,0,0,0,0,0,0,,,,
1095,Bangladesh,Chattogram,Bandarban,Lama,Fansiakhali,05,,,,Barachhonkhola Purba Para,বড়ছনখোলা পূর্ব পাড়া,FAS503,21.698629,92.124713,355,0,0,0,0,0,0,0,0,0,0,0,0,0,0,0,0,,,,
1096,Bangladesh,Chattogram,Bandarban,Lama,Fansiakhali,05,,,,Chakaria Pahar Para,চকরিয়া পাহাড় পাড়া,FAS504,21.692972,92.107179,415,0,0,0,0,0,0,0,0,0,0,0,0,0,0,0,0,,,,
1097,Bangladesh,Chattogram,Bandarban,Lama,Fansiakhali,05,,,,Danhatirchhara Para,ডানহাতিরছড়া পাড়া,FAS505,21.685965,92.112605,880,0,0,0,0,0,0,0,0,0,0,0,0,0,0,0,0,,,,
1098,Bangladesh,Chattogram,Bandarban,Lama,Fansiakhali,05,,,,Dhuillahjhiri Para,ধুইল্ল্যাহঝিরি পাড়া,FAS506,21.696102,92.125192,150,0,0,0,0,0,0,0,0,0,0,0,0,0,0,0,0,,,,
1099,Bangladesh,Chattogram,Bandarban,Lama,Fansiakhali,05,,,,Futerjhiri Para,ফুটেরঝিরি পাড়া,FAS507,21.695757,92.104954,580,0,0,0,0,0,0,0,0,0,0,0,0,0,0,0,0,,,,
1100,Bangladesh,Chattogram,Bandarban,Lama,Fansiakhali,05,,,,Jalpaitoli Para,জলপাইতলি পাড়া,FAS508,21.693038,92.114075,400,0,0,0,0,0,0,0,0,0,0,0,0,0,0,0,0,,,,
1101,Bangladesh,Chattogram,Bandarban,Lama,Fansiakhali,05,,,,Kalamarjhi Para,কালামারঝি পাড়া,FAS509,21.697281,92.151961,50,0,0,0,0,0,0,0,0,0,0,0,0,0,0,0,0,,,,
1102,Bangladesh,Chattogram,Bandarban,Lama,Fansiakhali,05,,,,Kumarmarjhiri Para,কুমারমারঝিরি পাড়া,FAS510,21.688632,92.105477,600,0,0,0,0,0,0,0,0,0,0,0,0,0,0,0,0,,,,
1103,Bangladesh,Chattogram,Bandarban,Lama,Fansiakhali,05,,,,Rangajhiri Para,রাঙ্গাঝিরি পাড়া,FAS511,21.706475,92.11981,430,0,0,0,0,0,0,0,0,0,0,0,0,0,0,0,0,,,,
1104,Bangladesh,Chattogram,Bandarban,Lama,Fansiakhali,06,,,,Dakkhin Haidarnashi Para,দক্ষিণ হায়দারনাশী পাড়া,FAS601,21.681089,92.101,1670,0,0,0,0,0,0,0,0,0,0,0,0,0,0,0,0,,,,
1105,Bangladesh,Chattogram,Bandarban,Lama,Fansiakhali,06,,,,Gulistan Bazar Para,গুলিস্তান বাজার পাড়া,FAS602,21.686817,92.103087,440,0,0,0,0,0,0,0,0,0,0,0,0,0,0,0,0,,,,
1106,Bangladesh,Chattogram,Bandarban,Lama,Fansiakhali,06,,,,Haidarnashi Hindu Para,হায়দারনাশী হিন্দু পাড়া,FAS603,21.682192,92.104531,1250,0,0,0,0,0,0,0,0,0,0,0,0,0,0,0,0,,,,
1107,Bangladesh,Chattogram,Bandarban,Lama,Fansiakhali,06,,,,Madhyam Haidarnashi Para,মধ্যম হায়দারনাশী পাড়া,FAS604,21.686389,92.098207,2900,0,0,0,0,0,0,0,0,0,0,0,0,0,0,0,0,,,,
1108,Bangladesh,Chattogram,Bandarban,Lama,Fansiakhali,06,,,,Ongshar Jhiri Para,অংশারঝিরি পাড়া,FAS605,21.677072,92.110112,800,0,0,0,0,0,0,0,0,0,0,0,0,0,0,0,0,,,,
1109,Bangladesh,Chattogram,Bandarban,Lama,Fansiakhali,06,,,,Pashchim Haidarnashi Para,পশ্চিম হায়দারনাশী পাড়া,FAS606,21.684304,92.092709,2300,0,0,0,0,0,0,0,0,0,0,0,0,0,0,0,0,,,,
1110,Bangladesh,Chattogram,Bandarban,Lama,Fansiakhali,06,,,,Purba Haidarnashi Para,পূর্ব হায়দারনাশী পাড়া,FAS607,21.684093,92.106899,1230,0,0,0,0,0,0,0,0,0,0,0,0,0,0,0,0,,,,
1111,Bangladesh,Chattogram,Bandarban,Lama,Fansiakhali,07,,,,Kathalchhara Muslim Para,কাঁঠালছড়া মুসলিম পাড়া,FAS701,21.713177,92.17471,500,0,0,0,0,0,0,0,0,0,0,0,0,0,0,0,0,,,,
1112,Bangladesh,Chattogram,Bandarban,Lama,Fansiakhali,07,,,,Kolarjhiri Boidyo Para,কলারঝিরি বৈদ্য পাড়া,FAS702,21.728784,92.167551,120,0,0,0,0,0,0,0,0,0,0,0,0,0,0,0,0,,,,
1113,Bangladesh,Chattogram,Bandarban,Lama,Fansiakhali,07,,,,Kolarjhiri Notun Muslim Para,কলারঝিরি নতুন মুসলিম পাড়া,FAS703,21.727233,92.168761,120,0,0,0,0,0,0,0,0,0,0,0,0,0,0,0,0,,,,
1114,Bangladesh,Chattogram,Bandarban,Lama,Fansiakhali,07,,,,Langi Murang Para,লাংগি মুরুং পাড়া,FAS704,21.759974,92.185536,178,0,0,0,0,0,0,0,0,0,0,0,0,0,0,0,0,,,,
1115,Bangladesh,Chattogram,Bandarban,Lama,Fansiakhali,07,,,,Member Para,মেম্বার পাড়া,FAS705,21.723511,92.163937,250,0,0,0,0,0,0,0,0,0,0,0,0,0,0,0,0,,,,
1116,Bangladesh,Chattogram,Bandarban,Lama,Fansiakhali,07,,,,Mirinja Muslim Para (Porjoton Complex),মিরিঞ্জা মুসলিম পাড়া (পর্যটন কমপ্লেক্স),FAS706,21.740253,92.186853,180,0,0,0,0,0,0,0,0,0,0,0,0,0,0,0,0,,,,
1117,Bangladesh,Chattogram,Bandarban,Lama,Fansiakhali,07,,,,Mirinja Tripura Para,মিরিঞ্জা ত্রিপুরা পাড়া,FAS707,21.749551,92.186669,66,0,0,0,0,0,0,0,0,0,0,0,0,0,0,0,0,,,,
1118,Bangladesh,Chattogram,Bandarban,Lama,Fansiakhali,07,,,,Onghlari Para,অংহ্লারী পাড়া,FAS708,21.733367,92.161326,200,0,0,0,0,0,0,0,0,0,0,0,0,0,0,0,0,,,,
1119,Bangladesh,Chattogram,Bandarban,Lama,Fansiakhali,07,,,,Puitta Bagan Tripura Para,পুইট্যা বাগান ত্রিপুরা পাড়া,FAS709,21.750029,92.180255,180,0,0,0,0,0,0,0,0,0,0,0,0,0,0,0,0,,,,
1120,Bangladesh,Chattogram,Bandarban,Lama,Fansiakhali,07,,,,Puitta Murang Para,পুইট্যা মুরুং পাড়া,FAS710,21.731205,92.198341,200,0,0,0,0,0,0,0,0,0,0,0,0,0,0,0,0,,,,
1121,Bangladesh,Chattogram,Bandarban,Lama,Fansiakhali,07,,,,Shamukchhara Para,শামুকছড়া পাড়া,FAS711,21.722439,92.171765,400,0,0,0,0,0,0,0,0,0,0,0,0,0,0,0,0,,,,
1122,Bangladesh,Chattogram,Bandarban,Lama,Fansiakhali,07,,,,Shamukchharmukh Para,শামুকছড়ামুখ পাড়া,FAS712,21.72169,92.164462,65,0,0,0,0,0,0,0,0,0,0,0,0,0,0,0,0,,,,
1123,Bangladesh,Chattogram,Bandarban,Lama,Fansiakhali,07,,,,Yaungcha Bodurjhiri Para,ইয়াংছা বদুরঝিরি পাড়া,FAS713,21.731671,92.167541,550,0,0,0,0,0,0,0,0,0,0,0,0,0,0,0,0,,,,
1124,Bangladesh,Chattogram,Bandarban,Lama,Fansiakhali,08,,,,Himchhari Para,হিমছড়ি পাড়া,FAS801,21.733,92.155465,400,0,0,0,0,0,0,0,0,0,0,0,0,0,0,0,0,,,,
1125,Bangladesh,Chattogram,Bandarban,Lama,Fansiakhali,08,,,,Kaeching Para,ক্যাচিং পাড়া,FAS802,21.730917,92.159223,180,0,0,0,0,0,0,0,0,0,0,0,0,0,0,0,0,,,,
1126,Bangladesh,Chattogram,Bandarban,Lama,Fansiakhali,08,,,,Yaungcha Bazar Para,ইয়াংছা বাজার পাড়া,FAS804,21.723542,92.160904,400,0,0,0,0,0,0,0,0,0,0,0,0,0,0,0,0,,,,
1127,Bangladesh,Chattogram,Bandarban,Lama,Fansiakhali,08,,,,Yaungcha Notun Headman Para,ইয়াংছা নতুন হেডম্যান পাড়া,FAS805,21.729204,92.16311,150,0,0,0,0,0,0,0,0,0,0,0,0,0,0,0,0,,,,
1128,Bangladesh,Chattogram,Bandarban,Lama,Fansiakhali,08,,,,Yaungcharmukh Muslim Para,ইয়াংছারমুখ মুসলিম পাড়া,FAS806,21.739627,92.160398,200,0,0,0,0,0,0,0,0,0,0,0,0,0,0,0,0,,,,
1129,Bangladesh,Chattogram,Bandarban,Lama,Fansiakhali,08,,,,Yaungcha Char Para,ইয়াংছা চর পাড়া,FAS807,21.726841,92.159645,100,0,0,0,0,0,0,0,0,0,0,0,0,0,0,0,0,,,,
1130,Bangladesh,Chattogram,Bandarban,Lama,Fansiakhali,08,,,,Yaungcha Army Camp,ইয়াংছা আর্মি ক্যাম্প,FAS808,21.722241,92.162027,100,0,0,0,0,0,0,0,0,0,0,0,0,0,0,0,0,,,,
1131,Bangladesh,Chattogram,Bandarban,Lama,Fansiakhali,08,,,,Member Para,মেম্বার পাড়া,FAS809,21.72578,92.162024,350,0,0,0,0,0,0,0,0,0,0,0,0,0,0,0,0,,,,
1132,Bangladesh,Chattogram,Bandarban,Lama,Fansiakhali,09,,,,Bashkhaillyajhiri Para,বাঁশখাইল্যাঝিরি পাড়া,FAS901,21.689817,92.171258,320,0,0,0,0,0,0,0,0,0,0,0,0,0,0,0,0,,,,
1133,Bangladesh,Chattogram,Bandarban,Lama,Fansiakhali,09,,,,Bonpur Bazar Para,বনপুর বাজার পাড়া,FAS902,21.664726,92.184028,280,0,0,0,0,0,0,0,0,0,0,0,0,0,0,0,0,,,,
1134,Bangladesh,Chattogram,Bandarban,Lama,Fansiakhali,09,,,,Bonpur Muslim Para,বনপুর মুসলিম পাড়া,FAS903,21.670297,92.180067,250,0,0,0,0,0,0,0,0,0,0,0,0,0,0,0,0,,,,
1135,Bangladesh,Chattogram,Bandarban,Lama,Fansiakhali,09,,,,Barabil Para,বড়বিল পাড়া,FAS904,21.678826,92.17592,50,0,0,0,0,0,0,0,0,0,0,0,0,0,0,0,0,,,,
1136,Bangladesh,Chattogram,Bandarban,Lama,Fansiakhali,09,,,,Chhomurmukh Para,ছমুরমুখ পাড়া,FAS905,21.675447,92.1809,70,0,0,0,0,0,0,0,0,0,0,0,0,0,0,0,0,,,,
1137,Bangladesh,Chattogram,Bandarban,Lama,Fansiakhali,09,,,,Chitarjhiri Para,চিতারঝিরি পাড়া,FAS906,21.699474,92.16074,30,0,0,0,0,0,0,0,0,0,0,0,0,0,0,0,0,,,,
1138,Bangladesh,Chattogram,Bandarban,Lama,Fansiakhali,09,,,,Haikaerjhiri Para,হাইক্যারঝিরি পাড়া,FAS907,21.710047,92.163823,50,0,0,0,0,0,0,0,0,0,0,0,0,0,0,0,0,,,,
1139,Bangladesh,Chattogram,Bandarban,Lama,Fansiakhali,09,,,,Kalirjhiri Para,কালিরঝিরি পাড়া,FAS908,21.687108,92.166728,70,0,0,0,0,0,0,0,0,0,0,0,0,0,0,0,0,,,,
1140,Bangladesh,Chattogram,Bandarban,Lama,Fansiakhali,09,,,,Kathalchhara Tripura Para,কাঁঠালছড়া ত্রিপুরা পাড়া,FAS909,21.706977,92.179181,350,0,0,0,0,0,0,0,0,0,0,0,0,0,0,0,0,,,,
1141,Bangladesh,Chattogram,Bandarban,Lama,Fansiakhali,09,,,,Kolarjhiri Para,কলারঝিরি পাড়া,FAS910,21.713291,92.166695,40,0,0,0,0,0,0,0,0,0,0,0,0,0,0,0,0,,,,
1142,Bangladesh,Chattogram,Bandarban,Lama,Fansiakhali,09,,,,Murangjhiri Para,মুরুংঝিরি পাড়া,FAS911,21.699603,92.166035,12,0,0,0,0,0,0,0,0,0,0,0,0,0,0,0,0,,,,
1143,Bangladesh,Chattogram,Bandarban,Lama,Fansiakhali,09,,,,Ongchhamu Karbari Para,অংছামু কারবারি পাড়া,FAS912,21.686012,92.174942,50,0,0,0,0,0,0,0,0,0,0,0,0,0,0,0,0,,,,
1144,Bangladesh,Chattogram,Bandarban,Lama,Fansiakhali,09,,,,Poangbari Para,পোয়াংবাড়ী পাড়া,FAS913,21.719411,92.164015,200,0,0,0,0,0,0,0,0,0,0,0,0,0,0,0,0,,,,
1145,Bangladesh,Chattogram,Bandarban,Lama,Fansiakhali,09,,,,Thandarjhiri Para,ঠান্ডারঝিরি পাড়া,FAS914,21.705079,92.164304,280,0,0,0,0,0,0,0,0,0,0,0,0,0,0,0,0,,,,
1146,Bangladesh,Chattogram,Bandarban,Lama,Fansiakhali,09,,,,Thongpong Murang Para,থংপং মুরুং পাড়া,FAS915,21.676479,92.207112,60,0,0,0,0,0,0,0,0,0,0,0,0,0,0,0,0,,,,
1147,Bangladesh,Chattogram,Bandarban,Lama,Fansiakhali,09,,,,Wakrao Tripura Para,ওয়াক্রাউ ত্রিপুরা পাড়া,FAS916,21.679627,92.197084,180,0,0,0,0,0,0,0,0,0,0,0,0,0,0,0,0,,,,
1148,Bangladesh,Chattogram,Bandarban,Lama,Fansiakhali,09,,,,Yaungcha Boro Para,ইয়াংছা বড় পাড়া,FAS917,21.683707,92.172275,450,0,0,0,0,0,0,0,0,0,0,0,0,0,0,0,0,,,,
1149,Bangladesh,Chattogram,Bandarban,Lama,Fansiakhali,09,,,,Yaungcha Chhoto Para,ইয়াংছা ছোট পাড়া,FAS918,21.694483,92.168217,250,0,0,0,0,0,0,0,0,0,0,0,0,0,0,0,0,,,,
1150,Bangladesh,Chattogram,Bandarban,Lama,Fansiakhali,09,,,,Yaungcha Pashchim Chhoto Para,ইয়াংছা পশ্চিম ছোট পাড়া,FAS919,21.69451,92.164819,200,0,0,0,0,0,0,0,0,0,0,0,0,0,0,0,0,,,,
1151,Bangladesh,Chattogram,Bandarban,Lama,Gajalia,01,,,,Brick Field Para,ব্রিক ফিল্ড পাড়া,GAJ101,21.811203,92.176051,82,0,0,0,0,0,0,0,0,0,0,0,0,0,0,0,0,,,,
1152,Bangladesh,Chattogram,Bandarban,Lama,Gajalia,01,,,,Burir Jhiri Muslim Para,বুড়ির ঝিরি মুসলিম পাড়া,GAJ102,21.830153,92.170618,259,0,0,0,0,0,0,0,0,0,0,0,0,0,0,0,0,,,,
1153,Bangladesh,Chattogram,Bandarban,Lama,Gajalia,01,,,,Khrijjanuna Para,খৃর্জ্জানুনা পাড়া,GAJ103,21.81904,92.180175,288,0,0,0,0,0,0,0,0,0,0,0,0,0,0,0,0,,,,
1154,Bangladesh,Chattogram,Bandarban,Lama,Gajalia,01,,,,Minjhiri Para,মিনঝিরি পাড়া,GAJ104,21.778762,92.172836,207,0,0,0,0,0,0,0,0,0,0,0,0,0,0,0,0,,,,
1155,Bangladesh,Chattogram,Bandarban,Lama,Gajalia,01,,,,Sapmara Jhiri Para,সাপমারা ঝিরি পাড়া,GAJ105,21.798241,92.186697,372,0,0,0,0,0,0,0,0,0,0,0,0,0,0,0,0,,,,
1156,Bangladesh,Chattogram,Bandarban,Lama,Gajalia,01,,,,Shiler Jhiri Para,শিলের ঝিরি পাড়া,GAJ106,21.809512,92.181698,62,0,0,0,0,0,0,0,0,0,0,0,0,0,0,0,0,,,,
1157,Bangladesh,Chattogram,Bandarban,Lama,Gajalia,02,,,,Burir Jhiri Tinghla Para,বুড়ির ঝিরি টিংহ্লা পাড়া,GAJ201,21.824164,92.161271,118,0,0,0,0,0,0,0,0,0,0,0,0,0,0,0,0,,,,
1158,Bangladesh,Chattogram,Bandarban,Lama,Gajalia,02,,,,Chion Para,চিয়ন পাড়া,GAJ202,21.81562,92.145839,102,0,0,0,0,0,0,0,0,0,0,0,0,0,0,0,0,,,,
1159,Bangladesh,Chattogram,Bandarban,Lama,Gajalia,02,,,,Durjodhon Para,দুর্যোধন পাড়া,GAJ203,21.812199,92.165335,230,0,0,0,0,0,0,0,0,0,0,0,0,0,0,0,0,,,,
1160,Bangladesh,Chattogram,Bandarban,Lama,Gajalia,02,,,,Kainpa Para,কাইনপা পাড়া,GAJ204,21.822804,92.157735,106,0,0,0,0,0,0,0,0,0,0,0,0,0,0,0,0,,,,
1161,Bangladesh,Chattogram,Bandarban,Lama,Gajalia,02,,,,Manikjon Para,মানিকজন পাড়া,GAJ205,21.812024,92.17113,270,0,0,0,0,0,0,0,0,0,0,0,0,0,0,0,0,,,,
1162,Bangladesh,Chattogram,Bandarban,Lama,Gajalia,02,,,,Pongdui Para,পংদুই পাড়া,GAJ206,21.8268,92.154032,18,0,0,0,0,0,0,0,0,0,0,0,0,0,0,0,0,,,,
1163,Bangladesh,Chattogram,Bandarban,Lama,Gajalia,03,,,,Akiram Para,আকিরাম পাড়া,GAJ301,21.843329,92.160369,465,0,0,0,0,0,0,0,0,0,0,0,0,0,0,0,0,,,,
1164,Bangladesh,Chattogram,Bandarban,Lama,Gajalia,03,,,,Bodu Chhara Para,বদু ছড়া পাড়া,GAJ302,21.853116,92.148973,111,0,0,0,0,0,0,0,0,0,0,0,0,0,0,0,0,,,,
1165,Bangladesh,Chattogram,Bandarban,Lama,Gajalia,03,,,,Gotiram Muslim Para,গতিরাম মুসলিম পাড়া,GAJ303,21.839084,92.170472,94,0,0,0,0,0,0,0,0,0,0,0,0,0,0,0,0,,,,
1166,Bangladesh,Chattogram,Bandarban,Lama,Gajalia,03,,,,Gotiram Para,গতিরাম পাড়া,GAJ304,21.838173,92.166484,292,0,0,0,0,0,0,0,0,0,0,0,0,0,0,0,0,,,,
1167,Bangladesh,Chattogram,Bandarban,Lama,Gajalia,03,,,,Koangkhang Para,কোয়াংখ্যাং পাড়া,GAJ305,21.851678,92.151996,46,0,0,0,0,0,0,0,0,0,0,0,0,0,0,0,0,,,,
1168,Bangladesh,Chattogram,Bandarban,Lama,Gajalia,03,,,,Prongho Para,প্রংঘ পাড়া,GAJ306,21.846418,92.143605,141,0,0,0,0,0,0,0,0,0,0,0,0,0,0,0,0,,,,
1169,Bangladesh,Chattogram,Bandarban,Lama,Gajalia,04,,,,Gajalia Bazar Para,গজালিয়া বাজার পাড়া,GAJ401,21.852442,92.180776,391,0,0,0,0,0,0,0,0,0,0,0,0,0,0,0,0,,,,
1170,Bangladesh,Chattogram,Bandarban,Lama,Gajalia,04,,,,Gajalia Headman Para,গজালিয়া হেডম্যান পাড়া,GAJ402,21.849408,92.182194,760,0,0,0,0,0,0,0,0,0,0,0,0,0,0,0,0,,,,
1171,Bangladesh,Chattogram,Bandarban,Lama,Gajalia,04,,,,Harun Para,হারুণ পাড়া,GAJ403,21.846773,92.182743,87,0,0,0,0,0,0,0,0,0,0,0,0,0,0,0,0,,,,
1172,Bangladesh,Chattogram,Bandarban,Lama,Gajalia,04,,,,Hindu Para,হিন্দু পাড়া,GAJ404,21.849377,92.180377,45,0,0,0,0,0,0,0,0,0,0,0,0,0,0,0,0,,,,
1173,Bangladesh,Chattogram,Bandarban,Lama,Gajalia,04,,,,Khristan Hostel,খ্রীষ্টান হোস্টেল,GAJ405,21.849584,92.177039,68,0,0,0,0,0,0,0,0,0,0,0,0,0,0,0,0,,,,
1174,Bangladesh,Chattogram,Bandarban,Lama,Gajalia,04,,,,Gajalia Army Camp,গজালিয়া আর্মি ক্যাম্প,GAJ406,21.851565,92.17949,40,0,0,0,0,0,0,0,0,0,0,0,0,0,0,0,0,,,,
1175,Bangladesh,Chattogram,Bandarban,Lama,Gajalia,04,,,,Gajalia Police Fari,গজালিয়া পুলিশ ফাঁড়ি,GAJ407,21.851921,92.1822,25,0,0,0,0,0,0,0,0,0,0,0,0,0,0,0,0,,,,
1176,Bangladesh,Chattogram,Bandarban,Lama,Gajalia,05,,,,Boterjhiri Para,বটেরঝিরি পাড়া,GAJ501,21.860072,92.164127,58,0,0,0,0,0,0,0,0,0,0,0,0,0,0,0,0,,,,
1177,Bangladesh,Chattogram,Bandarban,Lama,Gajalia,05,,,,DC Road Para,ডিসি রোড পাড়া,GAJ502,21.85625,92.169619,115,0,0,0,0,0,0,0,0,0,0,0,0,0,0,0,0,,,,
1178,Bangladesh,Chattogram,Bandarban,Lama,Gajalia,05,,,,Gajalia Bazar Para (Angsho),গজালিয়া বাজার পাড়া (অংশ),GAJ503,21.853141,92.179777,280,0,0,0,0,0,0,0,0,0,0,0,0,0,0,0,0,,,,
1179,Bangladesh,Chattogram,Bandarban,Lama,Gajalia,05,,,,Mohammad Para,মোহাম্মদ পাড়া,GAJ504,21.858245,92.17825,499,0,0,0,0,0,0,0,0,0,0,0,0,0,0,0,0,,,,
1180,Bangladesh,Chattogram,Bandarban,Lama,Gajalia,05,,,,Napiter Jhiri Para,নাপিতের ঝিরি পাড়া,GAJ505,21.856047,92.172684,95,0,0,0,0,0,0,0,0,0,0,0,0,0,0,0,0,,,,
1181,Bangladesh,Chattogram,Bandarban,Lama,Gajalia,05,,,,Tarar Jhiri Para,তারার ঝিরি পাড়া,GAJ506,21.843373,92.171213,101,0,0,0,0,0,0,0,0,0,0,0,0,0,0,0,0,,,,
1182,Bangladesh,Chattogram,Bandarban,Lama,Gajalia,06,,,,8 and 10 Mile Para,৮ ও ১০ মাইল পাড়া,GAJ601,21.856416,92.153742,236,0,0,0,0,0,0,0,0,0,0,0,0,0,0,0,0,,,,
1183,Bangladesh,Chattogram,Bandarban,Lama,Gajalia,06,,,,Amongthowai Para,এমংথোয়াই পাড়া,GAJ602,21.855966,92.158536,141,0,0,0,0,0,0,0,0,0,0,0,0,0,0,0,0,,,,
1184,Bangladesh,Chattogram,Bandarban,Lama,Gajalia,06,,,,Angthoyaisa Para,অংথোয়াইসা পাড়া,GAJ603,21.864132,92.147655,178,0,0,0,0,0,0,0,0,0,0,0,0,0,0,0,0,,,,
1185,Bangladesh,Chattogram,Bandarban,Lama,Gajalia,06,,,,Aungdang Para,আংদং পাড়া,GAJ604,21.876358,92.142434,240,0,0,0,0,0,0,0,0,0,0,0,0,0,0,0,0,,,,
1186,Bangladesh,Chattogram,Bandarban,Lama,Gajalia,06,,,,Khlyaching Para,ক্যহ্লাচিং পাড়া,GAJ605,21.854741,92.155469,80,0,0,0,0,0,0,0,0,0,0,0,0,0,0,0,0,,,,
1187,Bangladesh,Chattogram,Bandarban,Lama,Gajalia,06,,,,Najiram Para,নাজিরাম পাড়া,GAJ606,21.884727,92.134706,360,0,0,0,0,0,0,0,0,0,0,0,0,0,0,0,0,,,,
1188,Bangladesh,Chattogram,Bandarban,Lama,Gajalia,06,,,,Rasanga Para,রাসঙ্গ পাড়া,GAJ607,21.882761,92.133049,159,0,0,0,0,0,0,0,0,0,0,0,0,0,0,0,0,,,,
1189,Bangladesh,Chattogram,Bandarban,Lama,Gajalia,06,,,,Re Ang She Para,রে অং শে পাড়া,GAJ608,21.859744,92.147987,230,0,0,0,0,0,0,0,0,0,0,0,0,0,0,0,0,,,,
1190,Bangladesh,Chattogram,Bandarban,Lama,Gajalia,06,,,,Remong Member Para,রেমং মেম্বার পাড়া,GAJ609,21.870582,92.146182,451,0,0,0,0,0,0,0,0,0,0,0,0,0,0,0,0,,,,
1191,Bangladesh,Chattogram,Bandarban,Lama,Gajalia,06,,,,Ujiram Para,উজিরাম পাড়া,GAJ610,21.856131,92.159682,132,0,0,0,0,0,0,0,0,0,0,0,0,0,0,0,0,,,,
1192,Bangladesh,Chattogram,Bandarban,Lama,Gajalia,07,,,,Angthoyai Mong Para,অংথোয়াই মং পাড়া,GAJ701,21.829209,92.210924,250,0,0,0,0,0,0,0,0,0,0,0,0,0,0,0,0,,,,
1193,Bangladesh,Chattogram,Bandarban,Lama,Gajalia,07,,,,Angyar Beel Para,অংগ্যার বিল পাড়া,GAJ702,21.826973,92.192372,57,0,0,0,0,0,0,0,0,0,0,0,0,0,0,0,0,,,,
1194,Bangladesh,Chattogram,Bandarban,Lama,Gajalia,07,,,,Arpora Jhiri Para,আরপোড়া ঝিরি পাড়া,GAJ703,21.806342,92.226359,72,0,0,0,0,0,0,0,0,0,0,0,0,0,0,0,0,,,,
1195,Bangladesh,Chattogram,Bandarban,Lama,Gajalia,07,,,,Baten Tila Para,বাতেন টিলা পাড়া,GAJ704,21.830577,92.183455,154,0,0,0,0,0,0,0,0,0,0,0,0,0,0,0,0,,,,
1196,Bangladesh,Chattogram,Bandarban,Lama,Gajalia,07,,,,Bara Para,বড় পাড়া,GAJ705,21.822361,92.188255,403,0,0,0,0,0,0,0,0,0,0,0,0,0,0,0,0,,,,
1197,Bangladesh,Chattogram,Bandarban,Lama,Gajalia,07,,,,Char Para,চর পাড়া,GAJ706,21.819545,92.189924,94,0,0,0,0,0,0,0,0,0,0,0,0,0,0,0,0,,,,
1198,Bangladesh,Chattogram,Bandarban,Lama,Gajalia,07,,,,Chhoto Bomu Headman Para,ছোট বমু হেডম্যান পাড়া,GAJ707,21.79861,92.211041,133,0,0,0,0,0,0,0,0,0,0,0,0,0,0,0,0,,,,
1199,Bangladesh,Chattogram,Bandarban,Lama,Gajalia,07,,,,Chhoto Bomu Muslim Para,ছোট বমু মুসলিম পাড়া,GAJ708,21.800101,92.213322,215,0,0,0,0,0,0,0,0,0,0,0,0,0,0,0,0,,,,
1200,Bangladesh,Chattogram,Bandarban,Lama,Gajalia,07,,,,Dhoiya Chandra Tripura Para,ধৈয়া চন্দ্রত্রিপুরা পাড়া,GAJ709,21.815863,92.240333,61,0,0,0,0,0,0,0,0,0,0,0,0,0,0,0,0,,,,
1201,Bangladesh,Chattogram,Bandarban,Lama,Gajalia,07,,,,Joitun Para,জৈয়তুন পাড়া,GAJ710,21.818038,92.232643,160,0,0,0,0,0,0,0,0,0,0,0,0,0,0,0,0,,,,
1202,Bangladesh,Chattogram,Bandarban,Lama,Gajalia,07,,,,Kohollyakya Para,কোহ্লাক্যা পাড়া,GAJ711,21.832996,92.213533,290,0,0,0,0,0,0,0,0,0,0,0,0,0,0,0,0,,,,
1203,Bangladesh,Chattogram,Bandarban,Lama,Gajalia,07,,,,Kongchairi Para,কংচাইরী পাড়া,GAJ712,21.828842,92.20365,203,0,0,0,0,0,0,0,0,0,0,0,0,0,0,0,0,,,,
1204,Bangladesh,Chattogram,Bandarban,Lama,Gajalia,07,,,,Mangshakhoi Para,মংসাখই পাড়া,GAJ713,21.800031,92.219224,71,0,0,0,0,0,0,0,0,0,0,0,0,0,0,0,0,,,,
1205,Bangladesh,Chattogram,Bandarban,Lama,Gajalia,07,,,,Panisshiya Jhiri Para,পানিশ্যা ঝিরি পাড়া,GAJ714,21.817456,92.210119,194,0,0,0,0,0,0,0,0,0,0,0,0,0,0,0,0,,,,
1206,Bangladesh,Chattogram,Bandarban,Lama,Gajalia,07,,,,Tesoljhiri Para,তেষলঝিরি পাড়া,GAJ715,21.805209,92.227255,224,0,0,0,0,0,0,0,0,0,0,0,0,0,0,0,0,,,,
1207,Bangladesh,Chattogram,Bandarban,Lama,Gajalia,08,,,,Asrayan Prakalpa Para,আশ্রয়ণ প্রকল্প পাড়া,GAJ801,21.873251,92.174456,110,0,0,0,0,0,0,0,0,0,0,0,0,0,0,0,0,,,,
1208,Bangladesh,Chattogram,Bandarban,Lama,Gajalia,08,,,,Baish Pari Noya Para,বাইশ পাড়ী নয়া পাড়া,GAJ802,21.86468,92.181756,255,0,0,0,0,0,0,0,0,0,0,0,0,0,0,0,0,,,,
1209,Bangladesh,Chattogram,Bandarban,Lama,Gajalia,08,,,,Baish Pari Para,বাইশ পাড়ী পাড়া,GAJ803,21.866306,92.186453,583,0,0,0,0,0,0,0,0,0,0,0,0,0,0,0,0,,,,
1210,Bangladesh,Chattogram,Bandarban,Lama,Gajalia,08,,,,Bara Bomu Headman Para,বড় বমু হেডম্যান পাড়া,GAJ804,21.86443,92.179676,287,0,0,0,0,0,0,0,0,0,0,0,0,0,0,0,0,,,,
1211,Bangladesh,Chattogram,Bandarban,Lama,Gajalia,08,,,,Battali Para,বটতলী পাড়া,GAJ805,21.865563,92.195877,685,0,0,0,0,0,0,0,0,0,0,0,0,0,0,0,0,,,,
1212,Bangladesh,Chattogram,Bandarban,Lama,Gajalia,08,,,,Dhekir Chhara Mukh Para,ঢেকির ছড়া মুখ পাড়া,GAJ806,21.866059,92.190243,281,0,0,0,0,0,0,0,0,0,0,0,0,0,0,0,0,,,,
1213,Bangladesh,Chattogram,Bandarban,Lama,Gajalia,08,,,,Gaindya Para,গাইন্দ্যা পাড়া,GAJ807,21.849884,92.184313,990,0,0,0,0,0,0,0,0,0,0,0,0,0,0,0,0,,,,
1214,Bangladesh,Chattogram,Bandarban,Lama,Gajalia,08,,,,Mongme Para,মংমে পাড়া,GAJ808,21.874738,92.208073,51,0,0,0,0,0,0,0,0,0,0,0,0,0,0,0,0,,,,
1215,Bangladesh,Chattogram,Bandarban,Lama,Gajalia,08,,,,Pashchim Baish Pari Para,পশ্চিম বাইশ পাড়ী পাড়া,GAJ809,21.865062,92.18423,287,0,0,0,0,0,0,0,0,0,0,0,0,0,0,0,0,,,,
1216,Bangladesh,Chattogram,Bandarban,Lama,Gajalia,08,,,,Tulatuli Para,তুলাতুলী পাড়া,GAJ810,21.871743,92.206098,204,0,0,0,0,0,0,0,0,0,0,0,0,0,0,0,0,,,,
1217,Bangladesh,Chattogram,Bandarban,Lama,Gajalia,09,,,,Alok Para,আলক পাড়া,GAJ901,21.854424,92.226339,126,0,0,0,0,0,0,0,0,0,0,0,0,0,0,0,0,,,,
1218,Bangladesh,Chattogram,Bandarban,Lama,Gajalia,09,,,,Aungchaching Para,অংচাচিং পাড়া,GAJ902,21.831505,92.214056,63,0,0,0,0,0,0,0,0,0,0,0,0,0,0,0,0,,,,
1219,Bangladesh,Chattogram,Bandarban,Lama,Gajalia,09,,,,Bucha Para,বুচা পাড়া,GAJ903,21.833445,92.23829,77,0,0,0,0,0,0,0,0,0,0,0,0,0,0,0,0,,,,
1220,Bangladesh,Chattogram,Bandarban,Lama,Gajalia,09,,,,Champarjhiri Para,চম্পারঝিরি পাড়া,GAJ904,21.90301,92.234324,280,0,0,0,0,0,0,0,0,0,0,0,0,0,0,0,0,,,,
1221,Bangladesh,Chattogram,Bandarban,Lama,Gajalia,09,,,,Changkok Para,চংকক পাড়া,GAJ905,21.847532,92.233184,47,0,0,0,0,0,0,0,0,0,0,0,0,0,0,0,0,,,,
1222,Bangladesh,Chattogram,Bandarban,Lama,Gajalia,09,,,,Chintabor Para,চিন্তাবর পাড়া,GAJ906,21.880724,92.223349,570,0,0,0,0,0,0,0,0,0,0,0,0,0,0,0,0,,,,
1223,Bangladesh,Chattogram,Bandarban,Lama,Gajalia,09,,,,Dhola Para,ধলা পাড়া,GAJ907,21.87967,92.335253,133,0,0,0,0,0,0,0,0,0,0,0,0,0,0,0,0,,,,
1224,Bangladesh,Chattogram,Bandarban,Lama,Gajalia,09,,,,Hamaichar Para,হামাইচর পাড়া,GAJ908,21.876184,92.211094,163,0,0,0,0,0,0,0,0,0,0,0,0,0,0,0,0,,,,
1225,Bangladesh,Chattogram,Bandarban,Lama,Gajalia,09,,,,Hlafujai Para,হ্লাফুজাই পাড়া,GAJ909,21.8278,92.223371,82,0,0,0,0,0,0,0,0,0,0,0,0,0,0,0,0,,,,
1226,Bangladesh,Chattogram,Bandarban,Lama,Gajalia,09,,,,Kaituk Para,কাইতুক পাড়া,GAJ910,21.841928,92.260825,90,0,0,0,0,0,0,0,0,0,0,0,0,0,0,0,0,,,,
1227,Bangladesh,Chattogram,Bandarban,Lama,Gajalia,09,,,,Kalabor Para,কালাবর পাড়া,GAJ911,21.853386,92.265472,143,0,0,0,0,0,0,0,0,0,0,0,0,0,0,0,0,,,,
1228,Bangladesh,Chattogram,Bandarban,Lama,Gajalia,09,,,,Kochuchhara Latoya Para,কচুছড়া লাতোয়া পাড়া,GAJ912,21.865219,92.27958,56,0,0,0,0,0,0,0,0,0,0,0,0,0,0,0,0,,,,
1229,Bangladesh,Chattogram,Bandarban,Lama,Gajalia,09,,,,Kochuchhara Para,কচুছড়া পাড়া,GAJ913,21.879987,92.267539,177,0,0,0,0,0,0,0,0,0,0,0,0,0,0,0,0,,,,
1230,Bangladesh,Chattogram,Bandarban,Lama,Gajalia,09,,,,Kuichhara Para,কুইছড়া পাড়া,GAJ914,21.899829,92.286853,73,0,0,0,0,0,0,0,0,0,0,0,0,0,0,0,0,,,,
1231,Bangladesh,Chattogram,Bandarban,Lama,Gajalia,09,,,,Lemurjhiri Para,লেমুরঝিরি পাড়া,GAJ915,21.828355,92.221679,132,0,0,0,0,0,0,0,0,0,0,0,0,0,0,0,0,,,,
1232,Bangladesh,Chattogram,Bandarban,Lama,Gajalia,09,,,,Luaing Bazar Para,লুলাইং বাজার পাড়া,GAJ916,21.893192,92.263607,114,0,0,0,0,0,0,0,0,0,0,0,0,0,0,0,0,,,,
1233,Bangladesh,Chattogram,Bandarban,Lama,Gajalia,09,,,,Luaing Headman Para,লুলাইং হেডম্যান পাড়া,GAJ917,21.891032,92.278672,287,0,0,0,0,0,0,0,0,0,0,0,0,0,0,0,0,,,,
1234,Bangladesh,Chattogram,Bandarban,Lama,Gajalia,09,,,,Lulaiyang Noya Para,লুলাইং নয়া পাড়া,GAJ918,21.892346,92.27065,167,0,0,0,0,0,0,0,0,0,0,0,0,0,0,0,0,,,,
1235,Bangladesh,Chattogram,Bandarban,Lama,Gajalia,09,,,,Majher Monghla Para,মাঝের মংহ্লা পাড়া,GAJ919,21.883164,92.291234,136,0,0,0,0,0,0,0,0,0,0,0,0,0,0,0,0,,,,
1236,Bangladesh,Chattogram,Bandarban,Lama,Gajalia,09,,,,Mayur Para,ময়ূর পাড়া,GAJ920,21.850609,92.240426,84,0,0,0,0,0,0,0,0,0,0,0,0,0,0,0,0,,,,
1237,Bangladesh,Chattogram,Bandarban,Lama,Gajalia,09,,,,Naya Alok Para,নয়া আলক পাড়া,GAJ921,21.853319,92.216441,131,0,0,0,0,0,0,0,0,0,0,0,0,0,0,0,0,,,,
1238,Bangladesh,Chattogram,Bandarban,Lama,Gajalia,09,,,,Panjhiri Para,পানঝিরি পাড়া,GAJ922,21.906735,92.302088,54,0,0,0,0,0,0,0,0,0,0,0,0,0,0,0,0,,,,
1239,Bangladesh,Chattogram,Bandarban,Lama,Gajalia,09,,,,Rengwai Para,রেংওয়াই পাড়া,GAJ923,21.860065,92.256447,70,0,0,0,0,0,0,0,0,0,0,0,0,0,0,0,0,,,,
1240,Bangladesh,Chattogram,Bandarban,Lama,Gajalia,09,,,,Riyang Para,রিয়াং পাড়া,GAJ924,21.914643,92.291002,75,0,0,0,0,0,0,0,0,0,0,0,0,0,0,0,0,,,,
1241,Bangladesh,Chattogram,Bandarban,Lama,Gajalia,09,,,,Thandajhiri Para,ঠান্ডাঝিরি পাড়া,GAJ925,21.90661,92.280946,65,0,0,0,0,0,0,0,0,0,0,0,0,0,0,0,0,,,,
1242,Bangladesh,Chattogram,Bandarban,Lama,Gajalia,09,,,,Thangpung Para,থাংপুং পাড়া,GAJ926,21.879524,92.315225,75,0,0,0,0,0,0,0,0,0,0,0,0,0,0,0,0,,,,
1243,Bangladesh,Chattogram,Bandarban,Lama,Gajalia,09,,,,Toloi Para,তলই পাড়া,GAJ927,21.883211,92.251117,280,0,0,0,0,0,0,0,0,0,0,0,0,0,0,0,0,,,,
1244,Bangladesh,Chattogram,Bandarban,Lama,Gajalia,09,,,,Uchaprur Char Para,উচাপ্রুর পাড়া,GAJ928,21.825646,92.195315,94,0,0,0,0,0,0,0,0,0,0,0,0,0,0,0,0,,,,
1245,Bangladesh,Chattogram,Bandarban,Lama,Gajalia,09,,,,Upar Monghla Para,উপর মংহ্লা পাড়া,GAJ929,21.882002,92.303897,121,0,0,0,0,0,0,0,0,0,0,0,0,0,0,0,0,,,,
1246,Bangladesh,Chattogram,Bandarban,Lama,Gajalia,09,,,,Mecha Marma Para,মেচা মারমা পাড়া,GAJ930,21.893016,92.259925,60,0,0,0,0,0,0,0,0,0,0,0,0,0,0,0,0,,,,
1247,Bangladesh,Chattogram,Bandarban,Lama,Lama Pourasabha,01,,,,Champatoli Hindu Para,চম্পাতলী হিন্দু পাড়া,PAU101,21.783065,92.189676,150,0,0,0,0,0,0,0,0,0,0,0,0,0,0,0,0,,,,
1248,Bangladesh,Chattogram,Bandarban,Lama,Lama Pourasabha,01,,,,Champatoli Majhi Para,চম্পাতলী মাঝি পাড়া,PAU102,21.77638,92.189017,240,0,0,0,0,0,0,0,0,0,0,0,0,0,0,0,0,,,,
1249,Bangladesh,Chattogram,Bandarban,Lama,Lama Pourasabha,01,,,,Champatoli Marma Para,চম্পাতলী মারমা পাড়া,PAU103,21.779318,92.1904,310,0,0,0,0,0,0,0,0,0,0,0,0,0,0,0,0,,,,
1250,Bangladesh,Chattogram,Bandarban,Lama,Lama Pourasabha,01,,,,Champatoli Pahartoli Para,চম্পাতলী পাহাড়তলী পাড়া,PAU104,21.779585,92.187606,290,0,0,0,0,0,0,0,0,0,0,0,0,0,0,0,0,,,,
1251,Bangladesh,Chattogram,Bandarban,Lama,Lama Pourasabha,01,,,,Champatoli Puraton Thana Para,চম্পাতলী পুরাতন থানা পাড়া,PAU105,21.781858,92.189947,950,0,0,0,0,0,0,0,0,0,0,0,0,0,0,0,0,,,,
1252,Bangladesh,Chattogram,Bandarban,Lama,Lama Pourasabha,01,,,,T T & DC Para,টি টি এন্ড ডিসি পাড়া,PAU106,21.79015,92.187976,100,0,0,0,0,0,0,0,0,0,0,0,0,0,0,0,0,,,,
1253,Bangladesh,Chattogram,Bandarban,Lama,Lama Pourasabha,01,,,,Champatoli Ansar Camp,চম্পাতলী আনসার ক্যাম্প,PAU107,21.776779,92.19078,180,0,0,0,0,0,0,0,0,0,0,0,0,0,0,0,0,,,,
1254,Bangladesh,Chattogram,Bandarban,Lama,Lama Pourasabha,02,,,,Lama Bazar Para (Uttarangsho),লামা বাজার পাড়া (উত্তরাংশ),PAU201,21.778085,92.194718,1100,0,0,0,0,0,0,0,0,0,0,0,0,0,0,0,0,,,,
1255,Bangladesh,Chattogram,Bandarban,Lama,Lama Pourasabha,02,,,,Mission Road Para,মিশন রোড পাড়া,PAU202,21.782685,92.203115,250,0,0,0,0,0,0,0,0,0,0,0,0,0,0,0,0,,,,
1256,Bangladesh,Chattogram,Bandarban,Lama,Lama Pourasabha,02,,,,Naya Para,নয়া পাড়া,PAU203,21.782674,92.196626,2400,0,0,0,0,0,0,0,0,0,0,0,0,0,0,0,0,,,,
1257,Bangladesh,Chattogram,Bandarban,Lama,Lama Pourasabha,03,,,,Choto Nunarbeel Marma Para,ছোট নুনারবিল মার্মা পাড়া,PAU301,21.775052,92.19441,900,0,0,0,0,0,0,0,0,0,0,0,0,0,0,0,0,,,,
1258,Bangladesh,Chattogram,Bandarban,Lama,Lama Pourasabha,03,,,,Haspatal Para,হাসপাতাল পাড়া,PAU302,21.773922,92.192459,1200,0,0,0,0,0,0,0,0,0,0,0,0,0,0,0,0,,,,
1259,Bangladesh,Chattogram,Bandarban,Lama,Lama Pourasabha,03,,,,Kyang Para,ক্যাং পাড়া,PAU303,21.774928,92.195838,100,0,0,0,0,0,0,0,0,0,0,0,0,0,0,0,0,,,,
1260,Bangladesh,Chattogram,Bandarban,Lama,Lama Pourasabha,03,,,,Lama Bazar Para (Dakkhinangsho),লামা বাজার পাড়া (দক্ষিণাংশ),PAU304,21.776748,92.194784,500,0,0,0,0,0,0,0,0,0,0,0,0,0,0,0,0,,,,
1261,Bangladesh,Chattogram,Bandarban,Lama,Lama Pourasabha,03,,,,Sawmill Para,স'মিল পাড়া,PAU305,21.775803,92.19424,300,0,0,0,0,0,0,0,0,0,0,0,0,0,0,0,0,,,,
1262,Bangladesh,Chattogram,Bandarban,Lama,Lama Pourasabha,03,,,,T&T Para,টি এন্ড টি পাড়া,PAU306,21.774299,92.19937,400,0,0,0,0,0,0,0,0,0,0,0,0,0,0,0,0,,,,
1263,Bangladesh,Chattogram,Bandarban,Lama,Lama Pourasabha,04,,,,Chairman Para,চেয়ারম্যান পাড়া,PAU401,21.777843,92.200057,5800,0,0,0,0,0,0,0,0,0,0,0,0,0,0,0,0,,,,
1264,Bangladesh,Chattogram,Bandarban,Lama,Lama Pourasabha,04,,,,Narkatajhiri Para,নারকাটাঝিরি পাড়া,PAU402,21.774893,92.202084,750,0,0,0,0,0,0,0,0,0,0,0,0,0,0,0,0,,,,
1265,Bangladesh,Chattogram,Bandarban,Lama,Lama Pourasabha,05,,,,Kolingabeel Uttar Para,কলিঙ্গাবিল উত্তর পাড়া,PAU501,21.775649,92.212562,1500,0,0,0,0,0,0,0,0,0,0,0,0,0,0,0,0,,,,
1266,Bangladesh,Chattogram,Bandarban,Lama,Lama Pourasabha,05,,,,Kuraliar Tek Para,কুড়ালিয়ার টেক পাড়া,PAU502,21.779193,92.224729,800,0,0,0,0,0,0,0,0,0,0,0,0,0,0,0,0,,,,
1267,Bangladesh,Chattogram,Bandarban,Lama,Lama Pourasabha,05,,,,Lamamukh Para (Uttarangsho),লামামুখ পাড়া (উত্তরাংশ),PAU503,21.773631,92.221308,600,0,0,0,0,0,0,0,0,0,0,0,0,0,0,0,0,,,,
1268,Bangladesh,Chattogram,Bandarban,Lama,Lama Pourasabha,05,,,,Pashchim Rajbari Para,পশ্চিম রাজবাড়ী পাড়া,PAU504,21.778067,92.210184,580,0,0,0,0,0,0,0,0,0,0,0,0,0,0,0,0,,,,
1269,Bangladesh,Chattogram,Bandarban,Lama,Lama Pourasabha,05,,,,Rajbari Para,রাজবাড়ী পাড়া,PAU505,21.779405,92.217343,1100,0,0,0,0,0,0,0,0,0,0,0,0,0,0,0,0,,,,
1270,Bangladesh,Chattogram,Bandarban,Lama,Lama Pourasabha,06,,,,Kalingabeel Dakkhin Para,কলিঙ্গাবিল দক্ষিণ পাড়া,PAU601,21.772139,92.209,325,0,0,0,0,0,0,0,0,0,0,0,0,0,0,0,0,,,,
1271,Bangladesh,Chattogram,Bandarban,Lama,Lama Pourasabha,06,,,,Kalingabeel Marma Para,কলিঙ্গাবিল মার্মা পাড়া,PAU602,21.771722,92.217279,249,0,0,0,0,0,0,0,0,0,0,0,0,0,0,0,0,,,,
1272,Bangladesh,Chattogram,Bandarban,Lama,Lama Pourasabha,06,,,,Lamamukh Para (Dakkhinangsho),লামামুখ পাড়া (দক্ষিণাংশ),PAU603,21.771496,92.221778,250,0,0,0,0,0,0,0,0,0,0,0,0,0,0,0,0,,,,
1273,Bangladesh,Chattogram,Bandarban,Lama,Lama Pourasabha,06,,,,Sabek Beelchhari Marma Para (Dakkhin),সাবেক বিলছড়ি মারমা পাড়া (দক্ষিণ),PAU604,21.760159,92.219995,265,0,0,0,0,0,0,0,0,0,0,0,0,0,0,0,0,,,,
1274,Bangladesh,Chattogram,Bandarban,Lama,Lama Pourasabha,06,,,,Sabek Beelchhari Marma Para (Uttar),সাবেক বিলছড়ি মারমা পাড়া (উত্তর),PAU605,21.763162,92.217772,235,0,0,0,0,0,0,0,0,0,0,0,0,0,0,0,0,,,,
1275,Bangladesh,Chattogram,Bandarban,Lama,Lama Pourasabha,06,,,,Sabek Beelchhari Muslim Para,সাবেক বিলছড়ি মুসলিম পাড়া,PAU606,21.7662,92.213301,1100,0,0,0,0,0,0,0,0,0,0,0,0,0,0,0,0,,,,
1276,Bangladesh,Chattogram,Bandarban,Lama,Lama Pourasabha,06,,,,Sabek Beelchhari Para,সাবেক বিলছড়ি পাড়া,PAU607,21.758385,92.217431,150,0,0,0,0,0,0,0,0,0,0,0,0,0,0,0,0,,,,
1277,Bangladesh,Chattogram,Bandarban,Lama,Lama Pourasabha,06,,,,Sylheti Para,সিলেটি পাড়া,PAU608,21.760325,92.21488,500,0,0,0,0,0,0,0,0,0,0,0,0,0,0,0,0,,,,
1278,Bangladesh,Chattogram,Bandarban,Lama,Lama Pourasabha,07,,,,Bara Nunar Beel Marma Para,বড় নুনারবিল মারমা পাড়া,PAU701,21.771536,92.196211,1300,0,0,0,0,0,0,0,0,0,0,0,0,0,0,0,0,,,,
1279,Bangladesh,Chattogram,Bandarban,Lama,Lama Pourasabha,07,,,,Bara Nunar Beel Muslim Para,বড় নুনারবিল মুসলিম পাড়া,PAU702,21.769803,92.195774,250,0,0,0,0,0,0,0,0,0,0,0,0,0,0,0,0,,,,
1280,Bangladesh,Chattogram,Bandarban,Lama,Lama Pourasabha,07,,,,Baidya Para,বৈদ্য পাড়া,PAU703,21.765233,92.204529,950,0,0,0,0,0,0,0,0,0,0,0,0,0,0,0,0,,,,
1281,Bangladesh,Chattogram,Bandarban,Lama,Lama Pourasabha,07,,,,Dhungchimong Master Para,ধুংচিমং মাষ্টার পাড়া,PAU704,21.763335,92.205585,1100,0,0,0,0,0,0,0,0,0,0,0,0,0,0,0,0,,,,
1282,Bangladesh,Chattogram,Bandarban,Lama,Lama Pourasabha,07,,,,Forest Colony Para,ফরেস্ট কলোনী পাড়া,PAU705,21.764715,92.202269,170,0,0,0,0,0,0,0,0,0,0,0,0,0,0,0,0,,,,
1283,Bangladesh,Chattogram,Bandarban,Lama,Lama Pourasabha,07,,,,Nunar Jhiri Para,নুনার ঝিরি পাড়া,PAU706,21.759102,92.20661,1050,0,0,0,0,0,0,0,0,0,0,0,0,0,0,0,0,,,,
1284,Bangladesh,Chattogram,Bandarban,Lama,Lama Pourasabha,07,,,,Pashchim Modhujhiri Para,পশ্চিম মধুঝিরি পাড়া,PAU707,21.767223,92.198939,560,0,0,0,0,0,0,0,0,0,0,0,0,0,0,0,0,,,,
1285,Bangladesh,Chattogram,Bandarban,Lama,Lama Pourasabha,07,,,,Purbo Modhujhiri Para,পূর্ব মধুঝিরি পাড়া,PAU708,21.767973,92.201698,1700,0,0,0,0,0,0,0,0,0,0,0,0,0,0,0,0,,,,
1286,Bangladesh,Chattogram,Bandarban,Lama,Lama Pourasabha,08,,,,Chhagolkhaiya Headman Para,ছাগলখাইয়া হেডম্যান পাড়া,PAU801,21.748821,92.220543,330,0,0,0,0,0,0,0,0,0,0,0,0,0,0,0,0,,,,
1287,Bangladesh,Chattogram,Bandarban,Lama,Lama Pourasabha,08,,,,Chhagolkhaiya Pashchim Para,ছাগলখাইয়া পশ্চিম পাড়া,PAU802,21.745241,92.220855,400,0,0,0,0,0,0,0,0,0,0,0,0,0,0,0,0,,,,
1288,Bangladesh,Chattogram,Bandarban,Lama,Lama Pourasabha,08,,,,Chhagolkhaiya Purba Para,ছাগলখাইয়া পূর্ব পাড়া,PAU803,21.744613,92.222685,350,0,0,0,0,0,0,0,0,0,0,0,0,0,0,0,0,,,,
1289,Bangladesh,Chattogram,Bandarban,Lama,Lama Pourasabha,08,,,,College Para,কলেজ পাড়া,PAU804,21.757631,92.20853,550,0,0,0,0,0,0,0,0,0,0,0,0,0,0,0,0,,,,
1290,Bangladesh,Chattogram,Bandarban,Lama,Lama Pourasabha,08,,,,Fakir Para,ফকির পাড়া,PAU805,21.757072,92.219579,350,0,0,0,0,0,0,0,0,0,0,0,0,0,0,0,0,,,,
1291,Bangladesh,Chattogram,Bandarban,Lama,Lama Pourasabha,08,,,,Karbari Jhiri Para,কারবারি ঝিরি পাড়া,PAU806,21.752859,92.213502,300,0,0,0,0,0,0,0,0,0,0,0,0,0,0,0,0,,,,
1292,Bangladesh,Chattogram,Bandarban,Lama,Lama Pourasabha,08,,,,Linejhiri Para,লাইনঝিরি পাড়া,PAU807,21.755182,92.213518,700,0,0,0,0,0,0,0,0,0,0,0,0,0,0,0,0,,,,
1293,Bangladesh,Chattogram,Bandarban,Lama,Lama Pourasabha,08,,,,Rowja Jhiri Para,রওজা ঝিরি পাড়া,PAU808,21.750244,92.215087,300,0,0,0,0,0,0,0,0,0,0,0,0,0,0,0,0,,,,
1294,Bangladesh,Chattogram,Bandarban,Lama,Lama Pourasabha,09,,,,Abumong Karbari Para,আবুমং কারবারি পাড়া,PAU901,21.74028,92.22801,200,0,0,0,0,0,0,0,0,0,0,0,0,0,0,0,0,,,,
1295,Bangladesh,Chattogram,Bandarban,Lama,Lama Pourasabha,09,,,,Bogajhiri Para,বগাঝিরি পাড়া,PAU902,21.733939,92.229717,400,0,0,0,0,0,0,0,0,0,0,0,0,0,0,0,0,,,,
1296,Bangladesh,Chattogram,Bandarban,Lama,Lama Pourasabha,09,,,,Daskhin Shilertua Marma Para,দক্ষিণ শিলেরতুয়া মারমা পাড়া,PAU903,21.726049,92.233336,350,0,0,0,0,0,0,0,0,0,0,0,0,0,0,0,0,,,,
1297,Bangladesh,Chattogram,Bandarban,Lama,Lama Pourasabha,09,,,,Harinjhiri Para,হরিণঝিরি পাড়া,PAU904,21.738027,92.225824,500,0,0,0,0,0,0,0,0,0,0,0,0,0,0,0,0,,,,
1298,Bangladesh,Chattogram,Bandarban,Lama,Lama Pourasabha,09,,,,Kolabura Para,কলাবুড়া পাড়া,PAU905,21.736944,92.230673,250,0,0,0,0,0,0,0,0,0,0,0,0,0,0,0,0,,,,
1299,Bangladesh,Chattogram,Bandarban,Lama,Lama Pourasabha,09,,,,Monga Member Para,মংএ মেম্বার পাড়া,PAU906,21.739385,92.226879,80,0,0,0,0,0,0,0,0,0,0,0,0,0,0,0,0,,,,
1300,Bangladesh,Chattogram,Bandarban,Lama,Lama Pourasabha,09,,,,Shilertua Para,শিলেরতুয়া পাড়া,PAU907,21.726973,92.23173,250,0,0,0,0,0,0,0,0,0,0,0,0,0,0,0,0,,,,
1301,Bangladesh,Chattogram,Bandarban,Lama,Lama Pourasabha,09,,,,Thuichhala Marma Para,থুইছালা মার্মা পাড়া,PAU908,21.738355,92.229023,80,0,0,0,0,0,0,0,0,0,0,0,0,0,0,0,0,,,,
1302,Bangladesh,Chattogram,Bandarban,Lama,Lama Pourasabha,09,,,,Uttar Shilertua Marma Para,উত্তর শিলেরতুয়া মারমা পাড়া,PAU909,21.727942,92.233275,120,0,0,0,0,0,0,0,0,0,0,0,0,0,0,0,0,,,,
1303,Bangladesh,Chattogram,Bandarban,Lama,Lama Sadar,01,,,,Chongbot Murang Para,চংবট মুরুং পাড়া,SAD101,21.71831,92.220924,415,0,0,0,0,0,0,0,0,0,0,0,0,0,0,0,0,,,,
1304,Bangladesh,Chattogram,Bandarban,Lama,Lama Sadar,01,,,,Dakatiajhiri Para,ডাকাতিয়াঝিরি পাড়া,SAD102,21.711502,92.237089,150,0,0,0,0,0,0,0,0,0,0,0,0,0,0,0,0,,,,
1305,Bangladesh,Chattogram,Bandarban,Lama,Lama Sadar,01,,,,Dakkhin Shilertoa Para,দক্ষিণ শিলেরতোয়া পাড়া,SAD103,21.717334,92.237682,100,0,0,0,0,0,0,0,0,0,0,0,0,0,0,0,0,,,,
1306,Bangladesh,Chattogram,Bandarban,Lama,Lama Sadar,01,,,,Dolurjhiri Para,ডলুরঝিরি পাড়া,SAD104,21.771425,92.189921,50,0,0,0,0,0,0,0,0,0,0,0,0,0,0,0,0,,,,
1307,Bangladesh,Chattogram,Bandarban,Lama,Lama Sadar,01,,,,Dordorajhiri Para,দরদরাঝিরি পাড়া,SAD105,21.713372,92.233072,100,0,0,0,0,0,0,0,0,0,0,0,0,0,0,0,0,,,,
1308,Bangladesh,Chattogram,Bandarban,Lama,Lama Sadar,01,,,,Haspatal Para,হাসপাতাল পাড়া,SAD106,21.773174,92.19348,150,0,0,0,0,0,0,0,0,0,0,0,0,0,0,0,0,,,,
1309,Bangladesh,Chattogram,Bandarban,Lama,Lama Sadar,01,,,,Mirinja Para,মিরিঞ্জা পাড়া,SAD107,21.742247,92.194177,50,0,0,0,0,0,0,0,0,0,0,0,0,0,0,0,0,,,,
1310,Bangladesh,Chattogram,Bandarban,Lama,Lama Sadar,01,,,,Modhurjhiri Para,মধুরঝিরি পাড়া,SAD108,21.760778,92.196819,320,0,0,0,0,0,0,0,0,0,0,0,0,0,0,0,0,,,,
1311,Bangladesh,Chattogram,Bandarban,Lama,Lama Sadar,01,,,,Nunarbeel Para,নুনারবিল পাড়া,SAD109,21.770256,92.19449,120,0,0,0,0,0,0,0,0,0,0,0,0,0,0,0,0,,,,
1312,Bangladesh,Chattogram,Bandarban,Lama,Lama Sadar,01,,,,Nunar Jhiri Para,নুনার ঝিরি পাড়া,SAD110,21.755118,92.203305,400,0,0,0,0,0,0,0,0,0,0,0,0,0,0,0,0,,,,
1313,Bangladesh,Chattogram,Bandarban,Lama,Lama Sadar,01,,,,Pashchim Linejhiri Para,পশ্চিম লাইনঝিরি পাড়া,SAD111,21.749661,92.206483,400,0,0,0,0,0,0,0,0,0,0,0,0,0,0,0,0,,,,
1314,Bangladesh,Chattogram,Bandarban,Lama,Lama Sadar,01,,,,Pashchim Shiler Toa Para,পশ্চিম শিলের তোয়া পাড়া,SAD112,21.721178,92.229958,150,0,0,0,0,0,0,0,0,0,0,0,0,0,0,0,0,,,,
1315,Bangladesh,Chattogram,Bandarban,Lama,Lama Sadar,01,,,,Rowajajhiri Para,রোয়াজাঝিরি পাড়া,SAD113,21.745375,92.213922,50,0,0,0,0,0,0,0,0,0,0,0,0,0,0,0,0,,,,
1316,Bangladesh,Chattogram,Bandarban,Lama,Lama Sadar,02,,,,Merakhola Muslim Para,মেরাখোলা মুসলিম পাড়া,SAD201,21.782885,92.209533,1200,0,0,0,0,0,0,0,0,0,0,0,0,0,0,0,0,,,,
1317,Bangladesh,Chattogram,Bandarban,Lama,Lama Sadar,03,,,,Begunjhiri Para,বেগুনঝিরি পাড়া,SAD301,21.784062,92.22219,200,0,0,0,0,0,0,0,0,0,0,0,0,0,0,0,0,,,,
1318,Bangladesh,Chattogram,Bandarban,Lama,Lama Sadar,03,,,,Merakhola Asrom Prokalpo Hindu Para,মেরাখোলা আশ্রয়ণ প্রকল্প হিন্দু পাড়া,SAD302,21.78442,92.220548,120,0,0,0,0,0,0,0,0,0,0,0,0,0,0,0,0,,,,
1319,Bangladesh,Chattogram,Bandarban,Lama,Lama Sadar,03,,,,Merakhola Asrom Prokalpo Muslim Para,মেরাখোলা আশ্রয়ণ প্রকল্প মুসলিম পাড়া,SAD303,21.785612,92.219658,400,0,0,0,0,0,0,0,0,0,0,0,0,0,0,0,0,,,,
1320,Bangladesh,Chattogram,Bandarban,Lama,Lama Sadar,03,,,,Merakhola Hindu Para,মেরাখোলা হিন্দু পাড়া,SAD304,21.783647,92.213291,700,0,0,0,0,0,0,0,0,0,0,0,0,0,0,0,0,,,,
1321,Bangladesh,Chattogram,Bandarban,Lama,Lama Sadar,03,,,,Merakhola Marma Para,মেরাখোলা মারমা পাড়া,SAD305,21.783082,92.214861,300,0,0,0,0,0,0,0,0,0,0,0,0,0,0,0,0,,,,
1322,Bangladesh,Chattogram,Bandarban,Lama,Lama Sadar,04,,,,Abdusukkur Para,আব্দুশুক্কুর পাড়া,SAD401,21.795427,92.211125,460,0,0,0,0,0,0,0,0,0,0,0,0,0,0,0,0,,,,
1323,Bangladesh,Chattogram,Bandarban,Lama,Lama Sadar,04,,,,Laringajhiri Para,লাড়িঙ্গাঝিরি পাড়া,SAD402,21.802855,92.227107,20,0,0,0,0,0,0,0,0,0,0,0,0,0,0,0,0,,,,
1324,Bangladesh,Chattogram,Bandarban,Lama,Lama Sadar,04,,,,Lengaghona Para,ল্যাঙ্গাঘোনা পাড়া,SAD403,21.787961,92.217104,100,0,0,0,0,0,0,0,0,0,0,0,0,0,0,0,0,,,,
1325,Bangladesh,Chattogram,Bandarban,Lama,Lama Sadar,04,,,,Panjhiri Para,পানঝিরি পাড়া,SAD404,21.799819,92.222365,50,0,0,0,0,0,0,0,0,0,0,0,0,0,0,0,0,,,,
1326,Bangladesh,Chattogram,Bandarban,Lama,Lama Sadar,04,,,,Poang Para,পোয়াং পাড়া,SAD405,21.792461,92.21247,280,0,0,0,0,0,0,0,0,0,0,0,0,0,0,0,0,,,,
1327,Bangladesh,Chattogram,Bandarban,Lama,Lama Sadar,05,,,,Boikkhomjhiri Para,বৈক্ষমঝিরি পাড়া,SAD501,21.775464,92.234346,300,0,0,0,0,0,0,0,0,0,0,0,0,0,0,0,0,,,,
1328,Bangladesh,Chattogram,Bandarban,Lama,Lama Sadar,05,,,,Meularchar Para,মেউলারচর পাড়া,SAD502,21.775676,92.22976,900,0,0,0,0,0,0,0,0,0,0,0,0,0,0,0,0,,,,
1329,Bangladesh,Chattogram,Bandarban,Lama,Lama Sadar,05,,,,Pahar Para,পাহাড় পাড়া,SAD503,21.769208,92.232854,250,0,0,0,0,0,0,0,0,0,0,0,0,0,0,0,0,,,,
1330,Bangladesh,Chattogram,Bandarban,Lama,Lama Sadar,05,,,,Taskholar Duri Para,তাসখোলার ডুরি পাড়া,SAD504,21.773812,92.236494,250,0,0,0,0,0,0,0,0,0,0,0,0,0,0,0,0,,,,
1331,Bangladesh,Chattogram,Bandarban,Lama,Lama Sadar,06,,,,Boillyarchar Para,বৈল্যারচর পাড়া,SAD601,21.772637,92.239025,1320,0,0,0,0,0,0,0,0,0,0,0,0,0,0,0,0,,,,
1332,Bangladesh,Chattogram,Bandarban,Lama,Lama Sadar,06,,,,Cheuni Koilapurjhiri Para,চিউনি কয়লাপুরাঝিরি পাড়া,SAD602,21.799672,92.252034,60,0,0,0,0,0,0,0,0,0,0,0,0,0,0,0,0,,,,
1333,Bangladesh,Chattogram,Bandarban,Lama,Lama Sadar,06,,,,Cheuni Marma Para,চিউনি মারমা পাড়া,SAD603,21.780893,92.240255,160,0,0,0,0,0,0,0,0,0,0,0,0,0,0,0,0,,,,
1334,Bangladesh,Chattogram,Bandarban,Lama,Lama Sadar,06,,,,Cheuni Muslim Para,চিউনি মুসলিম পাড়া,SAD604,21.788813,92.243125,340,0,0,0,0,0,0,0,0,0,0,0,0,0,0,0,0,,,,
1335,Bangladesh,Chattogram,Bandarban,Lama,Lama Sadar,06,,,,Sylheti Para,সিলেটি পাড়া,SAD605,21.776717,92.243188,130,0,0,0,0,0,0,0,0,0,0,0,0,0,0,0,0,,,,
1336,Bangladesh,Chattogram,Bandarban,Lama,Lama Sadar,07,,,,Barisal Para,বরিশাল পাড়া,SAD701,21.779641,92.248973,170,0,0,0,0,0,0,0,0,0,0,0,0,0,0,0,0,,,,
1337,Bangladesh,Chattogram,Bandarban,Lama,Lama Sadar,07,,,,Cheuni Baluchar Para,চিউনি বালুচর পাড়া,SAD702,21.785131,92.240978,130,0,0,0,0,0,0,0,0,0,0,0,0,0,0,0,0,,,,
1338,Bangladesh,Chattogram,Bandarban,Lama,Lama Sadar,07,,,,Cheuni Kalu Para,চিউনি কালু পাড়া,SAD703,21.828782,92.258688,60,0,0,0,0,0,0,0,0,0,0,0,0,0,0,0,0,,,,
1339,Bangladesh,Chattogram,Bandarban,Lama,Lama Sadar,07,,,,Cheuni Khuderjhiri Para,চিউনি ক্ষুদেরঝিরি পাড়া,SAD704,21.811587,92.260424,60,0,0,0,0,0,0,0,0,0,0,0,0,0,0,0,0,,,,
1340,Bangladesh,Chattogram,Bandarban,Lama,Lama Sadar,07,,,,Cheuni Koilapurjhiri Para,চিউনি কয়লাপুরাঝিরি পাড়া,SAD705,21.799065,92.253015,110,0,0,0,0,0,0,0,0,0,0,0,0,0,0,0,0,,,,
1341,Bangladesh,Chattogram,Bandarban,Lama,Lama Sadar,07,,,,Cheuni Para,চিউনি পাড়া,SAD706,21.781104,92.24281,120,0,0,0,0,0,0,0,0,0,0,0,0,0,0,0,0,,,,
1342,Bangladesh,Chattogram,Bandarban,Lama,Lama Sadar,07,,,,Lokkhonjhiri Bangali Para,লক্ষণঝিরি বাঙ্গালী পাড়া,SAD707,21.786001,92.278206,60,0,0,0,0,0,0,0,0,0,0,0,0,0,0,0,0,,,,
1343,Bangladesh,Chattogram,Bandarban,Lama,Lama Sadar,07,,,,Lokkhonjhiri Murang Para,লক্ষণঝিরি মুরুং পাড়া,SAD708,21.783205,92.283063,162,0,0,0,0,0,0,0,0,0,0,0,0,0,0,0,0,,,,
1344,Bangladesh,Chattogram,Bandarban,Lama,Lama Sadar,07,,,,Longan Para,লংঙান পাড়া,SAD709,21.830153,92.267311,25,0,0,0,0,0,0,0,0,0,0,0,0,0,0,0,0,,,,
1345,Bangladesh,Chattogram,Bandarban,Lama,Lama Sadar,07,,,,M Hossain Para,এম হোসেন পাড়া,SAD710,21.787853,92.269749,30,0,0,0,0,0,0,0,0,0,0,0,0,0,0,0,0,,,,
1346,Bangladesh,Chattogram,Bandarban,Lama,Lama Sadar,07,,,,Morarjhiri Para,মরারঝিরি পাড়া,SAD711,21.780326,92.246062,65,0,0,0,0,0,0,0,0,0,0,0,0,0,0,0,0,,,,
1347,Bangladesh,Chattogram,Bandarban,Lama,Lama Sadar,07,,,,Natun Tau Para,নতুন তাউ পাড়া,SAD712,21.792109,92.285774,105,0,0,0,0,0,0,0,0,0,0,0,0,0,0,0,0,,,,
1348,Bangladesh,Chattogram,Bandarban,Lama,Lama Sadar,07,,,,Puraton Tau Para,পুরাতন তাউ পাড়া,SAD713,21.794453,92.285875,155,0,0,0,0,0,0,0,0,0,0,0,0,0,0,0,0,,,,
1349,Bangladesh,Chattogram,Bandarban,Lama,Lama Sadar,07,,,,Thakurjhiri Para,ঠাকুরঝিরি পাড়া,SAD714,21.78694,92.264692,85,0,0,0,0,0,0,0,0,0,0,0,0,0,0,0,0,,,,
1350,Bangladesh,Chattogram,Bandarban,Lama,Lama Sadar,08,,,,Badla Para,বদলা পাড়া,SAD801,21.815559,92.28559,130,0,0,0,0,0,0,0,0,0,0,0,0,0,0,0,0,,,,
1351,Bangladesh,Chattogram,Bandarban,Lama,Lama Sadar,08,,,,Dolurjhiri Marma Para,ডলুরঝিরি মারমা পাড়া,SAD802,21.801673,92.310667,70,0,0,0,0,0,0,0,0,0,0,0,0,0,0,0,0,,,,
1352,Bangladesh,Chattogram,Bandarban,Lama,Lama Sadar,08,,,,Khrishtan Para,খ্রীস্টান পাড়া,SAD803,21.794019,92.304385,85,0,0,0,0,0,0,0,0,0,0,0,0,0,0,0,0,,,,
1353,Bangladesh,Chattogram,Bandarban,Lama,Lama Sadar,08,,,,Natun Laillya Para,নতুন লাইল্যা পাড়া,SAD804,21.776479,92.302991,50,0,0,0,0,0,0,0,0,0,0,0,0,0,0,0,0,,,,
1354,Bangladesh,Chattogram,Bandarban,Lama,Lama Sadar,08,,,,Panshi Para,পানশি পাড়া,SAD805,21.78712,92.299922,110,0,0,0,0,0,0,0,0,0,0,0,0,0,0,0,0,,,,
1355,Bangladesh,Chattogram,Bandarban,Lama,Lama Sadar,08,,,,Popa Headman Para,পোপা হেডম্যান পাড়া,SAD806,21.814135,92.28394,220,0,0,0,0,0,0,0,0,0,0,0,0,0,0,0,0,,,,
1356,Bangladesh,Chattogram,Bandarban,Lama,Lama Sadar,08,,,,Puraton Laillya Para,পুরাতন লাইল্যা পাড়া,SAD807,21.78092,92.306221,45,0,0,0,0,0,0,0,0,0,0,0,0,0,0,0,0,,,,
1357,Bangladesh,Chattogram,Bandarban,Lama,Lama Sadar,08,,,,Silo Chandra/Shia Para,সিলো চন্দ্র/শিয়া পাড়া,SAD808,21.801624,92.270604,45,0,0,0,0,0,0,0,0,0,0,0,0,0,0,0,0,,,,
1358,Bangladesh,Chattogram,Bandarban,Lama,Lama Sadar,08,,,,Shinai Para,সিনাই পাড়া,SAD809,21.816153,92.282962,47,0,0,0,0,0,0,0,0,0,0,0,0,0,0,0,0,,,,
1359,Bangladesh,Chattogram,Bandarban,Lama,Lama Sadar,09,,,,Aunghla Para,অংহ্লা পাড়া,SAD901,21.817569,92.348111,45,0,0,0,0,0,0,0,0,0,0,0,0,0,0,0,0,,,,
1360,Bangladesh,Chattogram,Bandarban,Lama,Lama Sadar,09,,,,Aunglai Para,অংলাই পাড়া,SAD902,21.855687,92.310478,52,0,0,0,0,0,0,0,0,0,0,0,0,0,0,0,0,,,,
1361,Bangladesh,Chattogram,Bandarban,Lama,Lama Sadar,09,,,,Bulung Murang Para,বুলুং মুরুং পাড়া,SAD903,21.8564,92.351571,70,0,0,0,0,0,0,0,0,0,0,0,0,0,0,0,0,,,,
1362,Bangladesh,Chattogram,Bandarban,Lama,Lama Sadar,09,,,,Dochhari Para,দোছড়ি পাড়া,SAD904,21.842066,92.296562,104,0,0,0,0,0,0,0,0,0,0,0,0,0,0,0,0,,,,
1363,Bangladesh,Chattogram,Bandarban,Lama,Lama Sadar,09,,,,Gila Para,গিলা পাড়া,SAD905,21.820258,92.303013,310,0,0,0,0,0,0,0,0,0,0,0,0,0,0,0,0,,,,
1364,Bangladesh,Chattogram,Bandarban,Lama,Lama Sadar,09,,,,Gongdo Para,গংদ পাড়া,SAD906,21.818542,92.313272,22,0,0,0,0,0,0,0,0,0,0,0,0,0,0,0,0,,,,
1365,Bangladesh,Chattogram,Bandarban,Lama,Lama Sadar,09,,,,Kairang Para,কাইরাং পাড়া,SAD907,21.822051,92.334357,62,0,0,0,0,0,0,0,0,0,0,0,0,0,0,0,0,,,,
1366,Bangladesh,Chattogram,Bandarban,Lama,Lama Sadar,09,,,,Kangku Para,কাংকু পাড়া,SAD908,21.838088,92.339231,38,0,0,0,0,0,0,0,0,0,0,0,0,0,0,0,0,,,,
1367,Bangladesh,Chattogram,Bandarban,Lama,Lama Sadar,09,,,,Kalai Para,কলাই পাড়া,SAD909,21.852889,92.356177,125,0,0,0,0,0,0,0,0,0,0,0,0,0,0,0,0,,,,
1368,Bangladesh,Chattogram,Bandarban,Lama,Lama Sadar,09,,,,Langchung Para,লাংচুং পাড়া,SAD910,21.817913,92.309943,70,0,0,0,0,0,0,0,0,0,0,0,0,0,0,0,0,,,,
1369,Bangladesh,Chattogram,Bandarban,Lama,Lama Sadar,09,,,,Malarjhiri Para (Rumrui),মালারঝিরি পাড়া (রুমরই),SAD911,21.855517,92.292173,78,0,0,0,0,0,0,0,0,0,0,0,0,0,0,0,0,,,,
1370,Bangladesh,Chattogram,Bandarban,Lama,Lama Sadar,09,,,,Mangkhai Para,মাংখাই পাড়া,SAD912,21.846517,92.288186,110,0,0,0,0,0,0,0,0,0,0,0,0,0,0,0,0,,,,
1371,Bangladesh,Chattogram,Bandarban,Lama,Lama Sadar,09,,,,Parao Para,পারাও পাড়া,SAD913,21.813213,92.340177,85,0,0,0,0,0,0,0,0,0,0,0,0,0,0,0,0,,,,
1372,Bangladesh,Chattogram,Bandarban,Lama,Lama Sadar,09,,,,Rumajon Tripura Para,রূমাজন ত্রিপুরা পাড়া,SAD914,21.82187,92.303121,48,0,0,0,0,0,0,0,0,0,0,0,0,0,0,0,0,,,,
1373,Bangladesh,Chattogram,Bandarban,Lama,Lama Sadar,09,,,,Tukhrung Para,তুখক্রং পাড়া,SAD915,21.860198,92.329295,42,0,0,0,0,0,0,0,0,0,0,0,0,0,0,0,0,,,,
1374,Bangladesh,Chattogram,Bandarban,Lama,Lama Sadar,09,,,,Ur para,উর পাড়া,SAD916,21.8249,92.374425,45,0,0,0,0,0,0,0,0,0,0,0,0,0,0,0,0,,,,
1375,Bangladesh,Chattogram,Bandarban,Lama,Rupasipara,01,,,,Abu Taher Member Para,আবু তাহের মেম্বার পাড়া,RUP101,21.744425,92.226372,279,0,0,0,0,0,0,0,0,0,0,0,0,0,0,0,0,,,,
1376,Bangladesh,Chattogram,Bandarban,Lama,Rupasipara,01,,,,Asrayan Prakalpa Para,আশ্রয়ণ প্রকল্প পাড়া,RUP102,21.725813,92.241151,65,0,0,0,0,0,0,0,0,0,0,0,0,0,0,0,0,,,,
1377,Bangladesh,Chattogram,Bandarban,Lama,Rupasipara,01,,,,Betjhiri Para,বেতঝিরি পাড়া,RUP103,21.73249,92.247755,60,0,0,0,0,0,0,0,0,0,0,0,0,0,0,0,0,,,,
1378,Bangladesh,Chattogram,Bandarban,Lama,Rupasipara,01,,,,Baidyabhita Marma Para,বৈদ্যভিটা মারমা পাড়া,RUP104,21.746048,92.224561,190,0,0,0,0,0,0,0,0,0,0,0,0,0,0,0,0,,,,
1379,Bangladesh,Chattogram,Bandarban,Lama,Rupasipara,01,,,,Chhamaichhari Mukh Para,ছামাইছড়ি মুখ পাড়া,RUP105,21.731998,92.237381,157,0,0,0,0,0,0,0,0,0,0,0,0,0,0,0,0,,,,
1380,Bangladesh,Chattogram,Bandarban,Lama,Rupasipara,01,,,,Chhamaichhari Para,ছামাইছড়ি পাড়া,RUP106,21.725386,92.251625,122,0,0,0,0,0,0,0,0,0,0,0,0,0,0,0,0,,,,
1381,Bangladesh,Chattogram,Bandarban,Lama,Rupasipara,01,,,,Monsur Ali Para,মনছুর আলী পাড়া,RUP107,21.746372,92.231113,88,0,0,0,0,0,0,0,0,0,0,0,0,0,0,0,0,,,,
1382,Bangladesh,Chattogram,Bandarban,Lama,Rupasipara,01,,,,Nurul Amin Para,নুরুল আমিন পাড়া,RUP108,21.741669,92.229924,51,0,0,0,0,0,0,0,0,0,0,0,0,0,0,0,0,,,,
1383,Bangladesh,Chattogram,Bandarban,Lama,Rupasipara,01,,,,Rangajhiri Para,রাঙ্গাঝিরি পাড়া,RUP109,21.738681,92.234966,153,0,0,0,0,0,0,0,0,0,0,0,0,0,0,0,0,,,,
1384,Bangladesh,Chattogram,Bandarban,Lama,Rupasipara,01,,,,Shilertoa Noya Bangali Para,শিলেরতুয়া নয়া বাঙ্গালি পাড়া,RUP110,21.721629,92.238504,236,0,0,0,0,0,0,0,0,0,0,0,0,0,0,0,0,,,,
1385,Bangladesh,Chattogram,Bandarban,Lama,Rupasipara,01,,,,Shilertoa Noya Marma Para,শিলেরতুয়া নয়া মারমা পাড়া,RUP111,21.719687,92.239913,161,0,0,0,0,0,0,0,0,0,0,0,0,0,0,0,0,,,,
1386,Bangladesh,Chattogram,Bandarban,Lama,Rupasipara,01,,,,Shilertoa Siddiq Para,শিলেরতুয়া ছিদ্দিক পাড়া,RUP112,21.726173,92.236915,580,0,0,0,0,0,0,0,0,0,0,0,0,0,0,0,0,,,,
1387,Bangladesh,Chattogram,Bandarban,Lama,Rupasipara,01,,,,Thandajhiri Para,ঠান্ডাঝিরি পাড়া,RUP113,21.718423,92.242536,154,0,0,0,0,0,0,0,0,0,0,0,0,0,0,0,0,,,,
1388,Bangladesh,Chattogram,Bandarban,Lama,Rupasipara,02,,,,Baluchar Para,বালুচর পাড়া,RUP201,21.764625,92.219831,75,0,0,0,0,0,0,0,0,0,0,0,0,0,0,0,0,,,,
1389,Bangladesh,Chattogram,Bandarban,Lama,Rupasipara,02,,,,Chaingthui Marma Para,চাইংথুই মারমা পাড়া,RUP202,21.756704,92.235335,15,0,0,0,0,0,0,0,0,0,0,0,0,0,0,0,0,,,,
1390,Bangladesh,Chattogram,Bandarban,Lama,Rupasipara,02,,,,Dakkhin Hafez Para,দক্ষিণ হাফেজ পাড়া,RUP203,21.750124,92.223225,140,0,0,0,0,0,0,0,0,0,0,0,0,0,0,0,0,,,,
1391,Bangladesh,Chattogram,Bandarban,Lama,Rupasipara,02,,,,Dardari Headman Marma Para,দরদরী হেডম্যান মারমা পাড়া,RUP204,21.760619,92.224779,35,0,0,0,0,0,0,0,0,0,0,0,0,0,0,0,0,,,,
1392,Bangladesh,Chattogram,Bandarban,Lama,Rupasipara,02,,,,Dohlaong Para,দোহ্লাঅং পাড়া,RUP205,21.769755,92.216032,156,0,0,0,0,0,0,0,0,0,0,0,0,0,0,0,0,,,,
1393,Bangladesh,Chattogram,Bandarban,Lama,Rupasipara,02,,,,Gagan Master Para,গগন মাষ্টার পাড়া,RUP206,21.768342,92.22645,205,0,0,0,0,0,0,0,0,0,0,0,0,0,0,0,0,,,,
1394,Bangladesh,Chattogram,Bandarban,Lama,Rupasipara,02,,,,Hridoy Master Para,হৃদয় মাষ্টার পাড়া,RUP207,21.76325,92.229668,162,0,0,0,0,0,0,0,0,0,0,0,0,0,0,0,0,,,,
1395,Bangladesh,Chattogram,Bandarban,Lama,Rupasipara,02,,,,Ibrahim Leader Para,ইব্রাহিম লিডার পাড়া,RUP208,21.76658,92.231032,360,0,0,0,0,0,0,0,0,0,0,0,0,0,0,0,0,,,,
1396,Bangladesh,Chattogram,Bandarban,Lama,Rupasipara,02,,,,Master Para,মাস্টার পাড়া,RUP209,21.750647,92.227683,527,0,0,0,0,0,0,0,0,0,0,0,0,0,0,0,0,,,,
1397,Bangladesh,Chattogram,Bandarban,Lama,Rupasipara,02,,,,Mongsuipru Para,মংসুইপ্রু পাড়া,RUP210,21.762173,92.223057,54,0,0,0,0,0,0,0,0,0,0,0,0,0,0,0,0,,,,
1398,Bangladesh,Chattogram,Bandarban,Lama,Rupasipara,02,,,,Pukuriakhola Para,পুকুরিয়াখোলা পাড়া,RUP211,21.755495,92.230686,161,0,0,0,0,0,0,0,0,0,0,0,0,0,0,0,0,,,,
1399,Bangladesh,Chattogram,Bandarban,Lama,Rupasipara,02,,,,Toillyabhita Marma Para,তৈল্যাভিটা মারমা পাড়া,RUP212,21.755415,92.222291,51,0,0,0,0,0,0,0,0,0,0,0,0,0,0,0,0,,,,
1400,Bangladesh,Chattogram,Bandarban,Lama,Rupasipara,02,,,,Uttar Dardari Noya Para,উত্তর দরদরী নয়া পাড়া,RUP213,21.76739,92.221063,535,0,0,0,0,0,0,0,0,0,0,0,0,0,0,0,0,,,,
1401,Bangladesh,Chattogram,Bandarban,Lama,Rupasipara,02,,,,Uttar Hafez Para,উত্তর হাফেজ পাড়া,RUP214,21.754057,92.220484,167,0,0,0,0,0,0,0,0,0,0,0,0,0,0,0,0,,,,
1402,Bangladesh,Chattogram,Bandarban,Lama,Rupasipara,03,,,,Aunghla Marma Para,অংহ্লা মারমা পাড়া,RUP301,21.765005,92.232555,385,0,0,0,0,0,0,0,0,0,0,0,0,0,0,0,0,,,,
1403,Bangladesh,Chattogram,Bandarban,Lama,Rupasipara,03,,,,Aunghla Muslim Para,অংহ্লা মুসলিম পাড়া,RUP302,21.762504,92.232824,114,0,0,0,0,0,0,0,0,0,0,0,0,0,0,0,0,,,,
1404,Bangladesh,Chattogram,Bandarban,Lama,Rupasipara,03,,,,Aunghladuri Marma Para,অংহ্লাডুরী মারমা পাড়া,RUP303,21.781278,92.257078,198,0,0,0,0,0,0,0,0,0,0,0,0,0,0,0,0,,,,
1405,Bangladesh,Chattogram,Bandarban,Lama,Rupasipara,03,,,,Bhodrosen Para,ভদ্রসেন পাড়া,RUP304,21.760238,92.236063,248,0,0,0,0,0,0,0,0,0,0,0,0,0,0,0,0,,,,
1406,Bangladesh,Chattogram,Bandarban,Lama,Rupasipara,03,,,,Chaongo Marma Para,চাঅংগ্য মারমা পাড়া,RUP305,21.755819,92.23656,56,0,0,0,0,0,0,0,0,0,0,0,0,0,0,0,0,,,,
1407,Bangladesh,Chattogram,Bandarban,Lama,Rupasipara,03,,,,Cheuni Marma Para,চিউনি মারমা পাড়া,RUP306,21.779467,92.24473,32,0,0,0,0,0,0,0,0,0,0,0,0,0,0,0,0,,,,
1408,Bangladesh,Chattogram,Bandarban,Lama,Rupasipara,03,,,,Cheuni Muslim Para,চিউনি মুসলিম পাড়া,RUP307,21.77617,92.250439,46,0,0,0,0,0,0,0,0,0,0,0,0,0,0,0,0,,,,
1409,Bangladesh,Chattogram,Bandarban,Lama,Rupasipara,03,,,,Hlacchhai Marma Para,হ্লাচ্ছাই মারমা পাড়া,RUP308,21.773176,92.244173,478,0,0,0,0,0,0,0,0,0,0,0,0,0,0,0,0,,,,
1410,Bangladesh,Chattogram,Bandarban,Lama,Rupasipara,03,,,,Hlacchhai Muslim Para,হ্লাচ্ছাই মুসলিম পাড়া,RUP309,21.773169,92.241601,168,0,0,0,0,0,0,0,0,0,0,0,0,0,0,0,0,,,,
1411,Bangladesh,Chattogram,Bandarban,Lama,Rupasipara,03,,,,Longkhongjhiri Para,লংক্ষ্যংঝিরি পাড়া,RUP310,21.778746,92.279479,9,0,0,0,0,0,0,0,0,0,0,0,0,0,0,0,0,,,,
1412,Bangladesh,Chattogram,Bandarban,Lama,Rupasipara,03,,,,Mohammadpur Para,মোহাম্মদপুর পাড়া,RUP311,21.766182,92.249937,261,0,0,0,0,0,0,0,0,0,0,0,0,0,0,0,0,,,,
1413,Bangladesh,Chattogram,Bandarban,Lama,Rupasipara,03,,,,Paharpara Muslim Para,পাহাড়পাড়া মুসলিম পাড়া,RUP312,21.7683,92.239691,140,0,0,0,0,0,0,0,0,0,0,0,0,0,0,0,0,,,,
1414,Bangladesh,Chattogram,Bandarban,Lama,Rupasipara,03,,,,Shamukjhiri Para,শামুকঝিরি পাড়া,RUP313,21.762438,92.24083,50,0,0,0,0,0,0,0,0,0,0,0,0,0,0,0,0,,,,
1415,Bangladesh,Chattogram,Bandarban,Lama,Rupasipara,04,,,,Boikkhom Marma Para,বৈক্ষম মারমা পাড়া,RUP401,21.747183,92.248706,81,0,0,0,0,0,0,0,0,0,0,0,0,0,0,0,0,,,,
1416,Bangladesh,Chattogram,Bandarban,Lama,Rupasipara,04,,,,Dardari Borua Para,দরদরী বড়ুয়া পাড়া,RUP402,21.755149,92.242591,306,0,0,0,0,0,0,0,0,0,0,0,0,0,0,0,0,,,,
1417,Bangladesh,Chattogram,Bandarban,Lama,Rupasipara,04,,,,Dardari Hashpatal Para,দরদরী হাসপাতাল পাড়া,RUP403,21.751815,92.246749,185,0,0,0,0,0,0,0,0,0,0,0,0,0,0,0,0,,,,
1418,Bangladesh,Chattogram,Bandarban,Lama,Rupasipara,04,,,,Dardari Marma Para,দরদরী মারমা পাড়া,RUP404,21.75165,92.243401,305,0,0,0,0,0,0,0,0,0,0,0,0,0,0,0,0,,,,
1419,Bangladesh,Chattogram,Bandarban,Lama,Rupasipara,04,,,,Dardari Noya Marma Para (Rele Para),দরদরী নয়া মারমা পাড়া (রিলে পাড়া),RUP405,21.748993,92.247327,219,0,0,0,0,0,0,0,0,0,0,0,0,0,0,0,0,,,,
1420,Bangladesh,Chattogram,Bandarban,Lama,Rupasipara,05,,,,Apipost Para,অপিপোষ্ট পাড়া,RUP501,21.742909,92.258616,261,0,0,0,0,0,0,0,0,0,0,0,0,0,0,0,0,,,,
1421,Bangladesh,Chattogram,Bandarban,Lama,Rupasipara,05,,,,Betjhiri Para,বেতঝিরি পাড়া,RUP502,21.735475,92.247197,66,0,0,0,0,0,0,0,0,0,0,0,0,0,0,0,0,,,,
1422,Bangladesh,Chattogram,Bandarban,Lama,Rupasipara,05,,,,Boikkhomjhiri mukh Para,বৈক্ষমঝিরি মুখ পাড়া,RUP503,21.74811,92.254421,397,0,0,0,0,0,0,0,0,0,0,0,0,0,0,0,0,,,,
1423,Bangladesh,Chattogram,Bandarban,Lama,Rupasipara,05,,,,Dakkhin Muslim Para,দক্ষিণ মুসলিম পাড়া,RUP504,21.739565,92.255464,180,0,0,0,0,0,0,0,0,0,0,0,0,0,0,0,0,,,,
1424,Bangladesh,Chattogram,Bandarban,Lama,Rupasipara,05,,,,Gazi Para,গাজী পাড়া,RUP505,21.739966,92.261071,204,0,0,0,0,0,0,0,0,0,0,0,0,0,0,0,0,,,,
1425,Bangladesh,Chattogram,Bandarban,Lama,Rupasipara,05,,,,Ruposhi Bazar Para,রূপসী বাজার পাড়া,RUP506,21.739732,92.263352,344,0,0,0,0,0,0,0,0,0,0,0,0,0,0,0,0,,,,
1426,Bangladesh,Chattogram,Bandarban,Lama,Rupasipara,05,,,,Uttar Muslim Para,উত্তর মুসলিম পাড়া,RUP507,21.743423,92.25119,193,0,0,0,0,0,0,0,0,0,0,0,0,0,0,0,0,,,,
1427,Bangladesh,Chattogram,Bandarban,Lama,Rupasipara,05,,,,Rupsipara Army & Ansar Camp,রূপসীপাড়া আর্মি ক্যাম্প,RUP508,21.741734,92.263273,50,0,0,0,0,0,0,0,0,0,0,0,0,0,0,0,0,,,,
1428,Bangladesh,Chattogram,Bandarban,Lama,Rupasipara,05,,,,Rupsipara Ansar VDP Camp,রূপসীপাড়া আনসার ভিডিপি ক্যাম্প,RUP509,21.740464,92.264381,20,0,0,0,0,0,0,0,0,0,0,0,0,0,0,0,0,,,,
1429,Bangladesh,Chattogram,Bandarban,Lama,Rupasipara,06,,,,Chinkum Marma Para,চিংকুম মারমা পাড়া,RUP601,21.731936,92.27463,48,0,0,0,0,0,0,0,0,0,0,0,0,0,0,0,0,,,,
1430,Bangladesh,Chattogram,Bandarban,Lama,Rupasipara,06,,,,Chinkumjhiri Murang/Mro Para,চিংকুমঝিরি মুরং/ম্রো পাড়া,RUP602,21.726318,92.271428,175,0,0,0,0,0,0,0,0,0,0,0,0,0,0,0,0,,,,
1431,Bangladesh,Chattogram,Bandarban,Lama,Rupasipara,06,,,,Chinkumjhiri Muslim Para,চিংকুমঝিরি মুসলিম পাড়া,RUP603,21.735948,92.26989,281,0,0,0,0,0,0,0,0,0,0,0,0,0,0,0,0,,,,
1432,Bangladesh,Chattogram,Bandarban,Lama,Rupasipara,06,,,,Murangjhiri Aga Para,মুরুংঝিরি আগা পাড়া,RUP604,21.758872,92.258551,50,0,0,0,0,0,0,0,0,0,0,0,0,0,0,0,0,,,,
1433,Bangladesh,Chattogram,Bandarban,Lama,Rupasipara,06,,,,Natun Army Camp Para,নতুন আর্মি ক্যাম্প পাড়া,RUP605,21.747559,92.263961,48,0,0,0,0,0,0,0,0,0,0,0,0,0,0,0,0,,,,
1434,Bangladesh,Chattogram,Bandarban,Lama,Rupasipara,06,,,,Nur Ali Munshi Para,নুর আলী মুন্সি পাড়া,RUP606,21.753315,92.266685,123,0,0,0,0,0,0,0,0,0,0,0,0,0,0,0,0,,,,
1435,Bangladesh,Chattogram,Bandarban,Lama,Rupasipara,06,,,,Police Camp Para,পুলিশ ক্যাম্প পাড়া,RUP607,21.740026,92.267636,230,0,0,0,0,0,0,0,0,0,0,0,0,0,0,0,0,,,,
1436,Bangladesh,Chattogram,Bandarban,Lama,Rupasipara,06,,,,Puraton Army Camp Para,পুরাতন আর্মি ক্যাম্প পাড়া,RUP608,21.741315,92.26879,95,0,0,0,0,0,0,0,0,0,0,0,0,0,0,0,0,,,,
1437,Bangladesh,Chattogram,Bandarban,Lama,Rupasipara,06,,,,Tearjhiri Bengali Para,টিয়ারঝিরি বাঙ্গালি পাড়া,RUP609,21.7453,92.271495,92,0,0,0,0,0,0,0,0,0,0,0,0,0,0,0,0,,,,
1438,Bangladesh,Chattogram,Bandarban,Lama,Rupasipara,06,,,,Tearjhiri Marma Para,টিয়ারঝিরি মারমা পাড়া,RUP610,21.760205,92.271988,223,0,0,0,0,0,0,0,0,0,0,0,0,0,0,0,0,,,,
1439,Bangladesh,Chattogram,Bandarban,Lama,Rupasipara,06,,,,Uthai Para,উথাই পাড়া,RUP611,21.737072,92.263278,225,0,0,0,0,0,0,0,0,0,0,0,0,0,0,0,0,,,,
1440,Bangladesh,Chattogram,Bandarban,Lama,Rupasipara,07,,,,Aliang Jhiri Para,আলিয়াং ঝিরি পাড়া,RUP701,21.756388,92.274677,80,0,0,0,0,0,0,0,0,0,0,0,0,0,0,0,0,,,,
1441,Bangladesh,Chattogram,Bandarban,Lama,Rupasipara,07,,,,Chholomjhiri Mukh Para,ছলমঝিরি মুখ পাড়া,RUP702,21.74377,92.305957,174,0,0,0,0,0,0,0,0,0,0,0,0,0,0,0,0,,,,
1442,Bangladesh,Chattogram,Bandarban,Lama,Rupasipara,07,,,,Chhoto Kolarjhiri Para,ছোট কলারঝিরি পাড়া,RUP703,21.738763,92.298852,25,0,0,0,0,0,0,0,0,0,0,0,0,0,0,0,0,,,,
1443,Bangladesh,Chattogram,Bandarban,Lama,Rupasipara,07,,,,Chitarjhiri Para,চিতারঝিরি পাড়া,RUP704,21.751894,92.282376,30,0,0,0,0,0,0,0,0,0,0,0,0,0,0,0,0,,,,
1444,Bangladesh,Chattogram,Bandarban,Lama,Rupasipara,07,,,,Hammuk Para,হাম্মুক পাড়া,RUP705,21.746974,92.290122,178,0,0,0,0,0,0,0,0,0,0,0,0,0,0,0,0,,,,
1445,Bangladesh,Chattogram,Bandarban,Lama,Rupasipara,07,,,,Jamalpur Para,জামালপুর পাড়া,RUP706,21.738562,92.288899,67,0,0,0,0,0,0,0,0,0,0,0,0,0,0,0,0,,,,
1446,Bangladesh,Chattogram,Bandarban,Lama,Rupasipara,07,,,,Lebujhiri Aga Para,লেবুঝিরি আগা পাড়া,RUP707,21.75449,92.297938,80,0,0,0,0,0,0,0,0,0,0,0,0,0,0,0,0,,,,
1447,Bangladesh,Chattogram,Bandarban,Lama,Rupasipara,07,,,,Lebujhiri Mukh Para,লেবুঝিরি মুখ পাড়া,RUP708,21.744025,92.283831,104,0,0,0,0,0,0,0,0,0,0,0,0,0,0,0,0,,,,
1448,Bangladesh,Chattogram,Bandarban,Lama,Rupasipara,07,,,,Mogbaijhiri Para,মগবাইঝিরি পাড়া,RUP709,21.733471,92.289396,36,0,0,0,0,0,0,0,0,0,0,0,0,0,0,0,0,,,,
1449,Bangladesh,Chattogram,Bandarban,Lama,Rupasipara,07,,,,Mongning Marma Para,মংনিং মারমা পাড়া,RUP710,21.735074,92.292343,35,0,0,0,0,0,0,0,0,0,0,0,0,0,0,0,0,,,,
1450,Bangladesh,Chattogram,Bandarban,Lama,Rupasipara,07,,,,Mongpru Para,মংপ্রু পাড়া,RUP711,21.737972,92.29159,62,0,0,0,0,0,0,0,0,0,0,0,0,0,0,0,0,,,,
1451,Bangladesh,Chattogram,Bandarban,Lama,Rupasipara,07,,,,Ponao Para,পোনাও পাড়া,RUP712,21.720441,92.302202,77,0,0,0,0,0,0,0,0,0,0,0,0,0,0,0,0,,,,
1452,Bangladesh,Chattogram,Bandarban,Lama,Rupasipara,07,,,,Ruposhi Natun Marma Para,রূপসী নতুন মারমা পাড়া,RUP713,21.738935,92.278656,65,0,0,0,0,0,0,0,0,0,0,0,0,0,0,0,0,,,,
1453,Bangladesh,Chattogram,Bandarban,Lama,Rupasipara,07,,,,Ruposhi Puraton Marma Para,রূপসী পুরাতন মারমা পাড়া,RUP714,21.738186,92.273789,134,0,0,0,0,0,0,0,0,0,0,0,0,0,0,0,0,,,,
1454,Bangladesh,Chattogram,Bandarban,Lama,Rupasipara,07,,,,Tearjhiri Bangali Para,টিয়ারঝিরি বাঙালি পাড়া,RUP715,21.744937,92.274008,101,0,0,0,0,0,0,0,0,0,0,0,0,0,0,0,0,,,,
1455,Bangladesh,Chattogram,Bandarban,Lama,Rupasipara,07,,,,Tearjhiri Marma Para,টিয়ারঝিরি মারমা পাড়া,RUP716,21.762592,92.270677,76,0,0,0,0,0,0,0,0,0,0,0,0,0,0,0,0,,,,
1456,Bangladesh,Chattogram,Bandarban,Lama,Rupasipara,07,,,,Thandarjhiri Para,ঠান্ডারঝিরি পাড়া,RUP717,21.741541,92.288061,13,0,0,0,0,0,0,0,0,0,0,0,0,0,0,0,0,,,,
1457,Bangladesh,Chattogram,Bandarban,Lama,Rupasipara,08,,,,Aungboi Para,অংবই পাড়া,RUP801,21.73705,92.318684,56,0,0,0,0,0,0,0,0,0,0,0,0,0,0,0,0,,,,
1458,Bangladesh,Chattogram,Bandarban,Lama,Rupasipara,08,,,,Bara Kolarjhiri Mukh Para,বড় কলারঝিরি মুখ পাড়া,RUP802,21.742643,92.312695,25,0,0,0,0,0,0,0,0,0,0,0,0,0,0,0,0,,,,
1459,Bangladesh,Chattogram,Bandarban,Lama,Rupasipara,08,,,,Bulu Member Para,বুলু মেম্বার পাড়া,RUP803,21.76838,92.323855,105,0,0,0,0,0,0,0,0,0,0,0,0,0,0,0,0,,,,
1460,Bangladesh,Chattogram,Bandarban,Lama,Rupasipara,08,,,,Chholom Para,ছলম পাড়া,RUP804,21.750962,92.309524,105,0,0,0,0,0,0,0,0,0,0,0,0,0,0,0,0,,,,
1461,Bangladesh,Chattogram,Bandarban,Lama,Rupasipara,08,,,,Dolujhiri Tripura Para,ডলুঝিরি ত্রিপুরা পাড়া,RUP805,21.750445,92.323246,344,0,0,0,0,0,0,0,0,0,0,0,0,0,0,0,0,,,,
1462,Bangladesh,Chattogram,Bandarban,Lama,Rupasipara,08,,,,Kompong Para,কম্পং পাড়া,RUP806,21.739265,92.319674,65,0,0,0,0,0,0,0,0,0,0,0,0,0,0,0,0,,,,
1463,Bangladesh,Chattogram,Bandarban,Lama,Rupasipara,08,,,,Luling Member Para,লুলিং মেম্বার পাড়া,RUP807,21.726401,92.32822,134,0,0,0,0,0,0,0,0,0,0,0,0,0,0,0,0,,,,
1464,Bangladesh,Chattogram,Bandarban,Lama,Rupasipara,08,,,,Minthui Para,মিনথুই পাড়া,RUP808,21.729178,92.327002,50,0,0,0,0,0,0,0,0,0,0,0,0,0,0,0,0,,,,
1465,Bangladesh,Chattogram,Bandarban,Lama,Rupasipara,08,,,,Rengyong Para,রেংয়ং পাড়া,RUP809,21.741374,92.319525,236,0,0,0,0,0,0,0,0,0,0,0,0,0,0,0,0,,,,
1466,Bangladesh,Chattogram,Bandarban,Lama,Rupasipara,09,,,,Aliang Babu Para,আলিয়াং বাবু পাড়া,RUP901,21.780316,92.345187,185,0,0,0,0,0,0,0,0,0,0,0,0,0,0,0,0,,,,
1467,Bangladesh,Chattogram,Bandarban,Lama,Rupasipara,09,,,,Aliang Muslim Para,আলিয়াং মুসলিম পাড়া,RUP902,21.756644,92.339209,20,0,0,0,0,0,0,0,0,0,0,0,0,0,0,0,0,,,,
1468,Bangladesh,Chattogram,Bandarban,Lama,Rupasipara,09,,,,Headman Para,হেডম্যান পাড়া,RUP903,21.755591,92.344765,80,0,0,0,0,0,0,0,0,0,0,0,0,0,0,0,0,,,,
1469,Bangladesh,Chattogram,Bandarban,Lama,Rupasipara,09,,,,Kalamia Para,কালামিয়া পাড়া,RUP904,21.758765,92.410985,51,0,0,0,0,0,0,0,0,0,0,0,0,0,0,0,0,,,,
1470,Bangladesh,Chattogram,Bandarban,Lama,Rupasipara,09,,,,Khumi Para,খুমী পাড়া,RUP905,21.803529,92.387593,65,0,0,0,0,0,0,0,0,0,0,0,0,0,0,0,0,,,,
1471,Bangladesh,Chattogram,Bandarban,Lama,Rupasipara,09,,,,Kuiring Murang/Mro Para,কুইরিং মুরং/ম্রো পাড়া,RUP906,21.767448,92.390898,95,0,0,0,0,0,0,0,0,0,0,0,0,0,0,0,0,,,,
1472,Bangladesh,Chattogram,Bandarban,Lama,Rupasipara,09,,,,Maikko Para,মাইক্য পাড়া,RUP907,21.79046,92.323102,190,0,0,0,0,0,0,0,0,0,0,0,0,0,0,0,0,,,,
1473,Bangladesh,Chattogram,Bandarban,Lama,Rupasipara,09,,,,Menta Para,মেনতা পাড়া,RUP908,21.772436,92.329127,145,0,0,0,0,0,0,0,0,0,0,0,0,0,0,0,0,,,,
1474,Bangladesh,Chattogram,Bandarban,Lama,Rupasipara,09,,,,Misu Para,মিসু পাড়া,RUP909,21.792293,92.379395,65,0,0,0,0,0,0,0,0,0,0,0,0,0,0,0,0,,,,
1475,Bangladesh,Chattogram,Bandarban,Lama,Rupasipara,09,,,,Naikkhangmukh Bajar Para,নাইক্ষ্যংমুখ বাজার পাড়া,RUP910,21.754463,92.327744,90,0,0,0,0,0,0,0,0,0,0,0,0,0,0,0,0,,,,
1476,Bangladesh,Chattogram,Bandarban,Lama,Rupasipara,09,,,,Raja Para,রাজা পাড়া,RUP911,21.80223,92.336673,85,0,0,0,0,0,0,0,0,0,0,0,0,0,0,0,0,,,,
1477,Bangladesh,Chattogram,Bandarban,Lama,Rupasipara,09,,,,Rengjhak Para,রেংঝাক পাড়া,RUP912,21.775454,92.405815,75,0,0,0,0,0,0,0,0,0,0,0,0,0,0,0,0,,,,
1478,Bangladesh,Chattogram,Bandarban,Lama,Rupasipara,09,,,,Rengthang Murang/Mro Para,রেংথাং মুরং/ম্রো পাড়া,RUP913,21.749216,92.41448,56,0,0,0,0,0,0,0,0,0,0,0,0,0,0,0,0,,,,
1479,Bangladesh,Chattogram,Bandarban,Lama,Rupasipara,09,,,,Ringrao Para,রিংরাও পাড়া,RUP914,21.814744,92.375121,105,0,0,0,0,0,0,0,0,0,0,0,0,0,0,0,0,,,,
1480,Bangladesh,Chattogram,Bandarban,Lama,Rupasipara,09,,,,Ruiyang Para,রুইয়াং পাড়া,RUP915,21.786218,92.359394,105,0,0,0,0,0,0,0,0,0,0,0,0,0,0,0,0,,,,
1481,Bangladesh,Chattogram,Bandarban,Lama,Rupasipara,09,,,,Thongpong Para,থংপং পাড়া,RUP916,21.784212,92.4072,70,0,0,0,0,0,0,0,0,0,0,0,0,0,0,0,0,,,,
1482,Bangladesh,Chattogram,Bandarban,Lama,Rupasipara,09,,,,26 Kilo Army Camp,২৬ কিলো আর্মি ক্যাম্প,RUP917,21.769642,92.411432,30,0,0,0,0,0,0,0,0,0,0,0,0,0,0,0,0,,,,
1483,Bangladesh,Chattogram,Bandarban,Lama,Sarai,01,,,,Hasna Para (Dakkhin-Pashchimangsho),হাসনা পাড়া (দক্ষিণ-পশ্চিমাংশ ),SAR101,21.944452,92.171303,525,0,0,0,0,0,0,0,0,0,0,0,0,0,0,0,0,,,,
1484,Bangladesh,Chattogram,Bandarban,Lama,Sarai,01,,,,Killarchhara Para,কিল্লারছড়া পাড়া,SAR102,21.931667,92.168556,450,0,0,0,0,0,0,0,0,0,0,0,0,0,0,0,0,,,,
1485,Bangladesh,Chattogram,Bandarban,Lama,Sarai,01,,,,Naiccharjhiri Para,নাইচ্চারঝিরি পাড়া,SAR103,21.94086,92.165818,150,0,0,0,0,0,0,0,0,0,0,0,0,0,0,0,0,,,,
1486,Bangladesh,Chattogram,Bandarban,Lama,Sarai,01,,,,Pulang Para,পুলাং পাড়া,SAR104,21.931857,92.177927,360,0,0,0,0,0,0,0,0,0,0,0,0,0,0,0,0,,,,
1487,Bangladesh,Chattogram,Bandarban,Lama,Sarai,01,,,,Tuinna Para,টুইন্যা পাড়া,SAR105,21.937702,92.170015,400,0,0,0,0,0,0,0,0,0,0,0,0,0,0,0,0,,,,
1488,Bangladesh,Chattogram,Bandarban,Lama,Sarai,02,,,,Amir Hamza Para (Pashchimangsho),আমির হামজা পাড়া (পশ্চিমাংশ),SAR201,21.94293,92.1847,160,0,0,0,0,0,0,0,0,0,0,0,0,0,0,0,0,,,,
1489,Bangladesh,Chattogram,Bandarban,Lama,Sarai,02,,,,Hasna Para (Uttar-Purbaangsho),হাসনা পাড়া (উত্তর-পূর্বাংশ),SAR202,21.943245,92.174914,972,0,0,0,0,0,0,0,0,0,0,0,0,0,0,0,0,,,,
1490,Bangladesh,Chattogram,Bandarban,Lama,Sarai,03,,,,Amir Hamza Para (Purbangsha),আমির হামজা পাড়া (পূর্বাংশ),SAR301,21.941273,92.188714,230,0,0,0,0,0,0,0,0,0,0,0,0,0,0,0,0,,,,
1491,Bangladesh,Chattogram,Bandarban,Lama,Sarai,03,,,,Dhullah Tripura Para,দুল্লাহ ত্রিপুরা পাড়া,SAR302,21.96984,92.210396,36,0,0,0,0,0,0,0,0,0,0,0,0,0,0,0,0,,,,
1492,Bangladesh,Chattogram,Bandarban,Lama,Sarai,03,,,,Dullah Para,দুল্লাহ পাড়া,SAR303,21.956029,92.200922,350,0,0,0,0,0,0,0,0,0,0,0,0,0,0,0,0,,,,
1493,Bangladesh,Chattogram,Bandarban,Lama,Sarai,03,,,,Habibur Rahman Para,হাবিবুর রহমান পাড়া,SAR304,21.93933,92.191464,500,0,0,0,0,0,0,0,0,0,0,0,0,0,0,0,0,,,,
1494,Bangladesh,Chattogram,Bandarban,Lama,Sarai,04,,,,Burabonna Para,বুরাবন্যা পাড়া,SAR401,21.922926,92.190716,530,0,0,0,0,0,0,0,0,0,0,0,0,0,0,0,0,,,,
1495,Bangladesh,Chattogram,Bandarban,Lama,Sarai,04,,,,Doluchari Bazar Para,ডলুছড়ি বাজার পাড়া,SAR402,21.932435,92.191884,900,0,0,0,0,0,0,0,0,0,0,0,0,0,0,0,0,,,,
1496,Bangladesh,Chattogram,Bandarban,Lama,Sarai,04,,,,Jhotkibonna Para,ঝটকিবন্যা পাড়া,SAR403,21.930255,92.182543,278,0,0,0,0,0,0,0,0,0,0,0,0,0,0,0,0,,,,
1497,Bangladesh,Chattogram,Bandarban,Lama,Sarai,04,,,,Komlakhola Para,কমলাখোলা পাড়া,SAR404,21.92627,92.187688,222,0,0,0,0,0,0,0,0,0,0,0,0,0,0,0,0,,,,
1498,Bangladesh,Chattogram,Bandarban,Lama,Sarai,04,,,,Masjidvita Para,মসজিদভিটা পাড়া,SAR405,21.927471,92.176361,280,0,0,0,0,0,0,0,0,0,0,0,0,0,0,0,0,,,,
1499,Bangladesh,Chattogram,Bandarban,Lama,Sarai,04,,,,Keyaju Para Police Fari,কেয়াজু পাড়া পুলিশ ফাঁড়ি,SAR406,21.933068,92.195493,50,0,0,0,0,0,0,0,0,0,0,0,0,0,0,0,0,,,,
1500,Bangladesh,Chattogram,Bandarban,Lama,Sarai,05,,,,Andari Ronjorvita Para,আন্দারী রঞ্জরভিটা পাড়া,SAR501,21.915364,92.187666,186,0,0,0,0,0,0,0,0,0,0,0,0,0,0,0,0,,,,
1501,Bangladesh,Chattogram,Bandarban,Lama,Sarai,05,,,,Bhoragoda Para,ভরাগোদা পাড়া,SAR502,21.923685,92.184982,180,0,0,0,0,0,0,0,0,0,0,0,0,0,0,0,0,,,,
1502,Bangladesh,Chattogram,Bandarban,Lama,Sarai,05,,,,Battali Para,বটতলী পাড়া,SAR503,21.917419,92.178668,281,0,0,0,0,0,0,0,0,0,0,0,0,0,0,0,0,,,,
1503,Bangladesh,Chattogram,Bandarban,Lama,Sarai,05,,,,Dhumchhar Para,ধুমছার পাড়া,SAR504,21.921866,92.178738,550,0,0,0,0,0,0,0,0,0,0,0,0,0,0,0,0,,,,
1504,Bangladesh,Chattogram,Bandarban,Lama,Sarai,05,,,,Himchhari Para,হিমছড়ি পাড়া,SAR505,21.919018,92.188633,321,0,0,0,0,0,0,0,0,0,0,0,0,0,0,0,0,,,,
1505,Bangladesh,Chattogram,Bandarban,Lama,Sarai,05,,,,Keyabonnya Mahabubur Rohoman Para,কেয়াবন্যা মাহবুবুর রহমান পাড়া,SAR506,21.922186,92.168491,100,0,0,0,0,0,0,0,0,0,0,0,0,0,0,0,0,,,,
1506,Bangladesh,Chattogram,Bandarban,Lama,Sarai,06,,,,Chihlamong Para,চিহ্লামং পাড়া,SAR601,21.884141,92.184252,108,0,0,0,0,0,0,0,0,0,0,0,0,0,0,0,0,,,,
1507,Bangladesh,Chattogram,Bandarban,Lama,Sarai,06,,,,Deraj Mia Para,দেরাজ মিয়া পাড়া,SAR602,21.906713,92.183162,400,0,0,0,0,0,0,0,0,0,0,0,0,0,0,0,0,,,,
1508,Bangladesh,Chattogram,Bandarban,Lama,Sarai,06,,,,Ishaq Member para,ইসহাক মেম্বার পাড়া,SAR603,21.91154,92.169868,330,0,0,0,0,0,0,0,0,0,0,0,0,0,0,0,0,,,,
1509,Bangladesh,Chattogram,Bandarban,Lama,Sarai,06,,,,Kompoinna Para,কম্পন্যা পাড়া,SAR604,21.88628,92.176539,600,0,0,0,0,0,0,0,0,0,0,0,0,0,0,0,0,,,,
1510,Bangladesh,Chattogram,Bandarban,Lama,Sarai,06,,,,Puittajhiri Para,পুট্যাঝিরী পাড়া,SAR605,21.896668,92.175453,400,0,0,0,0,0,0,0,0,0,0,0,0,0,0,0,0,,,,
1511,Bangladesh,Chattogram,Bandarban,Lama,Sarai,07,,,,Amtali Para,আমতলী পাড়া,SAR701,21.923635,92.272385,250,0,0,0,0,0,0,0,0,0,0,0,0,0,0,0,0,,,,
1512,Bangladesh,Chattogram,Bandarban,Lama,Sarai,07,,,,Bachhari Para,বাছড়ি পাড়া,SAR702,21.933637,92.218204,411,0,0,0,0,0,0,0,0,0,0,0,0,0,0,0,0,,,,
1513,Bangladesh,Chattogram,Bandarban,Lama,Sarai,07,,,,Chakma Para,চাকমা পাড়া,SAR703,21.935279,92.202828,57,0,0,0,0,0,0,0,0,0,0,0,0,0,0,0,0,,,,
1514,Bangladesh,Chattogram,Bandarban,Lama,Sarai,07,,,,Farid Chairman Para,ফরিদ চেয়ারম্যান পাড়া,SAR704,21.938505,92.196192,150,0,0,0,0,0,0,0,0,0,0,0,0,0,0,0,0,,,,
1515,Bangladesh,Chattogram,Bandarban,Lama,Sarai,07,,,,Jormoni Para,জোরমনি পাড়া,SAR705,21.946176,92.208951,40,0,0,0,0,0,0,0,0,0,0,0,0,0,0,0,0,,,,
1516,Bangladesh,Chattogram,Bandarban,Lama,Sarai,07,,,,Kalaya Para,কালাইয়া পাড়া,SAR706,21.939073,92.204318,250,0,0,0,0,0,0,0,0,0,0,0,0,0,0,0,0,,,,
1517,Bangladesh,Chattogram,Bandarban,Lama,Sarai,07,,,,Kyaju Headman Para,ক্যাজু হেডম্যান পাড়া,SAR707,21.931078,92.197958,151,0,0,0,0,0,0,0,0,0,0,0,0,0,0,0,0,,,,
1518,Bangladesh,Chattogram,Bandarban,Lama,Sarai,07,,,,Kyaju Majher Para,ক্যাজু মাঝের পাড়া,SAR708,21.933338,92.202156,150,0,0,0,0,0,0,0,0,0,0,0,0,0,0,0,0,,,,
1519,Bangladesh,Chattogram,Bandarban,Lama,Sarai,07,,,,Lombakhola Para,লম্বাখোলা পাড়া,SAR709,21.930815,92.209586,763,0,0,0,0,0,0,0,0,0,0,0,0,0,0,0,0,,,,
1520,Bangladesh,Chattogram,Bandarban,Lama,Sarai,07,,,,Pulo Khaler Aga Para,পুলো খালের আগা পাড়া,SAR710,21.92809,92.213225,200,0,0,0,0,0,0,0,0,0,0,0,0,0,0,0,0,,,,
1521,Bangladesh,Chattogram,Bandarban,Lama,Sarai,07,,,,Salam Member Para,ছালাম মেম্বার পাড়া,SAR711,21.947607,92.203505,287,0,0,0,0,0,0,0,0,0,0,0,0,0,0,0,0,,,,
1522,Bangladesh,Chattogram,Bandarban,Lama,Sarai,07,,,,Meridian Aam Bagan,মেরিডিয়ান আম বাগান,SAR712,21.932954,92.228374,50,0,0,0,0,0,0,0,0,0,0,0,0,0,0,0,0,,,,
1523,Bangladesh,Chattogram,Bandarban,Lama,Sarai,08,,,,Andari Jamalpur Para,আন্দারী জামালপুর পাড়া,SAR801,21.916078,92.202802,600,0,0,0,0,0,0,0,0,0,0,0,0,0,0,0,0,,,,
1524,Bangladesh,Chattogram,Bandarban,Lama,Sarai,08,,,,Betchhara Muslim Para,বেতছড়া মুসলিম পাড়া,SAR802,21.874652,92.193037,80,0,0,0,0,0,0,0,0,0,0,0,0,0,0,0,0,,,,
1525,Bangladesh,Chattogram,Bandarban,Lama,Sarai,08,,,,Camp Para,ক্যাম্প পাড়া,SAR803,21.882552,92.197918,70,0,0,0,0,0,0,0,0,0,0,0,0,0,0,0,0,,,,
1526,Bangladesh,Chattogram,Bandarban,Lama,Sarai,08,,,,Champarjhiri Para,চম্পারঝিরি পাড়া,SAR804,21.90486,92.231577,30,0,0,0,0,0,0,0,0,0,0,0,0,0,0,0,0,,,,
1527,Bangladesh,Chattogram,Bandarban,Lama,Sarai,08,,,,Chhiyaschhara Para,ছিয়াচ্ছড়া পাড়া,SAR805,21.901451,92.25523,107,0,0,0,0,0,0,0,0,0,0,0,0,0,0,0,0,,,,
1528,Bangladesh,Chattogram,Bandarban,Lama,Sarai,08,,,,Chhobichondro Para,ছবিচন্দ্র পাড়া,SAR806,21.881219,92.200001,121,0,0,0,0,0,0,0,0,0,0,0,0,0,0,0,0,,,,
1529,Bangladesh,Chattogram,Bandarban,Lama,Sarai,08,,,,Dekichhara Para,ঢেকিছড়া পাড়া,SAR807,21.902571,92.224952,190,0,0,0,0,0,0,0,0,0,0,0,0,0,0,0,0,,,,
1530,Bangladesh,Chattogram,Bandarban,Lama,Sarai,08,,,,Gajon Para,গাজন পাড়া,SAR808,21.872346,92.192936,257,0,0,0,0,0,0,0,0,0,0,0,0,0,0,0,0,,,,
1531,Bangladesh,Chattogram,Bandarban,Lama,Sarai,08,,,,Goyalmara Para,গয়ালমারা পাড়া,SAR809,21.923028,92.210425,150,0,0,0,0,0,0,0,0,0,0,0,0,0,0,0,0,,,,
1532,Bangladesh,Chattogram,Bandarban,Lama,Sarai,08,,,,Himchhari Para,হিমছড়ি পাড়া,SAR810,21.918445,92.191454,225,0,0,0,0,0,0,0,0,0,0,0,0,0,0,0,0,,,,
1533,Bangladesh,Chattogram,Bandarban,Lama,Sarai,08,,,,Jugisya Para,যুগিসা পাড়া,SAR811,21.880134,92.193516,56,0,0,0,0,0,0,0,0,0,0,0,0,0,0,0,0,,,,
1534,Bangladesh,Chattogram,Bandarban,Lama,Sarai,08,,,,Kalamboxu Para,কালামবক্সু পাড়া,SAR812,21.911393,92.19415,250,0,0,0,0,0,0,0,0,0,0,0,0,0,0,0,0,,,,
1535,Bangladesh,Chattogram,Bandarban,Lama,Sarai,08,,,,Kutubdia Para,কুতুবদিয়া পাড়া,SAR813,21.927945,92.197751,150,0,0,0,0,0,0,0,0,0,0,0,0,0,0,0,0,,,,
1536,Bangladesh,Chattogram,Bandarban,Lama,Sarai,08,,,,Pradhan Jhiri Para,প্রধান ঝিরি পাড়া,SAR814,21.904939,92.196921,266,0,0,0,0,0,0,0,0,0,0,0,0,0,0,0,0,,,,
1537,Bangladesh,Chattogram,Bandarban,Lama,Sarai,08,,,,Quantum,কোয়ান্টাম,SAR815,21.920184,92.221475,1500,0,0,0,0,0,0,0,0,0,0,0,0,0,0,0,0,,,,
1538,Bangladesh,Chattogram,Bandarban,Lama,Sarai,08,,,,Rengyang Murang/Mro Para,রেংইয়াং মুরং/ম্রো পাড়া,SAR816,21.915637,92.239591,70,0,0,0,0,0,0,0,0,0,0,0,0,0,0,0,0,,,,
1539,Bangladesh,Chattogram,Bandarban,Lama,Sarai,08,,,,Tompre Para,তমপ্রে পাড়া,SAR817,21.892305,92.250751,57,0,0,0,0,0,0,0,0,0,0,0,0,0,0,0,0,,,,
1540,Bangladesh,Chattogram,Bandarban,Lama,Sarai,08,,,,Tonggojhiri Notun Para,টংগোঝিরি নতুন পাড়া,SAR818,21.89793,92.189416,170,0,0,0,0,0,0,0,0,0,0,0,0,0,0,0,0,,,,
1541,Bangladesh,Chattogram,Bandarban,Lama,Sarai,08,,,,Tonggojhiri Puratan Para,টংগোঝিরি পুরাতন পাড়া,SAR819,21.894729,92.19196,330,0,0,0,0,0,0,0,0,0,0,0,0,0,0,0,0,,,,
1542,Bangladesh,Chattogram,Bandarban,Lama,Sarai,08,,,,Meridian Rubber Bagan,মেরিডিয়ান রাবার বাগান,SAR820,21.926442,92.200157,150,0,0,0,0,0,0,0,0,0,0,0,0,0,0,0,0,,,,
1543,Bangladesh,Chattogram,Bandarban,Lama,Sarai,09,,,,Amtali Para,আমতলী পাড়া,SAR901,21.952122,92.209577,101,0,0,0,0,0,0,0,0,0,0,0,0,0,0,0,0,,,,
1544,Bangladesh,Chattogram,Bandarban,Lama,Sarai,09,,,,Bakka Para,বাক্কা পাড়া,SAR902,21.927934,92.27087,44,0,0,0,0,0,0,0,0,0,0,0,0,0,0,0,0,,,,
1545,Bangladesh,Chattogram,Bandarban,Lama,Sarai,09,,,,Bang Para,ব্যাঙ পাড়া,SAR903,21.943353,92.257942,179,0,0,0,0,0,0,0,0,0,0,0,0,0,0,0,0,,,,
1546,Bangladesh,Chattogram,Bandarban,Lama,Sarai,09,,,,Chhala Para,ছালা পাড়া,SAR904,21.899773,92.264237,105,0,0,0,0,0,0,0,0,0,0,0,0,0,0,0,0,,,,
1547,Bangladesh,Chattogram,Bandarban,Lama,Sarai,09,,,,Joyargya Para,জোয়ারগ্যা পাড়া,SAR905,21.909105,92.265113,81,0,0,0,0,0,0,0,0,0,0,0,0,0,0,0,0,,,,
1548,Bangladesh,Chattogram,Bandarban,Lama,Sarai,09,,,,Kapru Para,কাপ্রু পাড়া,SAR906,21.918195,92.322505,352,0,0,0,0,0,0,0,0,0,0,0,0,0,0,0,0,,,,
1549,Bangladesh,Chattogram,Bandarban,Lama,Sarai,09,,,,Langi Para,লাংগি পাড়া,SAR907,21.93477,92.263479,132,0,0,0,0,0,0,0,0,0,0,0,0,0,0,0,0,,,,
1550,Bangladesh,Chattogram,Bandarban,Lama,Sarai,09,,,,Lemu Palong Bangali Para,লেমু পালং বাঙ্গালী পাড়া,SAR908,21.896883,92.261729,129,0,0,0,0,0,0,0,0,0,0,0,0,0,0,0,0,,,,
1551,Bangladesh,Chattogram,Bandarban,Lama,Sarai,09,,,,Loharjhiri Para,লোহারঝিরি পাড়া,SAR909,21.918026,92.262467,61,0,0,0,0,0,0,0,0,0,0,0,0,0,0,0,0,,,,
1552,Bangladesh,Chattogram,Bandarban,Lama,Sarai,09,,,,ManglaIya Para,মাংলাইয়া পাড়া,SAR910,21.952575,92.255678,63,0,0,0,0,0,0,0,0,0,0,0,0,0,0,0,0,,,,
1553,Bangladesh,Chattogram,Bandarban,Lama,Sarai,09,,,,Meratta Para,মেরট্টা পাড়া,SAR911,21.927274,92.256199,60,0,0,0,0,0,0,0,0,0,0,0,0,0,0,0,0,,,,
1554,Bangladesh,Chattogram,Bandarban,Lama,Sarai,09,,,,Noa Para,নোয়া পাড়া,SAR912,21.93751,92.248092,172,0,0,0,0,0,0,0,0,0,0,0,0,0,0,0,0,,,,
1555,Bangladesh,Chattogram,Bandarban,Lama,Sarai,09,,,,Natun Tripura Para,নতুন ত্রিপুরা পাড়া,SAR913,21.925774,92.243368,100,0,0,0,0,0,0,0,0,0,0,0,0,0,0,0,0,,,,
1556,Bangladesh,Chattogram,Bandarban,Lama,Sarai,09,,,,Natun Dewan Para,নতুন দেওয়ান পাড়া,SAR914,21.925379,92.269247,48,0,0,0,0,0,0,0,0,0,0,0,0,0,0,0,0,,,,
1557,Bangladesh,Chattogram,Bandarban,Lama,Sarai,09,,,,Palangmukh Para,পালংমুখ পাড়া,SAR915,21.907852,92.27513,103,0,0,0,0,0,0,0,0,0,0,0,0,0,0,0,0,,,,
1558,Bangladesh,Chattogram,Bandarban,Lama,Sarai,09,,,,Puraton Dewan Para,পুরাতন দেওয়ান পাড়া,SAR916,21.924622,92.272305,132,0,0,0,0,0,0,0,0,0,0,0,0,0,0,0,0,,,,
1559,Bangladesh,Chattogram,Bandarban,Lama,Sarai,09,,,,Tompre Para,তমপ্রে পাড়া,SAR917,21.920523,92.291225,25,0,0,0,0,0,0,0,0,0,0,0,0,0,0,0,0,,,,
1560,Bangladesh,Chattogram,Bandarban,Naikkhyongchhari,Baishari,01,,,,Dochharimukh Para,দোছড়িমুখ পাড়া,BAI101,21.62618,92.161101,150,0,0,0,0,0,0,0,0,0,0,0,0,0,0,0,0,,,,
1561,Bangladesh,Chattogram,Bandarban,Naikkhyongchhari,Baishari,01,,,,Dolurjhiri Para,ডলুরঝিরি পাড়া,BAI102,21.613853,92.175914,100,0,0,0,0,0,0,0,0,0,0,0,0,0,0,0,0,,,,
1562,Bangladesh,Chattogram,Bandarban,Naikkhyongchhari,Baishari,01,,,,Ghona Para,ঘোনা পাড়া,BAI103,21.616855,92.129712,200,0,0,0,0,0,0,0,0,0,0,0,0,0,0,0,0,,,,
1563,Bangladesh,Chattogram,Bandarban,Naikkhyongchhari,Baishari,01,,,,Gorjontoli Para,গর্জনতলী পাড়া,BAI104,21.626307,92.164114,150,0,0,0,0,0,0,0,0,0,0,0,0,0,0,0,0,,,,
1564,Bangladesh,Chattogram,Bandarban,Naikkhyongchhari,Baishari,01,,,,Kagazi Khola Para/Baggola Bazar Para,কাগজী খোলা পাড়া/বাগগুলা বাজার পাড়া,BAI105,21.622154,92.141193,450,0,0,0,0,0,0,0,0,0,0,0,0,0,0,0,0,,,,
1565,Bangladesh,Chattogram,Bandarban,Naikkhyongchhari,Baishari,01,,,,Kyathoyai Para,ক্যথোয়াই পাড়া,BAI106,21.623338,92.150248,450,0,0,0,0,0,0,0,0,0,0,0,0,0,0,0,0,,,,
1566,Bangladesh,Chattogram,Bandarban,Naikkhyongchhari,Baishari,01,,,,Natun Para,নতুন পাড়া,BAI107,21.62532,92.152748,250,0,0,0,0,0,0,0,0,0,0,0,0,0,0,0,0,,,,
1567,Bangladesh,Chattogram,Bandarban,Naikkhyongchhari,Baishari,01,,,,Kagazi Khola Police Fari,কাগজী খোলা পুলিশ ফাঁড়ি,BAI108,21.625345,92.142562,30,0,0,0,0,0,0,0,0,0,0,0,0,0,0,0,0,,,,
1568,Bangladesh,Chattogram,Bandarban,Naikkhyongchhari,Baishari,02,,,,Asrayan Prakalpa Para,আশ্রয়ণ প্রকল্প পাড়া,BAI201,21.600411,92.152041,150,0,0,0,0,0,0,0,0,0,0,0,0,0,0,0,0,,,,
1569,Bangladesh,Chattogram,Bandarban,Naikkhyongchhari,Baishari,02,,,,Athuimong Para,আথুইমং পাড়া,BAI202,21.598691,92.14883,300,0,0,0,0,0,0,0,0,0,0,0,0,0,0,0,0,,,,
1570,Bangladesh,Chattogram,Bandarban,Naikkhyongchhari,Baishari,02,,,,Baraichar Para,বড়ইচর পাড়া,BAI203,21.589666,92.17209,200,0,0,0,0,0,0,0,0,0,0,0,0,0,0,0,0,,,,
1571,Bangladesh,Chattogram,Bandarban,Naikkhyongchhari,Baishari,02,,,,Chhoto Dolurjhiri Para,ছোট ডলুরঝিরি পাড়া,BAI204,21.608164,92.169088,300,0,0,0,0,0,0,0,0,0,0,0,0,0,0,0,0,,,,
1572,Bangladesh,Chattogram,Bandarban,Naikkhyongchhari,Baishari,02,,,,Ghilatali Para,ঘিলাতলী পাড়া,BAI205,21.607968,92.148863,80,0,0,0,0,0,0,0,0,0,0,0,0,0,0,0,0,,,,
1573,Bangladesh,Chattogram,Bandarban,Naikkhyongchhari,Baishari,02,,,,Kyanggar Bill Para,ক্যাংগার বিল পাড়া,BAI206,21.596323,92.152745,500,0,0,0,0,0,0,0,0,0,0,0,0,0,0,0,0,,,,
1574,Bangladesh,Chattogram,Bandarban,Naikkhyongchhari,Baishari,02,,,,Rajchondro Karbari Para,রাজচন্দ্র কারবারি পাড়া,BAI207,21.600959,92.209038,200,0,0,0,0,0,0,0,0,0,0,0,0,0,0,0,0,,,,
1575,Bangladesh,Chattogram,Bandarban,Naikkhyongchhari,Baishari,02,,,,Rangajhiri Para,রাঙ্গাঝিরি পাড়া,BAI208,21.598239,92.183677,400,0,0,0,0,0,0,0,0,0,0,0,0,0,0,0,0,,,,
1576,Bangladesh,Chattogram,Bandarban,Naikkhyongchhari,Baishari,02,,,,Zialchhara Para,জিয়লছড়া পাড়া,BAI209,21.604193,92.155955,70,0,0,0,0,0,0,0,0,0,0,0,0,0,0,0,0,,,,
1577,Bangladesh,Chattogram,Bandarban,Naikkhyongchhari,Baishari,03,,,,Alikkhyong Para,আলীক্ষ্যং পাড়া,BAI301,21.576713,92.186062,450,0,0,0,0,0,0,0,0,0,0,0,0,0,0,0,0,,,,
1578,Bangladesh,Chattogram,Bandarban,Naikkhyongchhari,Baishari,03,,,,Baidya Para,বৈদ্য পাড়া,BAI302,21.573562,92.267637,500,0,0,0,0,0,0,0,0,0,0,0,0,0,0,0,0,,,,
1579,Bangladesh,Chattogram,Bandarban,Naikkhyongchhari,Baishari,03,,,,Boroijhiri Para,বরইঝিরি পাড়া,BAI303,21.577849,92.196919,100,0,0,0,0,0,0,0,0,0,0,0,0,0,0,0,0,,,,
1580,Bangladesh,Chattogram,Bandarban,Naikkhyongchhari,Baishari,03,,,,Chakmarjhiri Para,চাকমারঝিরি পাড়া,BAI304,21.588113,92.279789,150,0,0,0,0,0,0,0,0,0,0,0,0,0,0,0,0,,,,
1581,Bangladesh,Chattogram,Bandarban,Naikkhyongchhari,Baishari,03,,,,Chhuroi Headman Para,ছুড়ই হেডম্যান পাড়া,BAI305,21.574811,92.24676,170,0,0,0,0,0,0,0,0,0,0,0,0,0,0,0,0,,,,
1582,Bangladesh,Chattogram,Bandarban,Naikkhyongchhari,Baishari,03,,,,Dhuilyajhiri Para,ধুইল্যাঝিরি পাড়া,BAI306,21.581902,92.176408,40,0,0,0,0,0,0,0,0,0,0,0,0,0,0,0,0,,,,
1583,Bangladesh,Chattogram,Bandarban,Naikkhyongchhari,Baishari,03,,,,Hafjhiri/Enchong Para,হাফঝিরি/ইনচং পাড়া,BAI307,21.58989,92.250223,100,0,0,0,0,0,0,0,0,0,0,0,0,0,0,0,0,,,,
1584,Bangladesh,Chattogram,Bandarban,Naikkhyongchhari,Baishari,03,,,,Hatirdat Jhiri Para,হাতিরদাঁত ঝিরি পাড়া,BAI308,21.542945,92.260282,80,0,0,0,0,0,0,0,0,0,0,0,0,0,0,0,0,,,,
1585,Bangladesh,Chattogram,Bandarban,Naikkhyongchhari,Baishari,03,,,,Headman Para,হেডম্যান পাড়া,BAI309,21.573297,92.199548,300,0,0,0,0,0,0,0,0,0,0,0,0,0,0,0,0,,,,
1586,Bangladesh,Chattogram,Bandarban,Naikkhyongchhari,Baishari,03,,,,Kamchum Para,কামচুম পাড়া,BAI310,21.579938,92.2907,100,0,0,0,0,0,0,0,0,0,0,0,0,0,0,0,0,,,,
1587,Bangladesh,Chattogram,Bandarban,Naikkhyongchhari,Baishari,03,,,,Krolai Para,ক্রলই পাড়া,BAI311,21.599504,92.266003,120,0,0,0,0,0,0,0,0,0,0,0,0,0,0,0,0,,,,
1588,Bangladesh,Chattogram,Bandarban,Naikkhyongchhari,Baishari,03,,,,Mirjhiri Para,মীরজিরি পাড়া,BAI312,21.571593,92.192714,250,0,0,0,0,0,0,0,0,0,0,0,0,0,0,0,0,,,,
1589,Bangladesh,Chattogram,Bandarban,Naikkhyongchhari,Baishari,03,,,,Moshalla Para,মসল্লা পাড়া,BAI313,21.594414,92.286153,100,0,0,0,0,0,0,0,0,0,0,0,0,0,0,0,0,,,,
1590,Bangladesh,Chattogram,Bandarban,Naikkhyongchhari,Baishari,03,,,,Namloi Para,নামলই পাড়া,BAI314,21.600068,92.251408,150,0,0,0,0,0,0,0,0,0,0,0,0,0,0,0,0,,,,
1591,Bangladesh,Chattogram,Bandarban,Naikkhyongchhari,Baishari,03,,,,Porajhiri Para,পোড়াঝিরি পাড়া,BAI315,21.580374,92.188815,150,0,0,0,0,0,0,0,0,0,0,0,0,0,0,0,0,,,,
1592,Bangladesh,Chattogram,Bandarban,Naikkhyongchhari,Baishari,03,,,,Sadekujhiri Para,ছাদেকুঝিরি পাড়া,BAI316,21.579773,92.18211,250,0,0,0,0,0,0,0,0,0,0,0,0,0,0,0,0,,,,
1593,Bangladesh,Chattogram,Bandarban,Naikkhyongchhari,Baishari,03,,,,Shiljhiri Para,শিলঝিরি পাড়া,BAI317,21.550628,92.257774,80,0,0,0,0,0,0,0,0,0,0,0,0,0,0,0,0,,,,
1594,Bangladesh,Chattogram,Bandarban,Naikkhyongchhari,Baishari,03,,,,Simanar Jhiri Para,সীমানার ঝিরি পাড়া,BAI318,21.578539,92.177176,120,0,0,0,0,0,0,0,0,0,0,0,0,0,0,0,0,,,,
1595,Bangladesh,Chattogram,Bandarban,Naikkhyongchhari,Baishari,03,,,,Tutukkhali Para,তুতুকখালী পাড়া,BAI319,21.579492,92.192903,350,0,0,0,0,0,0,0,0,0,0,0,0,0,0,0,0,,,,
1596,Bangladesh,Chattogram,Bandarban,Naikkhyongchhari,Baishari,03,,,,Alikkhyong Police Camp,আলীক্ষ্যং পুলিশ ক্যাম্প,BAI320,21.577527,92.187929,25,0,0,0,0,0,0,0,0,0,0,0,0,0,0,0,0,,,,
1597,Bangladesh,Chattogram,Bandarban,Naikkhyongchhari,Baishari,03,,,,Shinai Tripura Para,সিনাই ত্রিপুরা পাড়া,BAI321,21.53935,92.253984,38,0,0,0,0,0,0,0,0,0,0,0,0,0,0,0,0,,,,
1598,Bangladesh,Chattogram,Bandarban,Naikkhyongchhari,Baishari,03,,,,Polirjhiri Tripura Para,পলিরঝিরি ত্রিপুরা পাড়া,BAI322,21.57252,92.224348,42,0,0,0,0,0,0,0,0,0,0,0,0,0,0,0,0,,,,
1599,Bangladesh,Chattogram,Bandarban,Naikkhyongchhari,Baishari,03,,,,Longadu Uttam Tripura Para,লংগদু উত্তম ত্রিপুরা পাড়া,BAI323,21.56585,92.230178,78,0,0,0,0,0,0,0,0,0,0,0,0,0,0,0,0,,,,
1600,Bangladesh,Chattogram,Bandarban,Naikkhyongchhari,Baishari,03,,,,Undefined,নামহীন,BAI324,21.557326,92.287045,0,0,0,0,0,0,0,0,0,0,0,0,0,0,0,0,0,,,,
1601,Bangladesh,Chattogram,Bandarban,Naikkhyongchhari,Baishari,04,,,,Chaillahtali Para,চাইল্যাতলি পাড়া,BAI401,21.547747,92.181032,120,0,0,0,0,0,0,0,0,0,0,0,0,0,0,0,0,,,,
1602,Bangladesh,Chattogram,Bandarban,Naikkhyongchhari,Baishari,04,,,,Choraghona Para,চোরাঘোনা পাড়া,BAI402,21.53628,92.164684,60,0,0,0,0,0,0,0,0,0,0,0,0,0,0,0,0,,,,
1603,Bangladesh,Chattogram,Bandarban,Naikkhyongchhari,Baishari,04,,,,Dakkhin Karalia Mura Para,দক্ষিণ করলিয়া মুরা পাড়া,BAI403,21.527896,92.163728,550,0,0,0,0,0,0,0,0,0,0,0,0,0,0,0,0,,,,
1604,Bangladesh,Chattogram,Bandarban,Naikkhyongchhari,Baishari,04,,,,Ghona Para,ঘোনা পাড়া,BAI404,21.536842,92.171473,60,0,0,0,0,0,0,0,0,0,0,0,0,0,0,0,0,,,,
1605,Bangladesh,Chattogram,Bandarban,Naikkhyongchhari,Baishari,04,,,,Karalia Mura Para,করলিয়া মুরা পাড়া,BAI405,21.532462,92.164673,500,0,0,0,0,0,0,0,0,0,0,0,0,0,0,0,0,,,,
1606,Bangladesh,Chattogram,Bandarban,Naikkhyongchhari,Baishari,04,,,,Lambabil Para,লম্বাবিল পাড়া,BAI406,21.527357,92.170123,600,0,0,0,0,0,0,0,0,0,0,0,0,0,0,0,0,,,,
1607,Bangladesh,Chattogram,Bandarban,Naikkhyongchhari,Baishari,04,,,,Muiyaung Para,মুইঅং পাড়া,BAI407,21.543077,92.168511,160,0,0,0,0,0,0,0,0,0,0,0,0,0,0,0,0,,,,
1608,Bangladesh,Chattogram,Bandarban,Naikkhyongchhari,Baishari,04,,,,Uttar Karalia Mura Para,উত্তর করলিয়া মুরা পাড়া,BAI408,21.535116,92.161068,340,0,0,0,0,0,0,0,0,0,0,0,0,0,0,0,0,,,,
1609,Bangladesh,Chattogram,Bandarban,Naikkhyongchhari,Baishari,05,,,,Bacha Mia Para,বাঁচা মিয়া পাড়া,BAI501,21.516715,92.1697,100,0,0,0,0,0,0,0,0,0,0,0,0,0,0,0,0,,,,
1610,Bangladesh,Chattogram,Bandarban,Naikkhyongchhari,Baishari,05,,,,Lambabil Para,লম্বাবিল পাড়া,BAI502,21.524082,92.170149,250,0,0,0,0,0,0,0,0,0,0,0,0,0,0,0,0,,,,
1611,Bangladesh,Chattogram,Bandarban,Naikkhyongchhari,Baishari,05,,,,Madhya Haldyashia Para,মধ্য হলদ্যাশিয়া পাড়া,BAI503,21.521455,92.167543,400,0,0,0,0,0,0,0,0,0,0,0,0,0,0,0,0,,,,
1612,Bangladesh,Chattogram,Bandarban,Naikkhyongchhari,Baishari,05,,,,Uttar Haldyashia Para,উত্তর হলদ্যাশিয়া পাড়া,BAI504,21.524184,92.163972,150,0,0,0,0,0,0,0,0,0,0,0,0,0,0,0,0,,,,
1613,Bangladesh,Chattogram,Bandarban,Naikkhyongchhari,Baishari,06,,,,Chhaduaung Para,ছাদুঅং পাড়া,BAI601,21.525573,92.173589,120,0,0,0,0,0,0,0,0,0,0,0,0,0,0,0,0,,,,
1614,Bangladesh,Chattogram,Bandarban,Naikkhyongchhari,Baishari,06,,,,Madhyam Chak Para,মধ্যম চাক পাড়া,BAI602,21.531207,92.190596,150,0,0,0,0,0,0,0,0,0,0,0,0,0,0,0,0,,,,
1615,Bangladesh,Chattogram,Bandarban,Naikkhyongchhari,Baishari,06,,,,Thuihla Aung Para,থুইহ্লা অং পাড়া,BAI603,21.536217,92.175029,300,0,0,0,0,0,0,0,0,0,0,0,0,0,0,0,0,,,,
1616,Bangladesh,Chattogram,Bandarban,Naikkhyongchhari,Baishari,06,,,,Titar Para,তিতার পাড়া,BAI604,21.531865,92.173623,450,0,0,0,0,0,0,0,0,0,0,0,0,0,0,0,0,,,,
1617,Bangladesh,Chattogram,Bandarban,Naikkhyongchhari,Baishari,06,,,,Upar Chak Para,উপর চাক পাড়া,BAI605,21.534406,92.189331,250,0,0,0,0,0,0,0,0,0,0,0,0,0,0,0,0,,,,
1618,Bangladesh,Chattogram,Bandarban,Naikkhyongchhari,Baishari,07,,,,Dhaban Khali Para,ধাবন খালী পাড়া,BAI701,21.521018,92.172401,100,0,0,0,0,0,0,0,0,0,0,0,0,0,0,0,0,,,,
1619,Bangladesh,Chattogram,Bandarban,Naikkhyongchhari,Baishari,07,,,,Gudam Para,গুদাম পাড়া,BAI702,21.515662,92.172032,50,0,0,0,0,0,0,0,0,0,0,0,0,0,0,0,0,,,,
1620,Bangladesh,Chattogram,Bandarban,Naikkhyongchhari,Baishari,07,,,,Madhyam Baishari Para,মধ্যম বাইশারী পাড়া,BAI703,21.511889,92.177332,600,0,0,0,0,0,0,0,0,0,0,0,0,0,0,0,0,,,,
1621,Bangladesh,Chattogram,Bandarban,Naikkhyongchhari,Baishari,07,,,,Moger Kil Para,মগের কিল পাড়া,BAI704,21.507952,92.172288,300,0,0,0,0,0,0,0,0,0,0,0,0,0,0,0,0,,,,
1622,Bangladesh,Chattogram,Bandarban,Naikkhyongchhari,Baishari,07,,,,Mandir Para,মন্দির পাড়া,BAI705,21.508855,92.176298,150,0,0,0,0,0,0,0,0,0,0,0,0,0,0,0,0,,,,
1623,Bangladesh,Chattogram,Bandarban,Naikkhyongchhari,Baishari,07,,,,Pedan Ali Para,পেডান আলী পাড়া,BAI706,21.504919,92.176425,150,0,0,0,0,0,0,0,0,0,0,0,0,0,0,0,0,,,,
1624,Bangladesh,Chattogram,Bandarban,Naikkhyongchhari,Baishari,07,,,,Pashchim Baishari Para,পশ্চিম বাইশারী পাড়া,BAI707,21.513313,92.173842,150,0,0,0,0,0,0,0,0,0,0,0,0,0,0,0,0,,,,
1625,Bangladesh,Chattogram,Bandarban,Naikkhyongchhari,Baishari,07,,,,Uttar Baishari Para,উত্তর বাইশারী পাড়া,BAI708,21.517507,92.176094,750,0,0,0,0,0,0,0,0,0,0,0,0,0,0,0,0,,,,
1626,Bangladesh,Chattogram,Bandarban,Naikkhyongchhari,Baishari,07,,,,Baishari Police Todonto Kendra,বাইশারী পুলিশ তদন্ত কেন্দ্র,BAI709,21.507012,92.177426,25,0,0,0,0,0,0,0,0,0,0,0,0,0,0,0,0,,,,
1627,Bangladesh,Chattogram,Bandarban,Naikkhyongchhari,Baishari,08,,,,Ali Mia Para,আলী মিয়া পাড়া,BAI801,21.51097,92.194464,350,0,0,0,0,0,0,0,0,0,0,0,0,0,0,0,0,,,,
1628,Bangladesh,Chattogram,Bandarban,Naikkhyongchhari,Baishari,08,,,,Dakhhin Narich Bunia Para,দক্ষিণ নারিচ বুনিয়া পাড়া,BAI802,21.503197,92.186161,500,0,0,0,0,0,0,0,0,0,0,0,0,0,0,0,0,,,,
1629,Bangladesh,Chattogram,Bandarban,Naikkhyongchhari,Baishari,08,,,,Dhoiya Baper Para,ধৈয়া বাপের পাড়া,BAI803,21.508009,92.194138,500,0,0,0,0,0,0,0,0,0,0,0,0,0,0,0,0,,,,
1630,Bangladesh,Chattogram,Bandarban,Naikkhyongchhari,Baishari,08,,,,Harin Khaiya Para,হরিণ খাইয়া পাড়া,BAI804,21.509293,92.20117,400,0,0,0,0,0,0,0,0,0,0,0,0,0,0,0,0,,,,
1631,Bangladesh,Chattogram,Bandarban,Naikkhyongchhari,Baishari,08,,,,Karimar Jhiri Para,করিমার ঝিরি পাড়া,BAI805,21.513116,92.188297,300,0,0,0,0,0,0,0,0,0,0,0,0,0,0,0,0,,,,
1632,Bangladesh,Chattogram,Bandarban,Naikkhyongchhari,Baishari,08,,,,Natun Chak Para,নতুন চাক পাড়া,BAI806,21.515448,92.197396,300,0,0,0,0,0,0,0,0,0,0,0,0,0,0,0,0,,,,
1633,Bangladesh,Chattogram,Bandarban,Naikkhyongchhari,Baishari,08,,,,Pashchim Narichbunia Para,পশ্চিম নারিচবুনিয়া পাড়া,BAI807,21.508179,92.181677,400,0,0,0,0,0,0,0,0,0,0,0,0,0,0,0,0,,,,
1634,Bangladesh,Chattogram,Bandarban,Naikkhyongchhari,Baishari,08,,,,Punarbasan Para,পূর্ণবাসন পাড়া,BAI808,21.510828,92.190864,400,0,0,0,0,0,0,0,0,0,0,0,0,0,0,0,0,,,,
1635,Bangladesh,Chattogram,Bandarban,Naikkhyongchhari,Baishari,08,,,,Sapmara Jhiri Para,সাপমারা ঝিরি পাড়া,BAI809,21.482221,92.221139,100,0,0,0,0,0,0,0,0,0,0,0,0,0,0,0,0,,,,
1636,Bangladesh,Chattogram,Bandarban,Naikkhyongchhari,Baishari,08,,,,Thimchhari Para,থিমছড়ি পাড়া,BAI810,21.499817,92.208152,250,0,0,0,0,0,0,0,0,0,0,0,0,0,0,0,0,,,,
1637,Bangladesh,Chattogram,Bandarban,Naikkhyongchhari,Baishari,08,,,,Uttar Narichbunia Para,উত্তর নারিচবুনিয়া পাড়া,BAI811,21.506854,92.187107,500,0,0,0,0,0,0,0,0,0,0,0,0,0,0,0,0,,,,
1638,Bangladesh,Chattogram,Bandarban,Naikkhyongchhari,Baishari,09,,,,Borguna Para,বরগুনা পাড়া,BAI901,21.522287,92.185421,20,0,0,0,0,0,0,0,0,0,0,0,0,0,0,0,0,,,,
1639,Bangladesh,Chattogram,Bandarban,Naikkhyongchhari,Baishari,09,,,,Headman Chak Para,হেডম্যান চাক পাড়া,BAI902,21.526767,92.190283,65,0,0,0,0,0,0,0,0,0,0,0,0,0,0,0,0,,,,
1640,Bangladesh,Chattogram,Bandarban,Naikkhyongchhari,Baishari,09,,,,Joutha Khamar Para,যৌথ খামার পাড়া,BAI903,21.5248,92.181135,110,0,0,0,0,0,0,0,0,0,0,0,0,0,0,0,0,,,,
1641,Bangladesh,Chattogram,Bandarban,Naikkhyongchhari,Baishari,09,,,,Karimar Jhiri Para,করিমার ঝিরি পাড়া,BAI904,21.512284,92.182553,25,0,0,0,0,0,0,0,0,0,0,0,0,0,0,0,0,,,,
1642,Bangladesh,Chattogram,Bandarban,Naikkhyongchhari,Baishari,09,,,,Purba Baishari Para,পূর্ব বাইশারী পাড়া,BAI905,21.51496,92.184062,80,0,0,0,0,0,0,0,0,0,0,0,0,0,0,0,0,,,,
1643,Bangladesh,Chattogram,Bandarban,Naikkhyongchhari,Baishari,09,,,,Tufan Ali Para,তুফান আলী পাড়া,BAI906,21.51826,92.185267,150,0,0,0,0,0,0,0,0,0,0,0,0,0,0,0,0,,,,
1644,Bangladesh,Chattogram,Bandarban,Naikkhyongchhari,Baishari,09,,,,Uttar Baishari Para,উত্তর বাইশারী পাড়া,BAI907,21.518417,92.179805,70,0,0,0,0,0,0,0,0,0,0,0,0,0,0,0,0,,,,
1645,Bangladesh,Chattogram,Bandarban,Naikkhyongchhari,Dochhari,01,,,,Bakkhali Para,বাকখালী পাড়া,DOC101,21.491482,92.248337,120,0,0,0,0,0,0,0,0,0,0,0,0,0,0,0,0,,,,
1646,Bangladesh,Chattogram,Bandarban,Naikkhyongchhari,Dochhari,01,,,,Betorjhiri Para,বেতরঝিরি পাড়া,DOC102,21.513581,92.245615,120,0,0,0,0,0,0,0,0,0,0,0,0,0,0,0,0,,,,
1647,Bangladesh,Chattogram,Bandarban,Naikkhyongchhari,Dochhari,01,,,,Chagolkhaiya Para,ছাগলখাইয়া পাড়া,DOC103,21.484591,92.226514,240,0,0,0,0,0,0,0,0,0,0,0,0,0,0,0,0,,,,
1648,Bangladesh,Chattogram,Bandarban,Naikkhyongchhari,Dochhari,01,,,,Chaillajhiri Para,চাইল্যাঝিরি পাড়া,DOC104,21.509639,92.246884,240,0,0,0,0,0,0,0,0,0,0,0,0,0,0,0,0,,,,
1649,Bangladesh,Chattogram,Bandarban,Naikkhyongchhari,Dochhari,01,,,,Chikonchhari Para,চিকনছড়ি পাড়া,DOC105,21.481294,92.234934,300,0,0,0,0,0,0,0,0,0,0,0,0,0,0,0,0,,,,
1650,Bangladesh,Chattogram,Bandarban,Naikkhyongchhari,Dochhari,01,,,,Lodurmukh Math Para,লদুরমুখ মাঠ পাড়া,DOC106,21.523582,92.241133,100,0,0,0,0,0,0,0,0,0,0,0,0,0,0,0,0,,,,
1651,Bangladesh,Chattogram,Bandarban,Naikkhyongchhari,Dochhari,01,,,,Longkhai Para,লংখাই পাড়া,DOC107,21.510882,92.241462,200,0,0,0,0,0,0,0,0,0,0,0,0,0,0,0,0,,,,
1652,Bangladesh,Chattogram,Bandarban,Naikkhyongchhari,Dochhari,01,,,,Mamabhaginar Jhiri Para,মামাভাগিনার ঝিরি পাড়া,DOC108,21.504915,92.251335,110,0,0,0,0,0,0,0,0,0,0,0,0,0,0,0,0,,,,
1653,Bangladesh,Chattogram,Bandarban,Naikkhyongchhari,Dochhari,01,,,,Murangkhaiya Para,মুরুংখাইয়া পাড়া,DOC109,21.492236,92.241195,290,0,0,0,0,0,0,0,0,0,0,0,0,0,0,0,0,,,,
1654,Bangladesh,Chattogram,Bandarban,Naikkhyongchhari,Dochhari,01,,,,Pashchim Chagolkhaiya Para,পশ্চিম ছাগলখাইয়া পাড়া,DOC110,21.486407,92.234782,230,0,0,0,0,0,0,0,0,0,0,0,0,0,0,0,0,,,,
1655,Bangladesh,Chattogram,Bandarban,Naikkhyongchhari,Dochhari,01,,,,Thandajhiri Para,ঠাণ্ডাঝিরি পাড়া,DOC111,21.491039,92.249538,75,0,0,0,0,0,0,0,0,0,0,0,0,0,0,0,0,,,,
1656,Bangladesh,Chattogram,Bandarban,Naikkhyongchhari,Dochhari,01,,,,Chhagolkhaiya BGB Camp,ছাগলখাইয়া বিজিবি ক্যাম্প,DOC112,21.48568,92.235878,40,0,0,0,0,0,0,0,0,0,0,0,0,0,0,0,0,,,,
1657,Bangladesh,Chattogram,Bandarban,Naikkhyongchhari,Dochhari,02,,,,Baichalong Para,বাইচাং পাড়া,DOC201,21.503937,92.274235,50,0,0,0,0,0,0,0,0,0,0,0,0,0,0,0,0,,,,
1658,Bangladesh,Chattogram,Bandarban,Naikkhyongchhari,Dochhari,02,,,,Dhugnki Aung Marma Para,ধুংকি অং মারমা পাড়া,DOC202,21.538393,92.254795,10,0,0,0,0,0,0,0,0,0,0,0,0,0,0,0,0,,,,
1659,Bangladesh,Chattogram,Bandarban,Naikkhyongchhari,Dochhari,02,,,,Dolurjhiri Para,ডলুরঝিরি পাড়া,DOC203,21.488798,92.255243,150,0,0,0,0,0,0,0,0,0,0,0,0,0,0,0,0,,,,
1660,Bangladesh,Chattogram,Bandarban,Naikkhyongchhari,Dochhari,02,,,,Eden Tripura Para,এদেন ত্রিপুরা পাড়া,DOC204,21.527327,92.252153,30,0,0,0,0,0,0,0,0,0,0,0,0,0,0,0,0,,,,
1661,Bangladesh,Chattogram,Bandarban,Naikkhyongchhari,Dochhari,02,,,,Lakri Murang/Mro  Para,লাক্রি মুরং/ম্রো পাড়া,DOC205,21.531345,92.277169,150,0,0,0,0,0,0,0,0,0,0,0,0,0,0,0,0,,,,
1662,Bangladesh,Chattogram,Bandarban,Naikkhyongchhari,Dochhari,02,,,,Limwai Murang/Mro  Para,লিমওয়াই মুরং/ম্রো পাড়া,DOC206,21.560459,92.319085,30,0,0,0,0,0,0,0,0,0,0,0,0,0,0,0,0,,,,
1663,Bangladesh,Chattogram,Bandarban,Naikkhyongchhari,Dochhari,02,,,,Lodurmukh Para,লদুরমুখ পাড়া,DOC207,21.527762,92.248068,20,0,0,0,0,0,0,0,0,0,0,0,0,0,0,0,0,,,,
1664,Bangladesh,Chattogram,Bandarban,Naikkhyongchhari,Dochhari,02,,,,Monghla Pro Chak Para,মংহ্লা প্রো চাক পাড়া,DOC208,21.523391,92.270541,250,0,0,0,0,0,0,0,0,0,0,0,0,0,0,0,0,,,,
1665,Bangladesh,Chattogram,Bandarban,Naikkhyongchhari,Dochhari,02,,,,Nitarjhiri Para,নিতারঝিরি পাড়া,DOC209,21.498246,92.268659,35,0,0,0,0,0,0,0,0,0,0,0,0,0,0,0,0,,,,
1666,Bangladesh,Chattogram,Bandarban,Naikkhyongchhari,Dochhari,02,,,,Palongkhai Para,পালংখাই পাড়া,DOC210,21.49066,92.253703,120,0,0,0,0,0,0,0,0,0,0,0,0,0,0,0,0,,,,
1667,Bangladesh,Chattogram,Bandarban,Naikkhyongchhari,Dochhari,02,,,,Pongchujhiri Chak Para,পংচুঝিরি চাক পাড়া,DOC211,21.533184,92.266479,40,0,0,0,0,0,0,0,0,0,0,0,0,0,0,0,0,,,,
1668,Bangladesh,Chattogram,Bandarban,Naikkhyongchhari,Dochhari,02,,,,Raja Murang/Mro Para,রাজা মুরং/ম্রো পাড়া,DOC212,21.544687,92.288378,50,0,0,0,0,0,0,0,0,0,0,0,0,0,0,0,0,,,,
1669,Bangladesh,Chattogram,Bandarban,Naikkhyongchhari,Dochhari,02,,,,Reingy Murang/Mro Para,রেংয় মুরং/ম্রো পাড়া,DOC213,21.566483,92.303022,350,0,0,0,0,0,0,0,0,0,0,0,0,0,0,0,0,,,,
1670,Bangladesh,Chattogram,Bandarban,Naikkhyongchhari,Dochhari,02,,,,Thoihla Murang/Mro Para,থৈহ্লা  মুরং/ম্রো পাড়া,DOC214,21.540663,92.291558,25,0,0,0,0,0,0,0,0,0,0,0,0,0,0,0,0,,,,
1671,Bangladesh,Chattogram,Bandarban,Naikkhyongchhari,Dochhari,02,,,,Yaring Murang/Mro Para,ইয়ারিং মুরং/ম্রো পাড়া,DOC215,21.562794,92.317896,35,0,0,0,0,0,0,0,0,0,0,0,0,0,0,0,0,,,,
1672,Bangladesh,Chattogram,Bandarban,Naikkhyongchhari,Dochhari,03,,,,Aliang Jhiri Chak Para,আলিয়াং ঝিরি চাক পাড়া,DOC301,21.492055,92.283936,95,0,0,0,0,0,0,0,0,0,0,0,0,0,0,0,0,,,,
1673,Bangladesh,Chattogram,Bandarban,Naikkhyongchhari,Dochhari,03,,,,Baichang Tripura Para,বাইচাং ত্রিপুরা পাড়া,DOC302,21.508841,92.272805,120,0,0,0,0,0,0,0,0,0,0,0,0,0,0,0,0,,,,
1674,Bangladesh,Chattogram,Bandarban,Naikkhyongchhari,Dochhari,03,,,,Chorai Murang/Mro Para (Natun),চরাই মুরং/ম্রো পাড়া (নতুন),DOC303,21.533394,92.317115,90,0,0,0,0,0,0,0,0,0,0,0,0,0,0,0,0,,,,
1675,Bangladesh,Chattogram,Bandarban,Naikkhyongchhari,Dochhari,03,,,,Einglong Murang /Chaowang Para,ইংলং মুরং/চাওয়াং পাড়া,DOC304,21.50889,92.323715,70,0,0,0,0,0,0,0,0,0,0,0,0,0,0,0,0,,,,
1676,Bangladesh,Chattogram,Bandarban,Naikkhyongchhari,Dochhari,03,,,,Headman Murang/Mro Para,হেডম্যান মুরং/ম্রো পাড়া,DOC305,21.534363,92.309362,60,0,0,0,0,0,0,0,0,0,0,0,0,0,0,0,0,,,,
1677,Bangladesh,Chattogram,Bandarban,Naikkhyongchhari,Dochhari,03,,,,Joysit Para/Mongpa Para,জয়সিৎ পাড়া/ মংপা পাড়া,DOC306,21.515532,92.333326,50,0,0,0,0,0,0,0,0,0,0,0,0,0,0,0,0,,,,
1678,Bangladesh,Chattogram,Bandarban,Naikkhyongchhari,Dochhari,03,,,,Kaing Pre Murang/Mro Para,কাইং প্রে মুরং/ম্রো পাড়া,DOC307,21.547911,92.35224,90,0,0,0,0,0,0,0,0,0,0,0,0,0,0,0,0,,,,
1679,Bangladesh,Chattogram,Bandarban,Naikkhyongchhari,Dochhari,03,,,,Kaipu Murang/Mro Para/Amjhirimukh Murang/Mro Para,কাইপু মুরং/ম্রো পাড়া/আমঝিরিমুখ মুরং/ম্রো পাড়া,DOC308,21.528304,92.29323,50,0,0,0,0,0,0,0,0,0,0,0,0,0,0,0,0,,,,
1680,Bangladesh,Chattogram,Bandarban,Naikkhyongchhari,Dochhari,03,,,,Kongpoy Murang/Mro Para,কংপয় মুরং/ম্রো পাড়া,DOC309,21.521556,92.289315,60,0,0,0,0,0,0,0,0,0,0,0,0,0,0,0,0,,,,
1681,Bangladesh,Chattogram,Bandarban,Naikkhyongchhari,Dochhari,03,,,,Krokhang Chak Para,ক্রোক্ষাং চাক পাড়া,DOC310,21.495687,92.278662,265,0,0,0,0,0,0,0,0,0,0,0,0,0,0,0,0,,,,
1682,Bangladesh,Chattogram,Bandarban,Naikkhyongchhari,Dochhari,03,,,,Lekrat Murang /Mro/Karbari Para,লেক্রাত মুরং/ম্রো/কারবারি পাড়া,DOC311,21.521529,92.307914,30,0,0,0,0,0,0,0,0,0,0,0,0,0,0,0,0,,,,
1683,Bangladesh,Chattogram,Bandarban,Naikkhyongchhari,Dochhari,03,,,,Meruya Murang/Mro Para,মেরুয়া মুরং/ম্রো পাড়া,DOC312,21.506985,92.311511,150,0,0,0,0,0,0,0,0,0,0,0,0,0,0,0,0,,,,
1684,Bangladesh,Chattogram,Bandarban,Naikkhyongchhari,Dochhari,03,,,,Mang Po Murang/Mro Para (Natun),মাং পো মুরং/ম্রো পাড়া (নতুন),DOC313,21.545899,92.336506,20,0,0,0,0,0,0,0,0,0,0,0,0,0,0,0,0,,,,
1685,Bangladesh,Chattogram,Bandarban,Naikkhyongchhari,Dochhari,03,,,,Oibot Para,ঐবৎ পাড়া,DOC314,21.52059,92.302373,120,0,0,0,0,0,0,0,0,0,0,0,0,0,0,0,0,,,,
1686,Bangladesh,Chattogram,Bandarban,Naikkhyongchhari,Dochhari,03,,,,Pakko Murang/Mro Karbari Para/ Amjhiri Para,পাক্ক মুরং/ম্রো কারবারি পাড়া/আমঝিরি পাড়া,DOC315,21.528451,92.300233,100,0,0,0,0,0,0,0,0,0,0,0,0,0,0,0,0,,,,
1687,Bangladesh,Chattogram,Bandarban,Naikkhyongchhari,Dochhari,04,,,,Guraniakata Para,গুরিন্যাকাটা পাড়া,DOC401,21.444171,92.236695,500,0,0,0,0,0,0,0,0,0,0,0,0,0,0,0,0,,,,
1688,Bangladesh,Chattogram,Bandarban,Naikkhyongchhari,Dochhari,04,,,,Mamabhaginar Jhiri Para,মামাভাগিনার ঝিরি পাড়া,DOC402,21.444248,92.24371,250,0,0,0,0,0,0,0,0,0,0,0,0,0,0,0,0,,,,
1689,Bangladesh,Chattogram,Bandarban,Naikkhyongchhari,Dochhari,04,,,,Pashchim Tulatuli Para,পশ্চিম তুলাতলি পাড়া,DOC403,21.448721,92.241812,250,0,0,0,0,0,0,0,0,0,0,0,0,0,0,0,0,,,,
1690,Bangladesh,Chattogram,Bandarban,Naikkhyongchhari,Dochhari,04,,,,Tulatuli School Para,তুলাতলি স্কুল পাড়া,DOC404,21.441254,92.23045,130,0,0,0,0,0,0,0,0,0,0,0,0,0,0,0,0,,,,
1691,Bangladesh,Chattogram,Bandarban,Naikkhyongchhari,Dochhari,04,,,,Zaruliachhari Danhati Para,জারুলিয়াছড়ি ডানহাতি পাড়া,DOC405,21.455375,92.242958,90,0,0,0,0,0,0,0,0,0,0,0,0,0,0,0,0,,,,
1692,Bangladesh,Chattogram,Bandarban,Naikkhyongchhari,Dochhari,04,,,,Zaruliachhari Para,জারুলিয়াছড়ি পাড়া,DOC406,21.455446,92.240674,300,0,0,0,0,0,0,0,0,0,0,0,0,0,0,0,0,,,,
1693,Bangladesh,Chattogram,Bandarban,Naikkhyongchhari,Dochhari,05,,,,Bara Kolachi Para,বড় কোলাচি পাড়া,DOC501,21.463267,92.260202,300,0,0,0,0,0,0,0,0,0,0,0,0,0,0,0,0,,,,
1694,Bangladesh,Chattogram,Bandarban,Naikkhyongchhari,Dochhari,05,,,,Dolurjhiri Para,ডলুরঝিরি পাড়া,DOC502,21.445819,92.254616,120,0,0,0,0,0,0,0,0,0,0,0,0,0,0,0,0,,,,
1695,Bangladesh,Chattogram,Bandarban,Naikkhyongchhari,Dochhari,05,,,,Fuittajhiri Para,ফুট্ট্যাঝিরি পাড়া,DOC503,21.453321,92.257925,80,0,0,0,0,0,0,0,0,0,0,0,0,0,0,0,0,,,,
1696,Bangladesh,Chattogram,Bandarban,Naikkhyongchhari,Dochhari,05,,,,Hajir Math Para,হাজীর মাঠ পাড়া,DOC504,21.446683,92.266832,250,0,0,0,0,0,0,0,0,0,0,0,0,0,0,0,0,,,,
1697,Bangladesh,Chattogram,Bandarban,Naikkhyongchhari,Dochhari,05,,,,Lemuchhari Bazar Para,লেমুছড়ি বাজার পাড়া,DOC505,21.44181,92.268129,100,0,0,0,0,0,0,0,0,0,0,0,0,0,0,0,0,,,,
1698,Bangladesh,Chattogram,Bandarban,Naikkhyongchhari,Dochhari,05,,,,Lemutoli Para,লেমুতলী পাড়া,DOC506,21.469306,92.267122,250,0,0,0,0,0,0,0,0,0,0,0,0,0,0,0,0,,,,
1699,Bangladesh,Chattogram,Bandarban,Naikkhyongchhari,Dochhari,05,,,,Pashchim Kolachi Para,পশ্চিম কোলাচি পাড়া,DOC507,21.456937,92.261488,200,0,0,0,0,0,0,0,0,0,0,0,0,0,0,0,0,,,,
1700,Bangladesh,Chattogram,Bandarban,Naikkhyongchhari,Dochhari,05,,,,Purba Tulatuli Para,পূর্ব তুলাতুলি পাড়া,DOC508,21.442768,92.246062,250,0,0,0,0,0,0,0,0,0,0,0,0,0,0,0,0,,,,
1701,Bangladesh,Chattogram,Bandarban,Naikkhyongchhari,Dochhari,05,,,,Shreeghat Para,শ্রীঘাট পাড়া,DOC509,21.451683,92.254741,150,0,0,0,0,0,0,0,0,0,0,0,0,0,0,0,0,,,,
1702,Bangladesh,Chattogram,Bandarban,Naikkhyongchhari,Dochhari,06,,,,Al Para,অল পাড়া,DOC601,21.44582,92.278925,100,0,0,0,0,0,0,0,0,0,0,0,0,0,0,0,0,,,,
1703,Bangladesh,Chattogram,Bandarban,Naikkhyongchhari,Dochhari,06,,,,Chitarjhiri Para,চিতারঝিরি পাড়া,DOC602,21.44846,92.27221,150,0,0,0,0,0,0,0,0,0,0,0,0,0,0,0,0,,,,
1704,Bangladesh,Chattogram,Bandarban,Naikkhyongchhari,Dochhari,06,,,,Hajir Math Para,হাজীর মাঠ পাড়া,DOC603,21.449012,92.267496,150,0,0,0,0,0,0,0,0,0,0,0,0,0,0,0,0,,,,
1705,Bangladesh,Chattogram,Bandarban,Naikkhyongchhari,Dochhari,06,,,,Harinkhaiya Bangali Para,হরিনখাইয়া বাঙ্গালি পাড়া,DOC604,21.461541,92.284352,100,0,0,0,0,0,0,0,0,0,0,0,0,0,0,0,0,,,,
1706,Bangladesh,Chattogram,Bandarban,Naikkhyongchhari,Dochhari,06,,,,Kulachi Para,কুলাচি পাড়া,DOC605,21.455851,92.26454,100,0,0,0,0,0,0,0,0,0,0,0,0,0,0,0,0,,,,
1707,Bangladesh,Chattogram,Bandarban,Naikkhyongchhari,Dochhari,06,,,,Murang Ghona Para,মুরং ঘোনা্ পাড়া,DOC606,21.443714,92.27407,150,0,0,0,0,0,0,0,0,0,0,0,0,0,0,0,0,,,,
1708,Bangladesh,Chattogram,Bandarban,Naikkhyongchhari,Dochhari,06,,,,Murjhiri Para,মুরঝিরি পাড়া,DOC607,21.452608,92.27433,150,0,0,0,0,0,0,0,0,0,0,0,0,0,0,0,0,,,,
1709,Bangladesh,Chattogram,Bandarban,Naikkhyongchhari,Dochhari,06,,,,Purba Lemuchhari Para,পূ্র্ব লেমুছড়ি পাড়া,DOC608,21.441503,92.270675,250,0,0,0,0,0,0,0,0,0,0,0,0,0,0,0,0,,,,
1710,Bangladesh,Chattogram,Bandarban,Naikkhyongchhari,Dochhari,06,,,,Wachchhakhali Para,ওয়াচ্ছাখালী পাড়া,DOC609,21.472524,92.281918,200,0,0,0,0,0,0,0,0,0,0,0,0,0,0,0,0,,,,
1711,Bangladesh,Chattogram,Bandarban,Naikkhyongchhari,Dochhari,06,,,,Lemuchhari BGB Camp,লেমুছড়ি বিজিবি ক্যাম্প,DOC610,21.437961,92.272246,50,0,0,0,0,0,0,0,0,0,0,0,0,0,0,0,0,,,,
1712,Bangladesh,Chattogram,Bandarban,Naikkhyongchhari,Dochhari,07,,,,Bahirmath Para,বাহিরমাঠ পাড়া,DOC701,21.436087,92.270072,400,0,0,0,0,0,0,0,0,0,0,0,0,0,0,0,0,,,,
1713,Bangladesh,Chattogram,Bandarban,Naikkhyongchhari,Dochhari,07,,,,Dharmochhara Para,ধর্মছড়া পাড়া,DOC702,21.443571,92.297529,350,0,0,0,0,0,0,0,0,0,0,0,0,0,0,0,0,,,,
1714,Bangladesh,Chattogram,Bandarban,Naikkhyongchhari,Dochhari,07,,,,Kalur Ghat (Uttar Ongsho),কালুর ঘাট (উত্তর অংশ),DOC703,21.436637,92.279169,300,0,0,0,0,0,0,0,0,0,0,0,0,0,0,0,0,,,,
1715,Bangladesh,Chattogram,Bandarban,Naikkhyongchhari,Dochhari,07,,,,Purba Bahir Math Para,পূ্র্ব বাহির মাঠ পাড়া,DOC704,21.435191,92.273935,450,0,0,0,0,0,0,0,0,0,0,0,0,0,0,0,0,,,,
1716,Bangladesh,Chattogram,Bandarban,Naikkhyongchhari,Dochhari,08,,,,Dakkhin Bahir Math,দক্ষিন বাহির মাঠ,DOC801,21.431576,92.274085,500,0,0,0,0,0,0,0,0,0,0,0,0,0,0,0,0,,,,
1717,Bangladesh,Chattogram,Bandarban,Naikkhyongchhari,Dochhari,08,,,,Kalurghat Para (Dakkhin Ongsho),কালুরঘাট পাড়া (দক্ষিন অংশ),DOC802,21.432972,92.280118,200,0,0,0,0,0,0,0,0,0,0,0,0,0,0,0,0,,,,
1718,Bangladesh,Chattogram,Bandarban,Naikkhyongchhari,Dochhari,08,,,,Painchhari Para,পাইনছড়ি পাড়া,DOC803,21.436002,92.300659,300,0,0,0,0,0,0,0,0,0,0,0,0,0,0,0,0,,,,
1719,Bangladesh,Chattogram,Bandarban,Naikkhyongchhari,Dochhari,08,,,,Hatimara BGB Camp,হাতিমারা বিজিবি ক্যাম্প,DOC804,21.431964,92.293215,0,0,0,0,0,0,0,0,0,0,0,0,0,0,0,0,0,,,,
1720,Bangladesh,Chattogram,Bandarban,Naikkhyongchhari,Dochhari,09,,,,Engli Para/Angyang Murang/Mro Para,ইংলি পাড়া / আংইয়াং মুরং/ম্রো পাড়া,DOC901,21.487916,92.328652,66,0,0,0,0,0,0,0,0,0,0,0,0,0,0,0,0,,,,
1721,Bangladesh,Chattogram,Bandarban,Naikkhyongchhari,Dochhari,09,,,,Harinkhaiya Marma Para,হরিণখাইয়া মারমা পাড়া,DOC902,21.456546,92.294746,30,0,0,0,0,0,0,0,0,0,0,0,0,0,0,0,0,,,,
1722,Bangladesh,Chattogram,Bandarban,Naikkhyongchhari,Dochhari,09,,,,Kaiingway Murang/Mro Para,ক্যাইংওয়াই  মুরং/ম্রো পাড়া,DOC903,21.46338,92.308972,30,0,0,0,0,0,0,0,0,0,0,0,0,0,0,0,0,,,,
1723,Bangladesh,Chattogram,Bandarban,Naikkhyongchhari,Dochhari,09,,,,Kaiingway Natun Para,ক্যাইংওয়াই নতুন পাড়া,DOC904,21.484304,92.367986,30,0,0,0,0,0,0,0,0,0,0,0,0,0,0,0,0,,,,
1724,Bangladesh,Chattogram,Bandarban,Naikkhyongchhari,Dochhari,09,,,,Klingthui Para,ক্লিংথুই পাড়া,DOC905,21.495926,92.303189,65,0,0,0,0,0,0,0,0,0,0,0,0,0,0,0,0,,,,
1725,Bangladesh,Chattogram,Bandarban,Naikkhyongchhari,Dochhari,09,,,,Lamba Fari Para,লম্বা ফাড়ী পাড়া,DOC906,21.457382,92.302396,30,0,0,0,0,0,0,0,0,0,0,0,0,0,0,0,0,,,,
1726,Bangladesh,Chattogram,Bandarban,Naikkhyongchhari,Dochhari,09,,,,Lengkrim Murang/Mro Para,লেংক্রীম মুরং/ম্রো পাড়া,DOC907,21.506455,92.335136,75,0,0,0,0,0,0,0,0,0,0,0,0,0,0,0,0,,,,
1727,Bangladesh,Chattogram,Bandarban,Naikkhyongchhari,Dochhari,09,,,,Menthon Murang/Mro Para,মেনতন মুরং/ম্রো পাড়া,DOC908,21.467656,92.308979,80,0,0,0,0,0,0,0,0,0,0,0,0,0,0,0,0,,,,
1728,Bangladesh,Chattogram,Bandarban,Naikkhyongchhari,Dochhari,09,,,,Mongpre Para,মংপ্রে পাড়া,DOC909,21.519248,92.362006,100,0,0,0,0,0,0,0,0,0,0,0,0,0,0,0,0,,,,
1729,Bangladesh,Chattogram,Bandarban,Naikkhyongchhari,Dochhari,09,,,,Niyachu Murang/Mro Para,নিয়াচু মুরং/ম্রো পাড়া,DOC910,21.521811,92.342486,30,0,0,0,0,0,0,0,0,0,0,0,0,0,0,0,0,,,,
1730,Bangladesh,Chattogram,Bandarban,Naikkhyongchhari,Dochhari,09,,,,Pungkrat Murang/Mro Para,পুংক্রাত মুরং/ম্রো পাড়া,DOC911,21.476814,92.345202,55,0,0,0,0,0,0,0,0,0,0,0,0,0,0,0,0,,,,
1731,Bangladesh,Chattogram,Bandarban,Naikkhyongchhari,Dochhari,09,,,,Pungrau Murang/Mro Para/Furkan Para,পুংরাউ মুরং/ম্রো পাড়া/ ফুরকান পাড়া,DOC912,21.486407,92.323043,80,0,0,0,0,0,0,0,0,0,0,0,0,0,0,0,0,,,,
1732,Bangladesh,Chattogram,Bandarban,Naikkhyongchhari,Dochhari,09,,,,Ukkyojay Headman Para,উক্যজাই হেডম্যান পাড়া,DOC913,21.440065,92.300352,150,0,0,0,0,0,0,0,0,0,0,0,0,0,0,0,0,,,,
1733,Bangladesh,Chattogram,Bandarban,Naikkhyongchhari,Dochhari,09,,,,Yangni Murang/Mro Para,ইয়াংনি মুরং/ম্রো পাড়া,DOC914,21.468382,92.328139,65,0,0,0,0,0,0,0,0,0,0,0,0,0,0,0,0,,,,
1734,Bangladesh,Chattogram,Bandarban,Naikkhyongchhari,Dochhari,09,,,,Dochhari BGB Camp,দোছড়ি বিজিবি ক্যাম্প,DOC915,21.461091,92.310152,40,0,0,0,0,0,0,0,0,0,0,0,0,0,0,0,0,,,,
1735,Bangladesh,Chattogram,Bandarban,Naikkhyongchhari,Dochhari,09,,,,Millonpara BGB Camp,মিল্লনপাড়া বিজিবি ক্যাম্প,DOC916,21.478017,92.338405,30,0,0,0,0,0,0,0,0,0,0,0,0,0,0,0,0,,,,
1736,Bangladesh,Chattogram,Bandarban,Naikkhyongchhari,Dochhari,09,,,,Tarkuchhara BGB Camp,তারকুছড়া বিজিবি ক্যাম্প,DOC917,21.479174,92.354555,50,0,0,0,0,0,0,0,0,0,0,0,0,0,0,0,0,,,,
1737,Bangladesh,Chattogram,Bandarban,Naikkhyongchhari,Dochhari,09,,,,Painchhari BGB Camp,পাইনছড়ি বিজিবি ক্যাম্প,DOC918,21.445313,92.299474,50,0,0,0,0,0,0,0,0,0,0,0,0,0,0,0,0,,,,
1738,Bangladesh,Chattogram,Bandarban,Naikkhyongchhari,Dochhari,09,,,,Tarkupara BGB Camp,তারকু পাড়া বিজিবি ক্যাম্প,DOC919,21.453479,92.330177,42,0,0,0,0,0,0,0,0,0,0,0,0,0,0,0,0,,,,
1739,Bangladesh,Chattogram,Bandarban,Naikkhyongchhari,Ghumdhum,01,,,,Bazar Para,বাজার পাড়া,GHU101,21.202017,92.196792,300,0,0,0,0,0,0,0,0,0,0,0,0,0,0,0,0,,,,
1740,Bangladesh,Chattogram,Bandarban,Naikkhyongchhari,Ghumdhum,01,,,,Bhumihin Para,ভূমিহীন পাড়া,GHU102,21.205926,92.19088,500,0,0,0,0,0,0,0,0,0,0,0,0,0,0,0,0,,,,
1741,Bangladesh,Chattogram,Bandarban,Naikkhyongchhari,Ghumdhum,01,,,,Camp Para,ক্যাম্প পাড়া,GHU103,21.203633,92.194774,300,0,0,0,0,0,0,0,0,0,0,0,0,0,0,0,0,,,,
1742,Bangladesh,Chattogram,Bandarban,Naikkhyongchhari,Ghumdhum,01,,,,Haspatal Para,হাসপাতাল পাড়া,GHU104,21.205913,92.19504,280,0,0,0,0,0,0,0,0,0,0,0,0,0,0,0,0,,,,
1743,Bangladesh,Chattogram,Bandarban,Naikkhyongchhari,Ghumdhum,01,,,,Jolpaitoli Para,জলপাইতলী পাড়া,GHU105,21.194945,92.182909,40,0,0,0,0,0,0,0,0,0,0,0,0,0,0,0,0,,,,
1744,Bangladesh,Chattogram,Bandarban,Naikkhyongchhari,Ghumdhum,01,,,,Khijari Ghona Para,খিজারী ঘোনা পাড়া,GHU106,21.197629,92.1834,580,0,0,0,0,0,0,0,0,0,0,0,0,0,0,0,0,,,,
1745,Bangladesh,Chattogram,Bandarban,Naikkhyongchhari,Ghumdhum,01,,,,Pahar Para,পাহাড় পাড়া,GHU107,21.202209,92.185708,700,0,0,0,0,0,0,0,0,0,0,0,0,0,0,0,0,,,,
1746,Bangladesh,Chattogram,Bandarban,Naikkhyongchhari,Ghumdhum,01,,,,Pashchim Kul Para,পশ্চিম কুল পাড়া,GHU108,21.200882,92.19084,1400,0,0,0,0,0,0,0,0,0,0,0,0,0,0,0,0,,,,
1747,Bangladesh,Chattogram,Bandarban,Naikkhyongchhari,Ghumdhum,01,,,,Tombru BOP Camp,তমব্রু বিওপি ক্যাম্প,GHU109,21.202965,92.195863,180,0,0,0,0,0,0,0,0,0,0,0,0,0,0,0,0,,,,
1748,Bangladesh,Chattogram,Bandarban,Naikkhyongchhari,Ghumdhum,01,,,,Bagan,বাগান,GHU110,21.199446,92.179511,30,0,0,0,0,0,0,0,0,0,0,0,0,0,0,0,0,,,,
1749,Bangladesh,Chattogram,Bandarban,Naikkhyongchhari,Ghumdhum,01,,,,Agro Farm,এগ্রো ফার্ম,GHU111,21.210337,92.186355,50,0,0,0,0,0,0,0,0,0,0,0,0,0,0,0,0,,,,
1750,Bangladesh,Chattogram,Bandarban,Naikkhyongchhari,Ghumdhum,02,,,,Fakira Ghona Para,ফকিরা ঘোনা পাড়া,GHU201,21.207727,92.194644,400,0,0,0,0,0,0,0,0,0,0,0,0,0,0,0,0,,,,
1751,Bangladesh,Chattogram,Bandarban,Naikkhyongchhari,Ghumdhum,02,,,,Ghonar Para,ঘোনার পাড়া,GHU202,21.208373,92.197827,400,0,0,0,0,0,0,0,0,0,0,0,0,0,0,0,0,,,,
1752,Bangladesh,Chattogram,Bandarban,Naikkhyongchhari,Ghumdhum,02,,,,Kolal Para,কোলাল পাড়া,GHU203,21.205251,92.198236,450,0,0,0,0,0,0,0,0,0,0,0,0,0,0,0,0,,,,
1753,Bangladesh,Chattogram,Bandarban,Naikkhyongchhari,Ghumdhum,02,,,,Konar Para,কোনার পাড়া,GHU204,21.201905,92.198288,250,0,0,0,0,0,0,0,0,0,0,0,0,0,0,0,0,,,,
1754,Bangladesh,Chattogram,Bandarban,Naikkhyongchhari,Ghumdhum,02,,,,Madhyam Para,মধ্যম পাড়া,GHU205,21.204625,92.199895,300,0,0,0,0,0,0,0,0,0,0,0,0,0,0,0,0,,,,
1755,Bangladesh,Chattogram,Bandarban,Naikkhyongchhari,Ghumdhum,02,,,,Uluboniya Para,উলুবনিয়া পাড়া,GHU206,21.212464,92.198722,500,0,0,0,0,0,0,0,0,0,0,0,0,0,0,0,0,,,,
1756,Bangladesh,Chattogram,Bandarban,Naikkhyongchhari,Ghumdhum,02,,,,Uttar Para,উত্তর পাড়া,GHU207,21.206956,92.200603,250,0,0,0,0,0,0,0,0,0,0,0,0,0,0,0,0,,,,
1757,Bangladesh,Chattogram,Bandarban,Naikkhyongchhari,Ghumdhum,03,,,,Baishpari Dakkhin Para,বাইশপারী দক্ষিণ পাড়া,GHU301,21.228377,92.211078,480,0,0,0,0,0,0,0,0,0,0,0,0,0,0,0,0,,,,
1758,Bangladesh,Chattogram,Bandarban,Naikkhyongchhari,Ghumdhum,03,,,,Baishpari Modhyam Para,বাইশপারী মধ্যম পাড়া,GHU302,21.233024,92.207894,250,0,0,0,0,0,0,0,0,0,0,0,0,0,0,0,0,,,,
1759,Bangladesh,Chattogram,Bandarban,Naikkhyongchhari,Ghumdhum,03,,,,Baishpari Uttar Para,বাইশপারী উত্তর পাড়া,GHU303,21.238267,92.204033,200,0,0,0,0,0,0,0,0,0,0,0,0,0,0,0,0,,,,
1760,Bangladesh,Chattogram,Bandarban,Naikkhyongchhari,Ghumdhum,03,,,,Bashbagan Para,বাঁশবাগান পাড়া,GHU304,21.216409,92.202772,400,0,0,0,0,0,0,0,0,0,0,0,0,0,0,0,0,,,,
1761,Bangladesh,Chattogram,Bandarban,Naikkhyongchhari,Ghumdhum,03,,,,Headman Para,হেডম্যান পাড়া,GHU305,21.212629,92.205754,280,0,0,0,0,0,0,0,0,0,0,0,0,0,0,0,0,,,,
1762,Bangladesh,Chattogram,Bandarban,Naikkhyongchhari,Ghumdhum,03,,,,Tuingajhiri Para,তুইঙ্গাঝিরি পাড়া,GHU306,21.24164,92.202017,240,0,0,0,0,0,0,0,0,0,0,0,0,0,0,0,0,,,,
1763,Bangladesh,Chattogram,Bandarban,Naikkhyongchhari,Ghumdhum,03,,,,Tumbru Bhajaboniya Para,তুমব্রু ভাজাবনিয়া পাড়া,GHU307,21.210911,92.202558,500,0,0,0,0,0,0,0,0,0,0,0,0,0,0,0,0,,,,
1764,Bangladesh,Chattogram,Bandarban,Naikkhyongchhari,Ghumdhum,03,,,,Tumbru Uttar Para,তুমব্রু উত্তর পাড়া,GHU308,21.208326,92.201236,400,0,0,0,0,0,0,0,0,0,0,0,0,0,0,0,0,,,,
1765,Bangladesh,Chattogram,Bandarban,Naikkhyongchhari,Ghumdhum,03,,,,Baishpari BGB Camp,বাইশপারী বিজিবি ক্যাম্প,GHU309,21.230907,92.211017,50,0,0,0,0,0,0,0,0,0,0,0,0,0,0,0,0,,,,
1766,Bangladesh,Chattogram,Bandarban,Naikkhyongchhari,Ghumdhum,03,,,,Baishpari Army Transit Camp,বাইশপারী আর্মি ট্রানজিট ক্যাম্প,GHU310,21.230375,92.211489,20,0,0,0,0,0,0,0,0,0,0,0,0,0,0,0,0,,,,
1767,Bangladesh,Chattogram,Bandarban,Naikkhyongchhari,Ghumdhum,03,,,,Tuingajhiri BGB Camp,তুইঙ্গাঝিরি বিজিবি  ক্যাম্প,GHU311,21.246234,92.205843,45,0,0,0,0,0,0,0,0,0,0,0,0,0,0,0,0,,,,
1768,Bangladesh,Chattogram,Bandarban,Naikkhyongchhari,Ghumdhum,04,,,,Ghumdhum Betbuniya Para,ঘুমধুম বেতবুনিয়া পাড়া,GHU401,21.19472,92.175881,400,0,0,0,0,0,0,0,0,0,0,0,0,0,0,0,0,,,,
1769,Bangladesh,Chattogram,Bandarban,Naikkhyongchhari,Ghumdhum,04,,,,Ghumdhum Ghona Para,ঘুমধুম ঘোনা পাড়া,GHU402,21.197569,92.176638,100,0,0,0,0,0,0,0,0,0,0,0,0,0,0,0,0,,,,
1770,Bangladesh,Chattogram,Bandarban,Naikkhyongchhari,Ghumdhum,04,,,,Ghumdhum Headman Para,ঘুমধুম হেডম্যান পাড়া,GHU403,21.196973,92.17868,100,0,0,0,0,0,0,0,0,0,0,0,0,0,0,0,0,,,,
1771,Bangladesh,Chattogram,Bandarban,Naikkhyongchhari,Ghumdhum,04,,,,Ghumdhum Jolpaitoli Para,ঘুমধুম জলপাইতলী পাড়া,GHU404,21.195438,92.181266,150,0,0,0,0,0,0,0,0,0,0,0,0,0,0,0,0,,,,
1772,Bangladesh,Chattogram,Bandarban,Naikkhyongchhari,Ghumdhum,04,,,,Ghumdhum Modhyam Para,ঘুমধুম মধ্যম পাড়া,GHU405,21.193442,92.178773,1120,0,0,0,0,0,0,0,0,0,0,0,0,0,0,0,0,,,,
1773,Bangladesh,Chattogram,Bandarban,Naikkhyongchhari,Ghumdhum,04,,,,Ghumdhum Purba Para,ঘুমধুম পূ্র্ব পাড়া,GHU406,21.188104,92.179417,150,0,0,0,0,0,0,0,0,0,0,0,0,0,0,0,0,,,,
1774,Bangladesh,Chattogram,Bandarban,Naikkhyongchhari,Ghumdhum,04,,,,Ghumdhum BOP Camp,ঘুমধুম বিওপি ক্যাম্প,GHU407,21.189653,92.178954,180,0,0,0,0,0,0,0,0,0,0,0,0,0,0,0,0,,,,
1775,Bangladesh,Chattogram,Bandarban,Naikkhyongchhari,Ghumdhum,05,,,,Ghumdhum Ghonar Para,ঘুমধুম ঘোনার পাড়া,GHU501,21.199469,92.172939,1000,0,0,0,0,0,0,0,0,0,0,0,0,0,0,0,0,,,,
1776,Bangladesh,Chattogram,Bandarban,Naikkhyongchhari,Ghumdhum,05,,,,Ghumdhum Kolal Para,ঘুমধুম কোলাল পাড়া,GHU502,21.195328,92.174313,330,0,0,0,0,0,0,0,0,0,0,0,0,0,0,0,0,,,,
1777,Bangladesh,Chattogram,Bandarban,Naikkhyongchhari,Ghumdhum,05,,,,Ghumdhum Noya Para,ঘুমধুম নয়া পাড়া,GHU503,21.187694,92.175249,550,0,0,0,0,0,0,0,0,0,0,0,0,0,0,0,0,,,,
1778,Bangladesh,Chattogram,Bandarban,Naikkhyongchhari,Ghumdhum,05,,,,Ghumdhum Pashchim Para,ঘুমধুম পশ্চিম পাড়া,GHU504,21.190653,92.175192,930,0,0,0,0,0,0,0,0,0,0,0,0,0,0,0,0,,,,
1779,Bangladesh,Chattogram,Bandarban,Naikkhyongchhari,Ghumdhum,06,,,,Dakbhanga Para,ডাকভাঙ্গা পাড়া,GHU601,21.219362,92.168423,950,0,0,0,0,0,0,0,0,0,0,0,0,0,0,0,0,,,,
1780,Bangladesh,Chattogram,Bandarban,Naikkhyongchhari,Ghumdhum,06,,,,Ghonar Para,ঘোনার পাড়া,GHU602,21.218375,92.172305,1150,0,0,0,0,0,0,0,0,0,0,0,0,0,0,0,0,,,,
1781,Bangladesh,Chattogram,Bandarban,Naikkhyongchhari,Ghumdhum,06,,,,Kachuboniya Pahar Para,কচুবনিয়া পাহাড় পাড়া,GHU603,21.224925,92.176222,750,0,0,0,0,0,0,0,0,0,0,0,0,0,0,0,0,,,,
1782,Bangladesh,Chattogram,Bandarban,Naikkhyongchhari,Ghumdhum,06,,,,Kachuboniya Para,কচুবনিয়া পাড়া,GHU604,21.213197,92.169178,1250,0,0,0,0,0,0,0,0,0,0,0,0,0,0,0,0,,,,
1783,Bangladesh,Chattogram,Bandarban,Naikkhyongchhari,Ghumdhum,06,,,,Soshan Para,শ্মশান পাড়া,GHU605,21.223475,92.17441,550,0,0,0,0,0,0,0,0,0,0,0,0,0,0,0,0,,,,
1784,Bangladesh,Chattogram,Bandarban,Naikkhyongchhari,Ghumdhum,06,,,,Uttar Barua Para,উত্তর বড়ূয়া পাড়া,GHU606,21.224062,92.170966,1055,0,0,0,0,0,0,0,0,0,0,0,0,0,0,0,0,,,,
1785,Bangladesh,Chattogram,Bandarban,Naikkhyongchhari,Ghumdhum,06,,,,Gorur Khamar,গরুর খামার,GHU607,21.206596,92.172472,20,0,0,0,0,0,0,0,0,0,0,0,0,0,0,0,0,,,,
1786,Bangladesh,Chattogram,Bandarban,Naikkhyongchhari,Ghumdhum,06,,,,Police Fari,পুলিশ ফাঁড়ি,GHU608,21.221117,92.170815,30,0,0,0,0,0,0,0,0,0,0,0,0,0,0,0,0,,,,
1787,Bangladesh,Chattogram,Bandarban,Naikkhyongchhari,Ghumdhum,06,,,,Kumir Khamar,কুমির খামার,GHU609,21.207953,92.176954,25,0,0,0,0,0,0,0,0,0,0,0,0,0,0,0,0,,,,
1788,Bangladesh,Chattogram,Bandarban,Naikkhyongchhari,Ghumdhum,06,,,,Rohingya Camp,রোহিঙ্গা ক্যাম্প,GHU610,21.206223,92.171279,2000,0,0,0,0,0,0,0,0,0,0,0,0,0,0,0,0,,,,
1789,Bangladesh,Chattogram,Bandarban,Naikkhyongchhari,Ghumdhum,07,,,,Ajukhaiya Para,আজুখাইয়া পাড়া,GHU701,21.233732,92.181688,1700,0,0,0,0,0,0,0,0,0,0,0,0,0,0,0,0,,,,
1790,Bangladesh,Chattogram,Bandarban,Naikkhyongchhari,Ghumdhum,07,,,,Bhumihin Para,ভূমিহীন পাড়া,GHU702,21.228582,92.185094,1000,0,0,0,0,0,0,0,0,0,0,0,0,0,0,0,0,,,,
1791,Bangladesh,Chattogram,Bandarban,Naikkhyongchhari,Ghumdhum,07,,,,Fakir Para,ফকির পাড়া,GHU703,21.243404,92.183075,950,0,0,0,0,0,0,0,0,0,0,0,0,0,0,0,0,,,,
1792,Bangladesh,Chattogram,Bandarban,Naikkhyongchhari,Ghumdhum,07,,,,Uttar Ghumdhum Borobil Para,উত্তর ঘুমধুম বড়বিল পাড়া,GHU704,21.22812,92.17492,850,0,0,0,0,0,0,0,0,0,0,0,0,0,0,0,0,,,,
1793,Bangladesh,Chattogram,Bandarban,Naikkhyongchhari,Ghumdhum,07,,,,Uttar Ghumdhum Moghghat Para,উত্তর ঘুমধুম মঘঘাট পাড়া,GHU705,21.228728,92.180521,1900,0,0,0,0,0,0,0,0,0,0,0,0,0,0,0,0,,,,
1794,Bangladesh,Chattogram,Bandarban,Naikkhyongchhari,Ghumdhum,08,,,,Fatra Jhiri Para,ফাত্রা ঝিরি পাড়া,GHU801,21.289435,92.176016,250,0,0,0,0,0,0,0,0,0,0,0,0,0,0,0,0,,,,
1795,Bangladesh,Chattogram,Bandarban,Naikkhyongchhari,Ghumdhum,08,,,,Futerjhiri Para,ফুটেরঝিরি পাড়া,GHU802,21.285298,92.179334,250,0,0,0,0,0,0,0,0,0,0,0,0,0,0,0,0,,,,
1796,Bangladesh,Chattogram,Bandarban,Naikkhyongchhari,Ghumdhum,08,,,,Garzanbania Para,গর্জনবনিয়া পাড়া,GHU803,21.274641,92.18212,750,0,0,0,0,0,0,0,0,0,0,0,0,0,0,0,0,,,,
1797,Bangladesh,Chattogram,Bandarban,Naikkhyongchhari,Ghumdhum,08,,,,Reju Amtoli Para,রেজু আমতলী পাড়া,GHU804,21.257446,92.189677,800,0,0,0,0,0,0,0,0,0,0,0,0,0,0,0,0,,,,
1798,Bangladesh,Chattogram,Bandarban,Naikkhyongchhari,Ghumdhum,08,,,,Reju Dakkhin Para,রেজু দক্ষিণ পাড়া,GHU805,21.248782,92.198506,150,0,0,0,0,0,0,0,0,0,0,0,0,0,0,0,0,,,,
1799,Bangladesh,Chattogram,Bandarban,Naikkhyongchhari,Ghumdhum,08,,,,Reju Marma Para,রেজু মারমা পাড়া,GHU806,21.253984,92.190718,500,0,0,0,0,0,0,0,0,0,0,0,0,0,0,0,0,,,,
1800,Bangladesh,Chattogram,Bandarban,Naikkhyongchhari,Ghumdhum,08,,,,Reju Amtoli BGB Camp,রেজু আমতলী বিজিবি ক্যাম্প,GHU807,21.257953,92.191555,40,0,0,0,0,0,0,0,0,0,0,0,0,0,0,0,0,,,,
1801,Bangladesh,Chattogram,Bandarban,Naikkhyongchhari,Ghumdhum,08,,,,Garzonboniya BGB Camp,গর্জনবনিয়া বিজিবি ক্যাম্প,GHU808,21.272969,92.183731,35,0,0,0,0,0,0,0,0,0,0,0,0,0,0,0,0,,,,
1802,Bangladesh,Chattogram,Bandarban,Naikkhyongchhari,Ghumdhum,08,,,,Fatrajhiri BGB Camp,ফাত্রাঝিরি বিজিবি ক্যাম্প,GHU809,21.288508,92.172609,40,0,0,0,0,0,0,0,0,0,0,0,0,0,0,0,0,,,,
1803,Bangladesh,Chattogram,Bandarban,Naikkhyongchhari,Ghumdhum,09,,,,Bhalukiya Para,ভালুকিয়া পাড়া,GHU901,21.296319,92.170807,750,0,0,0,0,0,0,0,0,0,0,0,0,0,0,0,0,,,,
1804,Bangladesh,Chattogram,Bandarban,Naikkhyongchhari,Ghumdhum,09,,,,Baraitali Para,বড়ইতলি পাড়া,GHU902,21.310189,92.162858,1250,0,0,0,0,0,0,0,0,0,0,0,0,0,0,0,0,,,,
1805,Bangladesh,Chattogram,Bandarban,Naikkhyongchhari,Ghumdhum,09,,,,Gachhboniya Para,গাছবনিয়া পাড়া,GHU903,21.319447,92.188775,200,0,0,0,0,0,0,0,0,0,0,0,0,0,0,0,0,,,,
1806,Bangladesh,Chattogram,Bandarban,Naikkhyongchhari,Ghumdhum,09,,,,Jamirtoli Para,জামিরতলী পাড়া,GHU904,21.314494,92.16586,900,0,0,0,0,0,0,0,0,0,0,0,0,0,0,0,0,,,,
1807,Bangladesh,Chattogram,Bandarban,Naikkhyongchhari,Ghumdhum,09,,,,Mongjoy Para,মংজয় পাড়া,GHU905,21.30601,92.166697,1100,0,0,0,0,0,0,0,0,0,0,0,0,0,0,0,0,,,,
1808,Bangladesh,Chattogram,Bandarban,Naikkhyongchhari,Ghumdhum,09,,,,Murong Para,মুরুং পাড়া,GHU906,21.332014,92.180743,75,0,0,0,0,0,0,0,0,0,0,0,0,0,0,0,0,,,,
1809,Bangladesh,Chattogram,Bandarban,Naikkhyongchhari,Ghumdhum,09,,,,Mongjoy Para BGB Camp,মংজয় পাড়া বিজিবি ক্যাম্প,GHU907,21.309983,92.172151,55,0,0,0,0,0,0,0,0,0,0,0,0,0,0,0,0,,,,
1810,Bangladesh,Chattogram,Bandarban,Naikkhyongchhari,Naikkhyongchhari Sadar,01,,,,Adarshagram Para,আদর্শগ্রাম পাড়া,NAI101,21.429154,92.167804,2000,0,0,0,0,0,0,0,0,0,0,0,0,0,0,0,0,,,,
1811,Bangladesh,Chattogram,Bandarban,Naikkhyongchhari,Naikkhyongchhari Sadar,01,,,,Dhungri Headman Para,ধুংরী হেডম্যান পাড়া,NAI102,21.426468,92.181743,1050,0,0,0,0,0,0,0,0,0,0,0,0,0,0,0,0,,,,
1812,Bangladesh,Chattogram,Bandarban,Naikkhyongchhari,Naikkhyongchhari Sadar,01,,,,Islampur Para,ইসলামপুর পাড়া,NAI103,21.429978,92.173584,650,0,0,0,0,0,0,0,0,0,0,0,0,0,0,0,0,,,,
1813,Bangladesh,Chattogram,Bandarban,Naikkhyongchhari,Naikkhyongchhari Sadar,01,,,,Joutha Khamar Para,যৌথ খামার পাড়া,NAI104,21.422258,92.175737,120,0,0,0,0,0,0,0,0,0,0,0,0,0,0,0,0,,,,
1814,Bangladesh,Chattogram,Bandarban,Naikkhyongchhari,Naikkhyongchhari Sadar,01,,,,Lake Para / Godar Para,লেক পাড়া / গোদার পাড়া,NAI105,21.423295,92.172142,500,0,0,0,0,0,0,0,0,0,0,0,0,0,0,0,0,,,,
1815,Bangladesh,Chattogram,Bandarban,Naikkhyongchhari,Naikkhyongchhari Sadar,01,,,,Masjid Ghona Para,মসজিদ ঘোনা পাড়া,NAI106,21.424732,92.175729,500,0,0,0,0,0,0,0,0,0,0,0,0,0,0,0,0,,,,
1816,Bangladesh,Chattogram,Bandarban,Naikkhyongchhari,Naikkhyongchhari Sadar,01,,,,Mahajan Ghona Para,মহাজন ঘোনা পাড়া,NAI107,21.425942,92.173118,400,0,0,0,0,0,0,0,0,0,0,0,0,0,0,0,0,,,,
1817,Bangladesh,Chattogram,Bandarban,Naikkhyongchhari,Naikkhyongchhari Sadar,01,,,,Naikhongchhari Sadar Area/ Bazar Para,নাইক্ষ্যংছড়ি সদর এরিয়া/ বাজার পাড়া,NAI108,21.427347,92.177937,1000,0,0,0,0,0,0,0,0,0,0,0,0,0,0,0,0,,,,
1818,Bangladesh,Chattogram,Bandarban,Naikkhyongchhari,Naikkhyongchhari Sadar,01,,,,Rasulpur Para,রসুলপুর পাড়া,NAI109,21.414823,92.158018,100,0,0,0,0,0,0,0,0,0,0,0,0,0,0,0,0,,,,
1819,Bangladesh,Chattogram,Bandarban,Naikkhyongchhari,Naikkhyongchhari Sadar,01,,,,School Para,স্কুল পাড়া,NAI110,21.425654,92.180239,1000,0,0,0,0,0,0,0,0,0,0,0,0,0,0,0,0,,,,
1820,Bangladesh,Chattogram,Bandarban,Naikkhyongchhari,Naikkhyongchhari Sadar,01,,,,Naikhongchhari Border Guard Bangladesh Sadar Doftor,নাইক্ষ্যংছড়ি বর্ডার গার্ড বাংলাদেশ সদর দফতর,NAI111,21.431271,92.176002,600,0,0,0,0,0,0,0,0,0,0,0,0,0,0,0,0,,,,
1821,Bangladesh,Chattogram,Bandarban,Naikkhyongchhari,Naikkhyongchhari Sadar,02,,,,Bagan Ghona Para,বাগান ঘোনা পাড়া,NAI201,21.420817,92.18692,1000,0,0,0,0,0,0,0,0,0,0,0,0,0,0,0,0,,,,
1822,Bangladesh,Chattogram,Bandarban,Naikkhyongchhari,Naikkhyongchhari Sadar,02,,,,Barua Para,বড়ুয়া পাড়া,NAI202,21.423337,92.183631,1000,0,0,0,0,0,0,0,0,0,0,0,0,0,0,0,0,,,,
1823,Bangladesh,Chattogram,Bandarban,Naikkhyongchhari,Naikkhyongchhari Sadar,02,,,,Bebshayi Para,ব্যবসায়ী পাড়া,NAI203,21.422921,92.180445,700,0,0,0,0,0,0,0,0,0,0,0,0,0,0,0,0,,,,
1824,Bangladesh,Chattogram,Bandarban,Naikkhyongchhari,Naikkhyongchhari Sadar,02,,,,Dakkhin Bicchamara Para,দক্ষিণ বিছামারা পাড়া,NAI204,21.41076,92.18731,1000,0,0,0,0,0,0,0,0,0,0,0,0,0,0,0,0,,,,
1825,Bangladesh,Chattogram,Bandarban,Naikkhyongchhari,Naikkhyongchhari Sadar,02,,,,Ghilatali Para,ঘিলাতলী পাড়া,NAI205,21.417667,92.182272,700,0,0,0,0,0,0,0,0,0,0,0,0,0,0,0,0,,,,
1826,Bangladesh,Chattogram,Bandarban,Naikkhyongchhari,Naikkhyongchhari Sadar,02,,,,Khotikata Para,ক্ষতিকাটা পাড়া,NAI206,21.40781,92.190042,500,0,0,0,0,0,0,0,0,0,0,0,0,0,0,0,0,,,,
1827,Bangladesh,Chattogram,Bandarban,Naikkhyongchhari,Naikkhyongchhari Sadar,02,,,,Mondollya Ghona Para,মন্ডল্যা ঘোনা পাড়া,NAI207,21.424457,92.186806,250,0,0,0,0,0,0,0,0,0,0,0,0,0,0,0,0,,,,
1828,Bangladesh,Chattogram,Bandarban,Naikkhyongchhari,Naikkhyongchhari Sadar,02,,,,Purba Bichhamara Para,পুর্ব বিছামারা পাড়া,NAI208,21.414194,92.190219,500,0,0,0,0,0,0,0,0,0,0,0,0,0,0,0,0,,,,
1829,Bangladesh,Chattogram,Bandarban,Naikkhyongchhari,Naikkhyongchhari Sadar,02,,,,Thandajhiri Para,ঠাণ্ডাঝিরি পাড়া,NAI209,21.418981,92.179542,600,0,0,0,0,0,0,0,0,0,0,0,0,0,0,0,0,,,,
1830,Bangladesh,Chattogram,Bandarban,Naikkhyongchhari,Naikkhyongchhari Sadar,02,,,,Uttar Bichhamara Para,উত্তর বিছামারা পাড়া,NAI210,21.420356,92.183959,1000,0,0,0,0,0,0,0,0,0,0,0,0,0,0,0,0,,,,
1831,Bangladesh,Chattogram,Bandarban,Naikkhyongchhari,Naikkhyongchhari Sadar,03,,,,Bara Tarakhola Para,বড় তারাখোলা পাড়া,NAI301,21.382559,92.190357,60,0,0,0,0,0,0,0,0,0,0,0,0,0,0,0,0,,,,
1832,Bangladesh,Chattogram,Bandarban,Naikkhyongchhari,Naikkhyongchhari Sadar,03,,,,Chak Headman Para,চাক হেডম্যান পাড়া,NAI302,21.402741,92.192795,350,0,0,0,0,0,0,0,0,0,0,0,0,0,0,0,0,,,,
1833,Bangladesh,Chattogram,Bandarban,Naikkhyongchhari,Naikkhyongchhari Sadar,03,,,,Dakkhin Salami Para,দক্ষিণ ছালামী পাড়া,NAI303,21.383907,92.198,550,0,0,0,0,0,0,0,0,0,0,0,0,0,0,0,0,,,,
1834,Bangladesh,Chattogram,Bandarban,Naikkhyongchhari,Naikkhyongchhari Sadar,03,,,,Joutha Khamar Para,যৌথ খামার পাড়া,NAI304,21.401213,92.182924,150,0,0,0,0,0,0,0,0,0,0,0,0,0,0,0,0,,,,
1835,Bangladesh,Chattogram,Bandarban,Naikkhyongchhari,Naikkhyongchhari Sadar,03,,,,khamar Chak Para,খামার চাক পাড়া,NAI305,21.394314,92.192035,120,0,0,0,0,0,0,0,0,0,0,0,0,0,0,0,0,,,,
1836,Bangladesh,Chattogram,Bandarban,Naikkhyongchhari,Naikkhyongchhari Sadar,03,,,,Madhyam Chak Para,মধ্যম চাক পাড়া,NAI306,21.392306,92.198335,550,0,0,0,0,0,0,0,0,0,0,0,0,0,0,0,0,,,,
1837,Bangladesh,Chattogram,Bandarban,Naikkhyongchhari,Naikkhyongchhari Sadar,03,,,,Natun Chak Para,নতুন চাক পাড়া,NAI307,21.395965,92.187651,300,0,0,0,0,0,0,0,0,0,0,0,0,0,0,0,0,,,,
1838,Bangladesh,Chattogram,Bandarban,Naikkhyongchhari,Naikkhyongchhari Sadar,03,,,,Phuittajhiri Para,ফুইট্টাঝিরি পাড়া,NAI308,21.39651,92.196894,350,0,0,0,0,0,0,0,0,0,0,0,0,0,0,0,0,,,,
1839,Bangladesh,Chattogram,Bandarban,Naikkhyongchhari,Naikkhyongchhari Sadar,03,,,,Uttar Salami Para,উত্তর ছালামী পাড়া,NAI309,21.391434,92.193905,450,0,0,0,0,0,0,0,0,0,0,0,0,0,0,0,0,,,,
1840,Bangladesh,Chattogram,Bandarban,Naikkhyongchhari,Naikkhyongchhari Sadar,04,,,,Amir Hamja Para,আমির হামজা পাড়া,NAI401,21.376357,92.197678,120,0,0,0,0,0,0,0,0,0,0,0,0,0,0,0,0,,,,
1841,Bangladesh,Chattogram,Bandarban,Naikkhyongchhari,Naikkhyongchhari Sadar,04,,,,Ashraf Mia Para,আশরাফ মিয়া পাড়া,NAI402,21.378335,92.202663,300,0,0,0,0,0,0,0,0,0,0,0,0,0,0,0,0,,,,
1842,Bangladesh,Chattogram,Bandarban,Naikkhyongchhari,Naikkhyongchhari Sadar,04,,,,Chairman Para,চেয়ারম্যান পাড়া,NAI403,21.372862,92.203449,300,0,0,0,0,0,0,0,0,0,0,0,0,0,0,0,0,,,,
1843,Bangladesh,Chattogram,Bandarban,Naikkhyongchhari,Naikkhyongchhari Sadar,04,,,,Chakdhhala Bazar Para,চাকঢালা বাজার পাড়া,NAI404,21.371672,92.200905,350,0,0,0,0,0,0,0,0,0,0,0,0,0,0,0,0,,,,
1844,Bangladesh,Chattogram,Bandarban,Naikkhyongchhari,Naikkhyongchhari Sadar,04,,,,Chhathoaijai Chak Para,ছাথোয়াইজাই চাক পাড়া,NAI405,21.374516,92.192269,200,0,0,0,0,0,0,0,0,0,0,0,0,0,0,0,0,,,,
1845,Bangladesh,Chattogram,Bandarban,Naikkhyongchhari,Naikkhyongchhari Sadar,04,,,,Kalukata Para,কালুকাটা পাড়া,NAI406,21.379421,92.20154,250,0,0,0,0,0,0,0,0,0,0,0,0,0,0,0,0,,,,
1846,Bangladesh,Chattogram,Bandarban,Naikkhyongchhari,Naikkhyongchhari Sadar,04,,,,Mrasaaung Karbari Chak Para,ম্রাছাঅং কারবারি চাক পাড়া,NAI407,21.378437,92.196978,150,0,0,0,0,0,0,0,0,0,0,0,0,0,0,0,0,,,,
1847,Bangladesh,Chattogram,Bandarban,Naikkhyongchhari,Naikkhyongchhari Sadar,04,,,,Siddiqabad Para,ছিদ্দিকাবাদ পাড়া,NAI408,21.373328,92.198783,250,0,0,0,0,0,0,0,0,0,0,0,0,0,0,0,0,,,,
1848,Bangladesh,Chattogram,Bandarban,Naikkhyongchhari,Naikkhyongchhari Sadar,05,,,,Amtali Math Para (Ongsho),আমতলী মাঠ পাড়া (অংশ),NAI501,21.356815,92.205305,200,0,0,0,0,0,0,0,0,0,0,0,0,0,0,0,0,,,,
1849,Bangladesh,Chattogram,Bandarban,Naikkhyongchhari,Naikkhyongchhari Sadar,05,,,,Barachhara Para,বড়ছড়া পাড়া,NAI502,21.356522,92.198919,450,0,0,0,0,0,0,0,0,0,0,0,0,0,0,0,0,,,,
1850,Bangladesh,Chattogram,Bandarban,Naikkhyongchhari,Naikkhyongchhari Sadar,05,,,,Ghona Para,ঘোনা পাড়া,NAI503,21.360883,92.207039,450,0,0,0,0,0,0,0,0,0,0,0,0,0,0,0,0,,,,
1851,Bangladesh,Chattogram,Bandarban,Naikkhyongchhari,Naikkhyongchhari Sadar,05,,,,Goyalkata Para,গয়ালকাটা পাড়া,NAI504,21.368068,92.197581,250,0,0,0,0,0,0,0,0,0,0,0,0,0,0,0,0,,,,
1852,Bangladesh,Chattogram,Bandarban,Naikkhyongchhari,Naikkhyongchhari Sadar,05,,,,Goyalmara Para,গয়ালমারা পাড়া,NAI505,21.360398,92.210907,450,0,0,0,0,0,0,0,0,0,0,0,0,0,0,0,0,,,,
1853,Bangladesh,Chattogram,Bandarban,Naikkhyongchhari,Naikkhyongchhari Sadar,05,,,,Natun Para,নতুন পাড়া,NAI506,21.367278,92.190802,150,0,0,0,0,0,0,0,0,0,0,0,0,0,0,0,0,,,,
1854,Bangladesh,Chattogram,Bandarban,Naikkhyongchhari,Naikkhyongchhari Sadar,05,,,,Oli Baksu Math Para,অলি বক্সু মাঠ পাড়া,NAI507,21.364022,92.202481,250,0,0,0,0,0,0,0,0,0,0,0,0,0,0,0,0,,,,
1855,Bangladesh,Chattogram,Bandarban,Naikkhyongchhari,Naikkhyongchhari Sadar,05,,,,Chakdhhala Border Guard Bangladesh Camp,চাকঢালা বর্ডার গার্ড বাংলাদেশ ক্যাম্প,NAI508,21.360509,92.204732,40,0,0,0,0,0,0,0,0,0,0,0,0,0,0,0,0,,,,
1856,Bangladesh,Chattogram,Bandarban,Naikkhyongchhari,Naikkhyongchhari Sadar,06,,,,Amtali Math Para,আমতলী মাঠ পাড়া,NAI601,21.355338,92.206465,800,0,0,0,0,0,0,0,0,0,0,0,0,0,0,0,0,,,,
1857,Bangladesh,Chattogram,Bandarban,Naikkhyongchhari,Naikkhyongchhari Sadar,06,,,,Barachhonkhola Para,বড়ছনখোলা পাড়া,NAI602,21.34819,92.214867,250,0,0,0,0,0,0,0,0,0,0,0,0,0,0,0,0,,,,
1858,Bangladesh,Chattogram,Bandarban,Naikkhyongchhari,Naikkhyongchhari Sadar,06,,,,Cherarmath Para,চেরারমাঠ পাড়া,NAI603,21.344523,92.209705,1000,0,0,0,0,0,0,0,0,0,0,0,0,0,0,0,0,,,,
1859,Bangladesh,Chattogram,Bandarban,Naikkhyongchhari,Naikkhyongchhari Sadar,06,,,,Fozurchhara Para,ফজুরছড়া পাড়া,NAI604,21.355512,92.214279,300,0,0,0,0,0,0,0,0,0,0,0,0,0,0,0,0,,,,
1860,Bangladesh,Chattogram,Bandarban,Naikkhyongchhari,Naikkhyongchhari Sadar,06,,,,Hamidia Para,হামিদিয়া পাড়া,NAI605,21.345826,92.199147,600,0,0,0,0,0,0,0,0,0,0,0,0,0,0,0,0,,,,
1861,Bangladesh,Chattogram,Bandarban,Naikkhyongchhari,Naikkhyongchhari Sadar,06,,,,Lambamath Para,লম্বামাঠ  পাড়া,NAI606,21.349843,92.208462,500,0,0,0,0,0,0,0,0,0,0,0,0,0,0,0,0,,,,
1862,Bangladesh,Chattogram,Bandarban,Naikkhyongchhari,Naikkhyongchhari Sadar,06,,,,Nikuchhari Para,নিকুছড়ি পাড়া,NAI607,21.347537,92.195598,600,0,0,0,0,0,0,0,0,0,0,0,0,0,0,0,0,,,,
1863,Bangladesh,Chattogram,Bandarban,Naikkhyongchhari,Naikkhyongchhari Sadar,07,,,,Cherarkul Para,চেরারকুল পাড়া,NAI701,21.381501,92.215699,750,0,0,0,0,0,0,0,0,0,0,0,0,0,0,0,0,,,,
1864,Bangladesh,Chattogram,Bandarban,Naikkhyongchhari,Naikkhyongchhari Sadar,07,,,,Keichchhabunia Para,কেইচ্ছাবুনিয়া পাড়া,NAI702,21.389331,92.21141,150,0,0,0,0,0,0,0,0,0,0,0,0,0,0,0,0,,,,
1865,Bangladesh,Chattogram,Bandarban,Naikkhyongchhari,Naikkhyongchhari Sadar,07,,,,Kombania Para,কম্বনিয়া পাড়া,NAI703,21.389675,92.221503,700,0,0,0,0,0,0,0,0,0,0,0,0,0,0,0,0,,,,
1866,Bangladesh,Chattogram,Bandarban,Naikkhyongchhari,Naikkhyongchhari Sadar,07,,,,Zaruliachhari Para,জারুলিয়াছড়ি পাড়া,NAI704,21.395056,92.229278,300,0,0,0,0,0,0,0,0,0,0,0,0,0,0,0,0,,,,
1867,Bangladesh,Chattogram,Bandarban,Naikkhyongchhari,Naikkhyongchhari Sadar,08,,,,Ashartoli Para,আশারতলী পাড়া,NAI801,21.381077,92.226676,750,0,0,0,0,0,0,0,0,0,0,0,0,0,0,0,0,,,,
1868,Bangladesh,Chattogram,Bandarban,Naikkhyongchhari,Naikkhyongchhari Sadar,08,,,,Dochhari Para,দোছড়ি পাড়া,NAI802,21.383252,92.238197,40,0,0,0,0,0,0,0,0,0,0,0,0,0,0,0,0,,,,
1869,Bangladesh,Chattogram,Bandarban,Naikkhyongchhari,Naikkhyongchhari Sadar,08,,,,Jamchhari Para,জামছড়ি পাড়া,NAI803,21.361113,92.237936,450,0,0,0,0,0,0,0,0,0,0,0,0,0,0,0,0,,,,
1870,Bangladesh,Chattogram,Bandarban,Naikkhyongchhari,Naikkhyongchhari Sadar,08,,,,Meherpur Para,মেহেরপুর পাড়া,NAI804,21.370839,92.213791,300,0,0,0,0,0,0,0,0,0,0,0,0,0,0,0,0,,,,
1871,Bangladesh,Chattogram,Bandarban,Naikkhyongchhari,Naikkhyongchhari Sadar,08,,,,Pradhan Jhiri Para,প্রধান ঝিরি পাড়া,NAI805,21.371652,92.234357,500,0,0,0,0,0,0,0,0,0,0,0,0,0,0,0,0,,,,
1872,Bangladesh,Chattogram,Bandarban,Naikkhyongchhari,Naikkhyongchhari Sadar,08,,,,Sapmara Jhiri Para,সাপমারা ঝিরি পাড়া,NAI806,21.362401,92.219507,60,0,0,0,0,0,0,0,0,0,0,0,0,0,0,0,0,,,,
1873,Bangladesh,Chattogram,Bandarban,Naikkhyongchhari,Naikkhyongchhari Sadar,08,,,,Ashartoli Border Guard Bangladesh Camp,আশারতলী বর্ডার গার্ড বাংলাদেশ ক্যাম্প,NAI807,21.375485,92.239055,250,0,0,0,0,0,0,0,0,0,0,0,0,0,0,0,0,,,,
1874,Bangladesh,Chattogram,Bandarban,Naikkhyongchhari,Naikkhyongchhari Sadar,08,,,,Zarulia Border Guard Bangladesh Camp,জারুলিয়া বর্ডার গার্ড বাংলাদেশ ক্যাম্প,NAI808,21.395449,92.251389,600,0,0,0,0,0,0,0,0,0,0,0,0,0,0,0,0,,,,
1875,Bangladesh,Chattogram,Bandarban,Naikkhyongchhari,Naikkhyongchhari Sadar,09,,,,Bamhatirchhara Para,বামহাতিরছড়া পাড়া,NAI901,21.420072,92.243837,500,0,0,0,0,0,0,0,0,0,0,0,0,0,0,0,0,,,,
1876,Bangladesh,Chattogram,Bandarban,Naikkhyongchhari,Naikkhyongchhari Sadar,09,,,,Bhallukkhaiya Para,ভাল্লুকখাইয়া পাড়া,NAI902,21.432391,92.235732,300,0,0,0,0,0,0,0,0,0,0,0,0,0,0,0,0,,,,
1877,Bangladesh,Chattogram,Bandarban,Naikkhyongchhari,Naikkhyongchhari Sadar,09,,,,Baraitali Para,বড়ইতলি পাড়া,NAI903,21.425717,92.250232,200,0,0,0,0,0,0,0,0,0,0,0,0,0,0,0,0,,,,
1878,Bangladesh,Chattogram,Bandarban,Naikkhyongchhari,Naikkhyongchhari Sadar,09,,,,Dhhekibonia Para,ঢেকিবনিয়া পাড়া,NAI904,21.421039,92.24795,150,0,0,0,0,0,0,0,0,0,0,0,0,0,0,0,0,,,,
1879,Bangladesh,Chattogram,Bandarban,Naikkhyongchhari,Naikkhyongchhari Sadar,09,,,,Fultoli Para,ফুলতলী পাড়া,NAI905,21.410379,92.243629,550,0,0,0,0,0,0,0,0,0,0,0,0,0,0,0,0,,,,
1880,Bangladesh,Chattogram,Bandarban,Naikkhyongchhari,Naikkhyongchhari Sadar,09,,,,Reikka Para,রেইক্কা পাড়া,NAI906,21.432323,92.262179,50,0,0,0,0,0,0,0,0,0,0,0,0,0,0,0,0,,,,
1881,Bangladesh,Chattogram,Bandarban,Naikkhyongchhari,Naikkhyongchhari Sadar,09,,,,Shiler Ghona Para,শিলের ঘোনা পাড়া,NAI907,21.426179,92.238813,150,0,0,0,0,0,0,0,0,0,0,0,0,0,0,0,0,,,,
1882,Bangladesh,Chattogram,Bandarban,Naikkhyongchhari,Naikkhyongchhari Sadar,09,,,,Bhallukkhaiya Border Guard Bangladesh Camp,ভাল্লুকখাইয়া বর্ডার গার্ড বাংলাদেশ ক্যাম্প,NAI908,21.422869,92.247154,40,0,0,0,0,0,0,0,0,0,0,0,0,0,0,0,0,,,,
1883,Bangladesh,Chattogram,Bandarban,Naikkhyongchhari,Naikkhyongchhari Sadar,09,,,,Fultoli Border Guard Bangladesh Camp,ফুলতলী বর্ডার গার্ড বাংলাদেশ ক্যাম্প,NAI909,21.412451,92.241754,40,0,0,0,0,0,0,0,0,0,0,0,0,0,0,0,0,,,,
1884,Bangladesh,Chattogram,Bandarban,Naikkhyongchhari,Sonaichhari,01,,,,Zaruliachhari Marma Para,জারুলিয়াছড়ি মারমা পাড়া,SON101,21.406155,92.164839,120,0,0,0,0,0,0,0,0,0,0,0,0,0,0,0,0,,,,
1885,Bangladesh,Chattogram,Bandarban,Naikkhyongchhari,Sonaichhari,01,,,,Zaruliachhari Nicher Para,জারুলিয়াছড়ি নিচের পাড়া,SON102,21.411546,92.165862,210,0,0,0,0,0,0,0,0,0,0,0,0,0,0,0,0,,,,
1886,Bangladesh,Chattogram,Bandarban,Naikkhyongchhari,Sonaichhari,01,,,,Zaruliachhari Upor Para,জারুলিয়াছড়ি উপর পাড়া,SON103,21.405126,92.172798,270,0,0,0,0,0,0,0,0,0,0,0,0,0,0,0,0,,,,
1887,Bangladesh,Chattogram,Bandarban,Naikkhyongchhari,Sonaichhari,02,,,,Jum Khola Para,জুম খোলা পাড়া,SON201,21.388311,92.156587,130,0,0,0,0,0,0,0,0,0,0,0,0,0,0,0,0,,,,
1888,Bangladesh,Chattogram,Bandarban,Naikkhyongchhari,Sonaichhari,02,,,,Kyarup Para,ক্যারোপ পাড়া,SON202,21.385063,92.157418,470,0,0,0,0,0,0,0,0,0,0,0,0,0,0,0,0,,,,
1889,Bangladesh,Chattogram,Bandarban,Naikkhyongchhari,Sonaichhari,03,,,,Baniyajhiri Para,বানিয়াঝিরি পাড়া,SON301,21.392747,92.140163,60,0,0,0,0,0,0,0,0,0,0,0,0,0,0,0,0,,,,
1890,Bangladesh,Chattogram,Bandarban,Naikkhyongchhari,Sonaichhari,03,,,,Khudi Para,খুদি পাড়া,SON302,21.396052,92.141727,600,0,0,0,0,0,0,0,0,0,0,0,0,0,0,0,0,,,,
1891,Bangladesh,Chattogram,Bandarban,Naikkhyongchhari,Sonaichhari,03,,,,Nanna Kata Para,নান্না কাটা পাড়া,SON303,21.401147,92.139875,408,0,0,0,0,0,0,0,0,0,0,0,0,0,0,0,0,,,,
1892,Bangladesh,Chattogram,Bandarban,Naikkhyongchhari,Sonaichhari,03,,,,Pashchim Nanna Kata Para,পশ্চিম নান্না কাটা পাড়া,SON304,21.400363,92.137246,228,0,0,0,0,0,0,0,0,0,0,0,0,0,0,0,0,,,,
1893,Bangladesh,Chattogram,Bandarban,Naikkhyongchhari,Sonaichhari,04,,,,Chingthowai Para,চিংথোয়াই পাড়া,SON401,21.387745,92.13942,210,0,0,0,0,0,0,0,0,0,0,0,0,0,0,0,0,,,,
1894,Bangladesh,Chattogram,Bandarban,Naikkhyongchhari,Sonaichhari,04,,,,Natun Marma Para,নতুন মারমা পাড়া,SON402,21.389626,92.139524,204,0,0,0,0,0,0,0,0,0,0,0,0,0,0,0,0,,,,
1895,Bangladesh,Chattogram,Bandarban,Naikkhyongchhari,Sonaichhari,04,,,,Pashchim Thakur Para,পশ্চিম ঠাকুর পাড়া,SON403,21.377417,92.139509,120,0,0,0,0,0,0,0,0,0,0,0,0,0,0,0,0,,,,
1896,Bangladesh,Chattogram,Bandarban,Naikkhyongchhari,Sonaichhari,04,,,,Thakur Para,ঠাকুর পাড়া,SON404,21.382093,92.141673,650,0,0,0,0,0,0,0,0,0,0,0,0,0,0,0,0,,,,
1897,Bangladesh,Chattogram,Bandarban,Naikkhyongchhari,Sonaichhari,05,,,,Ghona Para,ঘোনা পাড়া,SON501,21.37055,92.142727,130,0,0,0,0,0,0,0,0,0,0,0,0,0,0,0,0,,,,
1898,Bangladesh,Chattogram,Bandarban,Naikkhyongchhari,Sonaichhari,05,,,,Headman Para,হেডম্যান পাড়া,SON502,21.371609,92.141301,350,0,0,0,0,0,0,0,0,0,0,0,0,0,0,0,0,,,,
1899,Bangladesh,Chattogram,Bandarban,Naikkhyongchhari,Sonaichhari,05,,,,Zadi Para,জাদি পাড়া,SON503,21.376118,92.142085,96,0,0,0,0,0,0,0,0,0,0,0,0,0,0,0,0,,,,
1900,Bangladesh,Chattogram,Bandarban,Naikkhyongchhari,Sonaichhari,06,,,,Battali Para,বটতলী পাড়া,SON601,21.352929,92.144945,250,0,0,0,0,0,0,0,0,0,0,0,0,0,0,0,0,,,,
1901,Bangladesh,Chattogram,Bandarban,Naikkhyongchhari,Sonaichhari,06,,,,Marogya Para,মারোগ্যা পাড়া,SON602,21.357652,92.146392,280,0,0,0,0,0,0,0,0,0,0,0,0,0,0,0,0,,,,
1902,Bangladesh,Chattogram,Bandarban,Naikkhyongchhari,Sonaichhari,06,,,,Purba Bottoli Para,পূ্র্ব বটতলী পাড়া,SON603,21.353495,92.150142,70,0,0,0,0,0,0,0,0,0,0,0,0,0,0,0,0,,,,
1903,Bangladesh,Chattogram,Bandarban,Naikkhyongchhari,Sonaichhari,07,,,,Baidya Para,বৈদ্য পাড়া,SON701,21.35546,92.14929,250,0,0,0,0,0,0,0,0,0,0,0,0,0,0,0,0,,,,
1904,Bangladesh,Chattogram,Bandarban,Naikkhyongchhari,Sonaichhari,07,,,,Pagli Para,পাগলী পাড়া,SON702,21.344461,92.182303,95,0,0,0,0,0,0,0,0,0,0,0,0,0,0,0,0,,,,
1905,Bangladesh,Chattogram,Bandarban,Naikkhyongchhari,Sonaichhari,07,,,,Paya Jhiri Para,পায়া ঝিরি পাড়া,SON703,21.350915,92.163517,120,0,0,0,0,0,0,0,0,0,0,0,0,0,0,0,0,,,,
1906,Bangladesh,Chattogram,Bandarban,Naikkhyongchhari,Sonaichhari,07,,,,Nikuchhari BGB Camp,নিকুছড়ি বিজিবি ক্যাম্প,SON704,21.33161,92.186488,50,0,0,0,0,0,0,0,0,0,0,0,0,0,0,0,0,,,,
1907,Bangladesh,Chattogram,Bandarban,Naikkhyongchhari,Sonaichhari,08,,,,Chulla Para,চুল্লা পাড়া,SON801,21.348535,92.148148,120,0,0,0,0,0,0,0,0,0,0,0,0,0,0,0,0,,,,
1908,Bangladesh,Chattogram,Bandarban,Naikkhyongchhari,Sonaichhari,08,,,,Natun Para,নতুন পাড়া,SON802,21.343431,92.148978,220,0,0,0,0,0,0,0,0,0,0,0,0,0,0,0,0,,,,
1909,Bangladesh,Chattogram,Bandarban,Naikkhyongchhari,Sonaichhari,08,,,,Reju Headman Para,রেজু হেডম্যান পাড়া,SON803,21.336927,92.151112,220,0,0,0,0,0,0,0,0,0,0,0,0,0,0,0,0,,,,
1910,Bangladesh,Chattogram,Bandarban,Naikkhyongchhari,Sonaichhari,08,,,,Reju Tongchangya Headman Para,রেজু তংচংগ্যা হেডম্যান পাড়া,SON804,21.333479,92.153992,250,0,0,0,0,0,0,0,0,0,0,0,0,0,0,0,0,,,,
1911,Bangladesh,Chattogram,Bandarban,Naikkhyongchhari,Sonaichhari,09,,,,Baidyachhara Para,বৈদ্যছড়া পাড়া,SON901,21.324128,92.154909,280,0,0,0,0,0,0,0,0,0,0,0,0,0,0,0,0,,,,
1912,Bangladesh,Chattogram,Bandarban,Naikkhyongchhari,Sonaichhari,09,,,,Dakkhin Jamirtoli Para,দক্ষিণ জামিরতলী পাড়া,SON902,21.313514,92.160897,216,0,0,0,0,0,0,0,0,0,0,0,0,0,0,0,0,,,,
1913,Bangladesh,Chattogram,Bandarban,Naikkhyongchhari,Sonaichhari,09,,,,Jamirtoli Tongchangya Para,জামিরতলী তংচংগ্যা পাড়া,SON903,21.317126,92.163494,300,0,0,0,0,0,0,0,0,0,0,0,0,0,0,0,0,,,,
1914,Bangladesh,Chattogram,Bandarban,Naikkhyongchhari,Sonaichhari,09,,,,Kumira Para,কুমিরা পাড়া,SON904,21.32902,92.154552,190,0,0,0,0,0,0,0,0,0,0,0,0,0,0,0,0,,,,
1915,Bangladesh,Chattogram,Bandarban,Naikkhyongchhari,Sonaichhari,09,,,,Purba Boiddya Chhara Para,পূ্র্ব বৈদ্য ছড়া পাড়া,SON905,21.327467,92.161674,210,0,0,0,0,0,0,0,0,0,0,0,0,0,0,0,0,,,,
1916,Bangladesh,Chattogram,Bandarban,Naikkhyongchhari,Sonaichhari,09,,,,Uttar Jamirtoli Para,উওর জামিরতলী পাড়া,SON906,21.321253,92.158141,168,0,0,0,0,0,0,0,0,0,0,0,0,0,0,0,0,,,,
1917,Bangladesh,Chattogram,Bandarban,Rowangchhari,Alekkhyong,01,,,,Bom Headman Para,বম হেডম্যান পাড়া,ALK101,22.240528,92.349463,45,0,0,0,0,0,0,0,0,0,0,0,0,0,0,0,0,,,,
1918,Bangladesh,Chattogram,Bandarban,Rowangchhari,Alekkhyong,01,,,,Gura Para,গুরা পাড়া,ALK102,22.238158,92.350826,180,0,0,0,0,0,0,0,0,0,0,0,0,0,0,0,0,,,,
1919,Bangladesh,Chattogram,Bandarban,Rowangchhari,Alekkhyong,01,,,,Mongbau Para,মংবাউ পাড়া,ALK103,22.264833,92.377641,80,0,0,0,0,0,0,0,0,0,0,0,0,0,0,0,0,,,,
1920,Bangladesh,Chattogram,Bandarban,Rowangchhari,Alekkhyong,01,,,,Mongpru Para,মংপ্রু পাড়া,ALK104,22.237936,92.348929,402,0,0,0,0,0,0,0,0,0,0,0,0,0,0,0,0,,,,
1921,Bangladesh,Chattogram,Bandarban,Rowangchhari,Alekkhyong,01,,,,Noa Para,নোয়া পাড়া,ALK105,22.256466,92.384009,172,0,0,0,0,0,0,0,0,0,0,0,0,0,0,0,0,,,,
1922,Bangladesh,Chattogram,Bandarban,Rowangchhari,Alekkhyong,01,,,,Wabrain Para,ওয়াব্রাইন পাড়া,ALK106,22.242418,92.35046,120,0,0,0,0,0,0,0,0,0,0,0,0,0,0,0,0,,,,
1923,Bangladesh,Chattogram,Bandarban,Rowangchhari,Alekkhyong,02,,,,Binanggo Para,বিনাংগো পাড়া,ALK201,22.28124,92.393379,15,0,0,0,0,0,0,0,0,0,0,0,0,0,0,0,0,,,,
1924,Bangladesh,Chattogram,Bandarban,Rowangchhari,Alekkhyong,02,,,,Chini Para,চিনি পাড়া,ALK202,22.264302,92.394575,140,0,0,0,0,0,0,0,0,0,0,0,0,0,0,0,0,,,,
1925,Bangladesh,Chattogram,Bandarban,Rowangchhari,Alekkhyong,02,,,,Khelung Para,খেলুং পাড়া,ALK203,22.249123,92.392944,75,0,0,0,0,0,0,0,0,0,0,0,0,0,0,0,0,,,,
1926,Bangladesh,Chattogram,Bandarban,Rowangchhari,Alekkhyong,02,,,,Lokkhichondro Para,লক্ষীচন্দ্র পাড়া,ALK204,22.280698,92.37392,145,0,0,0,0,0,0,0,0,0,0,0,0,0,0,0,0,,,,
1927,Bangladesh,Chattogram,Bandarban,Rowangchhari,Alekkhyong,02,,,,Lolit Mohon Para,ললিত মোহন পাড়া,ALK205,22.281168,92.366652,95,0,0,0,0,0,0,0,0,0,0,0,0,0,0,0,0,,,,
1928,Bangladesh,Chattogram,Bandarban,Rowangchhari,Alekkhyong,02,,,,Ruru Para,রুরু পাড়া,ALK206,22.26472,92.431134,70,0,0,0,0,0,0,0,0,0,0,0,0,0,0,0,0,,,,
1929,Bangladesh,Chattogram,Bandarban,Rowangchhari,Alekkhyong,02,,,,Siramoni Para,সিরামনি পাড়া,ALK207,22.272654,92.420686,160,0,0,0,0,0,0,0,0,0,0,0,0,0,0,0,0,,,,
1930,Bangladesh,Chattogram,Bandarban,Rowangchhari,Alekkhyong,03,,,,Chuyanbil Para,চুয়ানবিল পাড়া,ALK301,22.237142,92.416258,110,0,0,0,0,0,0,0,0,0,0,0,0,0,0,0,0,,,,
1931,Bangladesh,Chattogram,Bandarban,Rowangchhari,Alekkhyong,03,,,,Doiyokumer Para,দৈয়্যকুমার পাড়া,ALK302,22.240967,92.444744,155,0,0,0,0,0,0,0,0,0,0,0,0,0,0,0,0,,,,
1932,Bangladesh,Chattogram,Bandarban,Rowangchhari,Alekkhyong,03,,,,Model Para,মডেল পাড়া,ALK303,22.227536,92.431055,120,0,0,0,0,0,0,0,0,0,0,0,0,0,0,0,0,,,,
1933,Bangladesh,Chattogram,Bandarban,Rowangchhari,Alekkhyong,03,,,,Mohendro Para,মহেন্দ্র পাড়া,ALK304,22.241574,92.461344,150,0,0,0,0,0,0,0,0,0,0,0,0,0,0,0,0,,,,
1934,Bangladesh,Chattogram,Bandarban,Rowangchhari,Alekkhyong,03,,,,Probhatchandro Para,প্রভাতচন্দ্র পাড়া,ALK305,22.208248,92.478241,38,0,0,0,0,0,0,0,0,0,0,0,0,0,0,0,0,,,,
1935,Bangladesh,Chattogram,Bandarban,Rowangchhari,Alekkhyong,03,,,,Protigga Para,প্রতিজ্ঞা পাড়া,ALK306,22.213673,92.453362,120,0,0,0,0,0,0,0,0,0,0,0,0,0,0,0,0,,,,
1936,Bangladesh,Chattogram,Bandarban,Rowangchhari,Alekkhyong,03,,,,Sippi Para,সিপ্পী পাড়া,ALK307,22.200866,92.487014,50,0,0,0,0,0,0,0,0,0,0,0,0,0,0,0,0,,,,
1937,Bangladesh,Chattogram,Bandarban,Rowangchhari,Alekkhyong,03,,,,Surjoban Para,সূর্যবান পাড়া,ALK308,22.197888,92.45981,180,0,0,0,0,0,0,0,0,0,0,0,0,0,0,0,0,,,,
1938,Bangladesh,Chattogram,Bandarban,Rowangchhari,Alekkhyong,03,,,,Taracha Para,তারাছা পাড়া,ALK309,22.209953,92.434714,100,0,0,0,0,0,0,0,0,0,0,0,0,0,0,0,0,,,,
1939,Bangladesh,Chattogram,Bandarban,Rowangchhari,Alekkhyong,04,,,,Chohla Para,চহ্লা পাড়া,ALK401,22.235834,92.346049,132,0,0,0,0,0,0,0,0,0,0,0,0,0,0,0,0,,,,
1940,Bangladesh,Chattogram,Bandarban,Rowangchhari,Alekkhyong,04,,,,Fosau Para,ফোসাউ পাড়া,ALK402,22.233686,92.393089,71,0,0,0,0,0,0,0,0,0,0,0,0,0,0,0,0,,,,
1941,Bangladesh,Chattogram,Bandarban,Rowangchhari,Alekkhyong,04,,,,Kochchhoptoli Bazar Para,কচ্ছপতলী বাজার পাড়া,ALK403,22.236667,92.348179,125,0,0,0,0,0,0,0,0,0,0,0,0,0,0,0,0,,,,
1942,Bangladesh,Chattogram,Bandarban,Rowangchhari,Alekkhyong,04,,,,Shilbadha Para,শীলবাধা পাড়া,ALK404,22.240193,92.364897,123,0,0,0,0,0,0,0,0,0,0,0,0,0,0,0,0,,,,
1943,Bangladesh,Chattogram,Bandarban,Rowangchhari,Alekkhyong,04,,,,Jadumoni Para,যাদুমনি পাড়া,ALK405,22.23513,92.350505,140,0,0,0,0,0,0,0,0,0,0,0,0,0,0,0,0,,,,
1944,Bangladesh,Chattogram,Bandarban,Rowangchhari,Alekkhyong,05,,,,Bakhyang Para,বাক্ষাং পাড়া,ALK501,22.219691,92.361624,31,0,0,0,0,0,0,0,0,0,0,0,0,0,0,0,0,,,,
1945,Bangladesh,Chattogram,Bandarban,Rowangchhari,Alekkhyong,05,,,,Bekhyang Para,বেক্ষ্যং পাড়া,ALK502,22.222594,92.342349,150,0,0,0,0,0,0,0,0,0,0,0,0,0,0,0,0,,,,
1946,Bangladesh,Chattogram,Bandarban,Rowangchhari,Alekkhyong,05,,,,Kocchoptoli Dakkhin Para,কচ্ছপতলী দক্ষিণ পাড়া,ALK503,22.233297,92.344206,257,0,0,0,0,0,0,0,0,0,0,0,0,0,0,0,0,,,,
1947,Bangladesh,Chattogram,Bandarban,Rowangchhari,Alekkhyong,05,,,,Kochchoptoli Uttar Para,কচ্ছপতলী উত্তর পাড়া,ALK504,22.235338,92.345873,212,0,0,0,0,0,0,0,0,0,0,0,0,0,0,0,0,,,,
1948,Bangladesh,Chattogram,Bandarban,Rowangchhari,Alekkhyong,05,,,,Legai Dakkhin Para,লেগাঁই দক্ষিণ পাড়া,ALK505,22.215823,92.340582,54,0,0,0,0,0,0,0,0,0,0,0,0,0,0,0,0,,,,
1949,Bangladesh,Chattogram,Bandarban,Rowangchhari,Alekkhyong,05,,,,Legai Uttar Para,লেগাঁই উত্তর পাড়া,ALK506,22.218555,92.340926,53,0,0,0,0,0,0,0,0,0,0,0,0,0,0,0,0,,,,
1950,Bangladesh,Chattogram,Bandarban,Rowangchhari,Alekkhyong,05,,,,Liragao Army Camp,লিরাগাও আর্মি ক্যাম্প,ALK507,22.235588,92.348555,50,0,0,0,0,0,0,0,0,0,0,0,0,0,0,0,0,,,,
1951,Bangladesh,Chattogram,Bandarban,Rowangchhari,Alekkhyong,06,,,,Narai Para,নারাই পাড়া,ALK601,22.225012,92.39393,150,0,0,0,0,0,0,0,0,0,0,0,0,0,0,0,0,,,,
1952,Bangladesh,Chattogram,Bandarban,Rowangchhari,Alekkhyong,06,,,,Rolki Para,রোলকি পাড়া,ALK602,22.233654,92.404295,65,0,0,0,0,0,0,0,0,0,0,0,0,0,0,0,0,,,,
1953,Bangladesh,Chattogram,Bandarban,Rowangchhari,Alekkhyong,06,,,,Sadu Headman Para,সাদু হেডম্যান পাড়া,ALK603,22.228521,92.384922,200,0,0,0,0,0,0,0,0,0,0,0,0,0,0,0,0,,,,
1954,Bangladesh,Chattogram,Bandarban,Rowangchhari,Alekkhyong,07,,,,Aungga Para,আংঙ্গা পাড়া,ALK701,22.202266,92.340389,65,0,0,0,0,0,0,0,0,0,0,0,0,0,0,0,0,,,,
1955,Bangladesh,Chattogram,Bandarban,Rowangchhari,Alekkhyong,07,,,,Grokkhyong Para,গ্রোক্ষ্যং পাড়া,ALK702,22.214068,92.336971,70,0,0,0,0,0,0,0,0,0,0,0,0,0,0,0,0,,,,
1956,Bangladesh,Chattogram,Bandarban,Rowangchhari,Alekkhyong,07,,,,Hlapaio Para,হ্লাপাইয় পাড়া,ALK703,22.210425,92.339135,200,0,0,0,0,0,0,0,0,0,0,0,0,0,0,0,0,,,,
1957,Bangladesh,Chattogram,Bandarban,Rowangchhari,Alekkhyong,07,,,,Nothukri Para,নঠুক্রি পাড়া,ALK704,22.206879,92.343902,123,0,0,0,0,0,0,0,0,0,0,0,0,0,0,0,0,,,,
1958,Bangladesh,Chattogram,Bandarban,Rowangchhari,Alekkhyong,08,,,,Bhanggamura Amtali Para,ভাংঙ্গামুড়া আমতলী পাড়া,ALK801,22.18823,92.337177,130,0,0,0,0,0,0,0,0,0,0,0,0,0,0,0,0,,,,
1959,Bangladesh,Chattogram,Bandarban,Rowangchhari,Alekkhyong,08,,,,Bijoy Para,বিজয় পাড়া,ALK802,22.197107,92.335897,203,0,0,0,0,0,0,0,0,0,0,0,0,0,0,0,0,,,,
1960,Bangladesh,Chattogram,Bandarban,Rowangchhari,Alekkhyong,08,,,,Battali Para,বটতলী পাড়া,ALK803,22.185463,92.337603,721,0,0,0,0,0,0,0,0,0,0,0,0,0,0,0,0,,,,
1961,Bangladesh,Chattogram,Bandarban,Rowangchhari,Alekkhyong,08,,,,Chanmoni Para,চানমনি পাড়া,ALK804,22.204361,92.34218,79,0,0,0,0,0,0,0,0,0,0,0,0,0,0,0,0,,,,
1962,Bangladesh,Chattogram,Bandarban,Rowangchhari,Alekkhyong,08,,,,Jamachondro Para,জামাচন্দ্র পাড়া,ALK805,22.203701,92.3397,104,0,0,0,0,0,0,0,0,0,0,0,0,0,0,0,0,,,,
1963,Bangladesh,Chattogram,Bandarban,Rowangchhari,Alekkhyong,08,,,,Paingkkhyong Para,পাইংক্ষ্যং পাড়া,ALK806,22.194285,92.337021,80,0,0,0,0,0,0,0,0,0,0,0,0,0,0,0,0,,,,
1964,Bangladesh,Chattogram,Bandarban,Rowangchhari,Alekkhyong,09,,,,Nathingjhiri Purnabasan Para,নাথিংঝিরি পূর্ণবাসন পাড়া,ALK901,22.176234,92.327287,120,0,0,0,0,0,0,0,0,0,0,0,0,0,0,0,0,,,,
1965,Bangladesh,Chattogram,Bandarban,Rowangchhari,Alekkhyong,09,,,,Waggai Para,ওয়াগ্যই পাড়া,ALK902,22.178783,92.336094,850,0,0,0,0,0,0,0,0,0,0,0,0,0,0,0,0,,,,
1966,Bangladesh,Chattogram,Bandarban,Rowangchhari,Nowapatang,01,,,,Kanaijo Para,কানাইজো পাড়া,NOA101,22.302423,92.292287,700,0,0,0,0,0,0,0,0,0,0,0,0,0,0,0,0,,,,
1967,Bangladesh,Chattogram,Bandarban,Rowangchhari,Nowapatang,02,,,,Antaha Bazar Para,আন্তাহা বাজার পাড়া,NOA201,22.28691,92.291448,230,0,0,0,0,0,0,0,0,0,0,0,0,0,0,0,0,,,,
1968,Bangladesh,Chattogram,Bandarban,Rowangchhari,Nowapatang,02,,,,Antaha Tongchangya Para,আন্তাহা তংচংগ্যা পাড়া,NOA202,22.289585,92.289316,350,0,0,0,0,0,0,0,0,0,0,0,0,0,0,0,0,,,,
1969,Bangladesh,Chattogram,Bandarban,Rowangchhari,Nowapatang,02,,,,Antaha Tripura Para,আন্তাহা ত্রিপুরা পাড়া,NOA203,22.290011,92.290973,800,0,0,0,0,0,0,0,0,0,0,0,0,0,0,0,0,,,,
1970,Bangladesh,Chattogram,Bandarban,Rowangchhari,Nowapatang,02,,,,Antaha Para Sena Camp,আন্তাহা পাড়া সেনা ক্যাম্প,NOA204,22.288029,92.29336,50,0,0,0,0,0,0,0,0,0,0,0,0,0,0,0,0,,,,
1971,Bangladesh,Chattogram,Bandarban,Rowangchhari,Nowapatang,03,,,,Ghongkhang Para,গংখাং পাড়া,NOA301,22.289639,92.3216,180,0,0,0,0,0,0,0,0,0,0,0,0,0,0,0,0,,,,
1972,Bangladesh,Chattogram,Bandarban,Rowangchhari,Nowapatang,03,,,,Khayamrong Headman Para,খায়াম্রং হেডম্যান পাড়া,NOA302,22.279935,92.293129,600,0,0,0,0,0,0,0,0,0,0,0,0,0,0,0,0,,,,
1973,Bangladesh,Chattogram,Bandarban,Rowangchhari,Nowapatang,03,,,,Khayamrong Natun Para,খায়াম্রং নতুন পাড়া,NOA303,22.280638,92.295467,180,0,0,0,0,0,0,0,0,0,0,0,0,0,0,0,0,,,,
1974,Bangladesh,Chattogram,Bandarban,Rowangchhari,Nowapatang,03,,,,Shilchhari Para,শিলছড়ি পাড়া,NOA304,22.30286,92.322375,125,0,0,0,0,0,0,0,0,0,0,0,0,0,0,0,0,,,,
1975,Bangladesh,Chattogram,Bandarban,Rowangchhari,Nowapatang,03,,,,Sona Aga Para,সোনা আগা পাড়া,NOA305,22.276015,92.340306,130,0,0,0,0,0,0,0,0,0,0,0,0,0,0,0,0,,,,
1976,Bangladesh,Chattogram,Bandarban,Rowangchhari,Nowapatang,04,,,,Bathang Para,বটাং পাড়া,NOA401,22.249406,92.29135,95,0,0,0,0,0,0,0,0,0,0,0,0,0,0,0,0,,,,
1977,Bangladesh,Chattogram,Bandarban,Rowangchhari,Nowapatang,04,,,,Ghungkhyang Para,গুংখ্যাং পাড়া,NOA402,22.261447,92.302922,168,0,0,0,0,0,0,0,0,0,0,0,0,0,0,0,0,,,,
1978,Bangladesh,Chattogram,Bandarban,Rowangchhari,Nowapatang,04,,,,Nachhalong Marma Para,নাছালং মার্মা পাড়া,NOA403,22.259916,92.289297,540,0,0,0,0,0,0,0,0,0,0,0,0,0,0,0,0,,,,
1979,Bangladesh,Chattogram,Bandarban,Rowangchhari,Nowapatang,04,,,,Nachhalong Tongchangya Para,নাছালং তংচংগ্যা পাড়া,NOA404,22.260049,92.291094,165,0,0,0,0,0,0,0,0,0,0,0,0,0,0,0,0,,,,
1980,Bangladesh,Chattogram,Bandarban,Rowangchhari,Nowapatang,05,,,,Chhapuse Para,ছপুশৈ পাড়া,NOA501,22.255805,92.301349,100,0,0,0,0,0,0,0,0,0,0,0,0,0,0,0,0,,,,
1981,Bangladesh,Chattogram,Bandarban,Rowangchhari,Nowapatang,05,,,,Shonai Para,সোনাই পাড়া,NOA502,22.258535,92.306944,150,0,0,0,0,0,0,0,0,0,0,0,0,0,0,0,0,,,,
1982,Bangladesh,Chattogram,Bandarban,Rowangchhari,Nowapatang,05,,,,Shonai Sepru Para,সোনাই সেপ্রু পাড়া,NOA503,22.256978,92.306452,150,0,0,0,0,0,0,0,0,0,0,0,0,0,0,0,0,,,,
1983,Bangladesh,Chattogram,Bandarban,Rowangchhari,Nowapatang,06,,,,Baghmara Purba Para,বাঘমারা পূর্ব পাড়া,NOA601,22.236249,92.287029,206,0,0,0,0,0,0,0,0,0,0,0,0,0,0,0,0,,,,
1984,Bangladesh,Chattogram,Bandarban,Rowangchhari,Nowapatang,06,,,,Bignosen Para,বিগ্নসেন পাড়া,NOA602,22.237484,92.287602,165,0,0,0,0,0,0,0,0,0,0,0,0,0,0,0,0,,,,
1985,Bangladesh,Chattogram,Bandarban,Rowangchhari,Nowapatang,06,,,,Doluchhari Nicher Para,ডলুছড়ি নিচের পাড়া,NOA603,22.217489,92.294536,71,0,0,0,0,0,0,0,0,0,0,0,0,0,0,0,0,,,,
1986,Bangladesh,Chattogram,Bandarban,Rowangchhari,Nowapatang,06,,,,Doluchhari Natun Para,ডলুছড়ি নতুন পাড়া,NOA604,22.228291,92.306047,40,0,0,0,0,0,0,0,0,0,0,0,0,0,0,0,0,,,,
1987,Bangladesh,Chattogram,Bandarban,Rowangchhari,Nowapatang,06,,,,Doluchhari Upor Para,ডলুছড়ি উপর পাড়া,NOA605,22.223171,92.309518,65,0,0,0,0,0,0,0,0,0,0,0,0,0,0,0,0,,,,
1988,Bangladesh,Chattogram,Bandarban,Rowangchhari,Nowapatang,06,,,,Baghmara Purba Para Army Camp,বাঘমারা পূর্ব পাড়া আর্মি ক্যাম্প,NOA606,22.238875,92.288887,55,0,0,0,0,0,0,0,0,0,0,0,0,0,0,0,0,,,,
1989,Bangladesh,Chattogram,Bandarban,Rowangchhari,Nowapatang,06,,,,Meching Marma Aam Bagan,মেচিং মারমা আম বাগান,NOA607,22.229156,92.303738,5,0,0,0,0,0,0,0,0,0,0,0,0,0,0,0,0,,,,
1990,Bangladesh,Chattogram,Bandarban,Rowangchhari,Nowapatang,07,,,,Baghmara Vitor Para,বাঘমারা ভিতর পাড়া,NOA701,22.23927,92.303815,200,0,0,0,0,0,0,0,0,0,0,0,0,0,0,0,0,,,,
1991,Bangladesh,Chattogram,Bandarban,Rowangchhari,Nowapatang,07,,,,Douchhari Para,দৌছড়ি পাড়া,NOA702,22.241682,92.300648,120,0,0,0,0,0,0,0,0,0,0,0,0,0,0,0,0,,,,
1992,Bangladesh,Chattogram,Bandarban,Rowangchhari,Nowapatang,08,,,,Alechya Para/ Mohila Para,আলেচ্য পাড়া/ মহিলা পাড়া,NOA801,22.263333,92.34546,220,0,0,0,0,0,0,0,0,0,0,0,0,0,0,0,0,,,,
1993,Bangladesh,Chattogram,Bandarban,Rowangchhari,Nowapatang,08,,,,Flongkkhyang Para,ফলংক্ষ্যং পাড়া,NOA802,22.288214,92.358762,110,0,0,0,0,0,0,0,0,0,0,0,0,0,0,0,0,,,,
1994,Bangladesh,Chattogram,Bandarban,Rowangchhari,Nowapatang,08,,,,Khokkhyong Headman Para,খক্ষ্যং হেডম্যান পাড়া,NOA803,22.241752,92.340185,350,0,0,0,0,0,0,0,0,0,0,0,0,0,0,0,0,,,,
1995,Bangladesh,Chattogram,Bandarban,Rowangchhari,Nowapatang,08,,,,Kronglain Para,ক্রংলাইন পাড়া,NOA804,22.296519,92.378145,40,0,0,0,0,0,0,0,0,0,0,0,0,0,0,0,0,,,,
1996,Bangladesh,Chattogram,Bandarban,Rowangchhari,Nowapatang,08,,,,Tuicha Para,তুইচা পাড়া,NOA805,22.292618,92.36722,180,0,0,0,0,0,0,0,0,0,0,0,0,0,0,0,0,,,,
1997,Bangladesh,Chattogram,Bandarban,Rowangchhari,Nowapatang,09,,,,Baowa Para,বাওয়া পাড়া,NOA901,22.303545,92.396149,120,0,0,0,0,0,0,0,0,0,0,0,0,0,0,0,0,,,,
1998,Bangladesh,Chattogram,Bandarban,Rowangchhari,Nowapatang,09,,,,Jutiya Para,জুটিয়া পাড়া,NOA902,22.282671,92.366316,180,0,0,0,0,0,0,0,0,0,0,0,0,0,0,0,0,,,,
1999,Bangladesh,Chattogram,Bandarban,Rowangchhari,Nowapatang,09,,,,Mog Para,মোগ পাড়া,NOA903,22.284458,92.406371,30,0,0,0,0,0,0,0,0,0,0,0,0,0,0,0,0,,,,
2000,Bangladesh,Chattogram,Bandarban,Rowangchhari,Nowapatang,09,,,,Maniram Para,মণিরাম পাড়া,NOA904,22.283676,92.375885,100,0,0,0,0,0,0,0,0,0,0,0,0,0,0,0,0,,,,
2001,Bangladesh,Chattogram,Bandarban,Rowangchhari,Nowapatang,09,,,,Thali Para,থলি পাড়া,NOA905,22.242549,92.347069,320,0,0,0,0,0,0,0,0,0,0,0,0,0,0,0,0,,,,
2002,Bangladesh,Chattogram,Bandarban,Rowangchhari,Nowapatang,09,,,,Yangrai Murong Para,ঙারাই ম্রং পাড়া,NOA906,22.243816,92.349195,150,0,0,0,0,0,0,0,0,0,0,0,0,0,0,0,0,,,,
2003,Bangladesh,Chattogram,Bandarban,Rowangchhari,Rowangchhari Sadar,01,,,,Abashik Elaka,আবাসিক এলাকা,ROW101,22.171929,92.336488,100,0,0,0,0,0,0,0,0,0,0,0,0,0,0,0,0,,,,
2004,Bangladesh,Chattogram,Bandarban,Rowangchhari,Rowangchhari Sadar,01,,,,Chainggadong Para,চাইংগাডং পাড়া,ROW102,22.168892,92.341402,200,0,0,0,0,0,0,0,0,0,0,0,0,0,0,0,0,,,,
2005,Bangladesh,Chattogram,Bandarban,Rowangchhari,Rowangchhari Sadar,01,,,,Nataidi Para,নাতাইদি পাড়া,ROW103,22.169297,92.336179,30,0,0,0,0,0,0,0,0,0,0,0,0,0,0,0,0,,,,
2006,Bangladesh,Chattogram,Bandarban,Rowangchhari,Rowangchhari Sadar,01,,,,Rowangchhari Ashram Para,রোয়াংছড়ি আশ্রম পাড়া,ROW104,22.172326,92.332706,60,0,0,0,0,0,0,0,0,0,0,0,0,0,0,0,0,,,,
2007,Bangladesh,Chattogram,Bandarban,Rowangchhari,Rowangchhari Sadar,01,,,,Rowangchhari Madhyam Para,রোয়াংছড়ি মধ্যম পাড়া,ROW105,22.1731,92.336916,400,0,0,0,0,0,0,0,0,0,0,0,0,0,0,0,0,,,,
2008,Bangladesh,Chattogram,Bandarban,Rowangchhari,Rowangchhari Sadar,01,,,,Rowangchhari Natun Para,রোয়াংছড়ি নতুন পাড়া,ROW106,22.170318,92.342211,400,0,0,0,0,0,0,0,0,0,0,0,0,0,0,0,0,,,,
2009,Bangladesh,Chattogram,Bandarban,Rowangchhari,Rowangchhari Sadar,01,,,,Soyanglu Para,সোয়াংলু পাড়া,ROW107,22.16292,92.342494,250,0,0,0,0,0,0,0,0,0,0,0,0,0,0,0,0,,,,
2010,Bangladesh,Chattogram,Bandarban,Rowangchhari,Rowangchhari Sadar,01,,,,T&T Para,টি এন্ড টি পাড়া,ROW108,22.174334,92.339961,50,0,0,0,0,0,0,0,0,0,0,0,0,0,0,0,0,,,,
2011,Bangladesh,Chattogram,Bandarban,Rowangchhari,Rowangchhari Sadar,01,,,,Taimong Para,তাইমং ছড়া,ROW109,22.172966,92.328015,35,0,0,0,0,0,0,0,0,0,0,0,0,0,0,0,0,,,,
2012,Bangladesh,Chattogram,Bandarban,Rowangchhari,Rowangchhari Sadar,01,,,,Talukdar Nicher Para,তালুকদার নিচের পাড়া,ROW110,22.162366,92.360879,60,0,0,0,0,0,0,0,0,0,0,0,0,0,0,0,0,,,,
2013,Bangladesh,Chattogram,Bandarban,Rowangchhari,Rowangchhari Sadar,01,,,,Talukdar Upor Para,তালুকদার উপর পাড়া,ROW111,22.159809,92.364749,170,0,0,0,0,0,0,0,0,0,0,0,0,0,0,0,0,,,,
2014,Bangladesh,Chattogram,Bandarban,Rowangchhari,Rowangchhari Sadar,01,,,,Ujani Para,উজানি পাড়া,ROW112,22.171699,92.33809,350,0,0,0,0,0,0,0,0,0,0,0,0,0,0,0,0,,,,
2015,Bangladesh,Chattogram,Bandarban,Rowangchhari,Rowangchhari Sadar,01,,,,Zadi Para,জাদি পাড়া,ROW113,22.171828,92.339882,100,0,0,0,0,0,0,0,0,0,0,0,0,0,0,0,0,,,,
2016,Bangladesh,Chattogram,Bandarban,Rowangchhari,Rowangchhari Sadar,01,,,,Rowangchari Army Camp,রোয়াংছড়ি আর্মি ক্যাম্প,ROW114,22.169161,92.338112,50,0,0,0,0,0,0,0,0,0,0,0,0,0,0,0,0,,,,
2017,Bangladesh,Chattogram,Bandarban,Rowangchhari,Rowangchhari Sadar,02,,,,Aunggad Para,অংগদ পাড়া,ROW201,22.152048,92.322934,220,0,0,0,0,0,0,0,0,0,0,0,0,0,0,0,0,,,,
2018,Bangladesh,Chattogram,Bandarban,Rowangchhari,Rowangchhari Sadar,02,,,,Aungya Para,অংগ্য পাড়া,ROW202,22.17171,92.318644,160,0,0,0,0,0,0,0,0,0,0,0,0,0,0,0,0,,,,
2019,Bangladesh,Chattogram,Bandarban,Rowangchhari,Rowangchhari Sadar,02,,,,Hlapaigoi Para,হ্লাপাইগই পাড়া,ROW203,22.17152,92.293011,230,0,0,0,0,0,0,0,0,0,0,0,0,0,0,0,0,,,,
2020,Bangladesh,Chattogram,Bandarban,Rowangchhari,Rowangchhari Sadar,02,,,,Kaimtarmukh Para,কাইমত্মারমুখ পাড়া,ROW204,22.167895,92.290808,250,0,0,0,0,0,0,0,0,0,0,0,0,0,0,0,0,,,,
2021,Bangladesh,Chattogram,Bandarban,Rowangchhari,Rowangchhari Sadar,02,,,,Khowaiaungya Para,খোয়াইঅংগ্য পাড়া,ROW205,22.163766,92.32454,70,0,0,0,0,0,0,0,0,0,0,0,0,0,0,0,0,,,,
2022,Bangladesh,Chattogram,Bandarban,Rowangchhari,Rowangchhari Sadar,02,,,,Pagolchhara Para,পাগলছড়া পাড়া,ROW206,22.157722,92.330814,300,0,0,0,0,0,0,0,0,0,0,0,0,0,0,0,0,,,,
2023,Bangladesh,Chattogram,Bandarban,Rowangchhari,Rowangchhari Sadar,03,,,,Aungjai Para,অংজাই পাড়া,ROW301,22.180465,92.382088,220,0,0,0,0,0,0,0,0,0,0,0,0,0,0,0,0,,,,
2024,Bangladesh,Chattogram,Bandarban,Rowangchhari,Rowangchhari Sadar,03,,,,BengChhari Bajar Para,বেংছড়ি বাজার পাড়া,ROW302,22.177197,92.380515,80,0,0,0,0,0,0,0,0,0,0,0,0,0,0,0,0,,,,
2025,Bangladesh,Chattogram,Bandarban,Rowangchhari,Rowangchhari Sadar,03,,,,Chokkhulal Para,চক্ষুলাল পাড়া,ROW303,22.180396,92.340572,80,0,0,0,0,0,0,0,0,0,0,0,0,0,0,0,0,,,,
2026,Bangladesh,Chattogram,Bandarban,Rowangchhari,Rowangchhari Sadar,03,,,,Kabiram/ BengChhari Tripura Para,কবিরাম/ বেংছড়ি ত্রিপুরা পাড়া,ROW304,22.177034,92.376155,80,0,0,0,0,0,0,0,0,0,0,0,0,0,0,0,0,,,,
2027,Bangladesh,Chattogram,Bandarban,Rowangchhari,Rowangchhari Sadar,03,,,,Khabree Para,খাব্রে পাড়া,ROW305,22.174229,92.374292,60,0,0,0,0,0,0,0,0,0,0,0,0,0,0,0,0,,,,
2028,Bangladesh,Chattogram,Bandarban,Rowangchhari,Rowangchhari Sadar,03,,,,Lunglei Para,লুংলেই পাড়া,ROW306,22.200564,92.408864,30,0,0,0,0,0,0,0,0,0,0,0,0,0,0,0,0,,,,
2029,Bangladesh,Chattogram,Bandarban,Rowangchhari,Rowangchhari Sadar,03,,,,Munthar Para,মুনথার পাড়া,ROW307,22.177462,92.378014,30,0,0,0,0,0,0,0,0,0,0,0,0,0,0,0,0,,,,
2030,Bangladesh,Chattogram,Bandarban,Rowangchhari,Rowangchhari Sadar,03,,,,Rowangchari Bazar,রোয়াংছড়ি বাজার,ROW308,22.17439,92.336792,200,0,0,0,0,0,0,0,0,0,0,0,0,0,0,0,0,,,,
2031,Bangladesh,Chattogram,Bandarban,Rowangchhari,Rowangchhari Sadar,03,,,,Shimon Para,শিমন পাড়া,ROW309,22.211912,92.400547,170,0,0,0,0,0,0,0,0,0,0,0,0,0,0,0,0,,,,
2032,Bangladesh,Chattogram,Bandarban,Rowangchhari,Rowangchhari Sadar,03,,,,Shuknajhiri Para,শুকনাঝিড়ি পাড়া,ROW310,22.203558,92.375248,100,0,0,0,0,0,0,0,0,0,0,0,0,0,0,0,0,,,,
2033,Bangladesh,Chattogram,Bandarban,Rowangchhari,Rowangchhari Sadar,03,,,,Tulachhari Aga Para,তুলাছড়ি আগা পাড়া,ROW311,22.213576,92.389606,30,0,0,0,0,0,0,0,0,0,0,0,0,0,0,0,0,,,,
2034,Bangladesh,Chattogram,Bandarban,Rowangchhari,Rowangchhari Sadar,03,,,,Tulachhar Para,তুলাছড়ি পাড়া,ROW312,22.188264,92.340017,150,0,0,0,0,0,0,0,0,0,0,0,0,0,0,0,0,,,,
2035,Bangladesh,Chattogram,Bandarban,Rowangchhari,Rowangchhari Sadar,03,,,,Tulachhar Vitor Para,তুলাছড়ি ভিতর পাড়া,ROW313,22.18591,92.349423,20,0,0,0,0,0,0,0,0,0,0,0,0,0,0,0,0,,,,
2036,Bangladesh,Chattogram,Bandarban,Rowangchhari,Rowangchhari Sadar,03,,,,Lunglei Army Camp,লুংলেই আর্মি ক্যাম্প,ROW314,22.204833,92.405065,50,0,0,0,0,0,0,0,0,0,0,0,0,0,0,0,0,,,,
2037,Bangladesh,Chattogram,Bandarban,Rowangchhari,Rowangchhari Sadar,04,,,,Byangchhari Natun Para,বেংছড়ি নতুন পাড়া,ROW401,22.173689,92.379484,30,0,0,0,0,0,0,0,0,0,0,0,0,0,0,0,0,,,,
2038,Bangladesh,Chattogram,Bandarban,Rowangchhari,Rowangchhari Sadar,04,,,,Byangchhari Para,বেংছড়ি পাড়া,ROW402,22.17496,92.379085,750,0,0,0,0,0,0,0,0,0,0,0,0,0,0,0,0,,,,
2039,Bangladesh,Chattogram,Bandarban,Rowangchhari,Rowangchhari Sadar,04,,,,Byangchhari Punarbasan Para,বেংছড়ি পূর্নবাসন পাড়া,ROW403,22.160761,92.388912,135,0,0,0,0,0,0,0,0,0,0,0,0,0,0,0,0,,,,
2040,Bangladesh,Chattogram,Bandarban,Rowangchhari,Rowangchhari Sadar,04,,,,Kheyang Karbari Para,খেয়াং কারবারি পাড়া,ROW404,22.203622,92.433541,90,0,0,0,0,0,0,0,0,0,0,0,0,0,0,0,0,,,,
2041,Bangladesh,Chattogram,Bandarban,Rowangchhari,Rowangchhari Sadar,04,,,,Lunglei Para,লুংলেই পাড়া,ROW405,22.20005,92.408172,85,0,0,0,0,0,0,0,0,0,0,0,0,0,0,0,0,,,,
2042,Bangladesh,Chattogram,Bandarban,Rowangchhari,Rowangchhari Sadar,04,,,,Refu Para,রেফু পাড়া,ROW406,22.169547,92.37726,120,0,0,0,0,0,0,0,0,0,0,0,0,0,0,0,0,,,,
2043,Bangladesh,Chattogram,Bandarban,Rowangchhari,Rowangchhari Sadar,04,,,,Shankamani Para,শংখমনি পাড়া,ROW407,22.197067,92.458902,220,0,0,0,0,0,0,0,0,0,0,0,0,0,0,0,0,,,,
2044,Bangladesh,Chattogram,Bandarban,Rowangchhari,Rowangchhari Sadar,05,,,,Joydhar Para,জয়ধর পাড়া,ROW501,22.170087,92.442789,150,0,0,0,0,0,0,0,0,0,0,0,0,0,0,0,0,,,,
2045,Bangladesh,Chattogram,Bandarban,Rowangchhari,Rowangchhari Sadar,05,,,,Munrem/ Kulal para,মুনরেম/কুলাল পাড়া,ROW502,22.192506,92.4325,100,0,0,0,0,0,0,0,0,0,0,0,0,0,0,0,0,,,,
2046,Bangladesh,Chattogram,Bandarban,Rowangchhari,Rowangchhari Sadar,05,,,,Ranin Para,রনিন পাড়া,ROW503,22.171823,92.443521,350,0,0,0,0,0,0,0,0,0,0,0,0,0,0,0,0,,,,
2047,Bangladesh,Chattogram,Bandarban,Rowangchhari,Rowangchhari Sadar,06,,,,Khamtam Para,খামতাম পাড়া,ROW601,22.126646,92.382073,150,0,0,0,0,0,0,0,0,0,0,0,0,0,0,0,0,,,,
2048,Bangladesh,Chattogram,Bandarban,Rowangchhari,Rowangchhari Sadar,06,,,,Kyaplyang Para,ক্যাপ্ল্যাং পাড়া,ROW602,22.147721,92.381124,250,0,0,0,0,0,0,0,0,0,0,0,0,0,0,0,0,,,,
2049,Bangladesh,Chattogram,Bandarban,Rowangchhari,Rowangchhari Sadar,06,,,,Paikkhyong Para,পাইক্ষ্যং পাড়া,ROW603,22.139981,92.398201,500,0,0,0,0,0,0,0,0,0,0,0,0,0,0,0,0,,,,
2050,Bangladesh,Chattogram,Bandarban,Rowangchhari,Rowangchhari Sadar,07,,,,Barashila Para,বড়শিলা পাড়া,ROW701,22.118024,92.298042,260,0,0,0,0,0,0,0,0,0,0,0,0,0,0,0,0,,,,
2051,Bangladesh,Chattogram,Bandarban,Rowangchhari,Rowangchhari Sadar,07,,,,Barashila Punarbasan Para,বড়শিলা পূর্নবাসন  পাড়া,ROW702,22.129607,92.298752,150,0,0,0,0,0,0,0,0,0,0,0,0,0,0,0,0,,,,
2052,Bangladesh,Chattogram,Bandarban,Rowangchhari,Rowangchhari Sadar,07,,,,Chingyamukh Para,চিংয়ামুখ পাড়া,ROW703,22.135578,92.290569,250,0,0,0,0,0,0,0,0,0,0,0,0,0,0,0,0,,,,
2053,Bangladesh,Chattogram,Bandarban,Rowangchhari,Rowangchhari Sadar,08,,,,Mongbai Para,মংবাই পাড়া,ROW801,22.118941,92.328111,280,0,0,0,0,0,0,0,0,0,0,0,0,0,0,0,0,,,,
2054,Bangladesh,Chattogram,Bandarban,Rowangchhari,Rowangchhari Sadar,08,,,,Ramthar Para,রামথার পাড়া,ROW802,22.130322,92.362393,150,0,0,0,0,0,0,0,0,0,0,0,0,0,0,0,0,,,,
2055,Bangladesh,Chattogram,Bandarban,Rowangchhari,Rowangchhari Sadar,09,,,,Abichlita Para,অবিচলিত পাড়া,ROW901,22.14001,92.342213,150,0,0,0,0,0,0,0,0,0,0,0,0,0,0,0,0,,,,
2056,Bangladesh,Chattogram,Bandarban,Rowangchhari,Rowangchhari Sadar,09,,,,Dunirbar Para,দুর্নিবার পাড়া,ROW902,22.136911,92.364162,350,0,0,0,0,0,0,0,0,0,0,0,0,0,0,0,0,,,,
2057,Bangladesh,Chattogram,Bandarban,Rowangchhari,Rowangchhari Sadar,09,,,,Gherau Prangsha Para,ঘেরাউ প্রাংসা পাড়া,ROW903,22.125903,92.379389,150,0,0,0,0,0,0,0,0,0,0,0,0,0,0,0,0,,,,
2058,Bangladesh,Chattogram,Bandarban,Rowangchhari,Rowangchhari Sadar,09,,,,Gherau Bhitor Para,ঘেরাউ ভিতর পাড়া,ROW904,22.134797,92.32464,300,0,0,0,0,0,0,0,0,0,0,0,0,0,0,0,0,,,,
2059,Bangladesh,Chattogram,Bandarban,Rowangchhari,Rowangchhari Sadar,09,,,,Debatar Pahar Army Camp,দেবতার পাহাড় আর্মি ক্যাম্প,ROW905,22.141464,92.373959,40,0,0,0,0,0,0,0,0,0,0,0,0,0,0,0,0,,,,
2060,Bangladesh,Chattogram,Bandarban,Rowangchhari,Taracha,01,,,,Chhainggya Danesh Para,ছাইংগ্যা দানেশ পাড়া,TAR101,22.17637,92.235135,2000,0,0,0,0,0,0,0,0,0,0,0,0,0,0,0,0,,,,
2061,Bangladesh,Chattogram,Bandarban,Rowangchhari,Taracha,01,,,,Fakhyongri Para,ফাক্ষ্যংগ্রী পাড়া,TAR102,22.16392,92.242965,250,0,0,0,0,0,0,0,0,0,0,0,0,0,0,0,0,,,,
2062,Bangladesh,Chattogram,Bandarban,Rowangchhari,Taracha,01,,,,Tetulia Para,তেতুলিয়া পাড়া,TAR103,22.168063,92.23171,300,0,0,0,0,0,0,0,0,0,0,0,0,0,0,0,0,,,,
2063,Bangladesh,Chattogram,Bandarban,Rowangchhari,Taracha,01,,,,Unnihla Headman Tripura Para,উন্নিহ্লা হেডম্যান ত্রিপুরা পাড়া,TAR104,22.180142,92.251073,200,0,0,0,0,0,0,0,0,0,0,0,0,0,0,0,0,,,,
2064,Bangladesh,Chattogram,Bandarban,Rowangchhari,Taracha,02,,,,Boikkhyong Noya Para,বৈক্ষ্যং নোয়া পাড়া,TAR201,22.164342,92.272244,250,0,0,0,0,0,0,0,0,0,0,0,0,0,0,0,0,,,,
2065,Bangladesh,Chattogram,Bandarban,Rowangchhari,Taracha,02,,,,Latajhiri Mukh Para,লাতাঝিরি মুখ পাড়া,TAR202,22.162549,92.273551,20,0,0,0,0,0,0,0,0,0,0,0,0,0,0,0,0,,,,
2066,Bangladesh,Chattogram,Bandarban,Rowangchhari,Taracha,02,,,,Mokhyong Para,ম্যোখ্যং পাড়া,TAR203,22.157407,92.276253,20,0,0,0,0,0,0,0,0,0,0,0,0,0,0,0,0,,,,
2067,Bangladesh,Chattogram,Bandarban,Rowangchhari,Taracha,02,,,,Monai Para,মোনাই পাড়া,TAR204,22.164749,92.278523,120,0,0,0,0,0,0,0,0,0,0,0,0,0,0,0,0,,,,
2068,Bangladesh,Chattogram,Bandarban,Rowangchhari,Taracha,02,,,,Noyapotong Nicher Para,নোয়াপতং নিচের পাড়া,TAR205,22.170581,92.278887,250,0,0,0,0,0,0,0,0,0,0,0,0,0,0,0,0,,,,
2069,Bangladesh,Chattogram,Bandarban,Rowangchhari,Taracha,02,,,,Shinai Tripura Para,সিনাই ত্রিপুরা পাড়া,TAR206,22.158557,92.256913,150,0,0,0,0,0,0,0,0,0,0,0,0,0,0,0,0,,,,
2070,Bangladesh,Chattogram,Bandarban,Rowangchhari,Taracha,02,,,,Talukdar Para,তালুকদার পাড়া,TAR207,22.164096,92.260679,250,0,0,0,0,0,0,0,0,0,0,0,0,0,0,0,0,,,,
2071,Bangladesh,Chattogram,Bandarban,Rowangchhari,Taracha,02,,,,Taracha Mukh Para,তারাছা মুখ পাড়া,TAR208,22.162161,92.255357,50,0,0,0,0,0,0,0,0,0,0,0,0,0,0,0,0,,,,
2072,Bangladesh,Chattogram,Bandarban,Rowangchhari,Taracha,02,,,,Taracha Pulice Camp,তারাছা পুলিশ ক্যাম্প,TAR209,22.162339,92.2561,30,0,0,0,0,0,0,0,0,0,0,0,0,0,0,0,0,,,,
2073,Bangladesh,Chattogram,Bandarban,Rowangchhari,Taracha,03,,,,Betchhara Mukh Para,বেতছড়া মুখ পাড়া,TAR301,22.13476,92.256069,300,0,0,0,0,0,0,0,0,0,0,0,0,0,0,0,0,,,,
2074,Bangladesh,Chattogram,Bandarban,Rowangchhari,Taracha,03,,,,Baraitali Para,বড়ইতলি পাড়া,TAR302,22.161632,92.23783,255,0,0,0,0,0,0,0,0,0,0,0,0,0,0,0,0,,,,
2075,Bangladesh,Chattogram,Bandarban,Rowangchhari,Taracha,03,,,,Fakir Para,ফকির পাড়া,TAR303,22.164563,92.251626,32,0,0,0,0,0,0,0,0,0,0,0,0,0,0,0,0,,,,
2076,Bangladesh,Chattogram,Bandarban,Rowangchhari,Taracha,03,,,,Kodompru Para,কদমপ্রু পাড়া,TAR304,22.146613,92.244808,240,0,0,0,0,0,0,0,0,0,0,0,0,0,0,0,0,,,,
2077,Bangladesh,Chattogram,Bandarban,Rowangchhari,Taracha,03,,,,Meraipru Para,মেরাইপ্রু পাড়া,TAR305,22.136204,92.244937,220,0,0,0,0,0,0,0,0,0,0,0,0,0,0,0,0,,,,
2078,Bangladesh,Chattogram,Bandarban,Rowangchhari,Taracha,04,,,,Betchhara Bazar Para,বেতছড়া বাজার পাড়া,TAR401,22.131367,92.257741,45,0,0,0,0,0,0,0,0,0,0,0,0,0,0,0,0,,,,
2079,Bangladesh,Chattogram,Bandarban,Rowangchhari,Taracha,04,,,,Betchhara Headman Para,বেতছড়া হেডম্যান পাড়া,TAR402,22.120948,92.25722,600,0,0,0,0,0,0,0,0,0,0,0,0,0,0,0,0,,,,
2080,Bangladesh,Chattogram,Bandarban,Rowangchhari,Taracha,04,,,,Baidya Para,বৈদ্য পাড়া,TAR403,22.131467,92.261404,545,0,0,0,0,0,0,0,0,0,0,0,0,0,0,0,0,,,,
2081,Bangladesh,Chattogram,Bandarban,Rowangchhari,Taracha,04,,,,Lemujhiri Para,লেমুঝিরি পাড়া,TAR404,22.14639,92.265471,100,0,0,0,0,0,0,0,0,0,0,0,0,0,0,0,0,,,,
2082,Bangladesh,Chattogram,Bandarban,Rowangchhari,Taracha,04,,,,Noa Para,নোয়া পাড়া,TAR405,22.126473,92.26836,20,0,0,0,0,0,0,0,0,0,0,0,0,0,0,0,0,,,,
2083,Bangladesh,Chattogram,Bandarban,Rowangchhari,Taracha,04,,,,Betchhara Army Camp,বেতছড়া আর্মি ক্যাম্প,TAR406,22.130008,92.258719,50,0,0,0,0,0,0,0,0,0,0,0,0,0,0,0,0,,,,
2084,Bangladesh,Chattogram,Bandarban,Rowangchhari,Taracha,05,,,,Chhangking Para,ছাংকিং পাড়া,TAR501,22.087725,92.29783,100,0,0,0,0,0,0,0,0,0,0,0,0,0,0,0,0,,,,
2085,Bangladesh,Chattogram,Bandarban,Rowangchhari,Taracha,05,,,,Douliyan Para,দৌলিয়ান পাড়া,TAR502,22.084801,92.27846,75,0,0,0,0,0,0,0,0,0,0,0,0,0,0,0,0,,,,
2086,Bangladesh,Chattogram,Bandarban,Rowangchhari,Taracha,05,,,,Longthang Para,লংথাং পাড়া,TAR503,22.086016,92.288502,20,0,0,0,0,0,0,0,0,0,0,0,0,0,0,0,0,,,,
2087,Bangladesh,Chattogram,Bandarban,Rowangchhari,Taracha,05,,,,Mayfow Upor Para,ম্যেফু উপর পাড়া,TAR504,22.110775,92.270943,240,0,0,0,0,0,0,0,0,0,0,0,0,0,0,0,0,,,,
2088,Bangladesh,Chattogram,Bandarban,Rowangchhari,Taracha,05,,,,Mayfow Moddhyam Para,ম্যেফু মধ্যম পাড়া,TAR505,22.112312,92.269919,80,0,0,0,0,0,0,0,0,0,0,0,0,0,0,0,0,,,,
2089,Bangladesh,Chattogram,Bandarban,Rowangchhari,Taracha,05,,,,Mayfow Nich Para,ম্যেফু নিচ পাড়া,TAR506,22.111734,92.267682,220,0,0,0,0,0,0,0,0,0,0,0,0,0,0,0,0,,,,
2090,Bangladesh,Chattogram,Bandarban,Rowangchhari,Taracha,06,,,,Aungtong Para,অংথং পাড়া,TAR601,22.094604,92.320347,100,0,0,0,0,0,0,0,0,0,0,0,0,0,0,0,0,,,,
2091,Bangladesh,Chattogram,Bandarban,Rowangchhari,Taracha,06,,,,Gherau Mukh Para,ঘেরাউ মুখ পাড়া,TAR602,22.119966,92.311069,320,0,0,0,0,0,0,0,0,0,0,0,0,0,0,0,0,,,,
2092,Bangladesh,Chattogram,Bandarban,Rowangchhari,Taracha,06,,,,Kolmachhang Para,কোলমাছাং পাড়া,TAR603,22.139055,92.286602,40,0,0,0,0,0,0,0,0,0,0,0,0,0,0,0,0,,,,
2093,Bangladesh,Chattogram,Bandarban,Rowangchhari,Taracha,06,,,,Mongio Para,মংঞো পাড়া,TAR604,22.091908,92.305878,95,0,0,0,0,0,0,0,0,0,0,0,0,0,0,0,0,,,,
2094,Bangladesh,Chattogram,Bandarban,Rowangchhari,Taracha,06,,,,Natun Mongio Para,নতুন মংঞো পাড়া,TAR605,22.089851,92.33433,120,0,0,0,0,0,0,0,0,0,0,0,0,0,0,0,0,,,,
2095,Bangladesh,Chattogram,Bandarban,Rowangchhari,Taracha,06,,,,Sundori Para,সুন্দরী পাড়া,TAR606,22.123976,92.299748,115,0,0,0,0,0,0,0,0,0,0,0,0,0,0,0,0,,,,
2096,Bangladesh,Chattogram,Bandarban,Rowangchhari,Taracha,07,,,,Baghi Para,বাঘি পাড়া,TAR701,22.07717,92.30949,150,0,0,0,0,0,0,0,0,0,0,0,0,0,0,0,0,,,,
2097,Bangladesh,Chattogram,Bandarban,Rowangchhari,Taracha,07,,,,Chhango Para,ছাংও পাড়া,TAR702,22.061598,92.313006,450,0,0,0,0,0,0,0,0,0,0,0,0,0,0,0,0,,,,
2098,Bangladesh,Chattogram,Bandarban,Rowangchhari,Taracha,07,,,,Durnidou Para,দুর্নিদৌ পাড়া,TAR703,22.069478,92.301738,400,0,0,0,0,0,0,0,0,0,0,0,0,0,0,0,0,,,,
2099,Bangladesh,Chattogram,Bandarban,Rowangchhari,Taracha,07,,,,Kratpung Para,ক্রাতপুং পাড়া,TAR704,22.070734,92.322267,150,0,0,0,0,0,0,0,0,0,0,0,0,0,0,0,0,,,,
2100,Bangladesh,Chattogram,Bandarban,Rowangchhari,Taracha,07,,,,Pledom Para,প্লেদম পাড়া,TAR705,22.062684,92.304732,160,0,0,0,0,0,0,0,0,0,0,0,0,0,0,0,0,,,,
2101,Bangladesh,Chattogram,Bandarban,Rowangchhari,Taracha,07,,,,Betchhara Police Camp,বেতছড়া পুলিশ ক্যাম্প,TAR706,22.072089,92.295558,40,0,0,0,0,0,0,0,0,0,0,0,0,0,0,0,0,,,,
2102,Bangladesh,Chattogram,Bandarban,Rowangchhari,Taracha,08,,,,Alekkhyong Para,আলেক্ষ্যং পাড়া,TAR801,22.052525,92.328018,150,0,0,0,0,0,0,0,0,0,0,0,0,0,0,0,0,,,,
2103,Bangladesh,Chattogram,Bandarban,Rowangchhari,Taracha,08,,,,Buri Para,বুড়ি পাড়া,TAR802,22.045223,92.313323,150,0,0,0,0,0,0,0,0,0,0,0,0,0,0,0,0,,,,
2104,Bangladesh,Chattogram,Bandarban,Rowangchhari,Taracha,08,,,,Dolujhiri Para,ডলুঝিরি পাড়া,TAR803,22.038898,92.334801,20,0,0,0,0,0,0,0,0,0,0,0,0,0,0,0,0,,,,
2105,Bangladesh,Chattogram,Bandarban,Rowangchhari,Taracha,08,,,,Hemagri Para,হেমাগ্রী পাড়া,TAR804,22.056646,92.337025,80,0,0,0,0,0,0,0,0,0,0,0,0,0,0,0,0,,,,
2106,Bangladesh,Chattogram,Bandarban,Rowangchhari,Taracha,08,,,,Mangsuimui Para,মাংসুইমুই পাড়া,TAR805,22.072037,92.339153,200,0,0,0,0,0,0,0,0,0,0,0,0,0,0,0,0,,,,
2107,Bangladesh,Chattogram,Bandarban,Rowangchhari,Taracha,08,,,,Markin Para,মার্কিন পাড়া,TAR806,22.079294,92.316646,200,0,0,0,0,0,0,0,0,0,0,0,0,0,0,0,0,,,,
2108,Bangladesh,Chattogram,Bandarban,Rowangchhari,Taracha,08,,,,Menkong Para,মেনকং পাড়া,TAR807,22.045166,92.305293,160,0,0,0,0,0,0,0,0,0,0,0,0,0,0,0,0,,,,
2109,Bangladesh,Chattogram,Bandarban,Rowangchhari,Taracha,08,,,,Menroi Para,মেনরই পাড়া,TAR808,22.041674,92.317561,160,0,0,0,0,0,0,0,0,0,0,0,0,0,0,0,0,,,,
2110,Bangladesh,Chattogram,Bandarban,Rowangchhari,Taracha,08,,,,Murong Bazar Para,মুরুং বাজার পাড়া,TAR809,22.055558,92.321396,250,0,0,0,0,0,0,0,0,0,0,0,0,0,0,0,0,,,,
2111,Bangladesh,Chattogram,Bandarban,Rowangchhari,Taracha,08,,,,Pasing Para,পাসিং পাড়া,TAR810,22.062429,92.334696,120,0,0,0,0,0,0,0,0,0,0,0,0,0,0,0,0,,,,
2112,Bangladesh,Chattogram,Bandarban,Rowangchhari,Taracha,08,,,,Patui Para,পাতুই পাড়া,TAR811,22.048147,92.29497,180,0,0,0,0,0,0,0,0,0,0,0,0,0,0,0,0,,,,
2113,Bangladesh,Chattogram,Bandarban,Rowangchhari,Taracha,08,,,,Singrao Natun Murang/Mro Para,সিংরাও নতুন মুরং/ম্রো পাড়া,TAR812,22.050928,92.311777,60,0,0,0,0,0,0,0,0,0,0,0,0,0,0,0,0,,,,
2114,Bangladesh,Chattogram,Bandarban,Rowangchhari,Taracha,08,,,,Murong Bazar Police Camp,মুরুং বাজার পুলিশ ক্যাম্প,TAR813,22.056036,92.322188,50,0,0,0,0,0,0,0,0,0,0,0,0,0,0,0,0,,,,
2115,Bangladesh,Chattogram,Bandarban,Rowangchhari,Taracha,09,,,,Babu Para,বাবু পাড়া,TAR901,22.058798,92.279467,142,0,0,0,0,0,0,0,0,0,0,0,0,0,0,0,0,,,,
2116,Bangladesh,Chattogram,Bandarban,Rowangchhari,Taracha,09,,,,Jamini Natun Para,জামিনী নতুন পাড়া,TAR902,22.085555,92.259853,102,0,0,0,0,0,0,0,0,0,0,0,0,0,0,0,0,,,,
2117,Bangladesh,Chattogram,Bandarban,Rowangchhari,Taracha,09,,,,Jamini Para,যামিনী পাড়া,TAR903,22.081882,92.261972,182,0,0,0,0,0,0,0,0,0,0,0,0,0,0,0,0,,,,
2118,Bangladesh,Chattogram,Bandarban,Rowangchhari,Taracha,09,,,,Mendui Para,মেনদুই পাড়া,TAR904,22.064005,92.279272,190,0,0,0,0,0,0,0,0,0,0,0,0,0,0,0,0,,,,
2119,Bangladesh,Chattogram,Bandarban,Rowangchhari,Taracha,09,,,,Menlung Para,মেনলুং পাড়া,TAR905,22.042732,92.284659,210,0,0,0,0,0,0,0,0,0,0,0,0,0,0,0,0,,,,
2120,Bangladesh,Chattogram,Bandarban,Rowangchhari,Taracha,09,,,,Porchyong Para,পরচ্যং পাড়া,TAR906,22.073044,92.271182,53,0,0,0,0,0,0,0,0,0,0,0,0,0,0,0,0,,,,
2121,Bangladesh,Chattogram,Bandarban,Rowangchhari,Taracha,09,,,,Thumru Para,থুমরু পাড়া,TAR907,22.058647,92.274453,14,0,0,0,0,0,0,0,0,0,0,0,0,0,0,0,0,,,,
2122,Bangladesh,Chattogram,Bandarban,Ruma,Galengya,01,,,,Adiga Para,আদিগা পাড়া,GAL101,21.904,92.423,200,0,0,0,0,0,0,0,0,0,0,0,0,0,0,0,0,,,,
2123,Bangladesh,Chattogram,Bandarban,Ruma,Galengya,01,,,,Ramdu Para,রামদু পাড়া,GAL102,21.916,92.412,300,0,0,0,0,0,0,0,0,0,0,0,0,0,0,0,0,,,,
2124,Bangladesh,Chattogram,Bandarban,Ruma,Galengya,01,,,,Mongoha Para,মুংগহা পাড়া,GAL103,21.929,92.431,190,0,0,0,0,0,0,0,0,0,0,0,0,0,0,0,0,,,,
2125,Bangladesh,Chattogram,Bandarban,Ruma,Galengya,01,,,,Zigan Para,জিগন পাড়া,GAL104,21.915,92.402,115,0,0,0,0,0,0,0,0,0,0,0,0,0,0,0,0,,,,
2126,Bangladesh,Chattogram,Bandarban,Ruma,Galengya,01,,,,Eden Para,ইডেন পাড়া,GAL105,21.922,92.395,180,0,0,0,0,0,0,0,0,0,0,0,0,0,0,0,0,,,,
2127,Bangladesh,Chattogram,Bandarban,Ruma,Galengya,01,,,,Ramdu Para 2,রামদু পাড়া ২,GAL106,21.912,92.437,120,0,0,0,0,0,0,0,0,0,0,0,0,0,0,0,0,,,,
2128,Bangladesh,Chattogram,Bandarban,Ruma,Galengya,02,,,,Maihui Para,মাইহুই পাড়া,GAL201,21.927,92.376,215,0,0,0,0,0,0,0,0,0,0,0,0,0,0,0,0,,,,
2129,Bangladesh,Chattogram,Bandarban,Ruma,Galengya,02,,,,Manglu Para,মাংলু পাড়া,GAL202,21.947,92.383,210,0,0,0,0,0,0,0,0,0,0,0,0,0,0,0,0,,,,
2130,Bangladesh,Chattogram,Bandarban,Ruma,Galengya,02,,,,Thaingjai Para,থাইংজৈ পাড়া,GAL203,21.954,92.372,45,0,0,0,0,0,0,0,0,0,0,0,0,0,0,0,0,,,,
2131,Bangladesh,Chattogram,Bandarban,Ruma,Galengya,02,,,,Jayton Para,জৈতুন পাড়া,GAL204,21.907,92.388,176,0,0,0,0,0,0,0,0,0,0,0,0,0,0,0,0,,,,
2132,Bangladesh,Chattogram,Bandarban,Ruma,Galengya,02,,,,Kala Para,কালা পাড়া,GAL205,21.929,92.403,140,0,0,0,0,0,0,0,0,0,0,0,0,0,0,0,0,,,,
2133,Bangladesh,Chattogram,Bandarban,Ruma,Galengya,02,,,,Mangpang Para,মাংপং পাড়া,GAL206,21.936,92.364,55,0,0,0,0,0,0,0,0,0,0,0,0,0,0,0,0,,,,
2134,Bangladesh,Chattogram,Bandarban,Ruma,Galengya,02,,,,Natun Para,নতুন পাড়া,GAL207,21.909,92.381,35,0,0,0,0,0,0,0,0,0,0,0,0,0,0,0,0,,,,
2135,Bangladesh,Chattogram,Bandarban,Ruma,Galengya,02,,,,Natun Mro Para,নতুন ম্রো পাড়া,GAL208,21.919,92.36,17,0,0,0,0,0,0,0,0,0,0,0,0,0,0,0,0,,,,
2136,Bangladesh,Chattogram,Bandarban,Ruma,Galengya,03,,,,Dalujhiri Mukh Para,ডলুঝিড়ি মুখ পাড়া,GAL301,21.908,92.378,86,0,0,0,0,0,0,0,0,0,0,0,0,0,0,0,0,,,,
2137,Bangladesh,Chattogram,Bandarban,Ruma,Galengya,03,,,,Dalujhiri Hlafu Para,ডলুঝিড়ি হ্লাফু পাড়া,GAL302,21.896,92.373,54,0,0,0,0,0,0,0,0,0,0,0,0,0,0,0,0,,,,
2138,Bangladesh,Chattogram,Bandarban,Ruma,Galengya,03,,,,Bharat Para,ভরত পাড়া,GAL303,21.887,92.378,170,0,0,0,0,0,0,0,0,0,0,0,0,0,0,0,0,,,,
2139,Bangladesh,Chattogram,Bandarban,Ruma,Galengya,03,,,,Raymohan Para,রাইমোহন পাড়া,GAL304,21.9,92.384,82,0,0,0,0,0,0,0,0,0,0,0,0,0,0,0,0,,,,
2140,Bangladesh,Chattogram,Bandarban,Ruma,Galengya,03,,,,Seprue Para,সেপ্রু পাড়া,GAL305,21.913,92.36,250,0,0,0,0,0,0,0,0,0,0,0,0,0,0,0,0,,,,
2141,Bangladesh,Chattogram,Bandarban,Ruma,Galengya,03,,,,Sangou Para,সাংউ পাড়া,GAL306,21.92,92.353,35,0,0,0,0,0,0,0,0,0,0,0,0,0,0,0,0,,,,
2142,Bangladesh,Chattogram,Bandarban,Ruma,Galengya,03,,,,Kalai Para,কলাই পাড়া,GAL307,21.897,92.352,220,0,0,0,0,0,0,0,0,0,0,0,0,0,0,0,0,,,,
2143,Bangladesh,Chattogram,Bandarban,Ruma,Galengya,03,,,,Era Para,এরা পাড়া,GAL308,21.911,92.336,175,0,0,0,0,0,0,0,0,0,0,0,0,0,0,0,0,,,,
2144,Bangladesh,Chattogram,Bandarban,Ruma,Galengya,03,,,,Nilgiri Army Camp,নীলগীরি আর্মি ক্যাম্প,GAL309,21.911,92.325,50,0,0,0,0,0,0,0,0,0,0,0,0,0,0,0,0,,,,
2145,Bangladesh,Chattogram,Bandarban,Ruma,Galengya,04,,,,Ruitu Para,রুইতু পাড়া,GAL401,21.979,92.358,230,0,0,0,0,0,0,0,0,0,0,0,0,0,0,0,0,,,,
2146,Bangladesh,Chattogram,Bandarban,Ruma,Galengya,04,,,,Basadon Para,বাসাদন পাড়া,GAL402,21.973,92.381,80,0,0,0,0,0,0,0,0,0,0,0,0,0,0,0,0,,,,
2147,Bangladesh,Chattogram,Bandarban,Ruma,Galengya,04,,,,Surtui Para,সুরতুই পাড়া,GAL403,21.972,92.363,35,0,0,0,0,0,0,0,0,0,0,0,0,0,0,0,0,,,,
2148,Bangladesh,Chattogram,Bandarban,Ruma,Galengya,04,,,,Aunglai Para,অংলাই পাড়া,GAL404,21.953,92.352,240,0,0,0,0,0,0,0,0,0,0,0,0,0,0,0,0,,,,
2149,Bangladesh,Chattogram,Bandarban,Ruma,Galengya,04,,,,Khandoi Para,খানদৈ পাড়া,GAL405,21.95,92.346,35,0,0,0,0,0,0,0,0,0,0,0,0,0,0,0,0,,,,
2150,Bangladesh,Chattogram,Bandarban,Ruma,Galengya,04,,,,Khamchang Para,খামচং পাড়া,GAL406,21.963,92.343,70,0,0,0,0,0,0,0,0,0,0,0,0,0,0,0,0,,,,
2151,Bangladesh,Chattogram,Bandarban,Ruma,Galengya,04,,,,Mangthang Para,মাংতং পাড়া,GAL407,21.981,92.333,216,0,0,0,0,0,0,0,0,0,0,0,0,0,0,0,0,,,,
2152,Bangladesh,Chattogram,Bandarban,Ruma,Galengya,04,,,,Singchang Para,সিংচং পাড়া,GAL408,21.989,92.317,60,0,0,0,0,0,0,0,0,0,0,0,0,0,0,0,0,,,,
2153,Bangladesh,Chattogram,Bandarban,Ruma,Galengya,05,,,,Pale Para,পালে পাড়া,GAL501,21.977,92.306,160,0,0,0,0,0,0,0,0,0,0,0,0,0,0,0,0,,,,
2154,Bangladesh,Chattogram,Bandarban,Ruma,Galengya,05,,,,Kurang Bazar Para,কোরাং বাজার পাড়া,GAL502,21.974,92.302,300,0,0,0,0,0,0,0,0,0,0,0,0,0,0,0,0,,,,
2155,Bangladesh,Chattogram,Bandarban,Ruma,Galengya,05,,,,Laipung Headman Para,লাইপুং হেডম্যান পাড়া,GAL503,21.95,92.341,95,0,0,0,0,0,0,0,0,0,0,0,0,0,0,0,0,,,,
2156,Bangladesh,Chattogram,Bandarban,Ruma,Galengya,05,,,,Thangreng Para,থংরেং পাড়া,GAL504,21.945,92.328,172,0,0,0,0,0,0,0,0,0,0,0,0,0,0,0,0,,,,
2157,Bangladesh,Chattogram,Bandarban,Ruma,Galengya,05,,,,Menlong Para,মেনলং পাড়া,GAL505,21.953,92.314,220,0,0,0,0,0,0,0,0,0,0,0,0,0,0,0,0,,,,
2158,Bangladesh,Chattogram,Bandarban,Ruma,Galengya,05,,,,Menrula Para,মেনরুলা পাড়া,GAL506,21.97,92.322,185,0,0,0,0,0,0,0,0,0,0,0,0,0,0,0,0,,,,
2159,Bangladesh,Chattogram,Bandarban,Ruma,Galengya,05,,,,Longbaitong Para,লংবাইংতং পাড়া,GAL507,21.944,92.311,100,0,0,0,0,0,0,0,0,0,0,0,0,0,0,0,0,,,,
2160,Bangladesh,Chattogram,Bandarban,Ruma,Galengya,06,,,,Galengya Bagan Para,গালেংগ্যা বাগান পাড়া,GAL601,21.937,92.346,126,0,0,0,0,0,0,0,0,0,0,0,0,0,0,0,0,,,,
2161,Bangladesh,Chattogram,Bandarban,Ruma,Galengya,06,,,,Punarbasan Para,পূর্ণবাসন পাড়া,GAL602,21.929,92.348,180,0,0,0,0,0,0,0,0,0,0,0,0,0,0,0,0,,,,
2162,Bangladesh,Chattogram,Bandarban,Ruma,Galengya,06,,,,Chini Para,চিনি পাড়া,GAL603,21.94,92.336,45,0,0,0,0,0,0,0,0,0,0,0,0,0,0,0,0,,,,
2163,Bangladesh,Chattogram,Bandarban,Ruma,Galengya,06,,,,Mensing Para,মেনসিং পাড়া,GAL604,21.935,92.318,65,0,0,0,0,0,0,0,0,0,0,0,0,0,0,0,0,,,,
2164,Bangladesh,Chattogram,Bandarban,Ruma,Galengya,06,,,,Riamanai Para,রিয়ামানাই পাড়া,GAL605,21.925,92.327,76,0,0,0,0,0,0,0,0,0,0,0,0,0,0,0,0,,,,
2165,Bangladesh,Chattogram,Bandarban,Ruma,Galengya,06,,,,Galengya Bazar Para,গালেংগ্যা বাজার পাড়া,GAL606,21.934,92.345,35,0,0,0,0,0,0,0,0,0,0,0,0,0,0,0,0,,,,
2166,Bangladesh,Chattogram,Bandarban,Ruma,Galengya,06,,,,Galengya BGB Camp,গালেংগ্যা বিজিবি ক্যাম্প,GAL607,21.931,92.344,36,0,0,0,0,0,0,0,0,0,0,0,0,0,0,0,0,,,,
2167,Bangladesh,Chattogram,Bandarban,Ruma,Galengya,07,,,,Amai Para,আমাই পাড়া,GAL701,22.018,92.321,132,0,0,0,0,0,0,0,0,0,0,0,0,0,0,0,0,,,,
2168,Bangladesh,Chattogram,Bandarban,Ruma,Galengya,07,,,,Lamba Para,লাম্বা পাড়া,GAL702,22.03,92.315,45,0,0,0,0,0,0,0,0,0,0,0,0,0,0,0,0,,,,
2169,Bangladesh,Chattogram,Bandarban,Ruma,Galengya,07,,,,Abu Para,আবু পাড়া,GAL703,22.035,92.314,74,0,0,0,0,0,0,0,0,0,0,0,0,0,0,0,0,,,,
2170,Bangladesh,Chattogram,Bandarban,Ruma,Galengya,07,,,,Kilai Para,কিলাই পাড়া,GAL704,22.007,92.289,37,0,0,0,0,0,0,0,0,0,0,0,0,0,0,0,0,,,,
2171,Bangladesh,Chattogram,Bandarban,Ruma,Galengya,07,,,,Ruif Para,রুইফ পাড়া,GAL705,22.016,92.289,229,0,0,0,0,0,0,0,0,0,0,0,0,0,0,0,0,,,,
2172,Bangladesh,Chattogram,Bandarban,Ruma,Galengya,07,,,,Rangklang Para,রাংক্লাং পাড়া,GAL706,22.006,92.289,86,0,0,0,0,0,0,0,0,0,0,0,0,0,0,0,0,,,,
2173,Bangladesh,Chattogram,Bandarban,Ruma,Galengya,07,,,,Kengku Para /Chita Pahar,কেংকু পাড়া/ চিতা পাহাড়,GAL707,21.999,92.293,97,0,0,0,0,0,0,0,0,0,0,0,0,0,0,0,0,,,,
2174,Bangladesh,Chattogram,Bandarban,Ruma,Galengya,07,,,,Ampu Para,এম্পু পাড়া,GAL708,21.981,92.299,29,0,0,0,0,0,0,0,0,0,0,0,0,0,0,0,0,,,,
2175,Bangladesh,Chattogram,Bandarban,Ruma,Galengya,07,,,,Kumra Para,কুমড়া পাড়া,GAL709,21.998,92.312,119,0,0,0,0,0,0,0,0,0,0,0,0,0,0,0,0,,,,
2176,Bangladesh,Chattogram,Bandarban,Ruma,Galengya,07,,,,Langcha Para,লাংচা পাড়া,GAL710,22.01,92.308,121,0,0,0,0,0,0,0,0,0,0,0,0,0,0,0,0,,,,
2177,Bangladesh,Chattogram,Bandarban,Ruma,Galengya,08,,,,Pantala Marma Para,পান্তলা মার্মা পাড়া,GAL801,21.998,92.394,171,0,0,0,0,0,0,0,0,0,0,0,0,0,0,0,0,,,,
2178,Bangladesh,Chattogram,Bandarban,Ruma,Galengya,08,,,,Surtui Para,সুরতুই পাড়া,GAL802,22.015,92.379,50,0,0,0,0,0,0,0,0,0,0,0,0,0,0,0,0,,,,
2179,Bangladesh,Chattogram,Bandarban,Ruma,Galengya,08,,,,Menrum Para,মেনরুম পাড়া,GAL803,22.01,92.366,80,0,0,0,0,0,0,0,0,0,0,0,0,0,0,0,0,,,,
2180,Bangladesh,Chattogram,Bandarban,Ruma,Galengya,08,,,,Singpro Para,সিংপ্রো পাড়া,GAL804,22.021,92.369,51,0,0,0,0,0,0,0,0,0,0,0,0,0,0,0,0,,,,
2181,Bangladesh,Chattogram,Bandarban,Ruma,Galengya,08,,,,Rumroy Para,রুমরয় পাড়া,GAL805,22.027,92.363,54,0,0,0,0,0,0,0,0,0,0,0,0,0,0,0,0,,,,
2182,Bangladesh,Chattogram,Bandarban,Ruma,Galengya,09,,,,Numlai Headman Para,নুমলাই হেডম্যান পাড়া,GAL901,21.996,92.354,200,0,0,0,0,0,0,0,0,0,0,0,0,0,0,0,0,,,,
2183,Bangladesh,Chattogram,Bandarban,Ruma,Galengya,09,,,,Menrau Para,মেনরাও পাড়া,GAL902,22.007,92.34,150,0,0,0,0,0,0,0,0,0,0,0,0,0,0,0,0,,,,
2184,Bangladesh,Chattogram,Bandarban,Ruma,Galengya,09,,,,Bangkeng Para,বাংকেং পাড়া,GAL903,22.008,92.342,50,0,0,0,0,0,0,0,0,0,0,0,0,0,0,0,0,,,,
2185,Bangladesh,Chattogram,Bandarban,Ruma,Galengya,09,,,,Ruipio Para,রুইপিয় পাড়া,GAL904,22.018,92.355,130,0,0,0,0,0,0,0,0,0,0,0,0,0,0,0,0,,,,
2186,Bangladesh,Chattogram,Bandarban,Ruma,Galengya,09,,,,Baluk Para,বালুক পাড়া,GAL905,21.996,92.327,130,0,0,0,0,0,0,0,0,0,0,0,0,0,0,0,0,,,,
2187,Bangladesh,Chattogram,Bandarban,Ruma,Galengya,09,,,,Namdui Para,নামদুই পাড়া,GAL906,22.009,92.318,160,0,0,0,0,0,0,0,0,0,0,0,0,0,0,0,0,,,,
2188,Bangladesh,Chattogram,Bandarban,Ruma,Paindu,01,,,,Mong Shaipruepara,মং শৈপ্রুপাড়া,PAI101,22.062,92.347,150,0,0,0,0,0,0,0,0,0,0,0,0,0,0,0,0,,,,
2189,Bangladesh,Chattogram,Bandarban,Ruma,Paindu,01,,,,Ganga Para,গংগা পাড়া,PAI102,22.074,92.342,75,0,0,0,0,0,0,0,0,0,0,0,0,0,0,0,0,,,,
2190,Bangladesh,Chattogram,Bandarban,Ruma,Paindu,01,,,,Kanan Para,কানান পাড়া,PAI103,22.108,92.337,85,0,0,0,0,0,0,0,0,0,0,0,0,0,0,0,0,,,,
2191,Bangladesh,Chattogram,Bandarban,Ruma,Paindu,01,,,,Tongmak Para,তংমক পাড়া,PAI104,22.096,92.347,300,0,0,0,0,0,0,0,0,0,0,0,0,0,0,0,0,,,,
2192,Bangladesh,Chattogram,Bandarban,Ruma,Paindu,01,,,,Mui Aungpara,মুই অংপাড়া,PAI105,22.122,92.363,12,0,0,0,0,0,0,0,0,0,0,0,0,0,0,0,0,,,,
2193,Bangladesh,Chattogram,Bandarban,Ruma,Paindu,01,,,,Bagan Para,বাগান পাড়া,PAI106,22.068,92.355,40,0,0,0,0,0,0,0,0,0,0,0,0,0,0,0,0,,,,
2194,Bangladesh,Chattogram,Bandarban,Ruma,Paindu,02,,,,Paindu Headman Para,পাইন্দু হেডম্যান পাড়া,PAI201,22.076,92.368,290,0,0,0,0,0,0,0,0,0,0,0,0,0,0,0,0,,,,
2195,Bangladesh,Chattogram,Bandarban,Ruma,Paindu,02,,,,Purba Bagan Para,পূর্ব বাগান পাড়া,PAI202,22.068,92.357,152,0,0,0,0,0,0,0,0,0,0,0,0,0,0,0,0,,,,
2196,Bangladesh,Chattogram,Bandarban,Ruma,Paindu,02,,,,Alechu Para,আলেচু পাড়া,PAI203,22.084,92.357,155,0,0,0,0,0,0,0,0,0,0,0,0,0,0,0,0,,,,
2197,Bangladesh,Chattogram,Bandarban,Ruma,Paindu,02,,,,Puratan Thoaibatang Para,পুরাতন থোয়াইবতং পাড়া,PAI204,22.09,92.375,35,0,0,0,0,0,0,0,0,0,0,0,0,0,0,0,0,,,,
2198,Bangladesh,Chattogram,Bandarban,Ruma,Paindu,02,,,,Natun Thoaibatang Para,নতুন থোয়াইবতং পাড়া,PAI205,22.101,92.378,68,0,0,0,0,0,0,0,0,0,0,0,0,0,0,0,0,,,,
2199,Bangladesh,Chattogram,Bandarban,Ruma,Paindu,02,,,,Saiagra Para,সায়াগ্র পাড়া,PAI206,22.075,92.385,40,0,0,0,0,0,0,0,0,0,0,0,0,0,0,0,0,,,,
2200,Bangladesh,Chattogram,Bandarban,Ruma,Paindu,03,,,,Chanda Para,চান্দা পাড়া,PAI301,22.086,92.384,550,0,0,0,0,0,0,0,0,0,0,0,0,0,0,0,0,,,,
2201,Bangladesh,Chattogram,Bandarban,Ruma,Paindu,03,,,,Sengum Para,সেংগুম পাড়া,PAI302,22.102,92.406,136,0,0,0,0,0,0,0,0,0,0,0,0,0,0,0,0,,,,
2202,Bangladesh,Chattogram,Bandarban,Ruma,Paindu,03,,,,Kyalongkhyong Para,ক্যালংক্ষ্যং পাড়া,PAI303,22.082,92.418,80,0,0,0,0,0,0,0,0,0,0,0,0,0,0,0,0,,,,
2203,Bangladesh,Chattogram,Bandarban,Ruma,Paindu,03,,,,Palitong Para,পলিতং পাড়া,PAI304,22.076,92.4,140,0,0,0,0,0,0,0,0,0,0,0,0,0,0,0,0,,,,
2204,Bangladesh,Chattogram,Bandarban,Ruma,Paindu,03,,,,Chairagra Para,চাইরাগ্র পাড়া,PAI305,22.088,92.422,170,0,0,0,0,0,0,0,0,0,0,0,0,0,0,0,0,,,,
2205,Bangladesh,Chattogram,Bandarban,Ruma,Paindu,04,,,,Niyangkkhyang Para,নিয়াংক্ষ্যাং পাড়া,PAI401,22.119,92.42,800,0,0,0,0,0,0,0,0,0,0,0,0,0,0,0,0,,,,
2206,Bangladesh,Chattogram,Bandarban,Ruma,Paindu,04,,,,Paroa Para,পরোয়া পাড়া,PAI402,22.111,92.417,120,0,0,0,0,0,0,0,0,0,0,0,0,0,0,0,0,,,,
2207,Bangladesh,Chattogram,Bandarban,Ruma,Paindu,04,,,,Khamtang Para,খামতাং পাড়া,PAI403,22.125,92.382,150,0,0,0,0,0,0,0,0,0,0,0,0,0,0,0,0,,,,
2208,Bangladesh,Chattogram,Bandarban,Ruma,Paindu,04,,,,Jurvarang Para,জুরভারং পাড়া,PAI404,22.114,92.404,200,0,0,0,0,0,0,0,0,0,0,0,0,0,0,0,0,,,,
2209,Bangladesh,Chattogram,Bandarban,Ruma,Paindu,04,,,,Langkkhiyang Para,লাংক্ষ্যাং পাড়া,PAI405,22.123,92.428,35,0,0,0,0,0,0,0,0,0,0,0,0,0,0,0,0,,,,
2210,Bangladesh,Chattogram,Bandarban,Ruma,Paindu,04,,,,Khamtang Para Army Camp,খামতাং পাড়া আর্মি ক্যাম্প,PAI406,22.124,92.379,0,0,0,0,0,0,0,0,0,0,0,0,0,0,0,0,0,,,,
2211,Bangladesh,Chattogram,Bandarban,Ruma,Paindu,05,,,,Ronin Para,রোনিন পাড়া,PAI501,22.17,92.445,350,0,0,0,0,0,0,0,0,0,0,0,0,0,0,0,0,,,,
2212,Bangladesh,Chattogram,Bandarban,Ruma,Paindu,05,,,,Debachhara,দেবাছড়া,PAI502,22.164,92.466,85,0,0,0,0,0,0,0,0,0,0,0,0,0,0,0,0,,,,
2213,Bangladesh,Chattogram,Bandarban,Ruma,Paindu,05,,,,Line Para,লাইন পাড়া,PAI503,22.168,92.491,30,0,0,0,0,0,0,0,0,0,0,0,0,0,0,0,0,,,,
2214,Bangladesh,Chattogram,Bandarban,Ruma,Paindu,05,,,,Ronin Para Army Camp,রোনিন পাড়া আর্মি ক্যাম্প,PAI504,22.162,92.444,60,0,0,0,0,0,0,0,0,0,0,0,0,0,0,0,0,,,,
2215,Bangladesh,Chattogram,Bandarban,Ruma,Paindu,05,,,,Ram Jhu Tang Army Camp,রাম ঝু টাং আর্মি ক্যাম্প,PAI505,22.184,92.484,50,0,0,0,0,0,0,0,0,0,0,0,0,0,0,0,0,,,,
2216,Bangladesh,Chattogram,Bandarban,Ruma,Paindu,06,,,,Arthah Para,আরথাহ পাড়া,PAI601,22.118,92.461,228,0,0,0,0,0,0,0,0,0,0,0,0,0,0,0,0,,,,
2217,Bangladesh,Chattogram,Bandarban,Ruma,Paindu,06,,,,Munnuam Para,মুননুয়াম পাড়া,PAI602,22.121,92.472,395,0,0,0,0,0,0,0,0,0,0,0,0,0,0,0,0,,,,
2218,Bangladesh,Chattogram,Bandarban,Ruma,Paindu,06,,,,Paindu Ujani Para,পাইন্দু উজানী পাড়া,PAI603,22.087,92.481,48,0,0,0,0,0,0,0,0,0,0,0,0,0,0,0,0,,,,
2219,Bangladesh,Chattogram,Bandarban,Ruma,Paindu,06,,,,Chakramoni Para (Natun Para),চক্রমণি পাড়া (নতুন পাড়া),PAI604,22.147,92.484,110,0,0,0,0,0,0,0,0,0,0,0,0,0,0,0,0,,,,
2220,Bangladesh,Chattogram,Bandarban,Ruma,Paindu,06,,,,Chairagra Para,চাইরাগ্র পাড়া,PAI605,22.091,92.424,40,0,0,0,0,0,0,0,0,0,0,0,0,0,0,0,0,,,,
2221,Bangladesh,Chattogram,Bandarban,Ruma,Paindu,06,,,,Munnuam Para Army Camp,মুননুয়াম পাড়া আর্মি ক্যাম্প,PAI606,22.121,92.467,0,0,0,0,0,0,0,0,0,0,0,0,0,0,0,0,0,,,,
2222,Bangladesh,Chattogram,Bandarban,Ruma,Paindu,06,,,,Kuttajhiri Army Camp,কুত্তাঝিরি আর্মি ক্যাম্প,PAI607,22.091,92.488,0,0,0,0,0,0,0,0,0,0,0,0,0,0,0,0,0,,,,
2223,Bangladesh,Chattogram,Bandarban,Ruma,Paindu,06,,,,Kata Pahar Army Camp,কাটা পাহাড় আর্মি ক্যাম্প,PAI608,22.155,92.428,40,0,0,0,0,0,0,0,0,0,0,0,0,0,0,0,0,,,,
2224,Bangladesh,Chattogram,Bandarban,Ruma,Paindu,07,,,,Happyhill Para,হ্যাপীহিল পাড়া,PAI701,22.096,92.431,161,0,0,0,0,0,0,0,0,0,0,0,0,0,0,0,0,,,,
2225,Bangladesh,Chattogram,Bandarban,Ruma,Paindu,07,,,,Basatlang Para,বাসাত্লাং পাড়া,PAI702,22.108,92.459,164,0,0,0,0,0,0,0,0,0,0,0,0,0,0,0,0,,,,
2226,Bangladesh,Chattogram,Bandarban,Ruma,Paindu,07,,,,Mualpi Bom Para,মুয়ালপি বম পাড়া,PAI703,22.082,92.461,320,0,0,0,0,0,0,0,0,0,0,0,0,0,0,0,0,,,,
2227,Bangladesh,Chattogram,Bandarban,Ruma,Paindu,08,,,,Prangsa Para,প্রাংসা পাড়া,PAI801,22.062,92.485,396,0,0,0,0,0,0,0,0,0,0,0,0,0,0,0,0,,,,
2228,Bangladesh,Chattogram,Bandarban,Ruma,Paindu,08,,,,Mualpi Marma Para,মুয়ালপি মারমা পাড়া,PAI802,22.081,92.462,166,0,0,0,0,0,0,0,0,0,0,0,0,0,0,0,0,,,,
2229,Bangladesh,Chattogram,Bandarban,Ruma,Paindu,09,,,,Sanakra Para,সানাক্র পাড়া,PAI901,22.069,92.452,165,0,0,0,0,0,0,0,0,0,0,0,0,0,0,0,0,,,,
2230,Bangladesh,Chattogram,Bandarban,Ruma,Paindu,09,,,,Kyatai Para,ক্যতাই পাড়া,PAI902,22.063,92.428,168,0,0,0,0,0,0,0,0,0,0,0,0,0,0,0,0,,,,
2231,Bangladesh,Chattogram,Bandarban,Ruma,Paindu,09,,,,Elim Chhandala Para,এলিম ছান্দালা পাড়া,PAI903,22.067,92.434,130,0,0,0,0,0,0,0,0,0,0,0,0,0,0,0,0,,,,
2232,Bangladesh,Chattogram,Bandarban,Ruma,Remakriprangsa,01,,,,Darjeeling Para,দার্জিলিং পাড়া,REA101,21.959,92.506,67,0,0,0,0,0,0,0,0,0,0,0,0,0,0,0,0,,,,
2233,Bangladesh,Chattogram,Bandarban,Ruma,Remakriprangsa,01,,,,Pasing Para,পাসিং পাড়া,REA102,21.944,92.514,119,0,0,0,0,0,0,0,0,0,0,0,0,0,0,0,0,,,,
2234,Bangladesh,Chattogram,Bandarban,Ruma,Remakriprangsa,01,,,,Zadifai Para,জ্যাদিফাই পাড়া,REA103,21.934,92.515,35,0,0,0,0,0,0,0,0,0,0,0,0,0,0,0,0,,,,
2235,Bangladesh,Chattogram,Bandarban,Ruma,Remakriprangsa,01,,,,Uddaymi Zadifai,উদ্যমি জ্যাদিফাই,REA104,21.931,92.523,20,0,0,0,0,0,0,0,0,0,0,0,0,0,0,0,0,,,,
2236,Bangladesh,Chattogram,Bandarban,Ruma,Remakriprangsa,01,,,,MTS Para,এমটিএস পাড়া,REA105,21.919,92.522,138,0,0,0,0,0,0,0,0,0,0,0,0,0,0,0,0,,,,
2237,Bangladesh,Chattogram,Bandarban,Ruma,Remakriprangsa,01,,,,Sunsang Para,সুনসং পাড়া,REA106,21.941,92.543,327,0,0,0,0,0,0,0,0,0,0,0,0,0,0,0,0,,,,
2238,Bangladesh,Chattogram,Bandarban,Ruma,Remakriprangsa,01,,,,Keokradong Army Camp,কেওক্রাডং আর্মি ক্যাম্প,REA107,21.95,92.514,0,0,0,0,0,0,0,0,0,0,0,0,0,0,0,0,0,,,,
2239,Bangladesh,Chattogram,Bandarban,Ruma,Remakriprangsa,01,,,,Kanan Residential Model School Para,কানন রেসিডেন্সিয়াল মডেল স্কুল পাড়া,REA108,21.939,92.518,50,0,0,0,0,0,0,0,0,0,0,0,0,0,0,0,0,,,,
2240,Bangladesh,Chattogram,Bandarban,Ruma,Remakriprangsa,01,,,,Sunsang Para Army Camp,সুনসং পাড়া আর্মি ক্যাম্প,REA109,21.945,92.543,0,0,0,0,0,0,0,0,0,0,0,0,0,0,0,0,0,,,,
2241,Bangladesh,Chattogram,Bandarban,Ruma,Remakriprangsa,02,,,,Langrong Para,লাংরং পাড়া,REA201,21.92,92.61,25,0,0,0,0,0,0,0,0,0,0,0,0,0,0,0,0,,,,
2242,Bangladesh,Chattogram,Bandarban,Ruma,Remakriprangsa,02,,,,Thingdawlte Para,থিংদলতে পাড়া,REA202,21.902,92.571,0,0,0,0,0,0,0,0,0,0,0,0,0,0,0,0,0,,,,
2243,Bangladesh,Chattogram,Bandarban,Ruma,Remakriprangsa,02,,,,Thingdawlte Tlang Army Camp,থিংদলতে ত্ল্যাং আর্মি ক্যাম্প,REA203,21.909,92.587,0,0,0,0,0,0,0,0,0,0,0,0,0,0,0,0,0,,,,
2244,Bangladesh,Chattogram,Bandarban,Ruma,Remakriprangsa,03,,,,Thaikkiang Para,থাইক্ষ্যাং পাড়া,REA301,21.906,92.54,320,0,0,0,0,0,0,0,0,0,0,0,0,0,0,0,0,,,,
2245,Bangladesh,Chattogram,Bandarban,Ruma,Remakriprangsa,03,,,,Hlaching Para,হ্লাচিং পাড়া,REA302,21.903,92.51,70,0,0,0,0,0,0,0,0,0,0,0,0,0,0,0,0,,,,
2246,Bangladesh,Chattogram,Bandarban,Ruma,Remakriprangsa,03,,,,Jagatan Para,জগতন পাড়া,REA303,21.886,92.509,60,0,0,0,0,0,0,0,0,0,0,0,0,0,0,0,0,,,,
2247,Bangladesh,Chattogram,Bandarban,Ruma,Remakriprangsa,04,,,,Saloupi Para,সালৌপি পাড়া,REA401,21.885,92.587,795,0,0,0,0,0,0,0,0,0,0,0,0,0,0,0,0,,,,
2248,Bangladesh,Chattogram,Bandarban,Ruma,Remakriprangsa,04,,,,Painuam Para,পাইনুয়াম পাড়া,REA402,21.869,92.568,70,0,0,0,0,0,0,0,0,0,0,0,0,0,0,0,0,,,,
2249,Bangladesh,Chattogram,Bandarban,Ruma,Remakriprangsa,04,,,,Kashpai Para,কেরশেপাই পাড়া,REA403,21.914,92.614,60,0,0,0,0,0,0,0,0,0,0,0,0,0,0,0,0,,,,
2250,Bangladesh,Chattogram,Bandarban,Ruma,Remakriprangsa,04,,,,Laimai Para,লাইময় পাড়া,REA404,21.883,92.621,35,0,0,0,0,0,0,0,0,0,0,0,0,0,0,0,0,,,,
2251,Bangladesh,Chattogram,Bandarban,Ruma,Remakriprangsa,05,,,,Chaikkhyong Para,চাইক্ষ্যং পাড়া,REA501,21.86,92.602,225,0,0,0,0,0,0,0,0,0,0,0,0,0,0,0,0,,,,
2252,Bangladesh,Chattogram,Bandarban,Ruma,Remakriprangsa,05,,,,Dulachan Para,দুলাচান পাড়া,REA502,21.845,92.57,240,0,0,0,0,0,0,0,0,0,0,0,0,0,0,0,0,,,,
2253,Bangladesh,Chattogram,Bandarban,Ruma,Remakriprangsa,06,,,,Baktlai Para,বাকতলাই পাড়া,REA601,21.855,92.52,65,0,0,0,0,0,0,0,0,0,0,0,0,0,0,0,0,,,,
2254,Bangladesh,Chattogram,Bandarban,Ruma,Remakriprangsa,06,,,,Lungmuyal Para,লুংমুয়াল পাড়া,REA602,21.87,92.55,0,0,0,0,0,0,0,0,0,0,0,0,0,0,0,0,0,,,,
2255,Bangladesh,Chattogram,Bandarban,Ruma,Remakriprangsa,06,,,,Tamlou Para,তামলৌ পাড়া,REA603,21.85,92.56,0,0,0,0,0,0,0,0,0,0,0,0,0,0,0,0,0,,,,
2256,Bangladesh,Chattogram,Bandarban,Ruma,Remakriprangsa,07,,,,Langpung Para,লাংপুং পাড়া,REA701,21.964,92.468,180,0,0,0,0,0,0,0,0,0,0,0,0,0,0,0,0,,,,
2257,Bangladesh,Chattogram,Bandarban,Ruma,Remakriprangsa,07,,,,Menron Para,মেনরন পাড়া,REA702,21.962,92.468,80,0,0,0,0,0,0,0,0,0,0,0,0,0,0,0,0,,,,
2258,Bangladesh,Chattogram,Bandarban,Ruma,Remakriprangsa,07,,,,Lengpung Para,লেংপুং পাড়া,REA703,21.961,92.466,125,0,0,0,0,0,0,0,0,0,0,0,0,0,0,0,0,,,,
2259,Bangladesh,Chattogram,Bandarban,Ruma,Remakriprangsa,07,,,,Fainangpara,ফাইনংপাড়া,REA704,21.958,92.468,160,0,0,0,0,0,0,0,0,0,0,0,0,0,0,0,0,,,,
2260,Bangladesh,Chattogram,Bandarban,Ruma,Remakriprangsa,07,,,,Janerang Para,জনেরাং পাড়া,REA705,21.95,92.458,170,0,0,0,0,0,0,0,0,0,0,0,0,0,0,0,0,,,,
2261,Bangladesh,Chattogram,Bandarban,Ruma,Remakriprangsa,07,,,,Natun Kista Para,নতুন কিস্ত পাড়া,REA706,21.94,92.457,190,0,0,0,0,0,0,0,0,0,0,0,0,0,0,0,0,,,,
2262,Bangladesh,Chattogram,Bandarban,Ruma,Remakriprangsa,07,,,,Kista Para,কিস্ত পাড়া,REA707,21.941,92.451,67,0,0,0,0,0,0,0,0,0,0,0,0,0,0,0,0,,,,
2263,Bangladesh,Chattogram,Bandarban,Ruma,Remakriprangsa,07,,,,Bishai Para,বিশাই পাড়া,REA708,21.929,92.447,160,0,0,0,0,0,0,0,0,0,0,0,0,0,0,0,0,,,,
2264,Bangladesh,Chattogram,Bandarban,Ruma,Remakriprangsa,07,,,,Rungtan Para,রুংতন পাড়া,REA709,21.964,92.493,125,0,0,0,0,0,0,0,0,0,0,0,0,0,0,0,0,,,,
2265,Bangladesh,Chattogram,Bandarban,Ruma,Remakriprangsa,08,,,,Natun Mrakkhyong Para,নতুন ম্রক্ষ্যং পাড়া,REA801,21.939,92.475,177,0,0,0,0,0,0,0,0,0,0,0,0,0,0,0,0,,,,
2266,Bangladesh,Chattogram,Bandarban,Ruma,Remakriprangsa,08,,,,Mrakkhyong Para,ম্রক্ষ্যং পাড়া,REA802,21.93,92.479,182,0,0,0,0,0,0,0,0,0,0,0,0,0,0,0,0,,,,
2267,Bangladesh,Chattogram,Bandarban,Ruma,Remakriprangsa,08,,,,Chinglak Para,চিংলক পাড়া,REA803,21.907,92.484,198,0,0,0,0,0,0,0,0,0,0,0,0,0,0,0,0,,,,
2268,Bangladesh,Chattogram,Bandarban,Ruma,Remakriprangsa,08,,,,Suiaung Para,সুইঅং পাড়া,REA804,21.901,92.486,38,0,0,0,0,0,0,0,0,0,0,0,0,0,0,0,0,,,,
2269,Bangladesh,Chattogram,Bandarban,Ruma,Remakriprangsa,08,,,,Nishi Para,নিশি পাড়া,REA805,21.888,92.489,167,0,0,0,0,0,0,0,0,0,0,0,0,0,0,0,0,,,,
2270,Bangladesh,Chattogram,Bandarban,Ruma,Remakriprangsa,08,,,,Danagri Para,দানাগ্রী পাড়া,REA806,21.881,92.464,96,0,0,0,0,0,0,0,0,0,0,0,0,0,0,0,0,,,,
2271,Bangladesh,Chattogram,Bandarban,Ruma,Remakriprangsa,08,,,,Bathiram Para,বথিরাম পাড়া,REA807,21.904,92.452,123,0,0,0,0,0,0,0,0,0,0,0,0,0,0,0,0,,,,
2272,Bangladesh,Chattogram,Bandarban,Ruma,Remakriprangsa,08,,,,Duni Chandra Para,ধুনি চন্দ্র পাড়া,REA808,21.895,92.44,21,0,0,0,0,0,0,0,0,0,0,0,0,0,0,0,0,,,,
2273,Bangladesh,Chattogram,Bandarban,Ruma,Remakriprangsa,08,,,,Sakkhay Para,সাকখয় পাড়া,REA809,21.905,92.442,127,0,0,0,0,0,0,0,0,0,0,0,0,0,0,0,0,,,,
2274,Bangladesh,Chattogram,Bandarban,Ruma,Remakriprangsa,08,,,,Lahapara,লহপাড়া,REA810,21.911,92.464,176,0,0,0,0,0,0,0,0,0,0,0,0,0,0,0,0,,,,
2275,Bangladesh,Chattogram,Bandarban,Ruma,Remakriprangsa,08,,,,Hakurang Para,হাঁকুরাং পাড়া,REA811,21.916,92.466,193,0,0,0,0,0,0,0,0,0,0,0,0,0,0,0,0,,,,
2276,Bangladesh,Chattogram,Bandarban,Ruma,Remakriprangsa,08,,,,Menpa Para,মেনপা পাড়া,REA812,21.897,92.457,129,0,0,0,0,0,0,0,0,0,0,0,0,0,0,0,0,,,,
2277,Bangladesh,Chattogram,Bandarban,Ruma,Remakriprangsa,08,,,,Chinglak BGB Camp,চিংলক বিজিবি ক্যাম্প,REA813,21.903,92.484,0,0,0,0,0,0,0,0,0,0,0,0,0,0,0,0,0,,,,
2278,Bangladesh,Chattogram,Bandarban,Ruma,Remakriprangsa,09,,,,Basiram Para,বাসিরাম পাড়া,REA901,21.863,92.496,57,0,0,0,0,0,0,0,0,0,0,0,0,0,0,0,0,,,,
2279,Bangladesh,Chattogram,Bandarban,Ruma,Remakriprangsa,09,,,,Rangiha Para,রাঙ্গিয়া পাড়া,REA902,21.863,92.475,252,0,0,0,0,0,0,0,0,0,0,0,0,0,0,0,0,,,,
2280,Bangladesh,Chattogram,Bandarban,Ruma,Remakriprangsa,09,,,,Gobinda Para,গোবিন্দ পাড়া,REA903,21.868,92.476,99,0,0,0,0,0,0,0,0,0,0,0,0,0,0,0,0,,,,
2281,Bangladesh,Chattogram,Bandarban,Ruma,Remakriprangsa,09,,,,Tilchandra Para,তিলচন্দ্র পাড়া,REA904,21.869,92.467,108,0,0,0,0,0,0,0,0,0,0,0,0,0,0,0,0,,,,
2282,Bangladesh,Chattogram,Bandarban,Ruma,Remakriprangsa,09,,,,Thanarang Para,থানারাং পাড়া,REA905,21.883,92.478,94,0,0,0,0,0,0,0,0,0,0,0,0,0,0,0,0,,,,
2283,Bangladesh,Chattogram,Bandarban,Ruma,Remakriprangsa,09,,,,Kaleha Para,কালেহা পাড়া,REA906,21.885,92.477,153,0,0,0,0,0,0,0,0,0,0,0,0,0,0,0,0,,,,
2284,Bangladesh,Chattogram,Bandarban,Ruma,Ruma,01,,,,Barshi Para,বরশি পাড়া,RUM101,22.037,92.416,100,0,0,0,0,0,0,0,0,0,0,0,0,0,0,0,0,,,,
2285,Bangladesh,Chattogram,Bandarban,Ruma,Ruma,01,,,,Khaiu Para,খইউ পাড়া,RUM102,22.036,92.408,30,0,0,0,0,0,0,0,0,0,0,0,0,0,0,0,0,,,,
2286,Bangladesh,Chattogram,Bandarban,Ruma,Ruma,01,,,,Thana Para,থানা পাড়া,RUM103,22.039,92.403,400,0,0,0,0,0,0,0,0,0,0,0,0,0,0,0,0,,,,
2287,Bangladesh,Chattogram,Bandarban,Ruma,Ruma,01,,,,Ghona Para,ঘোনা পাড়া,RUM104,22.046,92.408,250,0,0,0,0,0,0,0,0,0,0,0,0,0,0,0,0,,,,
2288,Bangladesh,Chattogram,Bandarban,Ruma,Ruma,01,,,,Muslim Para,মুসলিম পাড়া,RUM105,22.047,92.409,350,0,0,0,0,0,0,0,0,0,0,0,0,0,0,0,0,,,,
2289,Bangladesh,Chattogram,Bandarban,Ruma,Ruma,01,,,,Mongthoaiching Para,মংথোয়াইচিং পাড়া,RUM106,22.041,92.407,100,0,0,0,0,0,0,0,0,0,0,0,0,0,0,0,0,,,,
2290,Bangladesh,Chattogram,Bandarban,Ruma,Ruma,01,,,,Ruma Bazar,রুমা বাজার,RUM107,22.049,92.409,600,0,0,0,0,0,0,0,0,0,0,0,0,0,0,0,0,,,,
2291,Bangladesh,Chattogram,Bandarban,Ruma,Ruma,02,,,,Lungjhiri Para,লুংঝিড়ি পাড়া,RUM201,22.05,92.412,180,0,0,0,0,0,0,0,0,0,0,0,0,0,0,0,0,,,,
2292,Bangladesh,Chattogram,Bandarban,Ruma,Ruma,02,,,,Lebujhiri Para,লেবুঝিড়ি পাড়া,RUM202,22.05,92.41,200,0,0,0,0,0,0,0,0,0,0,0,0,0,0,0,0,,,,
2293,Bangladesh,Chattogram,Bandarban,Ruma,Ruma,02,,,,Ashram Para,আশ্রম পাড়া,RUM203,22.051,92.41,160,0,0,0,0,0,0,0,0,0,0,0,0,0,0,0,0,,,,
2294,Bangladesh,Chattogram,Bandarban,Ruma,Ruma,02,,,,Up Elaka,ইউপি এলাকা,RUM204,22.05,92.409,100,0,0,0,0,0,0,0,0,0,0,0,0,0,0,0,0,,,,
2295,Bangladesh,Chattogram,Bandarban,Ruma,Ruma,02,,,,Barua Para,বড়ুয়া পাড়া,RUM205,22.052,92.409,150,0,0,0,0,0,0,0,0,0,0,0,0,0,0,0,0,,,,
2296,Bangladesh,Chattogram,Bandarban,Ruma,Ruma,02,,,,Natun Barua Para,নতুন বড়ুয়া পাড়া,RUM206,22.053,92.407,70,0,0,0,0,0,0,0,0,0,0,0,0,0,0,0,0,,,,
2297,Bangladesh,Chattogram,Bandarban,Ruma,Ruma,02,,,,Lalnagk Para,লালঙাক পাড়া,RUM207,22.054,92.403,50,0,0,0,0,0,0,0,0,0,0,0,0,0,0,0,0,,,,
2298,Bangladesh,Chattogram,Bandarban,Ruma,Ruma,02,,,,Pilot Para,পাইলট পাড়া,RUM208,22.053,92.403,200,0,0,0,0,0,0,0,0,0,0,0,0,0,0,0,0,,,,
2299,Bangladesh,Chattogram,Bandarban,Ruma,Ruma,02,,,,Upazila Elaka,উপজেলা এলাকা,RUM209,22.054,92.4,120,0,0,0,0,0,0,0,0,0,0,0,0,0,0,0,0,,,,
2300,Bangladesh,Chattogram,Bandarban,Ruma,Ruma,02,,,,Hatimatha Para,হাতিমাথা পাড়া,RUM210,22.056,92.405,200,0,0,0,0,0,0,0,0,0,0,0,0,0,0,0,0,,,,
2301,Bangladesh,Chattogram,Bandarban,Ruma,Ruma,02,,,,Zaiang Para,জাইঅং পাড়া,RUM211,22.052,92.406,80,0,0,0,0,0,0,0,0,0,0,0,0,0,0,0,0,,,,
2302,Bangladesh,Chattogram,Bandarban,Ruma,Ruma,03,,,,Eden Road Para,ইডেন রোড পাড়া,RUM301,22.049,92.412,110,0,0,0,0,0,0,0,0,0,0,0,0,0,0,0,0,,,,
2303,Bangladesh,Chattogram,Bandarban,Ruma,Ruma,03,,,,Eden Para,ইডেন পাড়া,RUM302,22.051,92.416,150,0,0,0,0,0,0,0,0,0,0,0,0,0,0,0,0,,,,
2304,Bangladesh,Chattogram,Bandarban,Ruma,Ruma,03,,,,Lairunpi Para,লাইরুনপি পাড়া,RUM303,22.048,92.416,200,0,0,0,0,0,0,0,0,0,0,0,0,0,0,0,0,,,,
2305,Bangladesh,Chattogram,Bandarban,Ruma,Ruma,03,,,,Baithani Para,বৈথানি পাড়া,RUM304,22.042,92.431,120,0,0,0,0,0,0,0,0,0,0,0,0,0,0,0,0,,,,
2306,Bangladesh,Chattogram,Bandarban,Ruma,Ruma,03,,,,Mrafasa Para,ম্রাফাসা পাড়া,RUM305,22.032,92.445,50,0,0,0,0,0,0,0,0,0,0,0,0,0,0,0,0,,,,
2307,Bangladesh,Chattogram,Bandarban,Ruma,Ruma,03,,,,Bhagyamani Para,ভাগ্যমণি পাড়া,RUM306,22.019,92.458,130,0,0,0,0,0,0,0,0,0,0,0,0,0,0,0,0,,,,
2308,Bangladesh,Chattogram,Bandarban,Ruma,Ruma,03,,,,Sadhumak Para,সাধুমক পাড়া,RUM307,22.039,92.45,30,0,0,0,0,0,0,0,0,0,0,0,0,0,0,0,0,,,,
2309,Bangladesh,Chattogram,Bandarban,Ruma,Ruma,03,,,,Ringtui Para,রিংতুই পাড়া,RUM308,22.045,92.467,320,0,0,0,0,0,0,0,0,0,0,0,0,0,0,0,0,,,,
2310,Bangladesh,Chattogram,Bandarban,Ruma,Ruma,03,,,,Krangtang Para,ক্রংতং পাড়া,RUM309,22.038,92.491,180,0,0,0,0,0,0,0,0,0,0,0,0,0,0,0,0,,,,
2311,Bangladesh,Chattogram,Bandarban,Ruma,Ruma,03,,,,Jangre Para,জাংরে পাড়া,RUM310,22.052,92.502,80,0,0,0,0,0,0,0,0,0,0,0,0,0,0,0,0,,,,
2312,Bangladesh,Chattogram,Bandarban,Ruma,Ruma,03,,,,Tongmak Para,তংমক পাড়া,RUM311,22.057,92.511,40,0,0,0,0,0,0,0,0,0,0,0,0,0,0,0,0,,,,
2313,Bangladesh,Chattogram,Bandarban,Ruma,Ruma,03,,,,Jishuram Para,যীশুরাম পাড়া,RUM312,22.056,92.514,30,0,0,0,0,0,0,0,0,0,0,0,0,0,0,0,0,,,,
2314,Bangladesh,Chattogram,Bandarban,Ruma,Ruma,03,,,,Mongpru Para,মংপ্রু পাড়া,RUM313,22.057,92.452,90,0,0,0,0,0,0,0,0,0,0,0,0,0,0,0,0,,,,
2315,Bangladesh,Chattogram,Bandarban,Ruma,Ruma,03,,,,Koashe Para,কওয়াসে পাড়া,RUM314,22.057,92.427,35,0,0,0,0,0,0,0,0,0,0,0,0,0,0,0,0,,,,
2316,Bangladesh,Chattogram,Bandarban,Ruma,Ruma,03,,,,Girza Para,গির্জা পাড়া,RUM315,22.048,92.411,40,0,0,0,0,0,0,0,0,0,0,0,0,0,0,0,0,,,,
2317,Bangladesh,Chattogram,Bandarban,Ruma,Ruma,04,,,,Bethel Para,বেথেল পাড়া,RUM401,22.059,92.399,670,0,0,0,0,0,0,0,0,0,0,0,0,0,0,0,0,,,,
2318,Bangladesh,Chattogram,Bandarban,Ruma,Ruma,04,,,,Pali Para,পলি পাড়া,RUM402,22.057,92.393,70,0,0,0,0,0,0,0,0,0,0,0,0,0,0,0,0,,,,
2319,Bangladesh,Chattogram,Bandarban,Ruma,Ruma,04,,,,Minjhiri Para,মিনঝিরি পাড়া,RUM403,22.06,92.416,130,0,0,0,0,0,0,0,0,0,0,0,0,0,0,0,0,,,,
2320,Bangladesh,Chattogram,Bandarban,Ruma,Ruma,04,,,,Bathlehem Para,বেথলহেম পাড়া,RUM404,22.076,92.401,60,0,0,0,0,0,0,0,0,0,0,0,0,0,0,0,0,,,,
2321,Bangladesh,Chattogram,Bandarban,Ruma,Ruma,04,,,,Chairagra Para,চাইরাগ্র পাড়া,RUM405,22.089,92.424,60,0,0,0,0,0,0,0,0,0,0,0,0,0,0,0,0,,,,
2322,Bangladesh,Chattogram,Bandarban,Ruma,Ruma,04,,,,Salem Para,সালেম পাড়া,RUM406,22.094,92.43,70,0,0,0,0,0,0,0,0,0,0,0,0,0,0,0,0,,,,
2323,Bangladesh,Chattogram,Bandarban,Ruma,Ruma,05,,,,Rumachar Khamar Para,রুমাচর খামার পাড়া,RUM501,22.034,92.405,42,0,0,0,0,0,0,0,0,0,0,0,0,0,0,0,0,,,,
2324,Bangladesh,Chattogram,Bandarban,Ruma,Ruma,05,,,,Mongshaiching Para,মংশৈচিং পাড়া,RUM502,22.046,92.402,90,0,0,0,0,0,0,0,0,0,0,0,0,0,0,0,0,,,,
2325,Bangladesh,Chattogram,Bandarban,Ruma,Ruma,05,,,,Lukchhari Para,লুকছড়ি পাড়া,RUM503,22.054,92.392,75,0,0,0,0,0,0,0,0,0,0,0,0,0,0,0,0,,,,
2326,Bangladesh,Chattogram,Bandarban,Ruma,Ruma,05,,,,Dali Mohan Para,দলি মোহন পাড়া,RUM504,22.059,92.386,115,0,0,0,0,0,0,0,0,0,0,0,0,0,0,0,0,,,,
2327,Bangladesh,Chattogram,Bandarban,Ruma,Ruma,05,,,,Chhaipo Para,ছাইপো পাড়া,RUM505,22.067,92.383,375,0,0,0,0,0,0,0,0,0,0,0,0,0,0,0,0,,,,
2328,Bangladesh,Chattogram,Bandarban,Ruma,Ruma,05,,,,Sadar Ghat,সদর ঘাট,RUM506,22.062,92.383,120,0,0,0,0,0,0,0,0,0,0,0,0,0,0,0,0,,,,
2329,Bangladesh,Chattogram,Bandarban,Ruma,Ruma,05,,,,Abashik Elaka,আবাসিক এলাকা,RUM507,22.065,92.38,40,0,0,0,0,0,0,0,0,0,0,0,0,0,0,0,0,,,,
2330,Bangladesh,Chattogram,Bandarban,Ruma,Ruma,05,,,,Senggam Khamar Para,সেংগম খামার পাড়়া,RUM508,22.063,92.377,135,0,0,0,0,0,0,0,0,0,0,0,0,0,0,0,0,,,,
2331,Bangladesh,Chattogram,Bandarban,Ruma,Ruma,05,,,,Kaiykkhyongjhiri Para,কৈক্ষ্যংঝিড়ি পাড়া,RUM509,22.064,92.352,155,0,0,0,0,0,0,0,0,0,0,0,0,0,0,0,0,,,,
2332,Bangladesh,Chattogram,Bandarban,Ruma,Ruma,05,,,,Dulujhiri Tongi Para,ডুলুঝিড়ি টঙ্গি পাড়া,RUM510,22.043,92.343,175,0,0,0,0,0,0,0,0,0,0,0,0,0,0,0,0,,,,
2333,Bangladesh,Chattogram,Bandarban,Ruma,Ruma,05,,,,BGB Camp,বিজিবি ক্যাম্প,RUM511,22.073,92.387,0,0,0,0,0,0,0,0,0,0,0,0,0,0,0,0,0,,,,
2334,Bangladesh,Chattogram,Bandarban,Ruma,Ruma,06,,,,Royal Para,রয়েল পাড়া,RUM601,22.053,92.379,40,0,0,0,0,0,0,0,0,0,0,0,0,0,0,0,0,,,,
2335,Bangladesh,Chattogram,Bandarban,Ruma,Ruma,06,,,,Amtali Para,আমতলী পাড়া,RUM602,22.06,92.368,125,0,0,0,0,0,0,0,0,0,0,0,0,0,0,0,0,,,,
2336,Bangladesh,Chattogram,Bandarban,Ruma,Ruma,06,,,,Battali Para,বটতলী পাড়া,RUM603,22.045,92.368,300,0,0,0,0,0,0,0,0,0,0,0,0,0,0,0,0,,,,
2337,Bangladesh,Chattogram,Bandarban,Ruma,Ruma,06,,,,Mayur Para,ময়ূর পাড়া,RUM604,22.041,92.392,280,0,0,0,0,0,0,0,0,0,0,0,0,0,0,0,0,,,,
2338,Bangladesh,Chattogram,Bandarban,Ruma,Ruma,06,,,,Rumachar Nicher Para,রুমাচর নিচের পাড়া,RUM605,22.032,92.412,200,0,0,0,0,0,0,0,0,0,0,0,0,0,0,0,0,,,,
2339,Bangladesh,Chattogram,Bandarban,Ruma,Ruma,06,,,,Rumachar Upar Para,রুমাচর উপর পাড়া,RUM606,22.032,92.413,90,0,0,0,0,0,0,0,0,0,0,0,0,0,0,0,0,,,,
2340,Bangladesh,Chattogram,Bandarban,Ruma,Ruma,06,,,,Waikuk Para,ওয়াইকুক পাড়া,RUM607,22.029,92.398,3020,0,0,0,0,0,0,0,0,0,0,0,0,0,0,0,0,,,,
2341,Bangladesh,Chattogram,Bandarban,Ruma,Ruma,06,,,,Tlangnoam Para,তলাংনোয়াম পাড়া,RUM608,22.018,92.402,20,0,0,0,0,0,0,0,0,0,0,0,0,0,0,0,0,,,,
2342,Bangladesh,Chattogram,Bandarban,Ruma,Ruma,06,,,,Mayur Para Army Camp,ময়ূর পাড়া আর্মি ক্যাম্প,RUM609,22.044,92.387,0,0,0,0,0,0,0,0,0,0,0,0,0,0,0,0,0,,,,
2343,Bangladesh,Chattogram,Bandarban,Ruma,Ruma,06,,,,Ruma Answar Battalian Zone,রুমা আনসার ব্যাটালিয়ন জোন,RUM610,22.046,92.391,0,0,0,0,0,0,0,0,0,0,0,0,0,0,0,0,0,,,,
2344,Bangladesh,Chattogram,Bandarban,Ruma,Ruma,07,,,,Mongthoaiching Para,মংথোয়াইচিং পাড়া,RUM701,21.984,92.468,350,0,0,0,0,0,0,0,0,0,0,0,0,0,0,0,0,,,,
2345,Bangladesh,Chattogram,Bandarban,Ruma,Ruma,07,,,,Bagalake Para,বগালেক পাড়া,RUM702,21.979,92.472,200,0,0,0,0,0,0,0,0,0,0,0,0,0,0,0,0,,,,
2346,Bangladesh,Chattogram,Bandarban,Ruma,Ruma,07,,,,Harmun Para,হারমুন পাড়া,RUM703,21.976,92.492,180,0,0,0,0,0,0,0,0,0,0,0,0,0,0,0,0,,,,
2347,Bangladesh,Chattogram,Bandarban,Ruma,Ruma,07,,,,Saikat Para,সৈকত পাড়া,RUM704,21.99,92.496,204,0,0,0,0,0,0,0,0,0,0,0,0,0,0,0,0,,,,
2348,Bangladesh,Chattogram,Bandarban,Ruma,Ruma,07,,,,Nangkjang Para,ঙাকজং পাড়া,RUM705,21.979,92.505,140,0,0,0,0,0,0,0,0,0,0,0,0,0,0,0,0,,,,
2349,Bangladesh,Chattogram,Bandarban,Ruma,Ruma,07,,,,Darjeeling Para,দার্জিলিং পাড়া,RUM706,21.961,92.507,100,0,0,0,0,0,0,0,0,0,0,0,0,0,0,0,0,,,,
2350,Bangladesh,Chattogram,Bandarban,Ruma,Ruma,07,,,,Lungthausi Para,লুংথাউসি পাড়া,RUM707,21.962,92.53,220,0,0,0,0,0,0,0,0,0,0,0,0,0,0,0,0,,,,
2351,Bangladesh,Chattogram,Bandarban,Ruma,Ruma,07,,,,New Rumana Para,নিউ রুমানা পাড়া,RUM708,21.953,92.549,250,0,0,0,0,0,0,0,0,0,0,0,0,0,0,0,0,,,,
2352,Bangladesh,Chattogram,Bandarban,Ruma,Ruma,07,,,,Rumana Para,রুমানা পাড়া,RUM709,21.959,92.548,100,0,0,0,0,0,0,0,0,0,0,0,0,0,0,0,0,,,,
2353,Bangladesh,Chattogram,Bandarban,Ruma,Ruma,07,,,,Tlangchhadpi Para,ত্লাংছাদপি পাড়া,RUM710,21.985,92.534,150,0,0,0,0,0,0,0,0,0,0,0,0,0,0,0,0,,,,
2354,Bangladesh,Chattogram,Bandarban,Ruma,Ruma,07,,,,Dali Para,ডলি পাড়া,RUM711,21.978,92.541,100,0,0,0,0,0,0,0,0,0,0,0,0,0,0,0,0,,,,
2355,Bangladesh,Chattogram,Bandarban,Ruma,Ruma,07,,,,Lari Para,লারি পাড়া,RUM712,21.993,92.529,70,0,0,0,0,0,0,0,0,0,0,0,0,0,0,0,0,,,,
2356,Bangladesh,Chattogram,Bandarban,Ruma,Ruma,07,,,,Menrui Para,মেনরুই পাড়া,RUM713,21.992,92.514,150,0,0,0,0,0,0,0,0,0,0,0,0,0,0,0,0,,,,
2357,Bangladesh,Chattogram,Bandarban,Ruma,Ruma,07,,,,Enang Para,এনং পাড়া,RUM714,22.018,92.517,130,0,0,0,0,0,0,0,0,0,0,0,0,0,0,0,0,,,,
2358,Bangladesh,Chattogram,Bandarban,Ruma,Ruma,07,,,,Ananda Para,আনন্দ পাড়া,RUM715,22.004,92.506,200,0,0,0,0,0,0,0,0,0,0,0,0,0,0,0,0,,,,
2359,Bangladesh,Chattogram,Bandarban,Ruma,Ruma,07,,,,Mendui Para,মেনদুই পাড়া,RUM716,22.01,92.503,230,0,0,0,0,0,0,0,0,0,0,0,0,0,0,0,0,,,,
2360,Bangladesh,Chattogram,Bandarban,Ruma,Ruma,07,,,,Pahai Para,পহাই পাড়া,RUM717,22.034,92.511,180,0,0,0,0,0,0,0,0,0,0,0,0,0,0,0,0,,,,
2361,Bangladesh,Chattogram,Bandarban,Ruma,Ruma,07,,,,Natun Pahai Para,নতুন পহাই পাড়া,RUM718,22.038,92.513,140,0,0,0,0,0,0,0,0,0,0,0,0,0,0,0,0,,,,
2362,Bangladesh,Chattogram,Bandarban,Ruma,Ruma,07,,,,Khulaing Para,খুলাইং পাড়া,RUM719,22.018,92.474,50,0,0,0,0,0,0,0,0,0,0,0,0,0,0,0,0,,,,
2363,Bangladesh,Chattogram,Bandarban,Ruma,Ruma,07,,,,Liton Para,লিতন পাড়া,RUM720,22.002,92.474,220,0,0,0,0,0,0,0,0,0,0,0,0,0,0,0,0,,,,
2364,Bangladesh,Chattogram,Bandarban,Ruma,Ruma,07,,,,Bagalake Para Army Camp,বগালেক পাড়া আর্মি ক্যাম্প,RUM721,21.978,92.469,0,0,0,0,0,0,0,0,0,0,0,0,0,0,0,0,0,,,,
2365,Bangladesh,Chattogram,Bandarban,Ruma,Ruma,08,,,,Munlai Para,মুনলাই পাড়া,RUM801,22.034,92.424,325,0,0,0,0,0,0,0,0,0,0,0,0,0,0,0,0,,,,
2366,Bangladesh,Chattogram,Bandarban,Ruma,Ruma,08,,,,Palika Para,পলিকা পাড়া,RUM802,22.026,92.421,248,0,0,0,0,0,0,0,0,0,0,0,0,0,0,0,0,,,,
2367,Bangladesh,Chattogram,Bandarban,Ruma,Ruma,08,,,,Tungtung Para,তুংতং পাড়া,RUM803,22.017,92.415,35,0,0,0,0,0,0,0,0,0,0,0,0,0,0,0,0,,,,
2368,Bangladesh,Chattogram,Bandarban,Ruma,Ruma,08,,,,Changlak Nicher Para,চংলক নিচের পাড়া,RUM804,22.002,92.441,85,0,0,0,0,0,0,0,0,0,0,0,0,0,0,0,0,,,,
2369,Bangladesh,Chattogram,Bandarban,Ruma,Ruma,08,,,,Changlak Upar Para,চংলক উপর পাড়া,RUM805,22.005,92.436,60,0,0,0,0,0,0,0,0,0,0,0,0,0,0,0,0,,,,
2370,Bangladesh,Chattogram,Bandarban,Ruma,Ruma,08,,,,Aungshai Para,অংশৈ পাড়া,RUM806,21.977,92.454,150,0,0,0,0,0,0,0,0,0,0,0,0,0,0,0,0,,,,
2371,Bangladesh,Chattogram,Bandarban,Ruma,Ruma,08,,,,Bagamukh Para,বগামুখ পাড়া,RUM807,22.016,92.46,180,0,0,0,0,0,0,0,0,0,0,0,0,0,0,0,0,,,,
2372,Bangladesh,Chattogram,Bandarban,Ruma,Ruma,08,,,,Shairatong Para,শৈরাতং পাড়া,RUM808,21.999,92.449,90,0,0,0,0,0,0,0,0,0,0,0,0,0,0,0,0,,,,
2373,Bangladesh,Chattogram,Bandarban,Ruma,Ruma,08,,,,Sat Kilo Para,সাত কিলো পাড়া,RUM809,22.024,92.436,20,0,0,0,0,0,0,0,0,0,0,0,0,0,0,0,0,,,,
2374,Bangladesh,Chattogram,Bandarban,Ruma,Ruma,08,,,,Najaret Para,নাজারেট পাড়া,RUM810,22.012,92.42,95,0,0,0,0,0,0,0,0,0,0,0,0,0,0,0,0,,,,
2375,Bangladesh,Chattogram,Bandarban,Ruma,Ruma,08,,,,Ubakai Para,উবাকই পাড়া,RUM811,22.018,92.456,135,0,0,0,0,0,0,0,0,0,0,0,0,0,0,0,0,,,,
2376,Bangladesh,Chattogram,Bandarban,Ruma,Ruma,08,,,,Nalek Para,নালেক পাড়া,RUM812,21.982,92.46,130,0,0,0,0,0,0,0,0,0,0,0,0,0,0,0,0,,,,
2377,Bangladesh,Chattogram,Bandarban,Ruma,Ruma,08,,,,Kyaimbuwa Para,কেম্বুয়া পাড়া,RUM813,22.036,92.437,160,0,0,0,0,0,0,0,0,0,0,0,0,0,0,0,0,,,,
2378,Bangladesh,Chattogram,Bandarban,Ruma,Ruma,08,,,,Kamola Para,কমলা পাড়া,RUM814,21.977,92.463,45,0,0,0,0,0,0,0,0,0,0,0,0,0,0,0,0,,,,
2379,Bangladesh,Chattogram,Bandarban,Ruma,Ruma,09,,,,Rijhuk Para,রিঝুক পাড়া,RUM901,22.018,92.405,120,0,0,0,0,0,0,0,0,0,0,0,0,0,0,0,0,,,,
2380,Bangladesh,Chattogram,Bandarban,Ruma,Ruma,09,,,,Koladi Para,কোলাদি পাড়া,RUM902,22.013,92.404,30,0,0,0,0,0,0,0,0,0,0,0,0,0,0,0,0,,,,
2381,Bangladesh,Chattogram,Bandarban,Ruma,Ruma,09,,,,Kraudang Para,ক্রাউদাং পাড়া,RUM903,21.991,92.394,156,0,0,0,0,0,0,0,0,0,0,0,0,0,0,0,0,,,,
2382,Bangladesh,Chattogram,Bandarban,Ruma,Ruma,09,,,,Thandajhiri Para,ঠাণ্ডাঝিরি পাড়া,RUM904,21.979,92.386,150,0,0,0,0,0,0,0,0,0,0,0,0,0,0,0,0,,,,
2383,Bangladesh,Chattogram,Bandarban,Ruma,Ruma,09,,,,Basadeyar Para,বাসাদেয়র পাড়া,RUM905,21.969,92.379,75,0,0,0,0,0,0,0,0,0,0,0,0,0,0,0,0,,,,
2384,Bangladesh,Chattogram,Bandarban,Ruma,Ruma,09,,,,Manglaigra Para,মাংলাইগ্র পাড়া,RUM906,21.968,92.387,150,0,0,0,0,0,0,0,0,0,0,0,0,0,0,0,0,,,,
2385,Bangladesh,Chattogram,Bandarban,Ruma,Ruma,09,,,,Naitong Para,নাইতং পাড়া,RUM907,21.972,92.416,400,0,0,0,0,0,0,0,0,0,0,0,0,0,0,0,0,,,,
2386,Bangladesh,Chattogram,Bandarban,Ruma,Ruma,09,,,,Arjun Para,অর্জুন পাড়া,RUM908,21.955,92.419,100,0,0,0,0,0,0,0,0,0,0,0,0,0,0,0,0,,,,
2387,Bangladesh,Chattogram,Bandarban,Ruma,Ruma,09,,,,Kyatai Para,ক্যতাই পাড়া,RUM909,21.975,92.44,75,0,0,0,0,0,0,0,0,0,0,0,0,0,0,0,0,,,,
2388,Bangladesh,Chattogram,Bandarban,Ruma,Ruma,09,,,,Samakhal Para,সামাখাল পাড়া,RUM910,21.995,92.421,425,0,0,0,0,0,0,0,0,0,0,0,0,0,0,0,0,,,,
2389,Bangladesh,Chattogram,Bandarban,Thanchi,Balipara,01,,,,Ailmara Para,আইলমারা পাড়া,BAL101,21.88581,92.387203,328,0,0,0,0,0,0,0,0,0,0,0,0,0,0,0,0,,,,
2390,Bangladesh,Chattogram,Bandarban,Thanchi,Balipara,01,,,,Anil Para,অনিল পাড়া,BAL102,21.886443,92.385367,168,0,0,0,0,0,0,0,0,0,0,0,0,0,0,0,0,,,,
2391,Bangladesh,Chattogram,Bandarban,Thanchi,Balipara,01,,,,Bagan Para,বাগান পাড়া,BAL103,21.883846,92.388014,284,0,0,0,0,0,0,0,0,0,0,0,0,0,0,0,0,,,,
2392,Bangladesh,Chattogram,Bandarban,Thanchi,Balipara,01,,,,Balpeye Para,বলপেয়ে পাড়া,BAL104,21.883929,92.389474,68,0,0,0,0,0,0,0,0,0,0,0,0,0,0,0,0,,,,
2393,Bangladesh,Chattogram,Bandarban,Thanchi,Balipara,02,,,,Dhakchoi Para,ডাকছৈ পাড়া,BAL201,21.874603,92.394219,200,0,0,0,0,0,0,0,0,0,0,0,0,0,0,0,0,,,,
2394,Bangladesh,Chattogram,Bandarban,Thanchi,Balipara,02,,,,Manai Para,মনাই পাড়া,BAL202,21.87844,92.399714,220,0,0,0,0,0,0,0,0,0,0,0,0,0,0,0,0,,,,
2395,Bangladesh,Chattogram,Bandarban,Thanchi,Balipara,02,,,,Kamala Bagan Chakma Para,কমলা বাগান চাকমা পাড়া,BAL203,21.861189,92.383638,135,0,0,0,0,0,0,0,0,0,0,0,0,0,0,0,0,,,,
2396,Bangladesh,Chattogram,Bandarban,Thanchi,Balipara,02,,,,Kamala Bagan Marma Para,কমলা বাগান মারমা পাড়া,BAL204,21.854031,92.381944,80,0,0,0,0,0,0,0,0,0,0,0,0,0,0,0,0,,,,
2397,Bangladesh,Chattogram,Bandarban,Thanchi,Balipara,02,,,,Kamala Bagan Tripura Para,কমলা বাগান ত্রিপুরা পাড়া,BAL205,21.861192,92.381454,120,0,0,0,0,0,0,0,0,0,0,0,0,0,0,0,0,,,,
2398,Bangladesh,Chattogram,Bandarban,Thanchi,Balipara,03,,,,Balibazar,বলিবাজার,BAL301,21.884868,92.394424,1200,0,0,0,0,0,0,0,0,0,0,0,0,0,0,0,0,,,,
2399,Bangladesh,Chattogram,Bandarban,Thanchi,Balipara,03,,,,Hindu Para,হিন্দু পাড়া,BAL302,21.882036,92.392884,700,0,0,0,0,0,0,0,0,0,0,0,0,0,0,0,0,,,,
2400,Bangladesh,Chattogram,Bandarban,Thanchi,Balipara,03,,,,Balipara BGB Camp,বলিপাড়া বিজিবি ক্যাম্প,BAL303,21.881538,92.396243,0,0,0,0,0,0,0,0,0,0,0,0,0,0,0,0,0,,,,
2401,Bangladesh,Chattogram,Bandarban,Thanchi,Balipara,04,,,,Naikkhyong Para,নাইক্ষ্যং পাড়া,BAL401,21.86941,92.402209,250,0,0,0,0,0,0,0,0,0,0,0,0,0,0,0,0,,,,
2402,Bangladesh,Chattogram,Bandarban,Thanchi,Balipara,04,,,,Sakhai Para,সাখই পাড়া,BAL402,21.844859,92.384812,160,0,0,0,0,0,0,0,0,0,0,0,0,0,0,0,0,,,,
2403,Bangladesh,Chattogram,Bandarban,Thanchi,Balipara,05,,,,Krangkhyang Para,ক্রংক্ষ্যং পাড়া,BAL501,21.851623,92.420148,350,0,0,0,0,0,0,0,0,0,0,0,0,0,0,0,0,,,,
2404,Bangladesh,Chattogram,Bandarban,Thanchi,Balipara,05,,,,Mongmyaching Para,মংম্যাচিং পাড়া,BAL502,21.858524,92.409541,50,0,0,0,0,0,0,0,0,0,0,0,0,0,0,0,0,,,,
2405,Bangladesh,Chattogram,Bandarban,Thanchi,Balipara,05,,,,Menrowa Para,মেনরোয়া পাড়া,BAL503,21.843291,92.393212,104,0,0,0,0,0,0,0,0,0,0,0,0,0,0,0,0,,,,
2406,Bangladesh,Chattogram,Bandarban,Thanchi,Balipara,05,,,,Haitong Para,হয়তন পাড়া,BAL504,21.844132,92.399181,100,0,0,0,0,0,0,0,0,0,0,0,0,0,0,0,0,,,,
2407,Bangladesh,Chattogram,Bandarban,Thanchi,Balipara,05,,,,Dingte Para,দিংতে পাড়া,BAL505,21.82686,92.405419,110,0,0,0,0,0,0,0,0,0,0,0,0,0,0,0,0,,,,
2408,Bangladesh,Chattogram,Bandarban,Thanchi,Balipara,06,,,,Biddyamoni Para,বিদ্যামনি পাড়া,BAL601,21.815454,92.403812,250,0,0,0,0,0,0,0,0,0,0,0,0,0,0,0,0,,,,
2409,Bangladesh,Chattogram,Bandarban,Thanchi,Balipara,06,,,,Fohlaching Para,ফোহ্লাচিং পাড়া,BAL602,21.815399,92.405036,40,0,0,0,0,0,0,0,0,0,0,0,0,0,0,0,0,,,,
2410,Bangladesh,Chattogram,Bandarban,Thanchi,Balipara,06,,,,Naidari Para,নাইদারী পাড়া,BAL603,21.823946,92.428779,160,0,0,0,0,0,0,0,0,0,0,0,0,0,0,0,0,,,,
2411,Bangladesh,Chattogram,Bandarban,Thanchi,Balipara,06,,,,Kanjoi Para,কনজুই পাড়া,BAL604,21.839177,92.417408,200,0,0,0,0,0,0,0,0,0,0,0,0,0,0,0,0,,,,
2412,Bangladesh,Chattogram,Bandarban,Thanchi,Balipara,06,,,,Thanchi Army Camp,থানচি আর্মি ক্যাম্প,BAL605,21.821236,92.424873,0,0,0,0,0,0,0,0,0,0,0,0,0,0,0,0,0,,,,
2413,Bangladesh,Chattogram,Bandarban,Thanchi,Balipara,07,,,,Bali Para,বলি পাড়া,BAL701,21.890365,92.391145,460,0,0,0,0,0,0,0,0,0,0,0,0,0,0,0,0,,,,
2414,Bangladesh,Chattogram,Bandarban,Thanchi,Balipara,07,,,,Basil Maro Para,বাসিল মরো পাড়া,BAL702,21.893998,92.390826,80,0,0,0,0,0,0,0,0,0,0,0,0,0,0,0,0,,,,
2415,Bangladesh,Chattogram,Bandarban,Thanchi,Balipara,07,,,,Prafulla Para,প্রফুল্ল পাড়া,BAL703,21.89399,92.388109,10,0,0,0,0,0,0,0,0,0,0,0,0,0,0,0,0,,,,
2416,Bangladesh,Chattogram,Bandarban,Thanchi,Balipara,07,,,,Gyanlal Para,জ্ঞানলাল পাড়া,BAL704,21.887544,92.409753,60,0,0,0,0,0,0,0,0,0,0,0,0,0,0,0,0,,,,
2417,Bangladesh,Chattogram,Bandarban,Thanchi,Balipara,08,,,,Kyachu Para,ক্যচু পাড়া,BAL801,21.894422,92.418292,400,0,0,0,0,0,0,0,0,0,0,0,0,0,0,0,0,,,,
2418,Bangladesh,Chattogram,Bandarban,Thanchi,Balipara,08,,,,Brahmadatta Para,ব্রহ্মদত্ত পাড়া,BAL802,21.890996,92.415328,100,0,0,0,0,0,0,0,0,0,0,0,0,0,0,0,0,,,,
2419,Bangladesh,Chattogram,Bandarban,Thanchi,Balipara,08,,,,Janerang Para,জনেরাং পাড়া,BAL803,21.890783,92.438733,45,0,0,0,0,0,0,0,0,0,0,0,0,0,0,0,0,,,,
2420,Bangladesh,Chattogram,Bandarban,Thanchi,Balipara,08,,,,Sungthang Khumi Para,সুংথাং খুমী পাড়া,BAL804,21.889776,92.42147,45,0,0,0,0,0,0,0,0,0,0,0,0,0,0,0,0,,,,
2421,Bangladesh,Chattogram,Bandarban,Thanchi,Balipara,09,,,,Satishchadra Para,সতীশচন্দ্র পাড়া,BAL901,21.877084,92.449321,320,0,0,0,0,0,0,0,0,0,0,0,0,0,0,0,0,,,,
2422,Bangladesh,Chattogram,Bandarban,Thanchi,Balipara,09,,,,Thangang Para,থংনাং পাড়া,BAL902,21.853937,92.436838,100,0,0,0,0,0,0,0,0,0,0,0,0,0,0,0,0,,,,
2423,Bangladesh,Chattogram,Bandarban,Thanchi,Balipara,09,,,,Hastarang Para,হাঁস্তরাং পাড়া,BAL903,21.88354,92.441018,60,0,0,0,0,0,0,0,0,0,0,0,0,0,0,0,0,,,,
2424,Bangladesh,Chattogram,Bandarban,Thanchi,Balipara,09,,,,Halirang Para,হালিরাং পাড়া,BAL904,21.857892,92.424509,250,0,0,0,0,0,0,0,0,0,0,0,0,0,0,0,0,,,,
2425,Bangladesh,Chattogram,Bandarban,Thanchi,Balipara,09,,,,Sayarang Para,সৈয়রাং পাড়া,BAL905,21.865586,92.445593,180,0,0,0,0,0,0,0,0,0,0,0,0,0,0,0,0,,,,
2426,Bangladesh,Chattogram,Bandarban,Thanchi,Remakri,01,,,,Dalian Para,দলিয়ান পাড়া,REM101,21.690489,92.5628,142,0,0,0,0,0,0,0,0,0,0,0,0,0,0,0,0,,,,
2427,Bangladesh,Chattogram,Bandarban,Thanchi,Remakri,01,,,,Atirang Para,অতিরাং পাড়া,REM102,21.69358,92.561636,127,0,0,0,0,0,0,0,0,0,0,0,0,0,0,0,0,,,,
2428,Bangladesh,Chattogram,Bandarban,Thanchi,Remakri,01,,,,Kesmon Para,কেসমন পাড়া,REM103,21.694367,92.561949,88,0,0,0,0,0,0,0,0,0,0,0,0,0,0,0,0,,,,
2429,Bangladesh,Chattogram,Bandarban,Thanchi,Remakri,01,,,,Khonchong Mro Para,খনচং ম্রো পাড়া,REM104,21.696281,92.557504,44,0,0,0,0,0,0,0,0,0,0,0,0,0,0,0,0,,,,
2430,Bangladesh,Chattogram,Bandarban,Thanchi,Remakri,01,,,,Runjang Mro Para,র়ুনজাং ম্রো পাড়া,REM105,21.700486,92.561097,31,0,0,0,0,0,0,0,0,0,0,0,0,0,0,0,0,,,,
2431,Bangladesh,Chattogram,Bandarban,Thanchi,Remakri,01,,,,Nochingaung Para,ঞোচিংঅং পাড়া,REM106,21.696419,92.558615,97,0,0,0,0,0,0,0,0,0,0,0,0,0,0,0,0,,,,
2432,Bangladesh,Chattogram,Bandarban,Thanchi,Remakri,01,,,,Kalu Para,কালু পাড়া,REM107,21.698607,92.559729,137,0,0,0,0,0,0,0,0,0,0,0,0,0,0,0,0,,,,
2433,Bangladesh,Chattogram,Bandarban,Thanchi,Remakri,01,,,,Shoiaung Para,শৈঅং পাড়া,REM108,21.699474,92.559985,14,0,0,0,0,0,0,0,0,0,0,0,0,0,0,0,0,,,,
2434,Bangladesh,Chattogram,Bandarban,Thanchi,Remakri,01,,,,Champat Para,চম্পাত পাড়া,REM109,21.734787,92.578693,61,0,0,0,0,0,0,0,0,0,0,0,0,0,0,0,0,,,,
2435,Bangladesh,Chattogram,Bandarban,Thanchi,Remakri,01,,,,Dalian Para BGB Camp,দলিয়ান পাড়া বিজিবি ক্যাম্প,REM110,21.680245,92.570631,0,0,0,0,0,0,0,0,0,0,0,0,0,0,0,0,0,,,,
2436,Bangladesh,Chattogram,Bandarban,Thanchi,Remakri,01,,,,Kalu Para BGB Camp,কালু পাড়া বিজিবি ক্যাম্প,REM111,21.721425,92.57729,0,0,0,0,0,0,0,0,0,0,0,0,0,0,0,0,0,,,,
2437,Bangladesh,Chattogram,Bandarban,Thanchi,Remakri,02,,,,Kyabo Para,ক্যবু পাড়া,REM201,21.694649,92.537899,235,0,0,0,0,0,0,0,0,0,0,0,0,0,0,0,0,,,,
2438,Bangladesh,Chattogram,Bandarban,Thanchi,Remakri,02,,,,Hamajan Para,হামাজন পাড়া,REM202,21.721626,92.558856,136,0,0,0,0,0,0,0,0,0,0,0,0,0,0,0,0,,,,
2439,Bangladesh,Chattogram,Bandarban,Thanchi,Remakri,02,,,,Dulu Para,দুলু পাড়া,REM203,21.737231,92.568378,103,0,0,0,0,0,0,0,0,0,0,0,0,0,0,0,0,,,,
2440,Bangladesh,Chattogram,Bandarban,Thanchi,Remakri,02,,,,Chaihlau Para,চাইহ্লাউ পাড়া,REM204,21.693631,92.550037,185,0,0,0,0,0,0,0,0,0,0,0,0,0,0,0,0,,,,
2441,Bangladesh,Chattogram,Bandarban,Thanchi,Remakri,02,,,,Aungkyaprue Para,অংক্যপ্রু পাড়া,REM205,21.713692,92.558668,96,0,0,0,0,0,0,0,0,0,0,0,0,0,0,0,0,,,,
2442,Bangladesh,Chattogram,Bandarban,Thanchi,Remakri,02,,,,Jishuram Para,যীশুরাম পাড়া,REM206,21.729436,92.551621,75,0,0,0,0,0,0,0,0,0,0,0,0,0,0,0,0,,,,
2443,Bangladesh,Chattogram,Bandarban,Thanchi,Remakri,02,,,,Uhlaching Para,উহ্লাচিং পাড়া,REM207,21.7212,92.53821,121,0,0,0,0,0,0,0,0,0,0,0,0,0,0,0,0,,,,
2444,Bangladesh,Chattogram,Bandarban,Thanchi,Remakri,03,,,,Penedang Para,পেনেদং পাড়া,REM301,21.682647,92.527334,315,0,0,0,0,0,0,0,0,0,0,0,0,0,0,0,0,,,,
2445,Bangladesh,Chattogram,Bandarban,Thanchi,Remakri,03,,,,Mongkhyoiu Para,মংখ্যইউ পাড়া,REM302,21.679818,92.521829,86,0,0,0,0,0,0,0,0,0,0,0,0,0,0,0,0,,,,
2446,Bangladesh,Chattogram,Bandarban,Thanchi,Remakri,03,,,,Remakri Bazar,রেমাক্রী বাজার,REM303,21.677535,92.519513,541,0,0,0,0,0,0,0,0,0,0,0,0,0,0,0,0,,,,
2447,Bangladesh,Chattogram,Bandarban,Thanchi,Remakri,03,,,,Mongmya Para,মংম্যা পাড়া,REM304,21.663726,92.519435,275,0,0,0,0,0,0,0,0,0,0,0,0,0,0,0,0,,,,
2448,Bangladesh,Chattogram,Bandarban,Thanchi,Remakri,03,,,,Zadi Para,জাদি পাড়া,REM305,21.678401,92.521779,55,0,0,0,0,0,0,0,0,0,0,0,0,0,0,0,0,,,,
2449,Bangladesh,Chattogram,Bandarban,Thanchi,Remakri,04,,,,Aunghla Khumi Para,অংহ্লা খুমী পাড়া,REM401,21.661617,92.516434,76,0,0,0,0,0,0,0,0,0,0,0,0,0,0,0,0,,,,
2450,Bangladesh,Chattogram,Bandarban,Thanchi,Remakri,04,,,,Ada Mro Para,আদা ম্রো পাড়া,REM402,21.640595,92.528258,210,0,0,0,0,0,0,0,0,0,0,0,0,0,0,0,0,,,,
2451,Bangladesh,Chattogram,Bandarban,Thanchi,Remakri,04,,,,Laithang Para,লাইথাং পাড়া,REM403,21.637586,92.504231,98,0,0,0,0,0,0,0,0,0,0,0,0,0,0,0,0,,,,
2452,Bangladesh,Chattogram,Bandarban,Thanchi,Remakri,04,,,,Chai Aung Para,চাইঅং পাড়া,REM404,21.617942,92.498915,70,0,0,0,0,0,0,0,0,0,0,0,0,0,0,0,0,,,,
2453,Bangladesh,Chattogram,Bandarban,Thanchi,Remakri,04,,,,Ayei Khumi Para,আইয়ে খুমী পাড়া,REM405,21.614556,92.51653,58,0,0,0,0,0,0,0,0,0,0,0,0,0,0,0,0,,,,
2454,Bangladesh,Chattogram,Bandarban,Thanchi,Remakri,04,,,,Aunghle Khumi Para,অংলে খুমী পাড়া,REM406,21.634129,92.496404,76,0,0,0,0,0,0,0,0,0,0,0,0,0,0,0,0,,,,
2455,Bangladesh,Chattogram,Bandarban,Thanchi,Remakri,04,,,,Saklang Mro Para,সাক্লাং ম্রো পাড়া,REM407,21.644933,92.461365,62,0,0,0,0,0,0,0,0,0,0,0,0,0,0,0,0,,,,
2456,Bangladesh,Chattogram,Bandarban,Thanchi,Remakri,04,,,,Halirang Para,হাঁলিরাং পাড়া,REM408,21.653271,92.519724,124,0,0,0,0,0,0,0,0,0,0,0,0,0,0,0,0,,,,
2457,Bangladesh,Chattogram,Bandarban,Thanchi,Remakri,05,,,,Choto Madak Sakhyou Para,ছোট মদক সাখয়উ পাড়া,REM501,21.61002,92.541325,145,0,0,0,0,0,0,0,0,0,0,0,0,0,0,0,0,,,,
2458,Bangladesh,Chattogram,Bandarban,Thanchi,Remakri,05,,,,Bilorang Subas Para,বিলোরাং সুবাস পাড়া,REM502,21.594493,92.541106,124,0,0,0,0,0,0,0,0,0,0,0,0,0,0,0,0,,,,
2459,Bangladesh,Chattogram,Bandarban,Thanchi,Remakri,05,,,,Prele Para,প্রেলে পাড়া,REM503,21.599401,92.530239,78,0,0,0,0,0,0,0,0,0,0,0,0,0,0,0,0,,,,
2460,Bangladesh,Chattogram,Bandarban,Thanchi,Remakri,05,,,,Hanachandra Para,হানাচন্দ্র পাড়া,REM504,21.619118,92.544205,128,0,0,0,0,0,0,0,0,0,0,0,0,0,0,0,0,,,,
2461,Bangladesh,Chattogram,Bandarban,Thanchi,Remakri,05,,,,Huku Para,হুকু পাড়া,REM505,21.594202,92.539106,139,0,0,0,0,0,0,0,0,0,0,0,0,0,0,0,0,,,,
2462,Bangladesh,Chattogram,Bandarban,Thanchi,Remakri,05,,,,Choto Madak BGB Camp,ছোট মদক বিজিবি ক্যাম্প,REM506,21.62324,92.547627,0,0,0,0,0,0,0,0,0,0,0,0,0,0,0,0,0,,,,
2463,Bangladesh,Chattogram,Bandarban,Thanchi,Remakri,06,,,,Pruesaung Para,প্রুসাঅং পাড়া,REM601,21.574273,92.568158,354,0,0,0,0,0,0,0,0,0,0,0,0,0,0,0,0,,,,
2464,Bangladesh,Chattogram,Bandarban,Thanchi,Remakri,06,,,,Usamong Para,উসামং পাড়া,REM602,21.5722,92.567456,278,0,0,0,0,0,0,0,0,0,0,0,0,0,0,0,0,,,,
2465,Bangladesh,Chattogram,Bandarban,Thanchi,Remakri,06,,,,Hnasalang Para,নাসালাং পাড়া,REM603,21.561974,92.566214,125,0,0,0,0,0,0,0,0,0,0,0,0,0,0,0,0,,,,
2466,Bangladesh,Chattogram,Bandarban,Thanchi,Remakri,06,,,,Aunggi Khumi Para,অংগী খুমী পাড়া,REM604,21.559346,92.547993,105,0,0,0,0,0,0,0,0,0,0,0,0,0,0,0,0,,,,
2467,Bangladesh,Chattogram,Bandarban,Thanchi,Remakri,06,,,,Jogirang Para,যোগিরাং পাড়া,REM605,21.556766,92.569945,80,0,0,0,0,0,0,0,0,0,0,0,0,0,0,0,0,,,,
2468,Bangladesh,Chattogram,Bandarban,Thanchi,Remakri,06,,,,Chaishaiu Para,চাইশৈউ পাড়া,REM606,21.554645,92.570523,60,0,0,0,0,0,0,0,0,0,0,0,0,0,0,0,0,,,,
2469,Bangladesh,Chattogram,Bandarban,Thanchi,Remakri,06,,,,Basingaung Para,বাসিংঅং পাড়া,REM607,21.550887,92.569348,210,0,0,0,0,0,0,0,0,0,0,0,0,0,0,0,0,,,,
2470,Bangladesh,Chattogram,Bandarban,Thanchi,Remakri,06,,,,Napelang Usathoai Para,নাপেলাং উসাথোয়াই পাড়া,REM608,21.541641,92.561047,40,0,0,0,0,0,0,0,0,0,0,0,0,0,0,0,0,,,,
2471,Bangladesh,Chattogram,Bandarban,Thanchi,Remakri,06,,,,Patoa Para,পাতোয়া পাড়া,REM609,21.54596,92.548636,130,0,0,0,0,0,0,0,0,0,0,0,0,0,0,0,0,,,,
2472,Bangladesh,Chattogram,Bandarban,Thanchi,Remakri,06,,,,Puraton Patoa Para,পুরাতন পাতোয়া পাড়া,REM610,21.557831,92.525785,98,0,0,0,0,0,0,0,0,0,0,0,0,0,0,0,0,,,,
2473,Bangladesh,Chattogram,Bandarban,Thanchi,Remakri,06,,,,Andar Manik Bazar Para,আন্দার মানিক বাজার পাড়া,REM611,21.538665,92.554026,80,0,0,0,0,0,0,0,0,0,0,0,0,0,0,0,0,,,,
2474,Bangladesh,Chattogram,Bandarban,Thanchi,Remakri,06,,,,Yangnong Para (Mrongwya),য়ংনং পাড়া (ম্রংওয়া),REM612,21.536421,92.55257,220,0,0,0,0,0,0,0,0,0,0,0,0,0,0,0,0,,,,
2475,Bangladesh,Chattogram,Bandarban,Thanchi,Remakri,06,,,,Ching Chong Para,চিং চং পাড়া,REM613,21.532957,92.543134,135,0,0,0,0,0,0,0,0,0,0,0,0,0,0,0,0,,,,
2476,Bangladesh,Chattogram,Bandarban,Thanchi,Remakri,06,,,,Naresa Mro Para,নারেসা ম্রো পাড়া,REM614,21.522135,92.539627,225,0,0,0,0,0,0,0,0,0,0,0,0,0,0,0,0,,,,
2477,Bangladesh,Chattogram,Bandarban,Thanchi,Remakri,06,,,,Menthang Para,ম্যানথং পাড়া,REM615,21.529523,92.518808,30,0,0,0,0,0,0,0,0,0,0,0,0,0,0,0,0,,,,
2478,Bangladesh,Chattogram,Bandarban,Thanchi,Remakri,06,,,,Haichoya Mro Para,হাইছোয়া ম্রো পাড়া,REM616,21.496993,92.567037,22,0,0,0,0,0,0,0,0,0,0,0,0,0,0,0,0,,,,
2479,Bangladesh,Chattogram,Bandarban,Thanchi,Remakri,06,,,,Dungdung Mro Para,ডুংডুং ম্রো পাড়া,REM617,21.495884,92.544317,40,0,0,0,0,0,0,0,0,0,0,0,0,0,0,0,0,,,,
2480,Bangladesh,Chattogram,Bandarban,Thanchi,Remakri,06,,,,Nephew Para,নেপিউ পাড়া,REM618,21.470467,92.549526,70,0,0,0,0,0,0,0,0,0,0,0,0,0,0,0,0,,,,
2481,Bangladesh,Chattogram,Bandarban,Thanchi,Remakri,06,,,,Mronggong Koshoipro Para,ম্রংগং কশৈপ্রং পাড়া,REM619,21.456962,92.584462,70,0,0,0,0,0,0,0,0,0,0,0,0,0,0,0,0,,,,
2482,Bangladesh,Chattogram,Bandarban,Thanchi,Remakri,06,,,,Mempre Para,মেমপ্রে পাড়া,REM620,21.44359,92.578226,18,0,0,0,0,0,0,0,0,0,0,0,0,0,0,0,0,,,,
2483,Bangladesh,Chattogram,Bandarban,Thanchi,Remakri,06,,,,Yongbongse Para,য়াংবংসে পাড়া,REM621,21.436945,92.572897,90,0,0,0,0,0,0,0,0,0,0,0,0,0,0,0,0,,,,
2484,Bangladesh,Chattogram,Bandarban,Thanchi,Remakri,06,,,,Yangbonggre Para,য়াংবংগ্নি পাড়া,REM622,21.424221,92.576643,70,0,0,0,0,0,0,0,0,0,0,0,0,0,0,0,0,,,,
2485,Bangladesh,Chattogram,Bandarban,Thanchi,Remakri,06,,,,Loikri Noiyaithang Para,লইক্রি ঙৈইথং পাড়া,REM623,21.406372,92.586685,370,0,0,0,0,0,0,0,0,0,0,0,0,0,0,0,0,,,,
2486,Bangladesh,Chattogram,Bandarban,Thanchi,Remakri,06,,,,Loikri Suryamani Tripura Para,লইক্রি সূর্যমনি ত্রিপুরা পাড়া,REM624,21.404516,92.586445,45,0,0,0,0,0,0,0,0,0,0,0,0,0,0,0,0,,,,
2487,Bangladesh,Chattogram,Bandarban,Thanchi,Remakri,06,,,,Chandra Mohan Para,চন্দ্র মোহন পাড়া,REM625,21.364416,92.594469,16,0,0,0,0,0,0,0,0,0,0,0,0,0,0,0,0,,,,
2488,Bangladesh,Chattogram,Bandarban,Thanchi,Remakri,06,,,,Yongdong Para,ইয়ংডং পাড়া,REM626,21.350913,92.593951,19,0,0,0,0,0,0,0,0,0,0,0,0,0,0,0,0,,,,
2489,Bangladesh,Chattogram,Bandarban,Thanchi,Remakri,06,,,,Tangkhwaing Singkrat Para,তাংখোয়াইং সিংক্রাত পাড়া,REM627,21.325335,92.611352,68,0,0,0,0,0,0,0,0,0,0,0,0,0,0,0,0,,,,
2490,Bangladesh,Chattogram,Bandarban,Thanchi,Remakri,06,,,,Bulu Para (Lakpaing),বুলু পাড়া (লাকপাইন),REM628,21.306137,92.622106,90,0,0,0,0,0,0,0,0,0,0,0,0,0,0,0,0,,,,
2491,Bangladesh,Chattogram,Bandarban,Thanchi,Remakri,06,,,,Menhat Para,মেনহাত পাড়া,REM629,21.287672,92.616454,90,0,0,0,0,0,0,0,0,0,0,0,0,0,0,0,0,,,,
2492,Bangladesh,Chattogram,Bandarban,Thanchi,Remakri,06,,,,Laykri BGB Camp,লাইক্রি বিজিবি ক্যাম্প,REM630,21.404037,92.580988,0,0,0,0,0,0,0,0,0,0,0,0,0,0,0,0,0,,,,
2493,Bangladesh,Chattogram,Bandarban,Thanchi,Remakri,06,,,,Bulu Para BGB Camp,বুলু পাড়া বিজিবি ক্যাম্প,REM631,21.302455,92.619461,0,0,0,0,0,0,0,0,0,0,0,0,0,0,0,0,0,,,,
2494,Bangladesh,Chattogram,Bandarban,Thanchi,Remakri,06,,,,Maiva Para/ Isaac Para,মাইভা/আইজ্যাক পাড়া,REM632,21.585177,92.510077,165,0,0,0,0,0,0,0,0,0,0,0,0,0,0,0,0,,,,
2495,Bangladesh,Chattogram,Bandarban,Thanchi,Remakri,07,,,,Rungsola Para,রুংসোলা পাড়া,REM701,21.630032,92.550139,245,0,0,0,0,0,0,0,0,0,0,0,0,0,0,0,0,,,,
2496,Bangladesh,Chattogram,Bandarban,Thanchi,Remakri,07,,,,Jagat Chandra Para,জগৎ চন্দ্র পাড়া,REM702,21.626274,92.55279,58,0,0,0,0,0,0,0,0,0,0,0,0,0,0,0,0,,,,
2497,Bangladesh,Chattogram,Bandarban,Thanchi,Remakri,07,,,,Aduha Para,আদুহা পাড়া,REM703,21.633972,92.540802,67,0,0,0,0,0,0,0,0,0,0,0,0,0,0,0,0,,,,
2498,Bangladesh,Chattogram,Bandarban,Thanchi,Remakri,07,,,,Khesaprue Para,খেসাপ্রু পাড়া,REM704,21.612624,92.542671,281,0,0,0,0,0,0,0,0,0,0,0,0,0,0,0,0,,,,
2499,Bangladesh,Chattogram,Bandarban,Thanchi,Remakri,07,,,,Kyamong Headman Para,ক্যমং হেডম্যান পাড়া,REM705,21.62527,92.572342,278,0,0,0,0,0,0,0,0,0,0,0,0,0,0,0,0,,,,
2500,Bangladesh,Chattogram,Bandarban,Thanchi,Remakri,07,,,,Mothe Para,মথি পাড়া,REM706,21.645035,92.587001,121,0,0,0,0,0,0,0,0,0,0,0,0,0,0,0,0,,,,
2501,Bangladesh,Chattogram,Bandarban,Thanchi,Remakri,07,,,,Punia Para BGB Camp,পুনিয়া পাড়া বিজিবি ক্যাম্প,REM707,21.641162,92.587396,0,0,0,0,0,0,0,0,0,0,0,0,0,0,0,0,0,,,,
2502,Bangladesh,Chattogram,Bandarban,Thanchi,Remakri,07,,,,Madikhiang BOP Camp,মাদিখিয়ং বিওপি ক্যাম্প,REM708,21.614737,92.579606,30,0,0,0,0,0,0,0,0,0,0,0,0,0,0,0,0,,,,
2503,Bangladesh,Chattogram,Bandarban,Thanchi,Remakri,08,,,,Bara Madak Bhitor Para,বড় মদক ভিতর পাড়া,REM801,21.576542,92.577084,1005,0,0,0,0,0,0,0,0,0,0,0,0,0,0,0,0,,,,
2504,Bangladesh,Chattogram,Bandarban,Thanchi,Remakri,08,,,,Shri Mohan Para,শ্রী মোহন পাড়া,REM802,21.575618,92.573462,47,0,0,0,0,0,0,0,0,0,0,0,0,0,0,0,0,,,,
2505,Bangladesh,Chattogram,Bandarban,Thanchi,Remakri,09,,,,Paimong Para,পাইমং পাড়া,REM901,21.574275,92.572149,270,0,0,0,0,0,0,0,0,0,0,0,0,0,0,0,0,,,,
2506,Bangladesh,Chattogram,Bandarban,Thanchi,Remakri,09,,,,Bara Madok Bazar Para,বড় মদক বাজার পাড়া,REM902,21.573096,92.570799,200,0,0,0,0,0,0,0,0,0,0,0,0,0,0,0,0,,,,
2507,Bangladesh,Chattogram,Bandarban,Thanchi,Remakri,09,,,,Anang Khumi Para,আনং খুমী পাড়া,REM903,21.562295,92.569395,85,0,0,0,0,0,0,0,0,0,0,0,0,0,0,0,0,,,,
2508,Bangladesh,Chattogram,Bandarban,Thanchi,Remakri,09,,,,Foshoiu Para,ফোশৈউ পাড়া,REM904,21.560719,92.568505,174,0,0,0,0,0,0,0,0,0,0,0,0,0,0,0,0,,,,
2509,Bangladesh,Chattogram,Bandarban,Thanchi,Remakri,09,,,,Japarang Para,জাপারাং পাড়া,REM905,21.545701,92.566441,325,0,0,0,0,0,0,0,0,0,0,0,0,0,0,0,0,,,,
2510,Bangladesh,Chattogram,Bandarban,Thanchi,Remakri,09,,,,Krahlang Para,ক্রাহ্লাঅং পাড়া,REM906,21.540792,92.554809,92,0,0,0,0,0,0,0,0,0,0,0,0,0,0,0,0,,,,
2511,Bangladesh,Chattogram,Bandarban,Thanchi,Remakri,09,,,,Jogisa Tripura Para,যোগিসিয়া ত্রিপুরা পাড়া,REM907,21.513211,92.590902,168,0,0,0,0,0,0,0,0,0,0,0,0,0,0,0,0,,,,
2512,Bangladesh,Chattogram,Bandarban,Thanchi,Remakri,09,,,,Parao Mro Para,পারাও ম্রো পাড়া,REM908,21.489897,92.59101,40,0,0,0,0,0,0,0,0,0,0,0,0,0,0,0,0,,,,
2513,Bangladesh,Chattogram,Bandarban,Thanchi,Remakri,09,,,,Choikkhyang Monindra Para,চইকক্ষ্যং মনিন্দ্র পাড়া,REM909,21.460305,92.584989,300,0,0,0,0,0,0,0,0,0,0,0,0,0,0,0,0,,,,
2514,Bangladesh,Chattogram,Bandarban,Thanchi,Remakri,09,,,,Trimoti/ Dungkhi Para,ত্রিমোতি/ডুংখী পাড়া,REM910,21.443734,92.591145,65,0,0,0,0,0,0,0,0,0,0,0,0,0,0,0,0,,,,
2515,Bangladesh,Chattogram,Bandarban,Thanchi,Remakri,09,,,,Oyenoye Lengpong Para,ওয়েনোয়ে লেংপং পাড়া,REM911,21.42764,92.584771,30,0,0,0,0,0,0,0,0,0,0,0,0,0,0,0,0,,,,
2516,Bangladesh,Chattogram,Bandarban,Thanchi,Remakri,09,,,,Malungya Chappachara Para,মালুংগ্যা ছাপ্পাছড়া পাড়া,REM912,21.404962,92.604477,150,0,0,0,0,0,0,0,0,0,0,0,0,0,0,0,0,,,,
2517,Bangladesh,Chattogram,Bandarban,Thanchi,Remakri,09,,,,Jungchara Para,জংছড়া পাড়া,REM913,21.38667,92.604184,30,0,0,0,0,0,0,0,0,0,0,0,0,0,0,0,0,,,,
2518,Bangladesh,Chattogram,Bandarban,Thanchi,Remakri,09,,,,Tangkhuing Para,তাংখুইং পাড়া,REM914,21.376265,92.604731,75,0,0,0,0,0,0,0,0,0,0,0,0,0,0,0,0,,,,
2519,Bangladesh,Chattogram,Bandarban,Thanchi,Remakri,09,,,,Phakoyaingkhiong Para,ফাকওয়াইংক্ষ্যাৎ পাড়া,REM915,21.373564,92.602456,95,0,0,0,0,0,0,0,0,0,0,0,0,0,0,0,0,,,,
2520,Bangladesh,Chattogram,Bandarban,Thanchi,Remakri,09,,,,Yong Dong Para,ইয়ং ডং পাড়া,REM916,21.365298,92.603958,93,0,0,0,0,0,0,0,0,0,0,0,0,0,0,0,0,,,,
2521,Bangladesh,Chattogram,Bandarban,Thanchi,Remakri,09,,,,Kwaingkhyang (Panjhiri) Para,কোয়াইংক্ষ্যাং (পানঝিড়ি) পাড়া,REM917,21.346439,92.606622,265,0,0,0,0,0,0,0,0,0,0,0,0,0,0,0,0,,,,
2522,Bangladesh,Chattogram,Bandarban,Thanchi,Remakri,09,,,,Napraitong Andarmanik BGB Camp,নাপ্রাইতং আন্দারমানিক বিজিবি ক্যাম্প,REM918,21.527453,92.589215,0,0,0,0,0,0,0,0,0,0,0,0,0,0,0,0,0,,,,
2523,Bangladesh,Chattogram,Bandarban,Thanchi,Remakri,09,,,,Remakri BGB Camp,রেমাক্রি বিজিবি ক্যাম্প,REM919,21.477939,92.591824,0,0,0,0,0,0,0,0,0,0,0,0,0,0,0,0,0,,,,
2524,Bangladesh,Chattogram,Bandarban,Thanchi,Remakri,09,,,,Waingraing BGB Camp,ওয়াইংগ্রাইং বিজিবি ক্যাম্প,REM920,21.434561,92.591776,0,0,0,0,0,0,0,0,0,0,0,0,0,0,0,0,0,,,,
2525,Bangladesh,Chattogram,Bandarban,Thanchi,Remakri,09,,,,Chhappachara BGB Camp,ছাপ্পাছড়া বিজিবি ক্যাম্প,REM921,21.402373,92.608726,0,0,0,0,0,0,0,0,0,0,0,0,0,0,0,0,0,,,,
2526,Bangladesh,Chattogram,Bandarban,Thanchi,Remakri,09,,,,Panjhiri BGB Camp,পানঝিড়ি বিজিবি ক্যাম্প,REM922,21.349589,92.606916,0,0,0,0,0,0,0,0,0,0,0,0,0,0,0,0,0,,,,
2527,Bangladesh,Chattogram,Bandarban,Thanchi,Remakri,09,,,,Undefined,নামহীন,REM923,21.457938,92.610037,0,0,0,0,0,0,0,0,0,0,0,0,0,0,0,0,0,,,,
2528,Bangladesh,Chattogram,Bandarban,Thanchi,Thanchi,01,,,,Bangyak Headman Para,বংয়ক হেডম্যান পাড়া,THA101,21.822519,92.439456,128,0,0,0,0,0,0,0,0,0,0,0,0,0,0,0,0,,,,
2529,Bangladesh,Chattogram,Bandarban,Thanchi,Thanchi,01,,,,Sadhu Joseph Para,সাধু যোসেফ পাড়া,THA102,21.825669,92.439079,168,0,0,0,0,0,0,0,0,0,0,0,0,0,0,0,0,,,,
2530,Bangladesh,Chattogram,Bandarban,Thanchi,Thanchi,01,,,,Mariam Para,মরিয়ম পাড়া,THA103,21.825961,92.436942,128,0,0,0,0,0,0,0,0,0,0,0,0,0,0,0,0,,,,
2531,Bangladesh,Chattogram,Bandarban,Thanchi,Thanchi,01,,,,Robert Para,রর্বাট পাড়া,THA104,21.832741,92.437053,152,0,0,0,0,0,0,0,0,0,0,0,0,0,0,0,0,,,,
2532,Bangladesh,Chattogram,Bandarban,Thanchi,Thanchi,01,,,,Subraini Para,সুঁব্রাইনি পাড়া,THA105,21.832787,92.432921,72,0,0,0,0,0,0,0,0,0,0,0,0,0,0,0,0,,,,
2533,Bangladesh,Chattogram,Bandarban,Thanchi,Thanchi,01,,,,Aprumang Para,আপ্রুমং পাড়া,THA106,21.832658,92.427881,192,0,0,0,0,0,0,0,0,0,0,0,0,0,0,0,0,,,,
2534,Bangladesh,Chattogram,Bandarban,Thanchi,Thanchi,01,,,,Naktoha Para,নকতোহা পাড়া,THA107,21.836307,92.447686,184,0,0,0,0,0,0,0,0,0,0,0,0,0,0,0,0,,,,
2535,Bangladesh,Chattogram,Bandarban,Thanchi,Thanchi,01,,,,Mayaram Para,মায়ারাম পাড়া,THA108,21.843465,92.43916,92,0,0,0,0,0,0,0,0,0,0,0,0,0,0,0,0,,,,
2536,Bangladesh,Chattogram,Bandarban,Thanchi,Thanchi,01,,,,Hanarang Para,হানারং পাড়া,THA109,21.856646,92.456406,92,0,0,0,0,0,0,0,0,0,0,0,0,0,0,0,0,,,,
2537,Bangladesh,Chattogram,Bandarban,Thanchi,Thanchi,01,,,,Muikhoy Para,মুইখয় পাড়া,THA110,21.849796,92.42496,72,0,0,0,0,0,0,0,0,0,0,0,0,0,0,0,0,,,,
2538,Bangladesh,Chattogram,Bandarban,Thanchi,Thanchi,01,,,,Thanchi Bazar Para,থানচি বাজার পাড়া,THA111,21.816582,92.439114,1120,0,0,0,0,0,0,0,0,0,0,0,0,0,0,0,0,,,,
2539,Bangladesh,Chattogram,Bandarban,Thanchi,Thanchi,01,,,,Chaiyang Para,চাইয়াং পাড়া,THA112,21.82939,92.44797,88,0,0,0,0,0,0,0,0,0,0,0,0,0,0,0,0,,,,
2540,Bangladesh,Chattogram,Bandarban,Thanchi,Thanchi,01,,,,Donroy Para,দনরয় পাড়া,THA113,21.851082,92.483515,160,0,0,0,0,0,0,0,0,0,0,0,0,0,0,0,0,,,,
2541,Bangladesh,Chattogram,Bandarban,Thanchi,Thanchi,02,,,,Owak Para,ওয়াক পাড়া,THA201,21.823585,92.452436,64,0,0,0,0,0,0,0,0,0,0,0,0,0,0,0,0,,,,
2542,Bangladesh,Chattogram,Bandarban,Thanchi,Thanchi,02,,,,Chakku Para,চাক্কু পাড়া,THA202,21.822517,92.456554,96,0,0,0,0,0,0,0,0,0,0,0,0,0,0,0,0,,,,
2543,Bangladesh,Chattogram,Bandarban,Thanchi,Thanchi,02,,,,Tuktang Para,তুকটং পাড়া,THA203,21.812532,92.458373,128,0,0,0,0,0,0,0,0,0,0,0,0,0,0,0,0,,,,
2544,Bangladesh,Chattogram,Bandarban,Thanchi,Thanchi,02,,,,T&T Para,টি এন্ড টি পাড়া,THA204,21.813091,92.439994,214,0,0,0,0,0,0,0,0,0,0,0,0,0,0,0,0,,,,
2545,Bangladesh,Chattogram,Bandarban,Thanchi,Thanchi,02,,,,Chandak Para,ছান্দাক পাড়া,THA205,21.809038,92.439779,264,0,0,0,0,0,0,0,0,0,0,0,0,0,0,0,0,,,,
2546,Bangladesh,Chattogram,Bandarban,Thanchi,Thanchi,02,,,,Sangyang Para,সাংয়াং পাড়া,THA206,21.847528,92.475274,112,0,0,0,0,0,0,0,0,0,0,0,0,0,0,0,0,,,,
2547,Bangladesh,Chattogram,Bandarban,Thanchi,Thanchi,02,,,,Thawai Para,থাওয়াই পাড়া,THA207,21.845453,92.475032,80,0,0,0,0,0,0,0,0,0,0,0,0,0,0,0,0,,,,
2548,Bangladesh,Chattogram,Bandarban,Thanchi,Thanchi,03,,,,Shahajahan Para,শাহাজান পাড়া,THA301,21.806678,92.44197,112,0,0,0,0,0,0,0,0,0,0,0,0,0,0,0,0,,,,
2549,Bangladesh,Chattogram,Bandarban,Thanchi,Thanchi,03,,,,Jiniaung Para,জিনিঅং পাড়া,THA302,21.794738,92.43748,224,0,0,0,0,0,0,0,0,0,0,0,0,0,0,0,0,,,,
2550,Bangladesh,Chattogram,Bandarban,Thanchi,Thanchi,03,,,,Tongkhyong Para,তংক্ষ্যং পাড়া,THA303,21.793946,92.461761,184,0,0,0,0,0,0,0,0,0,0,0,0,0,0,0,0,,,,
2551,Bangladesh,Chattogram,Bandarban,Thanchi,Thanchi,03,,,,Singchang Para,সিংচং পাড়া,THA304,21.800867,92.462944,92,0,0,0,0,0,0,0,0,0,0,0,0,0,0,0,0,,,,
2552,Bangladesh,Chattogram,Bandarban,Thanchi,Thanchi,03,,,,Nilot Para,নিলট পাড়া,THA305,21.772756,92.449637,64,0,0,0,0,0,0,0,0,0,0,0,0,0,0,0,0,,,,
2553,Bangladesh,Chattogram,Bandarban,Thanchi,Thanchi,03,,,,Menkam Para,মেনকম পাড়া,THA306,21.771363,92.452036,20,0,0,0,0,0,0,0,0,0,0,0,0,0,0,0,0,,,,
2554,Bangladesh,Chattogram,Bandarban,Thanchi,Thanchi,03,,,,Preaosin Para,প্রেওসিন পাড়া,THA307,21.781564,92.454665,92,0,0,0,0,0,0,0,0,0,0,0,0,0,0,0,0,,,,
2555,Bangladesh,Chattogram,Bandarban,Thanchi,Thanchi,03,,,,Chami Para,চমি পাড়া,THA308,21.781535,92.473487,92,0,0,0,0,0,0,0,0,0,0,0,0,0,0,0,0,,,,
2556,Bangladesh,Chattogram,Bandarban,Thanchi,Thanchi,03,,,,Gnuikhay Para,ঙুইখয় পাড়া,THA309,21.767291,92.467681,72,0,0,0,0,0,0,0,0,0,0,0,0,0,0,0,0,,,,
2557,Bangladesh,Chattogram,Bandarban,Thanchi,Thanchi,04,,,,Naidari Para,নাইদারী পাড়া,THA401,21.819739,92.427352,232,0,0,0,0,0,0,0,0,0,0,0,0,0,0,0,0,,,,
2558,Bangladesh,Chattogram,Bandarban,Thanchi,Thanchi,04,,,,Amtali Para,আমতলী পাড়া,THA402,21.817354,92.434943,240,0,0,0,0,0,0,0,0,0,0,0,0,0,0,0,0,,,,
2559,Bangladesh,Chattogram,Bandarban,Thanchi,Thanchi,04,,,,Rengnong Para,রেংনং পাড়া,THA403,21.811575,92.406766,64,0,0,0,0,0,0,0,0,0,0,0,0,0,0,0,0,,,,
2560,Bangladesh,Chattogram,Bandarban,Thanchi,Thanchi,04,,,,Fektui Para,ফেকতুই পাড়া,THA404,21.808282,92.410139,40,0,0,0,0,0,0,0,0,0,0,0,0,0,0,0,0,,,,
2561,Bangladesh,Chattogram,Bandarban,Thanchi,Thanchi,04,,,,Chicha Para,চিচা পাড়া,THA405,21.811578,92.4012,24,0,0,0,0,0,0,0,0,0,0,0,0,0,0,0,0,,,,
2562,Bangladesh,Chattogram,Bandarban,Thanchi,Thanchi,05,,,,Ushamong Headman Para,উষামং হেডম্যান পাড়া,THA501,21.808625,92.433113,440,0,0,0,0,0,0,0,0,0,0,0,0,0,0,0,0,,,,
2563,Bangladesh,Chattogram,Bandarban,Thanchi,Thanchi,05,,,,Naribel Para,নারিবেল পাড়া,THA502,21.790635,92.434355,184,0,0,0,0,0,0,0,0,0,0,0,0,0,0,0,0,,,,
2564,Bangladesh,Chattogram,Bandarban,Thanchi,Thanchi,05,,,,Khibuhi Para,খিবুহী পাড়া,THA503,21.785219,92.439695,72,0,0,0,0,0,0,0,0,0,0,0,0,0,0,0,0,,,,
2565,Bangladesh,Chattogram,Bandarban,Thanchi,Thanchi,05,,,,Rumbet Para,রুমবেট পাড়া,THA504,21.790877,92.420724,72,0,0,0,0,0,0,0,0,0,0,0,0,0,0,0,0,,,,
2566,Bangladesh,Chattogram,Bandarban,Thanchi,Thanchi,05,,,,Angmpu Para,অংম্পু পাড়া,THA505,21.7846,92.421572,96,0,0,0,0,0,0,0,0,0,0,0,0,0,0,0,0,,,,
2567,Bangladesh,Chattogram,Bandarban,Thanchi,Thanchi,05,,,,Anggangkta Para,আংঙাংক্ত পাড়া,THA506,21.795844,92.403549,24,0,0,0,0,0,0,0,0,0,0,0,0,0,0,0,0,,,,
2568,Bangladesh,Chattogram,Bandarban,Thanchi,Thanchi,06,,,,Niabut Para,নিয়াবুট পাড়া,THA601,21.770445,92.422561,56,0,0,0,0,0,0,0,0,0,0,0,0,0,0,0,0,,,,
2569,Bangladesh,Chattogram,Bandarban,Thanchi,Thanchi,06,,,,Renghin Para,রেংহিন পাড়া,THA602,21.758668,92.431634,112,0,0,0,0,0,0,0,0,0,0,0,0,0,0,0,0,,,,
2570,Bangladesh,Chattogram,Bandarban,Thanchi,Thanchi,06,,,,Yanghrese Para,য়াংহ্রেসে পাড়া,THA603,21.772253,92.441617,12,0,0,0,0,0,0,0,0,0,0,0,0,0,0,0,0,,,,
2571,Bangladesh,Chattogram,Bandarban,Thanchi,Thanchi,06,,,,Kalai Para,কলাই পাড়া,THA604,21.751997,92.438069,72,0,0,0,0,0,0,0,0,0,0,0,0,0,0,0,0,,,,
2572,Bangladesh,Chattogram,Bandarban,Thanchi,Thanchi,06,,,,Mangkratta Para,মাংক্রাত্ত পাড়া,THA605,21.746682,92.419715,32,0,0,0,0,0,0,0,0,0,0,0,0,0,0,0,0,,,,
2573,Bangladesh,Chattogram,Bandarban,Thanchi,Thanchi,06,,,,Krongsing Para,ক্রংসিং পাড়া,THA606,21.765061,92.416841,32,0,0,0,0,0,0,0,0,0,0,0,0,0,0,0,0,,,,
2574,Bangladesh,Chattogram,Bandarban,Thanchi,Thanchi,06,,,,Bramong Para,ব্রামং পাড়া,THA607,21.751029,92.452409,48,0,0,0,0,0,0,0,0,0,0,0,0,0,0,0,0,,,,
2575,Bangladesh,Chattogram,Bandarban,Thanchi,Thanchi,07,,,,Hapru Para,হাপরু পাড়া,THA701,21.778916,92.481811,112,0,0,0,0,0,0,0,0,0,0,0,0,0,0,0,0,,,,
2576,Bangladesh,Chattogram,Bandarban,Thanchi,Thanchi,07,,,,Kaiso Para,কাইসো পাড়া,THA702,21.797002,92.486338,56,0,0,0,0,0,0,0,0,0,0,0,0,0,0,0,0,,,,
2577,Bangladesh,Chattogram,Bandarban,Thanchi,Thanchi,07,,,,Menthom Para,মেনথম পাড়া,THA703,21.800999,92.490933,20,0,0,0,0,0,0,0,0,0,0,0,0,0,0,0,0,,,,
2578,Bangladesh,Chattogram,Bandarban,Thanchi,Thanchi,07,,,,Jalu Para,জলু পাড়া,THA704,21.776951,92.510566,64,0,0,0,0,0,0,0,0,0,0,0,0,0,0,0,0,,,,
2579,Bangladesh,Chattogram,Bandarban,Thanchi,Thanchi,07,,,,Langrung Para,লাংরুং পাড়া,THA705,21.778255,92.496529,88,0,0,0,0,0,0,0,0,0,0,0,0,0,0,0,0,,,,
2580,Bangladesh,Chattogram,Bandarban,Thanchi,Thanchi,07,,,,Datang Para,দতং পাড়া,THA706,21.792911,92.530783,64,0,0,0,0,0,0,0,0,0,0,0,0,0,0,0,0,,,,
2581,Bangladesh,Chattogram,Bandarban,Thanchi,Thanchi,07,,,,Bulum Para,বুলুম পাড়া,THA707,21.802998,92.558361,72,0,0,0,0,0,0,0,0,0,0,0,0,0,0,0,0,,,,
2582,Bangladesh,Chattogram,Bandarban,Thanchi,Thanchi,08,,,,Boarding Para,বোর্ডিং পাড়া,THA801,21.812563,92.489656,112,0,0,0,0,0,0,0,0,0,0,0,0,0,0,0,0,,,,
2583,Bangladesh,Chattogram,Bandarban,Thanchi,Thanchi,08,,,,Kunglah Para,কুংলাহ পাড়া,THA802,21.833397,92.503366,56,0,0,0,0,0,0,0,0,0,0,0,0,0,0,0,0,,,,
2584,Bangladesh,Chattogram,Bandarban,Thanchi,Thanchi,08,,,,Kaitan Para,কাইতন পাড়া,THA803,21.832006,92.501788,128,0,0,0,0,0,0,0,0,0,0,0,0,0,0,0,0,,,,
2585,Bangladesh,Chattogram,Bandarban,Thanchi,Thanchi,08,,,,Niyau Para,নিয়াউ পাড়া,THA804,21.793465,92.499311,112,0,0,0,0,0,0,0,0,0,0,0,0,0,0,0,0,,,,
2586,Bangladesh,Chattogram,Bandarban,Thanchi,Thanchi,08,,,,Natun Para,নতুন পাড়া,THA805,21.821003,92.481774,48,0,0,0,0,0,0,0,0,0,0,0,0,0,0,0,0,,,,
2587,Bangladesh,Chattogram,Bandarban,Thanchi,Thanchi,08,,,,Rengyok Para,রেংয়ক পাড়া,THA806,21.800851,92.474597,32,0,0,0,0,0,0,0,0,0,0,0,0,0,0,0,0,,,,
2588,Bangladesh,Chattogram,Bandarban,Thanchi,Thanchi,09,,,,Simklangpi Para,সিমক্লাংপি পাড়া,THA901,21.828747,92.536118,88,0,0,0,0,0,0,0,0,0,0,0,0,0,0,0,0,,,,
2589,Bangladesh,Chattogram,Bandarban,Thanchi,Thanchi,09,,,,Sherkar Para,শেরকর পাড়া,THA902,21.808268,92.517366,104,0,0,0,0,0,0,0,0,0,0,0,0,0,0,0,0,,,,
2590,Bangladesh,Chattogram,Bandarban,Thanchi,Thanchi,09,,,,Thangdai Para,থাংদৈ পাড়া,THA903,21.825419,92.553052,72,0,0,0,0,0,0,0,0,0,0,0,0,0,0,0,0,,,,
2591,Bangladesh,Chattogram,Bandarban,Thanchi,Thanchi,09,,,,Prata Para,প্রাতা পাড়া,THA904,21.846297,92.524412,72,0,0,0,0,0,0,0,0,0,0,0,0,0,0,0,0,,,,
2592,Bangladesh,Chattogram,Bandarban,Thanchi,Thanchi,09,,,,Nayacharan Para,নয়াচরন পাড়া,THA905,21.806442,92.572801,56,0,0,0,0,0,0,0,0,0,0,0,0,0,0,0,0,,,,
2593,Bangladesh,Chattogram,Bandarban,Thanchi,Thanchi,09,,,,Thanchi Army Camp,থানচি আর্মি ক্যাম্প,THA906,21.849934,92.521966,0,0,0,0,0,0,0,0,0,0,0,0,0,0,0,0,0,,,,
2594,Bangladesh,Chattogram,Bandarban,Thanchi,Tindu,01,,,,Tindu Grouping Para,তিন্দু গ্রুপিং পাড়া,TIN101,21.722513,92.459926,416,0,0,0,0,0,0,0,0,0,0,0,0,0,0,0,0,,,,
2595,Bangladesh,Chattogram,Bandarban,Thanchi,Tindu,01,,,,Amay Para,আমই পাড়া,TIN102,21.739086,92.442119,116,0,0,0,0,0,0,0,0,0,0,0,0,0,0,0,0,,,,
2596,Bangladesh,Chattogram,Bandarban,Thanchi,Tindu,01,,,,Remabo Para,রেমাবো পাড়া,TIN103,21.735223,92.444595,56,0,0,0,0,0,0,0,0,0,0,0,0,0,0,0,0,,,,
2597,Bangladesh,Chattogram,Bandarban,Thanchi,Tindu,01,,,,Aboya Para,আবোয়া পাড়া,TIN104,21.714058,92.437933,96,0,0,0,0,0,0,0,0,0,0,0,0,0,0,0,0,,,,
2598,Bangladesh,Chattogram,Bandarban,Thanchi,Tindu,01,,,,Kaikya Para,কাইক্য পাড়া,TIN105,21.718493,92.436924,68,0,0,0,0,0,0,0,0,0,0,0,0,0,0,0,0,,,,
2599,Bangladesh,Chattogram,Bandarban,Thanchi,Tindu,01,,,,Melenga Para,মেলেংগ্যা পাড়া,TIN106,21.715615,92.451901,96,0,0,0,0,0,0,0,0,0,0,0,0,0,0,0,0,,,,
2600,Bangladesh,Chattogram,Bandarban,Thanchi,Tindu,01,,,,Tindu BGB Camp,তিন্দু বিজিবি ক্যাম্প,TIN107,21.723399,92.457573,0,0,0,0,0,0,0,0,0,0,0,0,0,0,0,0,0,,,,
2601,Bangladesh,Chattogram,Bandarban,Thanchi,Tindu,02,,,,Kauong Para,কৈাঅং পাড়া,TIN201,21.705265,92.450587,116,0,0,0,0,0,0,0,0,0,0,0,0,0,0,0,0,,,,
2602,Bangladesh,Chattogram,Bandarban,Thanchi,Tindu,02,,,,Pau Para,পাউ পাড়া,TIN202,21.705863,92.478886,104,0,0,0,0,0,0,0,0,0,0,0,0,0,0,0,0,,,,
2603,Bangladesh,Chattogram,Bandarban,Thanchi,Tindu,02,,,,Manglung Headman Para,মাংলুং হেডম্যান পাড়া,TIN203,21.708454,92.457923,124,0,0,0,0,0,0,0,0,0,0,0,0,0,0,0,0,,,,
2604,Bangladesh,Chattogram,Bandarban,Thanchi,Tindu,02,,,,Kutli Para,কুটলি পাড়া,TIN204,21.714633,92.462175,28,0,0,0,0,0,0,0,0,0,0,0,0,0,0,0,0,,,,
2605,Bangladesh,Chattogram,Bandarban,Thanchi,Tindu,02,,,,Chapai Para,ছাপাই পাড়া,TIN205,21.689988,92.469555,44,0,0,0,0,0,0,0,0,0,0,0,0,0,0,0,0,,,,
2606,Bangladesh,Chattogram,Bandarban,Thanchi,Tindu,02,,,,Paring Para,পারিং পাড়া,TIN206,21.692047,92.457943,56,0,0,0,0,0,0,0,0,0,0,0,0,0,0,0,0,,,,
2607,Bangladesh,Chattogram,Bandarban,Thanchi,Tindu,02,,,,Padui Para,পাদুই পাড়া,TIN207,21.668821,92.470685,44,0,0,0,0,0,0,0,0,0,0,0,0,0,0,0,0,,,,
2608,Bangladesh,Chattogram,Bandarban,Thanchi,Tindu,03,,,,Chaithowaihla Para,চাইথোয়াইহ্লা পাড়া,TIN301,21.68019,92.519114,188,0,0,0,0,0,0,0,0,0,0,0,0,0,0,0,0,,,,
2609,Bangladesh,Chattogram,Bandarban,Thanchi,Tindu,03,,,,Fosau Para,ফোসাউ পাড়া,TIN302,21.669103,92.518534,74,0,0,0,0,0,0,0,0,0,0,0,0,0,0,0,0,,,,
2610,Bangladesh,Chattogram,Bandarban,Thanchi,Tindu,03,,,,Busing Para,বুসিং পাড়া,TIN303,21.665292,92.480298,28,0,0,0,0,0,0,0,0,0,0,0,0,0,0,0,0,,,,
2611,Bangladesh,Chattogram,Bandarban,Thanchi,Tindu,03,,,,Angchung Para,অংচুং পাড়া,TIN304,21.65969,92.510324,68,0,0,0,0,0,0,0,0,0,0,0,0,0,0,0,0,,,,
2612,Bangladesh,Chattogram,Bandarban,Thanchi,Tindu,03,,,,Thongya Para,থংএ পাড়া,TIN305,21.65447,92.482686,24,0,0,0,0,0,0,0,0,0,0,0,0,0,0,0,0,,,,
2613,Bangladesh,Chattogram,Bandarban,Thanchi,Tindu,03,,,,Mangpre Para,মাংপ্রে পাড়া,TIN306,21.663985,92.513573,48,0,0,0,0,0,0,0,0,0,0,0,0,0,0,0,0,,,,
2614,Bangladesh,Chattogram,Bandarban,Thanchi,Tindu,03,,,,Rankree Para,রেংক্রি পাড়া,TIN307,21.695569,92.497241,43,0,0,0,0,0,0,0,0,0,0,0,0,0,0,0,0,,,,
2615,Bangladesh,Chattogram,Bandarban,Thanchi,Tindu,04,,,,Angthoyaipru Para,অংথো্য়াইপ্রু পাড়া,TIN401,21.759738,92.464997,96,0,0,0,0,0,0,0,0,0,0,0,0,0,0,0,0,,,,
2616,Bangladesh,Chattogram,Bandarban,Thanchi,Tindu,04,,,,Kamsing Para,কামসিং পাড়া,TIN402,21.731227,92.471474,192,0,0,0,0,0,0,0,0,0,0,0,0,0,0,0,0,,,,
2617,Bangladesh,Chattogram,Bandarban,Thanchi,Tindu,04,,,,Thanglong Para,থাংলং পাড়া,TIN403,21.750757,92.479133,120,0,0,0,0,0,0,0,0,0,0,0,0,0,0,0,0,,,,
2618,Bangladesh,Chattogram,Bandarban,Thanchi,Tindu,04,,,,Mangsaching Para,মংসাচিং পাড়া,TIN404,21.752393,92.45459,68,0,0,0,0,0,0,0,0,0,0,0,0,0,0,0,0,,,,
2619,Bangladesh,Chattogram,Bandarban,Thanchi,Tindu,04,,,,Hubai Para,হুব্‌ই পাড়া,TIN405,21.751448,92.480595,36,0,0,0,0,0,0,0,0,0,0,0,0,0,0,0,0,,,,
2620,Bangladesh,Chattogram,Bandarban,Thanchi,Tindu,05,,,,Harishchandra Para,হরিশচন্দ্র পাড়া,TIN501,21.768151,92.498287,72,0,0,0,0,0,0,0,0,0,0,0,0,0,0,0,0,,,,
2621,Bangladesh,Chattogram,Bandarban,Thanchi,Tindu,05,,,,Debsa Para,দেবসা পাড়া,TIN502,21.757234,92.507601,152,0,0,0,0,0,0,0,0,0,0,0,0,0,0,0,0,,,,
2622,Bangladesh,Chattogram,Bandarban,Thanchi,Tindu,05,,,,Runajan Para,রুনাজন পাড়া,TIN503,21.763938,92.478467,160,0,0,0,0,0,0,0,0,0,0,0,0,0,0,0,0,,,,
2623,Bangladesh,Chattogram,Bandarban,Thanchi,Tindu,06,,,,Vijayamoni Para and Nafakhum Para,বিজয়মনি পাড়া ও নাফাখুম পাড়া,TIN601,21.720888,92.533198,96,0,0,0,0,0,0,0,0,0,0,0,0,0,0,0,0,,,,
2624,Bangladesh,Chattogram,Bandarban,Thanchi,Tindu,06,,,,Chingthoiang Headman Para,চিংথোয়াইঅং হেডম্যান পাড়া,TIN602,21.689868,92.522724,188,0,0,0,0,0,0,0,0,0,0,0,0,0,0,0,0,,,,
2625,Bangladesh,Chattogram,Bandarban,Thanchi,Tindu,06,,,,Oilaoya Para,ঐলাওয়া পাড়া,TIN603,21.74516,92.536524,44,0,0,0,0,0,0,0,0,0,0,0,0,0,0,0,0,,,,
2626,Bangladesh,Chattogram,Bandarban,Thanchi,Tindu,06,,,,Chaodong Para,ছাওদং পাড়া,TIN605,21.734747,92.505337,148,0,0,0,0,0,0,0,0,0,0,0,0,0,0,0,0,,,,
2627,Bangladesh,Chattogram,Bandarban,Thanchi,Tindu,06,,,,Painggyahri Para,পাইংগ্যহ্রী পাড়া,TIN606,21.682367,92.524999,28,0,0,0,0,0,0,0,0,0,0,0,0,0,0,0,0,,,,
2628,Bangladesh,Chattogram,Bandarban,Thanchi,Tindu,07,,,,Jinnah Para,জিন্নাহ পাড়া,TIN701,21.758194,92.535596,100,0,0,0,0,0,0,0,0,0,0,0,0,0,0,0,0,,,,
2629,Bangladesh,Chattogram,Bandarban,Thanchi,Tindu,07,,,,Atirang Para,অতিরাং পাড়া,TIN702,21.777866,92.534311,76,0,0,0,0,0,0,0,0,0,0,0,0,0,0,0,0,,,,
2630,Bangladesh,Chattogram,Bandarban,Thanchi,Tindu,07,,,,Antaha Para,অন্তহা পাড়া,TIN703,21.733858,92.551969,100,0,0,0,0,0,0,0,0,0,0,0,0,0,0,0,0,,,,
2631,Bangladesh,Chattogram,Bandarban,Thanchi,Tindu,07,,,,Thuisa Para,থুইসা পাড়া,TIN704,21.765156,92.532566,64,0,0,0,0,0,0,0,0,0,0,0,0,0,0,0,0,,,,
2632,Bangladesh,Chattogram,Bandarban,Thanchi,Tindu,07,,,,Lalmohon Para,লালমোহন পাড়া,TIN705,21.758471,92.551116,32,0,0,0,0,0,0,0,0,0,0,0,0,0,0,0,0,,,,
2633,Bangladesh,Chattogram,Bandarban,Thanchi,Tindu,07,,,,Juti Para,জুতি পাড়া,TIN706,21.775858,92.569068,24,0,0,0,0,0,0,0,0,0,0,0,0,0,0,0,0,,,,
2634,Bangladesh,Chattogram,Bandarban,Thanchi,Tindu,07,,,,Thunglai Para,থুংলাই পাড়া,TIN707,21.791687,92.563415,52,0,0,0,0,0,0,0,0,0,0,0,0,0,0,0,0,,,,
2635,Bangladesh,Chattogram,Bandarban,Thanchi,Tindu,07,,,,Chingkhayng Para,চিংক্ষ্যং পাড়া,TIN708,21.768485,92.523623,64,0,0,0,0,0,0,0,0,0,0,0,0,0,0,0,0,,,,
2636,Bangladesh,Chattogram,Bandarban,Thanchi,Tindu,07,,,,Nicholas Para,নিকোলাস পাড়া,TIN709,21.771579,92.54519,36,0,0,0,0,0,0,0,0,0,0,0,0,0,0,0,0,,,,
2637,Bangladesh,Chattogram,Bandarban,Thanchi,Tindu,07,,,,Tindu BGB Camp,তিন্দু বিজিবি ক্যাম্প,TIN710,21.763329,92.53434,0,0,0,0,0,0,0,0,0,0,0,0,0,0,0,0,0,,,,
2638,Bangladesh,Chattogram,Bandarban,Thanchi,Tindu,08,,,,Hazrai Para,হাঁজরাই পাড়া,TIN801,21.806981,92.579224,44,0,0,0,0,0,0,0,0,0,0,0,0,0,0,0,0,,,,
2639,Bangladesh,Chattogram,Bandarban,Thanchi,Tindu,08,,,,Bonk Para,বংক পাড়া,TIN802,21.823084,92.578972,84,0,0,0,0,0,0,0,0,0,0,0,0,0,0,0,0,,,,
2640,Bangladesh,Chattogram,Bandarban,Thanchi,Tindu,08,,,,Rameshchandra Para,রমেশচন্দ্র পাড়া,TIN803,21.815784,92.575755,48,0,0,0,0,0,0,0,0,0,0,0,0,0,0,0,0,,,,
2641,Bangladesh,Chattogram,Bandarban,Thanchi,Tindu,08,,,,Nipiu Para,নিপিউ পাড়া,TIN804,21.796466,92.597747,84,0,0,0,0,0,0,0,0,0,0,0,0,0,0,0,0,,,,
2642,Bangladesh,Chattogram,Bandarban,Thanchi,Tindu,08,,,,Shalukia Para,শালুকিয়া পাড়া,TIN805,21.812494,92.5894,120,0,0,0,0,0,0,0,0,0,0,0,0,0,0,0,0,,,,
2643,Bangladesh,Chattogram,Bandarban,Thanchi,Tindu,08,,,,Mongkhay Para,মংখই পাড়া,TIN806,21.775957,92.573583,68,0,0,0,0,0,0,0,0,0,0,0,0,0,0,0,0,,,,
2644,Bangladesh,Chattogram,Bandarban,Thanchi,Tindu,08,,,,Laldusang Para,লালদুসাং পাড়া,TIN807,21.771999,92.575601,20,0,0,0,0,0,0,0,0,0,0,0,0,0,0,0,0,,,,
2645,Bangladesh,Chattogram,Bandarban,Thanchi,Tindu,08,,,,Sajai Para,সাজাই পাড়া,TIN808,21.776696,92.571074,68,0,0,0,0,0,0,0,0,0,0,0,0,0,0,0,0,,,,
2646,Bangladesh,Chattogram,Bandarban,Thanchi,Tindu,08,,,,Tindu BGB Camp,তিন্দু বিজিবি ক্যাম্প,TIN809,21.797646,92.596203,0,0,0,0,0,0,0,0,0,0,0,0,0,0,0,0,0,,,,
2647,Bangladesh,Chattogram,Bandarban,Thanchi,Tindu,08,,,,Tindu Army Camp,তিন্দু আর্মি ক্যাম্প,TIN810,21.83148,92.566214,0,0,0,0,0,0,0,0,0,0,0,0,0,0,0,0,0,,,,
2648,Bangladesh,Chattogram,Bandarban,Thanchi,Tindu,08,,,,Bongku Para Army Camp,বংকু পাড়া আর্মি ক্যাম্প,TIN811,21.821991,92.603305,0,0,0,0,0,0,0,0,0,0,0,0,0,0,0,0,0,,,,
2649,Bangladesh,Chattogram,Bandarban,Thanchi,Tindu,09,,,,Remon Para,রেমন পাড়া,TIN901,21.745816,92.587085,108,0,0,0,0,0,0,0,0,0,0,0,0,0,0,0,0,,,,
2650,Bangladesh,Chattogram,Bandarban,Thanchi,Tindu,09,,,,Baduniya Para,বাদুনিয়া পাড়া,TIN902,21.741443,92.584895,24,0,0,0,0,0,0,0,0,0,0,0,0,0,0,0,0,,,,
2651,Bangladesh,Chattogram,Bandarban,Thanchi,Tindu,09,,,,Parao Para,পারাও পাড়া,TIN903,21.744345,92.560408,28,0,0,0,0,0,0,0,0,0,0,0,0,0,0,0,0,,,,
2652,Bangladesh,Chattogram,Bandarban,Thanchi,Tindu,09,,,,Manachandra,মনাচন্দ্র,TIN904,21.741136,92.5623,28,0,0,0,0,0,0,0,0,0,0,0,0,0,0,0,0,,,,
2653,Bangladesh,Chattogram,Bandarban,Thanchi,Tindu,09,,,,Bajung Para,বাজুং পাড়া,TIN905,21.762082,92.578359,32,0,0,0,0,0,0,0,0,0,0,0,0,0,0,0,0,,,,
2654,Bangladesh,Chattogram,Bandarban,Thanchi,Tindu,09,,,,Khuitek Para,খুইতেক পাড়া,TIN906,21.74519,92.569529,52,0,0,0,0,0,0,0,0,0,0,0,0,0,0,0,0,,,,
2655,Bangladesh,Chattogram,Bandarban,Thanchi,Tindu,09,,,,Sadara BGB Camp,সদরা বিজিবি ক্যাম্প,TIN907,21.760741,92.600393,0,0,0,0,0,0,0,0,0,0,0,0,0,0,0,0,0,,,,
2656,Bangladesh,Chattogram,Bandarban,Thanchi,Tindu,09,,,,Tindu BGB Camp,তিন্দু বিজিবি ক্যাম্প,TIN908,21.746349,92.583365,0,0,0,0,0,0,0,0,0,0,0,0,0,0,0,0,0,,,,
2657,Bangladesh,Chattogram,Bandarban,Thanchi,Tindu,09,,,,Undefined,নামহীন,TIN909,21.766752,92.6015,0,0,0,0,0,0,0,0,0,0,0,0,0,0,0,0,0,,,,
