SL,Country,Division,District,Upazila,Union,Ward No,Name of SK/SHW,Desig.,Name of SS,Village Name (English),"Village Name 
(Bangla)","Village 
Code",Latitude,Longitute,Population,HH Number,"2026 
(Active LLINs)","2025
(Active LLINs)","2024
(Active LLINs)",January,February,March,April,May,June,July,August,September,October,November,December,"Name of
 MMW, 
Health 
post &
CHW(C)","Village 
Distance
 from 
upazila office (KM)","Name of Border
 with others
 country","Others
 Activities
(TDA/Dev care)"
1,Bangladesh,Chattogram,Cox's Bazar,Chakaria,B.M Char,1,Hosaina jannata,,,Senammarghuna,,,,,4955,925,0,0,0,0,0,0,0,0,0,0,0,0,0,0,0,,,,
2,Bangladesh,Chattogram,Cox's Bazar,Chakaria,B.M Char,2,Hosaina jannata,,,Mubin para,,,,,1234,216,0,0,0,0,0,0,0,0,0,0,0,0,0,0,0,,,,
3,Bangladesh,Chattogram,Cox's Bazar,Chakaria,B.M Char,2,Hosaina jannata,,,Senammarghuna,,,,,1816,332,0,0,0,0,0,0,0,0,0,0,0,0,0,0,0,,,,
4,Bangladesh,Chattogram,Cox's Bazar,Chakaria,B.M Char,3,Hosaina jannata,,,Krishnapur,,,,,2041,387,0,0,0,0,0,0,0,0,0,0,0,0,0,0,0,,,,
5,Bangladesh,Chattogram,Cox's Bazar,Chakaria,B.M Char,4,Muslima Jannat,,,Dokhin bohoddorkata,,,,,4284,851,0,0,0,0,0,0,0,0,0,0,0,0,0,0,0,,,,
6,Bangladesh,Chattogram,Cox's Bazar,Chakaria,B.M Char,5,Muslima Jannat,,,Uttar Bohoddorkata,,,,,3073,613,0,144,0,0,0,0,0,0,0,0,0,0,0,0,0,,,,
7,Bangladesh,Chattogram,Cox's Bazar,Chakaria,B.M Char,6,Muslima Jannat,,,Puchalia para,,,,,3814,783,0,98,0,0,0,0,0,0,0,0,0,0,0,0,0,,,,
8,Bangladesh,Chattogram,Cox's Bazar,Chakaria,B.M Char,7,Johar Yeasmin,,,Betuakul,,,,,1473,261,0,0,0,0,0,0,0,0,0,0,0,0,0,0,0,,,,
9,Bangladesh,Chattogram,Cox's Bazar,Chakaria,B.M Char,7,Johar Yeasmin,,,Diarchar,,,,,1031,233,0,52,0,0,0,0,0,0,0,0,0,0,0,0,0,,,,
10,Bangladesh,Chattogram,Cox's Bazar,Chakaria,B.M Char,7,Johar Yeasmin,,,Hashi Sikdar para,,,,,1009,199,0,0,0,0,0,0,0,0,0,0,0,0,0,0,0,,,,
11,Bangladesh,Chattogram,Cox's Bazar,Chakaria,B.M Char,8,Johar Yeasmin,,,Paharia para,,,,,3984,750,0,174,0,0,0,0,0,0,0,0,0,0,0,0,0,,,,
12,Bangladesh,Chattogram,Cox's Bazar,Chakaria,B.M Char,9,Johar Yeasmin,,,Bazar para,,,,,1989,370,0,10,0,0,0,0,0,0,0,0,0,0,0,0,0,,,,
13,Bangladesh,Chattogram,Cox's Bazar,Chakaria,Badarkhali,1,Selina Aktar,,,Demushia para,,,,,3128,667,0,0,0,0,0,0,0,0,0,0,0,0,0,0,0,,,,
14,Bangladesh,Chattogram,Cox's Bazar,Chakaria,Badarkhali,1,Selina Aktar,,,Majher para,,,,,1735,377,0,0,0,0,0,0,0,0,0,0,0,0,0,0,0,,,,
15,Bangladesh,Chattogram,Cox's Bazar,Chakaria,Badarkhali,2,Selina Aktar,,,Noya para,,,,,2900,536,0,54,0,0,0,0,0,0,0,0,0,0,0,0,0,,,,
16,Bangladesh,Chattogram,Cox's Bazar,Chakaria,Badarkhali,2,Selina Aktar,,,Tessa para,,,,,2448,421,0,0,0,0,0,0,0,0,0,0,0,0,0,0,0,,,,
17,Bangladesh,Chattogram,Cox's Bazar,Chakaria,Badarkhali,3,Selina Aktar,,,Kutubdia para,,,,,2551,523,0,0,0,0,0,0,0,0,0,0,0,0,0,0,0,,,,
18,Bangladesh,Chattogram,Cox's Bazar,Chakaria,Badarkhali,3,Selina Aktar,,,Pukuria para,,,,,1519,356,0,0,0,0,0,0,0,0,0,0,0,0,0,0,0,,,,
19,Bangladesh,Chattogram,Cox's Bazar,Chakaria,Badarkhali,4,Najma Sultana,,,Bazar para,,,,,1655,319,0,0,0,0,0,0,0,0,0,0,0,0,0,0,0,,,,
20,Bangladesh,Chattogram,Cox's Bazar,Chakaria,Badarkhali,4,Najma Sultana,,,khalkhacha Para,,,,,1673,350,0,0,0,0,0,0,0,0,0,0,0,0,0,0,0,,,,
21,Bangladesh,Chattogram,Cox's Bazar,Chakaria,Badarkhali,4,Najma Sultana,,,Tutiakhali para,,,,,1739,478,0,118,0,0,0,0,0,0,0,0,0,0,0,0,0,,,,
22,Bangladesh,Chattogram,Cox's Bazar,Chakaria,Badarkhali,5,Najma Sultana,,,Dotinankhali,,,,,903,184,0,0,0,0,0,0,0,0,0,0,0,0,0,0,0,,,,
23,Bangladesh,Chattogram,Cox's Bazar,Chakaria,Badarkhali,5,Najma Sultana,,,Lombakhali,,,,,2636,524,0,0,0,0,0,0,0,0,0,0,0,0,0,0,0,,,,
24,Bangladesh,Chattogram,Cox's Bazar,Chakaria,Badarkhali,5,Najma Sultana,,,Uttar Mognama para,,,,,1262,253,0,0,0,0,0,0,0,0,0,0,0,0,0,0,0,,,,
25,Bangladesh,Chattogram,Cox's Bazar,Chakaria,Badarkhali,6,Najma Sultana,,,Ajom Nogor para,,,,,696,748,0,0,0,0,0,0,0,0,0,0,0,0,0,0,0,,,,
26,Bangladesh,Chattogram,Cox's Bazar,Chakaria,Badarkhali,6,Najma Sultana,,,Mognamapara,,,,,2741,594,0,0,0,0,0,0,0,0,0,0,0,0,0,0,0,,,,
27,Bangladesh,Chattogram,Cox's Bazar,Chakaria,Badarkhali,6,Najma Sultana,,,Mohoru jura para,,,,,1155,249,0,0,0,0,0,0,0,0,0,0,0,0,0,0,0,,,,
28,Bangladesh,Chattogram,Cox's Bazar,Chakaria,Badarkhali,7,Jesmin Aktar,,,Bherua Khali para,,,,,998,208,0,0,0,0,0,0,0,0,0,0,0,0,0,0,0,,,,
29,Bangladesh,Chattogram,Cox's Bazar,Chakaria,Badarkhali,7,Jesmin Aktar,,,Satdalia para,,,,,3123,996,0,0,0,0,0,0,0,0,0,0,0,0,0,0,0,,,,
30,Bangladesh,Chattogram,Cox's Bazar,Chakaria,Badarkhali,8,Jesmin Aktar,,,Bherua Khali para,,,,,1065,218,0,0,0,0,0,0,0,0,0,0,0,0,0,0,0,,,,
31,Bangladesh,Chattogram,Cox's Bazar,Chakaria,Badarkhali,8,Jesmin Aktar,,,Purbo Pukuria,,,,,2067,427,0,0,0,0,0,0,0,0,0,0,0,0,0,0,0,,,,
32,Bangladesh,Chattogram,Cox's Bazar,Chakaria,Badarkhali,8,Jesmin Aktar,,,Senua para,,,,,943,228,0,0,0,0,0,0,0,0,0,0,0,0,0,0,0,,,,
33,Bangladesh,Chattogram,Cox's Bazar,Chakaria,Badarkhali,9,Jesmin Aktar,,,Napitkhali para,,,,,1889,365,0,0,0,0,0,0,0,0,0,0,0,0,0,0,0,,,,
34,Bangladesh,Chattogram,Cox's Bazar,Chakaria,Badarkhali,9,Jesmin Aktar,,,Senua para,,,,,3915,785,0,0,0,0,0,0,0,0,0,0,0,0,0,0,0,,,,
35,Bangladesh,Chattogram,Cox's Bazar,Chakaria,Baritali,1,Thamina Aktar,,,Dengiakata,,,,,2033,356,0,99,0,0,0,0,0,0,0,0,0,0,0,0,0,,,,
36,Bangladesh,Chattogram,Cox's Bazar,Chakaria,Baritali,2,Setu Day,,,Hindu para,,,,,764,166,0,0,0,0,0,0,0,0,0,0,0,0,0,0,0,,,,
37,Bangladesh,Chattogram,Cox's Bazar,Chakaria,Baritali,2,Setu Day,,,Khairati para,,,,,663,135,0,0,0,0,0,0,0,0,0,0,0,0,0,0,0,,,,
38,Bangladesh,Chattogram,Cox's Bazar,Chakaria,Baritali,2,Setu Day,,,Noya para,,,,,346,70,0,0,0,0,0,0,0,0,0,0,0,0,0,0,0,,,,
39,Bangladesh,Chattogram,Cox's Bazar,Chakaria,Baritali,2,Setu Day,,,Rasulabad,,,,,1351,258,0,0,0,0,0,0,0,0,0,0,0,0,0,0,0,,,,
40,Bangladesh,Chattogram,Cox's Bazar,Chakaria,Baritali,2,Setu Day,,,Uttar para,,,,,772,166,0,0,0,0,0,0,0,0,0,0,0,0,0,0,0,,,,
41,Bangladesh,Chattogram,Cox's Bazar,Chakaria,Baritali,3,Miskatul Junnata,,,Chanchuri para,,,,,2192,404,0,937,0,0,0,0,0,0,0,0,0,0,0,0,0,,,,
42,Bangladesh,Chattogram,Cox's Bazar,Chakaria,Baritali,3,Gulshan Jannata,,,Katakhali,,,,,235,45,0,0,0,0,0,0,0,0,0,0,0,0,0,0,0,,,,
43,Bangladesh,Chattogram,Cox's Bazar,Chakaria,Baritali,3,Miskatul Junnata,,,Khairati para,,,,,1112,209,0,78,0,0,0,0,0,0,0,0,0,0,0,0,0,,,,
44,Bangladesh,Chattogram,Cox's Bazar,Chakaria,Baritali,3,Miskatul Junnata,,,Maij para,,,,,1269,244,0,0,0,0,0,0,0,0,0,0,0,0,0,0,0,,,,
45,Bangladesh,Chattogram,Cox's Bazar,Chakaria,Baritali,3,Gulshan Jannata,,,Mohajer para,,,,,2586,489,0,40,0,0,0,0,0,0,0,0,0,0,0,0,0,,,,
46,Bangladesh,Chattogram,Cox's Bazar,Chakaria,Baritali,3,Miskatul Junnata,,,Villager para,,,,,3410,637,0,198,0,0,0,0,0,0,0,0,0,0,0,0,0,,,,
47,Bangladesh,Chattogram,Cox's Bazar,Chakaria,Baritali,4,Gulshan Jannata,,,Alamnogor,,,,,2209,441,0,20,0,0,0,0,0,0,0,0,0,0,0,0,0,,,,
48,Bangladesh,Chattogram,Cox's Bazar,Chakaria,Baritali,4,Gulshan Jannata,,,Bangla para,,,,,2478,438,0,0,0,0,0,0,0,0,0,0,0,0,0,0,0,,,,
49,Bangladesh,Chattogram,Cox's Bazar,Chakaria,Baritali,4,Gulshan Jannata,,,Telliakata,,,,,653,126,0,0,0,0,0,0,0,0,0,0,0,0,0,0,0,,,,
50,Bangladesh,Chattogram,Cox's Bazar,Chakaria,Baritali,5,Thamina Aktar,,,Baniar chara,,,,,2890,549,0,0,0,0,0,0,0,0,0,0,0,0,0,0,0,,,,
51,Bangladesh,Chattogram,Cox's Bazar,Chakaria,Baritali,5,Thamina Aktar,,,Chader baper para,,,,,747,136,0,0,0,0,0,0,0,0,0,0,0,0,0,0,0,,,,
52,Bangladesh,Chattogram,Cox's Bazar,Chakaria,Baritali,5,Thamina Aktar,,,Fokir para,,,,,414,76,0,0,0,0,0,0,0,0,0,0,0,0,0,0,0,,,,
53,Bangladesh,Chattogram,Cox's Bazar,Chakaria,Baritali,5,Thamina Aktar,,,Mahamud Nogor,,,,,1145,224,0,43,0,0,0,0,0,0,0,0,0,0,0,0,0,,,,
54,Bangladesh,Chattogram,Cox's Bazar,Chakaria,Baritali,5,Thamina Aktar,,,Pahartali,,,,,1156,223,0,0,0,0,0,0,0,0,0,0,0,0,0,0,0,,,,
55,Bangladesh,Chattogram,Cox's Bazar,Chakaria,Baritali,5,Thamina Aktar,,,Sikdar para,,,,,646,121,0,0,0,0,0,0,0,0,0,0,0,0,0,0,0,,,,
56,Bangladesh,Chattogram,Cox's Bazar,Chakaria,Baritali,6,Setu Day,,,Fatey Ali Sikdar para,,,,,1319,239,0,0,0,0,0,0,0,0,0,0,0,0,0,0,0,,,,
57,Bangladesh,Chattogram,Cox's Bazar,Chakaria,Baritali,6,Setu Day,,,Madracha para,,,,,330,58,0,0,0,0,0,0,0,0,0,0,0,0,0,0,0,,,,
58,Bangladesh,Chattogram,Cox's Bazar,Chakaria,Baritali,6,Setu Day,,,Miaji para,,,,,342,60,0,0,0,0,0,0,0,0,0,0,0,0,0,0,0,,,,
59,Bangladesh,Chattogram,Cox's Bazar,Chakaria,Baritali,6,Setu Day,,,Sorar purbokul,,,,,981,178,0,0,0,0,0,0,0,0,0,0,0,0,0,0,0,,,,
60,Bangladesh,Chattogram,Cox's Bazar,Chakaria,Baritali,7,Bulbul Jannata,,,Bibirkhil,,,,,3044,607,0,11,0,0,0,0,0,0,0,0,0,0,0,0,0,,,,
61,Bangladesh,Chattogram,Cox's Bazar,Chakaria,Baritali,7,Bulbul Jannata,,,Deboltali,,,,,671,134,0,0,0,0,0,0,0,0,0,0,0,0,0,0,0,,,,
62,Bangladesh,Chattogram,Cox's Bazar,Chakaria,Baritali,7,Bulbul Jannata,,,Dorgamura,,,,,456,90,0,37,0,0,0,0,0,0,0,0,0,0,0,0,0,,,,
63,Bangladesh,Chattogram,Cox's Bazar,Chakaria,Baritali,7,Bulbul Jannata,,,Mosniakata,,,,,2601,526,0,162,0,0,0,0,0,0,0,0,0,0,0,0,0,,,,
64,Bangladesh,Chattogram,Cox's Bazar,Chakaria,Baritali,8,Bulbul Jannata,,,Khajanogor,,,,,1046,197,0,0,0,0,0,0,0,0,0,0,0,0,0,0,0,,,,
65,Bangladesh,Chattogram,Cox's Bazar,Chakaria,Baritali,8,Morzina Begum,,,Miaji para,,,,,660,125,0,0,0,0,0,0,0,0,0,0,0,0,0,0,0,,,,
66,Bangladesh,Chattogram,Cox's Bazar,Chakaria,Baritali,8,Bulbul Jannata,,,Mura para,,,,,2087,380,0,0,0,0,0,0,0,0,0,0,0,0,0,0,0,,,,
67,Bangladesh,Chattogram,Cox's Bazar,Chakaria,Baritali,8,Morzina Begum,,,Sabuj para,,,,,2349,454,0,138,0,0,0,0,0,0,0,0,0,0,0,0,0,,,,
68,Bangladesh,Chattogram,Cox's Bazar,Chakaria,Baritali,9,Morzina Begum,,,Dokhin para,,,,,1086,379,0,0,0,0,0,0,0,0,0,0,0,0,0,0,0,,,,
69,Bangladesh,Chattogram,Cox's Bazar,Chakaria,Baritali,9,Morzina Begum,,,Poschim para,,,,,2388,456,0,140,0,0,0,0,0,0,0,0,0,0,0,0,0,,,,
70,Bangladesh,Chattogram,Cox's Bazar,Chakaria,Baritali,9,Morzina Begum,,,Sardar para,,,,,656,145,0,0,0,0,0,0,0,0,0,0,0,0,0,0,0,,,,
71,Bangladesh,Chattogram,Cox's Bazar,Chakaria,Baritali,9,Morzina Begum,,,Sikdar para,,,,,1033,205,0,0,0,0,0,0,0,0,0,0,0,0,0,0,0,,,,
72,Bangladesh,Chattogram,Cox's Bazar,Chakaria,Bomubilchari,1,Raseda Begum,,,Poshcim para,,,,,1720,342,0,1135,0,0,0,0,0,0,0,0,0,0,0,0,0,,,,
73,Bangladesh,Chattogram,Cox's Bazar,Chakaria,Bomubilchari,2,Tanjina Aktar,,,Maij para,,,,,702,151,0,0,0,0,0,0,0,0,0,0,0,0,0,0,0,,,,
74,Bangladesh,Chattogram,Cox's Bazar,Chakaria,Bomubilchari,2,Tanjina Aktar,,,Matiatali,,,,,666,136,0,1339,0,0,0,0,0,0,0,0,0,0,0,0,0,,,,
75,Bangladesh,Chattogram,Cox's Bazar,Chakaria,Bomubilchari,3,Tanjina Aktar,,,Purbo para,,,,,1039,153,0,635,0,0,0,0,0,0,0,0,0,0,0,0,0,,,,
76,Bangladesh,Chattogram,Cox's Bazar,Chakaria,Bomubilchari,4,Shahana Aktar,,,Moulovi para,,,,,388,95,0,415,0,0,0,0,0,0,0,0,0,0,0,0,0,,,,
77,Bangladesh,Chattogram,Cox's Bazar,Chakaria,Bomubilchari,4,Shahana Aktar,,,Noya para,,,,,939,187,0,322,0,0,0,0,0,0,0,0,0,0,0,0,0,,,,
78,Bangladesh,Chattogram,Cox's Bazar,Chakaria,Bomubilchari,4,Shahana Aktar,,,Panisharbil,,,,,648,145,0,421,0,0,0,0,0,0,0,0,0,0,0,0,0,,,,
79,Bangladesh,Chattogram,Cox's Bazar,Chakaria,Bomubilchari,5,Shahana Aktar,,,Hapejia para,,,,,773,169,0,489,0,0,0,0,0,0,0,0,0,0,0,0,0,,,,
80,Bangladesh,Chattogram,Cox's Bazar,Chakaria,Bomubilchari,6,Raseda Begum,,,Bomurkul,,,,,754,146,0,477,0,0,0,0,0,0,0,0,0,0,0,0,0,,,,
81,Bangladesh,Chattogram,Cox's Bazar,Chakaria,Bomubilchari,6,Raseda Begum,,,Bomurkul Piya jiri,,,,,252,61,0,174,0,0,0,0,0,0,0,0,0,0,0,0,0,,,,
82,Bangladesh,Chattogram,Cox's Bazar,Chakaria,Bomubilchari,7,Fahimida Jannata,,,Pukuriakhula,,,,,966,212,0,500,0,1,0,0,0,0,0,0,0,0,0,0,0,,,,
83,Bangladesh,Chattogram,Cox's Bazar,Chakaria,Bomubilchari,8,Fahimida Jannata,,,Fadukhula,,,,,1004,238,0,528,0,0,0,0,0,0,0,0,0,0,0,0,0,,,,
84,Bangladesh,Chattogram,Cox's Bazar,Chakaria,Bomubilchari,9,Fahimida Jannata,,,Nandirbil,,,,,861,239,0,451,0,0,0,0,0,0,0,0,0,0,0,0,0,,,,
85,Bangladesh,Chattogram,Cox's Bazar,Chakaria,Chringa,1,Monoara Beagum,,,Palakata,,,,,3081,633,0,14,0,0,0,0,0,0,0,0,0,0,0,0,0,,,,
86,Bangladesh,Chattogram,Cox's Bazar,Chakaria,Chringa,2,Monoara Beagum,,,Moulovi Aktar para,,,,,1814,360,0,0,0,0,0,0,0,0,0,0,0,0,0,0,0,,,,
87,Bangladesh,Chattogram,Cox's Bazar,Chakaria,Chringa,3,Monoara Beagum,,,Buripukur,,,,,2392,451,0,0,0,0,0,0,0,0,0,0,0,0,0,0,0,,,,
88,Bangladesh,Chattogram,Cox's Bazar,Chakaria,Chringa,4,Monoara Beagum,,,Buripukur,,,,,2681,496,0,0,0,0,0,0,0,0,0,0,0,0,0,0,0,,,,
89,Bangladesh,Chattogram,Cox's Bazar,Chakaria,Chringa,5,Taslima Zannat,,,Purba Sawdagarghuna,,,,,2114,404,0,0,0,0,0,0,0,0,0,0,0,0,0,0,0,,,,
90,Bangladesh,Chattogram,Cox's Bazar,Chakaria,Chringa,6,Taslima Zannat,,,Moddam  Sawdagarghuna,,,,,2096,437,0,0,0,0,0,0,0,0,0,0,0,0,0,0,0,,,,
91,Bangladesh,Chattogram,Cox's Bazar,Chakaria,Chringa,7,Taslima Zannat,,,Poshchim Sawdagarghuna,,,,,1927,369,0,0,0,0,0,0,0,0,0,0,0,0,0,0,0,,,,
92,Bangladesh,Chattogram,Cox's Bazar,Chakaria,Chringa,8,Monoara Beagum,,,Poshchim Charandip,,,,,3394,652,0,0,0,0,0,0,0,0,0,0,0,0,0,0,0,,,,
93,Bangladesh,Chattogram,Cox's Bazar,Chakaria,Chringa,9,Taslima Zannat,,,Purba Charandip,,,,,3178,614,0,0,0,0,0,0,0,0,0,0,0,0,0,0,0,,,,
94,Bangladesh,Chattogram,Cox's Bazar,Chakaria,Demushia,1,Umme Salma,,,Musa para,,,,,637,141,0,0,0,0,0,0,0,0,0,0,0,0,0,0,0,,,,
95,Bangladesh,Chattogram,Cox's Bazar,Chakaria,Demushia,1,Umme Salma,,,Noya para,,,,,786,185,0,0,0,0,0,0,0,0,0,0,0,0,0,0,0,,,,
96,Bangladesh,Chattogram,Cox's Bazar,Chakaria,Demushia,2,Umme Salma,,,Jamidar para,,,,,2331,495,0,0,0,0,0,0,0,0,0,0,0,0,0,0,0,,,,
97,Bangladesh,Chattogram,Cox's Bazar,Chakaria,Demushia,3,Setara Begum,,,Hetalia para,,,,,1395,285,0,0,0,0,0,0,0,0,0,0,0,0,0,0,0,,,,
98,Bangladesh,Chattogram,Cox's Bazar,Chakaria,Demushia,4,Setara Begum,,,120 Tikka Para,,,,,3353,711,0,58,0,0,0,0,0,0,0,0,0,0,0,0,0,,,,
99,Bangladesh,Chattogram,Cox's Bazar,Chakaria,Demushia,5,Setara Begum,,,Tecssa para,,,,,1534,357,0,0,0,0,0,0,0,0,0,0,0,0,0,0,0,,,,
100,Bangladesh,Chattogram,Cox's Bazar,Chakaria,Demushia,6,Setara Begum,,,Gondi Para,,,,,1713,367,0,0,0,0,0,0,0,0,0,0,0,0,0,0,0,,,,
101,Bangladesh,Chattogram,Cox's Bazar,Chakaria,Demushia,7,Umme Salma,,,Daskhali para,,,,,1585,319,0,0,0,0,0,0,0,0,0,0,0,0,0,0,0,,,,
102,Bangladesh,Chattogram,Cox's Bazar,Chakaria,Demushia,7,Umme Salma,,,Khas para,,,,,1284,251,0,0,0,0,0,0,0,0,0,0,0,0,0,0,0,,,,
103,Bangladesh,Chattogram,Cox's Bazar,Chakaria,Demushia,8,Umme Salma,,,Ammar dera para,,,,,1680,342,0,0,0,0,0,0,0,0,0,0,0,0,0,0,0,,,,
104,Bangladesh,Chattogram,Cox's Bazar,Chakaria,Demushia,9,Umme Salma,,,Bazar para,,,,,1194,247,0,0,0,0,0,0,0,0,0,0,0,0,0,0,0,,,,
105,Bangladesh,Chattogram,Cox's Bazar,Chakaria,Dulahajara,1,Jhinu Nath,,,Ringvong,,,,,8992,1820,0,489,0,0,0,0,0,0,0,0,0,0,0,0,0,,,,
106,Bangladesh,Chattogram,Cox's Bazar,Chakaria,Dulahajara,2,Razia Begum,,,Domkhali,,,,,4239,862,0,102,0,1,10,0,0,0,0,0,0,0,0,0,0,,,,
107,Bangladesh,Chattogram,Cox's Bazar,Chakaria,Dulahajara,2,Razia Begum,,,Katakhali,,,,,2111,450,0,0,0,0,0,0,0,0,0,0,0,0,0,0,0,,,,
108,Bangladesh,Chattogram,Cox's Bazar,Chakaria,Dulahajara,2,Razia Begum,,,Pur. Domkhali Rezerve para,,,,,5376,1082,0,298,0,0,0,0,0,0,0,0,0,0,0,0,0,,,,
109,Bangladesh,Chattogram,Cox's Bazar,Chakaria,Dulahajara,3,Jhinu Nath,,,Cha bagan,,,,,4049,843,0,1615,0,0,0,0,0,0,0,0,0,0,0,0,0,,,,
110,Bangladesh,Chattogram,Cox's Bazar,Chakaria,Dulahajara,3,Jhinu Nath,,,Moulobikata,,,,,1559,312,0,784,0,0,0,0,0,0,0,0,0,0,0,0,0,,,,
111,Bangladesh,Chattogram,Cox's Bazar,Chakaria,Dulahajara,4,Jasmin Aktar,,,Shantirghat,,,,,563,124,0,0,0,0,0,0,0,0,0,0,0,0,0,0,0,,,,
112,Bangladesh,Chattogram,Cox's Bazar,Chakaria,Dulahajara,4,Jasmin Aktar,,,Ulubunia,,,,,3467,770,0,71,0,0,0,0,0,0,0,0,0,0,0,0,0,,,,
113,Bangladesh,Chattogram,Cox's Bazar,Chakaria,Dulahajara,5,Jasmin Aktar,,,Balur char,,,,,2575,553,0,0,0,0,0,0,0,0,0,0,0,0,0,0,0,,,,
114,Bangladesh,Chattogram,Cox's Bazar,Chakaria,Dulahajara,5,Jasmin Aktar,,,Dakbangla,,,,,899,205,0,0,0,0,0,0,0,0,0,0,0,0,0,0,0,,,,
115,Bangladesh,Chattogram,Cox's Bazar,Chakaria,Dulahajara,5,Jasmin Aktar,,,Dulahajara,,,,,2670,593,0,136,0,0,0,0,0,0,0,0,0,0,0,0,0,,,,
116,Bangladesh,Chattogram,Cox's Bazar,Chakaria,Dulahajara,6,Titu Pal,,,Balurchar,,,,,936,186,0,0,0,0,0,0,0,0,0,0,0,0,0,0,0,,,,
117,Bangladesh,Chattogram,Cox's Bazar,Chakaria,Dulahajara,6,Titu Pal,,,Boiragirkhil,,,,,1861,341,0,83,0,0,0,0,0,0,0,0,0,0,0,0,0,,,,
118,Bangladesh,Chattogram,Cox's Bazar,Chakaria,Dulahajara,6,Titu Pal,,,Poshchim Maij para,,,,,865,160,0,0,0,0,0,0,0,0,0,0,0,0,0,0,0,,,,
119,Bangladesh,Chattogram,Cox's Bazar,Chakaria,Dulahajara,7,Tania Sultana,,,Koiar Defa,,,,,1223,249,0,543,0,0,0,0,0,0,0,0,0,0,0,0,0,,,,
120,Bangladesh,Chattogram,Cox's Bazar,Chakaria,Dulahajara,7,Tania Sultana,,,Maij para,,,,,2424,497,0,55,0,0,0,0,0,0,0,0,0,0,0,0,0,,,,
121,Bangladesh,Chattogram,Cox's Bazar,Chakaria,Dulahajara,7,Tania Sultana,,,Mogchara jum,,,,,2198,513,0,0,0,0,0,0,0,0,0,0,0,0,0,0,0,,,,
122,Bangladesh,Chattogram,Cox's Bazar,Chakaria,Dulahajara,7,Tania Sultana,,,Safari Park,,,,,1097,236,0,36,0,0,0,0,0,0,0,0,0,0,0,0,0,,,,
123,Bangladesh,Chattogram,Cox's Bazar,Chakaria,Dulahajara,8,Titu Pal,,,Dokhin Maij para,,,,,1019,183,0,0,0,0,0,0,0,0,0,0,0,0,0,0,0,,,,
124,Bangladesh,Chattogram,Cox's Bazar,Chakaria,Dulahajara,8,Titu Pal,,,Natun para,,,,,1950,375,0,0,0,0,0,0,0,0,0,0,0,0,0,0,0,,,,
125,Bangladesh,Chattogram,Cox's Bazar,Chakaria,Dulahajara,8,Titu Pal,,,Paglirbil,,,,,1427,278,0,0,0,0,0,0,0,0,0,0,0,0,0,0,0,,,,
126,Bangladesh,Chattogram,Cox's Bazar,Chakaria,Dulahajara,8,Titu Pal,,,Villager para,,,,,1552,275,0,0,0,0,0,0,0,0,0,0,0,0,0,0,0,,,,
127,Bangladesh,Chattogram,Cox's Bazar,Chakaria,Dulahajara,9,Tania Sultana,,,Hati para,,,,,686,142,0,231,0,0,0,0,0,0,0,0,0,0,0,0,0,,,,
128,Bangladesh,Chattogram,Cox's Bazar,Chakaria,Dulahajara,9,Tania Sultana,,,Olir jum,,,,,1089,214,0,693,0,0,0,0,0,0,0,0,0,0,0,0,0,,,,
129,Bangladesh,Chattogram,Cox's Bazar,Chakaria,Dulahajara,9,Tania Sultana,,,Rangmahol,,,,,5878,1190,0,55,0,0,0,0,0,0,0,0,0,0,0,0,0,,,,
130,Bangladesh,Chattogram,Cox's Bazar,Chakaria,Dulahajara,9,Tania Sultana,,,Shah shujapur,,,,,695,146,0,65,0,0,0,0,0,0,0,0,0,0,0,0,0,,,,
131,Bangladesh,Chattogram,Cox's Bazar,Chakaria,Fasiakhali,1,Zannat Ara,,,Hajian,,,,,2944,534,0,36,0,0,0,0,0,0,0,0,0,0,0,0,0,,,,
132,Bangladesh,Chattogram,Cox's Bazar,Chakaria,Fasiakhali,2,Setara Begum,,,Digorpankhali,,,,,2824,668,0,67,0,0,0,0,0,0,0,0,0,0,0,0,0,,,,
133,Bangladesh,Chattogram,Cox's Bazar,Chakaria,Fasiakhali,3,Santa Rudra,,,Atbar Para,,,,,1233,225,0,0,0,0,0,0,0,0,0,0,0,0,0,0,0,,,,
134,Bangladesh,Chattogram,Cox's Bazar,Chakaria,Fasiakhali,3,Santa Rudra,,,Chairman para,,,,,1102,194,0,28,0,0,0,0,0,0,0,0,0,0,0,0,0,,,,
135,Bangladesh,Chattogram,Cox's Bazar,Chakaria,Fasiakhali,3,Santa Rudra,,,Master para,,,,,1054,199,0,19,0,0,0,0,0,0,0,0,0,0,0,0,0,,,,
136,Bangladesh,Chattogram,Cox's Bazar,Chakaria,Fasiakhali,3,Santa Rudra,,,Uchitarbil,,,,,823,156,0,0,0,0,0,0,0,0,0,0,0,0,0,0,0,,,,
137,Bangladesh,Chattogram,Cox's Bazar,Chakaria,Fasiakhali,4,Setara Begum,,,Uttar Ghuina,,,,,2814,580,0,52,0,0,0,0,0,0,0,0,0,0,0,0,0,,,,
138,Bangladesh,Chattogram,Cox's Bazar,Chakaria,Fasiakhali,5,Pulaki Das,,,Dokkhin Ghuina,,,,,4054,817,0,2005,0,0,0,0,0,0,0,0,0,0,0,0,0,,,,
139,Bangladesh,Chattogram,Cox's Bazar,Chakaria,Fasiakhali,6,Pulaki Das,,,Dail para,,,,,1652,301,0,8,0,0,0,0,0,0,0,0,0,0,0,0,0,,,,
140,Bangladesh,Chattogram,Cox's Bazar,Chakaria,Fasiakhali,6,Pulaki Das,,,Nowa para pahar,,,,,1262,254,0,723,0,0,0,0,0,0,0,0,0,0,0,0,0,,,,
141,Bangladesh,Chattogram,Cox's Bazar,Chakaria,Fasiakhali,6,Pulaki Das,,,Rajarbill Noya para,,,,,2147,392,0,72,0,0,0,0,0,0,0,0,0,0,0,0,0,,,,
142,Bangladesh,Chattogram,Cox's Bazar,Chakaria,Fasiakhali,7,Morzina Begum,,,Madrasha para,,,,,382,79,0,0,0,0,0,0,0,0,0,0,0,0,0,0,0,,,,
143,Bangladesh,Chattogram,Cox's Bazar,Chakaria,Fasiakhali,7,Morzina Begum,,,Shikdar para,,,,,2217,456,0,60,0,0,0,0,0,0,0,0,0,0,0,0,0,,,,
144,Bangladesh,Chattogram,Cox's Bazar,Chakaria,Fasiakhali,8,Santa Rudra,,,Aynamar para,,,,,685,138,0,8,0,0,0,0,0,0,0,0,0,0,0,0,0,,,,
145,Bangladesh,Chattogram,Cox's Bazar,Chakaria,Fasiakhali,8,Santa Rudra,,,Khandokar para,,,,,1736,321,0,967,0,0,0,0,0,0,0,0,0,0,0,0,0,,,,
146,Bangladesh,Chattogram,Cox's Bazar,Chakaria,Fasiakhali,8,Santa Rudra,,,Muslim Nagor,,,,,2531,495,0,48,0,0,0,0,0,0,0,0,0,0,0,0,0,,,,
147,Bangladesh,Chattogram,Cox's Bazar,Chakaria,Fasiakhali,8,Santa Rudra,,,Rudra para,,,,,999,200,0,0,0,0,0,0,0,0,0,0,0,0,0,0,0,,,,
148,Bangladesh,Chattogram,Cox's Bazar,Chakaria,Fasiakhali,9,Morzina Begum,,,Bhanga para,,,,,765,147,0,457,0,0,0,0,0,0,0,0,0,0,0,0,0,,,,
149,Bangladesh,Chattogram,Cox's Bazar,Chakaria,Fasiakhali,9,Morzina Begum,,,Chararkul,,,,,1013,198,0,0,0,0,0,0,0,0,0,0,0,0,0,0,0,,,,
150,Bangladesh,Chattogram,Cox's Bazar,Chakaria,Fasiakhali,9,Morzina Begum,,,Ghunar para,,,,,947,153,0,0,0,0,0,0,0,0,0,0,0,0,0,0,0,,,,
151,Bangladesh,Chattogram,Cox's Bazar,Chakaria,Fasiakhali,9,Morzina Begum,,,Haserdighee,,,,,463,92,0,0,0,0,0,0,0,0,0,0,0,0,0,0,0,,,,
152,Bangladesh,Chattogram,Cox's Bazar,Chakaria,Fasiakhali,9,Morzina Begum,,,Jaladash para,,,,,1428,280,0,46,0,0,0,0,0,0,0,0,0,0,0,0,0,,,,
153,Bangladesh,Chattogram,Cox's Bazar,Chakaria,Fasiakhali,9,Morzina Begum,,,Kachari para,,,,,672,133,0,0,0,0,0,0,0,0,0,0,0,0,0,0,0,,,,
154,Bangladesh,Chattogram,Cox's Bazar,Chakaria,Fasiakhali,9,Morzina Begum,,,Sairakhali,,,,,5180,966,0,794,0,0,0,0,0,0,0,0,0,0,0,0,0,,,,
155,Bangladesh,Chattogram,Cox's Bazar,Chakaria,Harbang,1,Sumi Aktar,,,Dokhin borua para,,,,,205,44,0,20,0,0,0,0,0,0,0,0,0,0,0,0,0,,,,
156,Bangladesh,Chattogram,Cox's Bazar,Chakaria,Harbang,1,Sumi Aktar,,,Katakhali,,,,,695,118,0,0,0,0,0,0,0,0,0,0,0,0,0,0,0,,,,
157,Bangladesh,Chattogram,Cox's Bazar,Chakaria,Harbang,1,Sumi Aktar,,,Pahartali,,,,,948,220,0,0,0,0,0,0,0,0,0,0,0,0,0,0,0,,,,
158,Bangladesh,Chattogram,Cox's Bazar,Chakaria,Harbang,1,Sumi Aktar,,,Rakahin para,,,,,1219,262,0,0,0,0,0,0,0,0,0,0,0,0,0,0,0,,,,
159,Bangladesh,Chattogram,Cox's Bazar,Chakaria,Harbang,2,Shahin parvin,,,Guchagram,,,,,695,178,0,0,0,0,0,0,0,0,0,0,0,0,0,0,0,,,,
160,Bangladesh,Chattogram,Cox's Bazar,Chakaria,Harbang,2,Shahin parvin,,,Nunachari,,,,,4421,838,0,2410,0,0,0,0,0,0,0,0,0,0,0,0,0,,,,
161,Bangladesh,Chattogram,Cox's Bazar,Chakaria,Harbang,2,Shahin parvin,,,Shanti Nagor,,,,,3872,774,0,2026,0,0,0,0,0,0,0,0,0,0,0,0,0,,,,
162,Bangladesh,Chattogram,Cox's Bazar,Chakaria,Harbang,3,Shahin parvin,,,Baigya para,,,,,609,105,0,0,0,0,0,0,0,0,0,0,0,0,0,0,0,,,,
163,Bangladesh,Chattogram,Cox's Bazar,Chakaria,Harbang,3,Shahin parvin,,,Kala Sikdar para,,,,,1165,187,0,113,0,0,0,0,0,0,0,0,0,0,0,0,0,,,,
164,Bangladesh,Chattogram,Cox's Bazar,Chakaria,Harbang,3,Shahin parvin,,,Noya para,,,,,1540,270,0,135,0,0,0,0,0,0,0,0,0,0,0,0,0,,,,
165,Bangladesh,Chattogram,Cox's Bazar,Chakaria,Harbang,4,Sumi Aktar,,,Godar Para,,,,,1123,242,0,77,0,0,0,0,0,0,0,0,0,0,0,0,0,,,,
166,Bangladesh,Chattogram,Cox's Bazar,Chakaria,Harbang,4,Sumi Aktar,,,Jomidar para,,,,,740,164,0,0,0,0,0,0,0,0,0,0,0,0,0,0,0,,,,
167,Bangladesh,Chattogram,Cox's Bazar,Chakaria,Harbang,4,Sumi Aktar,,,Rudro para,,,,,1621,320,0,13,0,0,0,0,0,0,0,0,0,0,0,0,0,,,,
168,Bangladesh,Chattogram,Cox's Bazar,Chakaria,Harbang,5,Iran Phakhi,,,Asiakata,,,,,1225,262,0,25,0,0,0,0,0,0,0,0,0,0,0,0,0,,,,
169,Bangladesh,Chattogram,Cox's Bazar,Chakaria,Harbang,5,Iran Phakhi,,,pahorchada,,,,,2264,454,0,0,0,0,0,0,0,0,0,0,0,0,0,0,0,,,,
170,Bangladesh,Chattogram,Cox's Bazar,Chakaria,Harbang,5,Iran Phakhi,,,Patakhula,,,,,1090,234,0,0,0,0,0,0,0,0,0,0,0,0,0,0,0,,,,
171,Bangladesh,Chattogram,Cox's Bazar,Chakaria,Harbang,6,Iran Phakhi,,,Moson Sikdar para,,,,,519,122,0,0,0,0,0,0,0,0,0,0,0,0,0,0,0,,,,
172,Bangladesh,Chattogram,Cox's Bazar,Chakaria,Harbang,6,Iran Phakhi,,,Pal para,,,,,339,78,0,0,0,0,0,0,0,0,0,0,0,0,0,0,0,,,,
173,Bangladesh,Chattogram,Cox's Bazar,Chakaria,Harbang,6,Iran Phakhi,,,Rusainga para,,,,,1407,307,0,0,0,0,0,0,0,0,0,0,0,0,0,0,0,,,,
174,Bangladesh,Chattogram,Cox's Bazar,Chakaria,Harbang,6,Iran Phakhi,,,Vaiakata,,,,,2705,552,0,0,0,0,0,0,0,0,0,0,0,0,0,0,0,,,,
175,Bangladesh,Chattogram,Cox's Bazar,Chakaria,Harbang,7,Rashida Begum Miru,,,Alipur,,,,,1004,208,0,0,0,0,0,0,0,0,0,0,0,0,0,0,0,,,,
176,Bangladesh,Chattogram,Cox's Bazar,Chakaria,Harbang,7,Rashida Begum Miru,,,Killar Purbo para,,,,,817,184,0,0,0,0,0,0,0,0,0,0,0,0,0,0,0,,,,
177,Bangladesh,Chattogram,Cox's Bazar,Chakaria,Harbang,7,Rashida Begum Miru,,,Muslim para,,,,,1819,296,0,986,0,0,0,0,0,0,0,0,0,0,0,0,0,,,,
178,Bangladesh,Chattogram,Cox's Bazar,Chakaria,Harbang,7,Rashida Begum Miru,,,Nath para,,,,,1514,301,0,0,0,0,0,0,0,0,0,0,0,0,0,0,0,,,,
179,Bangladesh,Chattogram,Cox's Bazar,Chakaria,Harbang,8,Rashida Begum Miru,,,Ali para,,,,,1414,275,0,684,0,0,0,0,0,0,0,0,0,0,0,0,0,,,,
180,Bangladesh,Chattogram,Cox's Bazar,Chakaria,Harbang,8,Rashida Begum Miru,,,Brindabonkhil,,,,,3534,698,0,237,0,0,0,0,0,0,0,0,0,0,0,0,0,,,,
181,Bangladesh,Chattogram,Cox's Bazar,Chakaria,Harbang,8,Rashida Begum Miru,,,Goyalmara,,,,,971,181,0,589,0,0,0,0,0,0,0,0,0,0,0,0,0,,,,
182,Bangladesh,Chattogram,Cox's Bazar,Chakaria,Harbang,8,Rashida Begum Miru,,,Kor Mohori para,,,,,1730,354,0,0,0,0,0,0,0,0,0,0,0,0,0,0,0,,,,
183,Bangladesh,Chattogram,Cox's Bazar,Chakaria,Harbang,8,Rashida Begum Miru,,,Sabanghata,,,,,1028,195,0,84,0,0,0,0,0,0,0,0,0,0,0,0,0,,,,
184,Bangladesh,Chattogram,Cox's Bazar,Chakaria,Harbang,8,Rashida Begum Miru,,,Shamajik Para,,,,,1271,249,0,79,0,0,0,0,0,0,0,0,0,0,0,0,0,,,,
185,Bangladesh,Chattogram,Cox's Bazar,Chakaria,Harbang,8,Rashida Begum Miru,,,Vandaridefa,,,,,994,209,0,86,0,0,0,0,0,0,0,0,0,0,0,0,0,,,,
186,Bangladesh,Chattogram,Cox's Bazar,Chakaria,Harbang,9,Nasima Aktar,,,Echachari,,,,,440,80,0,0,0,0,0,0,0,0,0,0,0,0,0,0,0,,,,
187,Bangladesh,Chattogram,Cox's Bazar,Chakaria,Harbang,9,Nasima Aktar,,,Gainakata,,,,,841,175,0,455,0,0,0,0,0,0,0,0,0,0,0,0,0,,,,
188,Bangladesh,Chattogram,Cox's Bazar,Chakaria,Harbang,9,Nasima Aktar,,,Kalatoli,,,,,963,194,0,55,0,0,0,0,0,0,0,0,0,0,0,0,0,,,,
189,Bangladesh,Chattogram,Cox's Bazar,Chakaria,Harbang,9,Nasima Aktar,,,Kurbaniaghuna,,,,,1700,713,0,81,0,0,0,0,0,0,0,0,0,0,0,0,0,,,,
190,Bangladesh,Chattogram,Cox's Bazar,Chakaria,Harbang,9,Nasima Aktar,,,Villager para,,,,,2553,485,0,9,0,0,0,0,0,0,0,0,0,0,0,0,0,,,,
191,Bangladesh,Chattogram,Cox's Bazar,Chakaria,Kakara,1,Jannatul Ferdus,,,Alir  pahar,,,,,2390,493,0,51,0,0,0,0,0,0,0,0,0,0,0,0,0,,,,
192,Bangladesh,Chattogram,Cox's Bazar,Chakaria,Kakara,1,Jannatul Ferdus,,,Baro Aulia Nogor,,,,,2612,553,0,0,0,0,0,0,0,0,0,0,0,0,0,0,0,,,,
193,Bangladesh,Chattogram,Cox's Bazar,Chakaria,Kakara,1,Jannatul Ferdus,,,Muslim Para,,,,,1675,325,0,600,0,0,0,0,0,0,0,0,0,0,0,0,0,,,,
194,Bangladesh,Chattogram,Cox's Bazar,Chakaria,Kakara,1,Jannatul Ferdus,,,Shah Omar Nagor,,,,,1638,323,0,1091,0,0,0,0,0,0,0,0,0,0,0,0,0,,,,
195,Bangladesh,Chattogram,Cox's Bazar,Chakaria,Kakara,1,Jannatul Ferdus,,,Uttar para,,,,,2384,455,0,66,0,0,0,0,0,0,0,0,0,0,0,0,0,,,,
196,Bangladesh,Chattogram,Cox's Bazar,Chakaria,Kakara,2,Monihar Jannata,,,SM char / School Pahar,,,,,2765,503,0,1543,0,0,0,0,0,0,0,0,0,0,0,0,0,,,,
197,Bangladesh,Chattogram,Cox's Bazar,Chakaria,Kakara,3,Bulbul Jannata,,,Lotoni,,,,,4474,821,0,1578,0,0,0,0,0,0,0,0,0,0,0,0,0,,,,
198,Bangladesh,Chattogram,Cox's Bazar,Chakaria,Kakara,4,Bulbul Jannata,,,Maij Para,,,,,3868,750,0,215,0,0,0,0,0,0,0,0,0,0,0,0,0,,,,
199,Bangladesh,Chattogram,Cox's Bazar,Chakaria,Kakara,5,Rehen Bulbul Minu,,,Ali Mia Sikdar para,,,,,1096,219,0,0,0,0,0,0,0,0,0,0,0,0,0,0,0,,,,
200,Bangladesh,Chattogram,Cox's Bazar,Chakaria,Kakara,5,Rehen Bulbul Minu,,,Rudra para,,,,,1568,350,0,94,0,0,0,0,0,0,0,0,0,0,0,0,0,,,,
201,Bangladesh,Chattogram,Cox's Bazar,Chakaria,Kakara,6,Rehen Bulbul Minu,,,Proper Kakara,,,,,2074,445,0,0,0,0,0,0,0,0,0,0,0,0,0,0,0,,,,
202,Bangladesh,Chattogram,Cox's Bazar,Chakaria,Kakara,7,Jesmin Sultana,,,Dokhin Kakara,,,,,2741,492,0,181,0,0,0,0,0,0,0,0,0,0,0,0,0,,,,
203,Bangladesh,Chattogram,Cox's Bazar,Chakaria,Kakara,8,Jesmin Sultana,,,Dokhin Kakara,,,,,2623,491,0,190,0,0,0,0,0,0,0,0,0,0,0,0,0,,,,
204,Bangladesh,Chattogram,Cox's Bazar,Chakaria,Kakara,9,Sabina Yesmin,,,Bapari para,,,,,1270,238,0,142,0,0,0,0,0,0,0,0,0,0,0,0,0,,,,
205,Bangladesh,Chattogram,Cox's Bazar,Chakaria,Kakara,9,Sabina Yesmin,,,Pahartali,,,,,3494,721,0,0,0,0,0,0,0,0,0,0,0,0,0,0,0,,,,
206,Bangladesh,Chattogram,Cox's Bazar,Chakaria,Kayar Bill,1,Rokshana Parvin,,,Utar Khilsadok,,,,,2354,450,0,0,0,0,0,0,0,0,0,0,0,0,0,0,0,,,,
207,Bangladesh,Chattogram,Cox's Bazar,Chakaria,Kayar Bill,2,Rokshana Parvin,,,Dokhin Khilsadok,,,,,2416,404,0,0,0,0,0,0,0,0,0,0,0,0,0,0,0,,,,
208,Bangladesh,Chattogram,Cox's Bazar,Chakaria,Kayar Bill,3,Rokshana Parvin,,,Sitarkhil,,,,,1060,187,0,0,0,0,0,0,0,0,0,0,0,0,0,0,0,,,,
209,Bangladesh,Chattogram,Cox's Bazar,Chakaria,Kayar Bill,4,Rokshana Parvin,,,Hamidullah sikdar para,,,,,1471,169,0,60,0,0,0,0,0,0,0,0,0,0,0,0,0,,,,
210,Bangladesh,Chattogram,Cox's Bazar,Chakaria,Kayar Bill,4,Rokshana Parvin,,,Vornyarchar,,,,,1583,284,0,71,0,0,0,0,0,0,0,0,0,0,0,0,0,,,,
211,Bangladesh,Chattogram,Cox's Bazar,Chakaria,Kayar Bill,5,Bisna Rani,,,Khuchakhali,,,,,2184,488,0,40,0,0,0,0,0,0,0,0,0,0,0,0,0,,,,
212,Bangladesh,Chattogram,Cox's Bazar,Chakaria,Kayar Bill,6,Bisna Rani,,,Hashimarkata,,,,,2427,478,0,0,0,0,0,0,0,0,0,0,0,0,0,0,0,,,,
213,Bangladesh,Chattogram,Cox's Bazar,Chakaria,Kayar Bill,7,Shiri Forhad,,,Baniarkum,,,,,1709,321,0,41,0,1,10,0,0,0,0,0,0,0,0,0,0,,,,
214,Bangladesh,Chattogram,Cox's Bazar,Chakaria,Kayar Bill,8,Shiri Forhad,,,Islam Nagor,,,,,5666,1068,0,88,0,0,0,0,0,0,0,0,0,0,0,0,0,,,,
215,Bangladesh,Chattogram,Cox's Bazar,Chakaria,Kayar Bill,8,Shiri Forhad,,,School para,,,,,746,128,0,39,0,0,0,0,0,0,0,0,0,0,0,0,0,,,,
216,Bangladesh,Chattogram,Cox's Bazar,Chakaria,Kayar Bill,8,Shiri Forhad,,,Tulu Sikdar para,,,,,3194,554,0,0,0,0,0,0,0,0,0,0,0,0,0,0,0,,,,
217,Bangladesh,Chattogram,Cox's Bazar,Chakaria,Kayar Bill,9,Bisna Rani,,,Deepkul para,,,,,2121,397,0,94,0,0,0,0,0,0,0,0,0,0,0,0,0,,,,
218,Bangladesh,Chattogram,Cox's Bazar,Chakaria,Kayar Bill,9,Bisna Rani,,,Soalia para,,,,,1231,236,0,66,0,0,0,0,0,0,0,0,0,0,0,0,0,,,,
219,Bangladesh,Chattogram,Cox's Bazar,Chakaria,Khutakhali,1,Razia Begum,,,Madyom Medhakacchapia,,,,,1128,242,0,60,0,0,0,0,0,0,0,0,0,0,0,0,0,,,,
220,Bangladesh,Chattogram,Cox's Bazar,Chakaria,Khutakhali,1,Razia Begum,,,Paglir bil,,,,,907,190,0,41,0,0,0,0,0,0,0,0,0,0,0,0,0,,,,
221,Bangladesh,Chattogram,Cox's Bazar,Chakaria,Khutakhali,1,Razia Begum,,,Sathghar para,,,,,348,77,0,0,0,0,0,0,0,0,0,0,0,0,0,0,0,,,,
222,Bangladesh,Chattogram,Cox's Bazar,Chakaria,Khutakhali,1,Razia Begum,,,Uttar Medhakacchapia,,,,,2267,504,0,1402,0,0,0,0,0,0,0,0,0,0,0,0,0,,,,
223,Bangladesh,Chattogram,Cox's Bazar,Chakaria,Khutakhali,2,Razia Begum,,,Dakhin MedhaKacchapia,,,,,1810,366,0,85,0,0,0,0,0,0,0,0,0,0,0,0,0,,,,
224,Bangladesh,Chattogram,Cox's Bazar,Chakaria,Khutakhali,2,Razia Begum,,,Madyom Medhakacchapia,,,,,1882,398,0,18,0,0,0,0,0,0,0,0,0,0,0,0,0,,,,
225,Bangladesh,Chattogram,Cox's Bazar,Chakaria,Khutakhali,3,Sharmin Sultana,,,Haji para,,,,,1223,239,0,93,0,0,0,0,0,0,0,0,0,0,0,0,0,,,,
226,Bangladesh,Chattogram,Cox's Bazar,Chakaria,Khutakhali,3,Sharmin Sultana,,,Hetalia para,,,,,480,94,0,0,0,0,0,0,0,0,0,0,0,0,0,0,0,,,,
227,Bangladesh,Chattogram,Cox's Bazar,Chakaria,Khutakhali,3,Sharmin Sultana,,,Kutubdia para,,,,,2422,469,0,123,0,0,0,0,0,0,0,0,0,0,0,0,0,,,,
228,Bangladesh,Chattogram,Cox's Bazar,Chakaria,Khutakhali,3,Sharmin Sultana,,,School para,,,,,302,57,0,0,0,0,0,0,0,0,0,0,0,0,0,0,0,,,,
229,Bangladesh,Chattogram,Cox's Bazar,Chakaria,Khutakhali,4,Sharmin Sultana,,,Bakkum para,,,,,1634,331,0,0,0,0,0,0,0,0,0,0,0,0,0,0,0,,,,
230,Bangladesh,Chattogram,Cox's Bazar,Chakaria,Khutakhali,4,Sharmin Sultana,,,Gorjontali,,,,,5504,1080,0,287,0,0,0,0,0,0,0,0,0,0,0,0,0,,,,
231,Bangladesh,Chattogram,Cox's Bazar,Chakaria,Khutakhali,4,Sharmin Sultana,,,Nalbunia,,,,,1327,264,0,0,0,0,0,0,0,0,0,0,0,0,0,0,0,,,,
232,Bangladesh,Chattogram,Cox's Bazar,Chakaria,Khutakhali,5,Sharmin Sultana -2,,,Dhokkhin para,,,,,1354,281,0,0,0,0,0,0,0,0,0,0,0,0,0,0,0,,,,
233,Bangladesh,Chattogram,Cox's Bazar,Chakaria,Khutakhali,5,Sharmin Sultana -2,,,Maij para,,,,,1355,259,0,52,0,0,0,0,0,0,0,0,0,0,0,0,0,,,,
234,Bangladesh,Chattogram,Cox's Bazar,Chakaria,Khutakhali,5,Sharmin Sultana -2,,,Uttar para,,,,,1462,287,0,0,0,0,0,0,0,0,0,0,0,0,0,0,0,,,,
235,Bangladesh,Chattogram,Cox's Bazar,Chakaria,Khutakhali,6,Asma-ul-husna,,,Dorga para,,,,,1287,268,0,0,0,0,0,0,0,0,0,0,0,0,0,0,0,,,,
236,Bangladesh,Chattogram,Cox's Bazar,Chakaria,Khutakhali,6,Asma-ul-husna,,,Forest office para,,,,,651,122,0,0,0,0,0,0,0,0,0,0,0,0,0,0,0,,,,
237,Bangladesh,Chattogram,Cox's Bazar,Chakaria,Khutakhali,6,Asma-ul-husna,,,Goldhapa,,,,,1081,224,0,69,0,0,0,0,0,0,0,0,0,0,0,0,0,,,,
238,Bangladesh,Chattogram,Cox's Bazar,Chakaria,Khutakhali,6,Asma-ul-husna,,,Horikhula,,,,,645,112,0,411,0,0,0,0,0,0,0,0,0,0,0,0,0,,,,
239,Bangladesh,Chattogram,Cox's Bazar,Chakaria,Khutakhali,6,Asma-ul-husna,,,Joynagor para,,,,,492,88,0,0,0,0,0,0,0,0,0,0,0,0,0,0,0,,,,
240,Bangladesh,Chattogram,Cox's Bazar,Chakaria,Khutakhali,6,Sufia Akter,,,Kala para,,,,,301,60,0,0,0,0,0,0,0,0,0,0,0,0,0,0,0,,,,
241,Bangladesh,Chattogram,Cox's Bazar,Chakaria,Khutakhali,6,Asma-ul-husna,,,Peajkata,,,,,1324,274,0,0,0,0,0,0,0,0,0,0,0,0,0,0,0,,,,
242,Bangladesh,Chattogram,Cox's Bazar,Chakaria,Khutakhali,6,Asma-ul-husna,,,Purbo para,,,,,942,185,0,0,0,0,0,0,0,0,0,0,0,0,0,0,0,,,,
243,Bangladesh,Chattogram,Cox's Bazar,Chakaria,Khutakhali,6,Asma-ul-husna,,,Segunbagicha,,,,,3758,813,0,37,0,0,0,0,0,0,0,0,0,0,0,0,0,,,,
244,Bangladesh,Chattogram,Cox's Bazar,Chakaria,Khutakhali,7,Sharmin Sultana -2,,,Garuluitta para,,,,,1906,367,0,0,0,0,0,0,0,0,0,0,0,0,0,0,0,,,,
245,Bangladesh,Chattogram,Cox's Bazar,Chakaria,Khutakhali,7,Sharmin Sultana -2,,,Kachari pahar,,,,,754,153,0,0,0,0,0,0,0,0,0,0,0,0,0,0,0,,,,
246,Bangladesh,Chattogram,Cox's Bazar,Chakaria,Khutakhali,8,Asma-ul-husna,,,Dorga para,,,,,847,178,0,0,0,0,0,0,0,0,0,0,0,0,0,0,0,,,,
247,Bangladesh,Chattogram,Cox's Bazar,Chakaria,Khutakhali,8,Asma-ul-husna,,,Purno Gram,,,,,422,94,0,0,0,0,0,0,0,0,0,0,0,0,0,0,0,,,,
248,Bangladesh,Chattogram,Cox's Bazar,Chakaria,Khutakhali,8,Asma-ul-husna,,,Shia para,,,,,1471,313,0,0,0,0,0,0,0,0,0,0,0,0,0,0,0,,,,
249,Bangladesh,Chattogram,Cox's Bazar,Chakaria,Khutakhali,9,Asma-ul-husna,,,Poschim Noya para,,,,,714,142,0,0,0,0,0,0,0,0,0,0,0,0,0,0,0,,,,
250,Bangladesh,Chattogram,Cox's Bazar,Chakaria,Khutakhali,9,Asma-ul-husna,,,Purbo Noya para,,,,,4183,875,0,444,0,0,0,0,0,0,0,0,0,0,0,0,0,,,,
251,Bangladesh,Chattogram,Cox's Bazar,Chakaria,Kunakhali,1,Sharmin Sultana,,,Bangla bazar,,,,,2826,608,0,162,0,0,0,0,0,0,0,0,0,0,0,0,0,,,,
252,Bangladesh,Chattogram,Cox's Bazar,Chakaria,Kunakhali,2,Sharmin Sultana,,,Kutubdia para,,,,,1521,330,0,0,0,0,0,0,0,0,0,0,0,0,0,0,0,,,,
253,Bangladesh,Chattogram,Cox's Bazar,Chakaria,Kunakhali,2,Sharmin Sultana,,,Notunghuna,,,,,1679,355,0,0,0,0,0,0,0,0,0,0,0,0,0,0,0,,,,
254,Bangladesh,Chattogram,Cox's Bazar,Chakaria,Kunakhali,3,Sharmin Sultana,,,Char para,,,,,2957,588,0,0,0,0,0,0,0,0,0,0,0,0,0,0,0,,,,
255,Bangladesh,Chattogram,Cox's Bazar,Chakaria,Kunakhali,4,Sharmin Sultana,,,Lotabunia,,,,,3233,684,0,0,0,0,0,0,0,0,0,0,0,0,0,0,0,,,,
256,Bangladesh,Chattogram,Cox's Bazar,Chakaria,Kunakhali,5,Sharmin Sultana,,,Sikdar para,,,,,2325,483,0,0,0,0,0,0,0,0,0,0,0,0,0,0,0,,,,
257,Bangladesh,Chattogram,Cox's Bazar,Chakaria,Kunakhali,6,Samima Yesmin,,,Moronghuna,,,,,3344,579,0,0,0,0,0,0,0,0,0,0,0,0,0,0,0,,,,
258,Bangladesh,Chattogram,Cox's Bazar,Chakaria,Kunakhali,7,Samima Yesmin,,,Purattakhali,,,,,4341,824,0,0,0,0,0,0,0,0,0,0,0,0,0,0,0,,,,
259,Bangladesh,Chattogram,Cox's Bazar,Chakaria,Kunakhali,8,Samima Yesmin,,,Dakkhin Konakhali,,,,,2733,612,0,39,0,0,0,0,0,0,0,0,0,0,0,0,0,,,,
260,Bangladesh,Chattogram,Cox's Bazar,Chakaria,Kunakhali,9,Samima Yesmin,,,Jangalkata,,,,,3403,628,0,0,0,0,0,0,0,0,0,0,0,0,0,0,0,,,,
261,Bangladesh,Chattogram,Cox's Bazar,Chakaria,Lakharchar,1,Karimon Nesa Sharna,,,Mondol para,,,,,1372,267,0,0,0,0,0,0,0,0,0,0,0,0,0,0,0,,,,
262,Bangladesh,Chattogram,Cox's Bazar,Chakaria,Lakharchar,2,Karimon Nesa Sharna,,,Haji para,,,,,1243,232,0,0,0,0,0,0,0,0,0,0,0,0,0,0,0,,,,
263,Bangladesh,Chattogram,Cox's Bazar,Chakaria,Lakharchar,3,Karimon Nesa Sharna,,,Chowdhury para,,,,,1239,228,0,0,0,0,0,0,0,0,0,0,0,0,0,0,0,,,,
264,Bangladesh,Chattogram,Cox's Bazar,Chakaria,Lakharchar,4,Karimon Nesa Sharna,,,Rustam ali Chow para,,,,,1164,215,0,0,0,0,0,0,0,0,0,0,0,0,0,0,0,,,,
265,Bangladesh,Chattogram,Cox's Bazar,Chakaria,Lakharchar,5,Khaleda Akter,,,Majher Para,,,,,911,174,0,0,0,0,0,0,0,0,0,0,0,0,0,0,0,,,,
266,Bangladesh,Chattogram,Cox's Bazar,Chakaria,Lakharchar,6,Khaleda Akter,,,Char para,,,,,300,67,0,0,0,0,0,0,0,0,0,0,0,0,0,0,0,,,,
267,Bangladesh,Chattogram,Cox's Bazar,Chakaria,Lakharchar,6,Khaleda Akter,,,Majher para,,,,,484,98,0,0,0,0,0,0,0,0,0,0,0,0,0,0,0,,,,
268,Bangladesh,Chattogram,Cox's Bazar,Chakaria,Lakharchar,7,Khaleda Akter,,,Sikdar para,,,,,1136,230,0,0,0,0,0,0,0,0,0,0,0,0,0,0,0,,,,
269,Bangladesh,Chattogram,Cox's Bazar,Chakaria,Lakharchar,8,Khaleda Akter,,,Char para,,,,,1002,209,0,0,0,0,0,0,0,0,0,0,0,0,0,0,0,,,,
270,Bangladesh,Chattogram,Cox's Bazar,Chakaria,Lakharchar,9,Khaleda Akter,,,Purbo para,,,,,1869,369,0,0,0,0,0,0,0,0,0,0,0,0,0,0,0,,,,
271,Bangladesh,Chattogram,Cox's Bazar,Chakaria,Municipal,1,Jasna Ara,,,Abdul bari para,,,,,1357,264,0,0,0,0,0,0,0,0,0,0,0,0,0,0,0,,,,
272,Bangladesh,Chattogram,Cox's Bazar,Chakaria,Municipal,1,Jasna Ara,,,Aman para,,,,,1921,389,0,0,0,0,0,0,0,0,0,0,0,0,0,0,0,,,,
273,Bangladesh,Chattogram,Cox's Bazar,Chakaria,Municipal,1,Jasna Ara,,,Bazar para,,,,,1320,257,0,0,0,0,0,0,0,0,0,0,0,0,0,0,0,,,,
274,Bangladesh,Chattogram,Cox's Bazar,Chakaria,Municipal,1,Jasna Ara,,,Kazir para,,,,,1785,347,0,0,0,0,0,0,0,0,0,0,0,0,0,0,0,,,,
275,Bangladesh,Chattogram,Cox's Bazar,Chakaria,Municipal,1,Jasna Ara,,,Mat para,,,,,1041,293,0,0,0,0,0,0,0,0,0,0,0,0,0,0,0,,,,
276,Bangladesh,Chattogram,Cox's Bazar,Chakaria,Municipal,1,Jasna Ara,,,Taroz para,,,,,1582,281,0,37,0,0,0,0,0,0,0,0,0,0,0,0,0,,,,
277,Bangladesh,Chattogram,Cox's Bazar,Chakaria,Municipal,2,Bappi Day,,,Halkakara,,,,,1128,156,0,33,0,0,0,0,0,0,0,0,0,0,0,0,0,,,,
278,Bangladesh,Chattogram,Cox's Bazar,Chakaria,Municipal,2,Bappi Day,,,Hindu para,,,,,494,116,0,0,0,0,0,0,0,0,0,0,0,0,0,0,0,,,,
279,Bangladesh,Chattogram,Cox's Bazar,Chakaria,Municipal,2,Bappi Day,,,Jalia para,,,,,3409,736,0,0,0,0,0,0,0,0,0,0,0,0,0,0,0,,,,
280,Bangladesh,Chattogram,Cox's Bazar,Chakaria,Municipal,2,Bappi Day,,,Janata Market,,,,,919,227,0,0,0,0,0,0,0,0,0,0,0,0,0,0,0,,,,
281,Bangladesh,Chattogram,Cox's Bazar,Chakaria,Municipal,2,Bappi Day,,,Moulovirchar,,,,,2084,517,0,0,0,0,0,0,0,0,0,0,0,0,0,0,0,,,,
282,Bangladesh,Chattogram,Cox's Bazar,Chakaria,Municipal,2,Bappi Day,,,Samser para,,,,,450,186,0,0,0,0,0,0,0,0,0,0,0,0,0,0,0,,,,
283,Bangladesh,Chattogram,Cox's Bazar,Chakaria,Municipal,2,Bappi Day,,,Sawdagor para,,,,,1591,357,0,0,0,0,0,0,0,0,0,0,0,0,0,0,0,,,,
284,Bangladesh,Chattogram,Cox's Bazar,Chakaria,Municipal,3,Jasna Ara,,,Batakhali,,,,,2104,400,0,0,0,0,0,0,0,0,0,0,0,0,0,0,0,,,,
285,Bangladesh,Chattogram,Cox's Bazar,Chakaria,Municipal,3,Jasna Ara,,,Bera Para,,,,,908,202,0,0,0,0,0,0,0,0,0,0,0,0,0,0,0,,,,
286,Bangladesh,Chattogram,Cox's Bazar,Chakaria,Municipal,3,Jasna Ara,,,Dokhin Lakharchar,,,,,1134,224,0,0,0,0,0,0,0,0,0,0,0,0,0,0,0,,,,
287,Bangladesh,Chattogram,Cox's Bazar,Chakaria,Municipal,3,Jasna Ara,,,Khandokar para,,,,,982,168,0,0,0,0,0,0,0,0,0,0,0,0,0,0,0,,,,
288,Bangladesh,Chattogram,Cox's Bazar,Chakaria,Municipal,3,Jasna Ara,,,Master para,,,,,339,70,0,0,0,0,0,0,0,0,0,0,0,0,0,0,0,,,,
289,Bangladesh,Chattogram,Cox's Bazar,Chakaria,Municipal,3,Jasna Ara,,,Nat para,,,,,641,136,0,0,0,0,0,0,0,0,0,0,0,0,0,0,0,,,,
290,Bangladesh,Chattogram,Cox's Bazar,Chakaria,Municipal,3,Jasna Ara,,,Noya para,,,,,576,114,0,0,0,0,0,0,0,0,0,0,0,0,0,0,0,,,,
291,Bangladesh,Chattogram,Cox's Bazar,Chakaria,Municipal,3,Jasna Ara,,,Pos jaladas para,,,,,602,120,0,0,0,0,0,0,0,0,0,0,0,0,0,0,0,,,,
292,Bangladesh,Chattogram,Cox's Bazar,Chakaria,Municipal,3,Jasna Ara,,,Sikdar para,,,,,1279,260,0,0,0,0,0,0,0,0,0,0,0,0,0,0,0,,,,
293,Bangladesh,Chattogram,Cox's Bazar,Chakaria,Municipal,3,Jasna Ara,,,Taroz Ghat  Para,,,,,525,119,0,0,0,0,0,0,0,0,0,0,0,0,0,0,0,,,,
294,Bangladesh,Chattogram,Cox's Bazar,Chakaria,Municipal,3,Jasna Ara,,,Toroz ghat jaladas para,,,,,530,110,0,0,0,0,0,0,0,0,0,0,0,0,0,0,0,,,,
295,Bangladesh,Chattogram,Cox's Bazar,Chakaria,Municipal,4,Bappi Day,,,Batakhali,,,,,525,357,0,0,0,0,0,0,0,0,0,0,0,0,0,0,0,,,,
296,Bangladesh,Chattogram,Cox's Bazar,Chakaria,Municipal,4,Bappi Day,,,Bhara Mohuri,,,,,6532,1176,0,0,0,0,0,0,0,0,0,0,0,0,0,0,0,,,,
297,Bangladesh,Chattogram,Cox's Bazar,Chakaria,Municipal,4,Bappi Day,,,Haspatal para,,,,,324,102,0,0,0,0,0,0,0,0,0,0,0,0,0,0,0,,,,
298,Bangladesh,Chattogram,Cox's Bazar,Chakaria,Municipal,4,Bappi Day,,,Sabujbag,,,,,671,87,0,0,0,0,0,0,0,0,0,0,0,0,0,0,0,,,,
299,Bangladesh,Chattogram,Cox's Bazar,Chakaria,Municipal,5,Kamrunnahar Bulu,,,Kaharia ghona,,,,,4531,908,0,114,0,0,0,0,0,0,0,0,0,0,0,0,0,,,,
300,Bangladesh,Chattogram,Cox's Bazar,Chakaria,Municipal,5,Kamrunnahar Bulu,,,Karaya Ghona,,,,,5387,1065,0,0,0,0,0,0,0,0,0,0,0,0,0,0,0,,,,
301,Bangladesh,Chattogram,Cox's Bazar,Chakaria,Municipal,5,Kamrunnahar Bulu,,,Khandokar para,,,,,883,183,0,0,0,0,0,0,0,0,0,0,0,0,0,0,0,,,,
302,Bangladesh,Chattogram,Cox's Bazar,Chakaria,Municipal,6,Kamrunnahar Bulu,,,Bhara Mohuri,,,,,1430,347,0,93,0,0,0,0,0,0,0,0,0,0,0,0,0,,,,
303,Bangladesh,Chattogram,Cox's Bazar,Chakaria,Municipal,6,Kamrunnahar Bulu,,,Binamara,,,,,381,76,0,0,0,0,0,0,0,0,0,0,0,0,0,0,0,,,,
304,Bangladesh,Chattogram,Cox's Bazar,Chakaria,Municipal,6,Kamrunnahar Bulu,,,Kaharia ghona,,,,,7419,1933,0,64,0,0,0,0,0,0,0,0,0,0,0,0,0,,,,
305,Bangladesh,Chattogram,Cox's Bazar,Chakaria,Municipal,6,Kamrunnahar Bulu,,,Nijpankhali,,,,,1180,232,0,0,0,0,0,0,0,0,0,0,0,0,0,0,0,,,,
306,Bangladesh,Chattogram,Cox's Bazar,Chakaria,Municipal,7,Sayeda Sultana Tarin,,,Binamara,,,,,2126,464,0,0,0,0,0,0,0,0,0,0,0,0,0,0,0,,,,
307,Bangladesh,Chattogram,Cox's Bazar,Chakaria,Municipal,7,Sayeda Sultana Tarin,,,Nijpankhali,,,,,538,122,0,0,0,0,0,0,0,0,0,0,0,0,0,0,0,,,,
308,Bangladesh,Chattogram,Cox's Bazar,Chakaria,Municipal,7,Sayeda Sultana Tarin,,,Pala kata,,,,,4511,977,0,0,0,0,0,0,0,0,0,0,0,0,0,0,0,,,,
309,Bangladesh,Chattogram,Cox's Bazar,Chakaria,Municipal,8,Zannat Ara,,,Coach para,,,,,1141,213,0,0,0,0,0,0,0,0,0,0,0,0,0,0,0,,,,
310,Bangladesh,Chattogram,Cox's Bazar,Chakaria,Municipal,8,Zannat Ara,,,Khoaz nogor,,,,,459,78,0,0,0,0,0,0,0,0,0,0,0,0,0,0,0,,,,
311,Bangladesh,Chattogram,Cox's Bazar,Chakaria,Municipal,8,Parul Aktar,,,Koach para,,,,,4737,748,0,0,0,0,0,0,0,0,0,0,0,0,0,0,0,,,,
312,Bangladesh,Chattogram,Cox's Bazar,Chakaria,Municipal,8,Parul Aktar,,,Master para,,,,,3674,687,0,0,0,0,0,0,0,0,0,0,0,0,0,0,0,,,,
313,Bangladesh,Chattogram,Cox's Bazar,Chakaria,Municipal,8,Parul Aktar,,,Munshi para,,,,,4115,883,0,5,0,0,0,0,0,0,0,0,0,0,0,0,0,,,,
314,Bangladesh,Chattogram,Cox's Bazar,Chakaria,Municipal,9,Sayeda Sultana Tarin,,,Digorpankhali,,,,,4290,787,0,286,0,0,0,0,0,0,0,0,0,0,0,0,0,,,,
315,Bangladesh,Chattogram,Cox's Bazar,Chakaria,Municipal,9,Sayeda Sultana Tarin,,,Nichpankhali,,,,,2608,478,0,0,0,0,0,0,0,0,0,0,0,0,0,0,0,,,,
316,Bangladesh,Chattogram,Cox's Bazar,Chakaria,Municipal,9,Sayeda Sultana Tarin,,,Pukpukuria,,,,,2867,578,0,200,0,0,0,0,0,0,0,0,0,0,0,0,0,,,,
317,Bangladesh,Chattogram,Cox's Bazar,Chakaria,Paschim Boro Vewla,1,Jannatul Mawa,,,Dorbesh Poshcim para,,,,,1836,468,0,58,0,0,0,0,0,0,0,0,0,0,0,0,0,,,,
318,Bangladesh,Chattogram,Cox's Bazar,Chakaria,Paschim Boro Vewla,2,Jannatul Mawa,,,Dorbeshkata Madyam  para,,,,,1536,332,0,0,0,0,0,0,0,0,0,0,0,0,0,0,0,,,,
319,Bangladesh,Chattogram,Cox's Bazar,Chakaria,Paschim Boro Vewla,3,Jannatul Mawa,,,Dorbeshkata Mosjid para,,,,,615,109,0,0,0,0,0,0,0,0,0,0,0,0,0,0,0,,,,
320,Bangladesh,Chattogram,Cox's Bazar,Chakaria,Paschim Boro Vewla,4,Jannatul Mawa,,,Dorbeshkata Dokhin para,,,,,1309,286,0,0,0,0,0,0,0,0,0,0,0,0,0,0,0,,,,
321,Bangladesh,Chattogram,Cox's Bazar,Chakaria,Paschim Boro Vewla,5,Jannatul Mawa,,,Dorbeshkata Purbo para,,,,,1492,295,0,0,0,0,0,0,0,0,0,0,0,0,0,0,0,,,,
322,Bangladesh,Chattogram,Cox's Bazar,Chakaria,Paschim Boro Vewla,6,Jannatul Mawa,,,Dorbeshkata Uttar para,,,,,1618,306,0,0,0,0,0,0,0,0,0,0,0,0,0,0,0,,,,
323,Bangladesh,Chattogram,Cox's Bazar,Chakaria,Paschim Boro Vewla,7,Jannatul Mawa,,,Ilishia  para,,,,,1387,307,0,0,0,0,0,0,0,0,0,0,0,0,0,0,0,,,,
324,Bangladesh,Chattogram,Cox's Bazar,Chakaria,Paschim Boro Vewla,8,Jannatul Mawa,,,Teksira para,,,,,1486,297,0,0,0,0,0,0,0,0,0,0,0,0,0,0,0,,,,
325,Bangladesh,Chattogram,Cox's Bazar,Chakaria,Paschim Boro Vewla,9,Jannatul Mawa,,,Chuapfari,,,,,1788,331,0,0,0,0,0,0,0,0,0,0,0,0,0,0,0,,,,
326,Bangladesh,Chattogram,Cox's Bazar,Chakaria,Puro bora vewla,1,Jasmin Aktar,,,Eidmoni,,,,,3128,639,0,0,0,0,0,0,0,0,0,0,0,0,0,0,0,,,,
327,Bangladesh,Chattogram,Cox's Bazar,Chakaria,Puro bora vewla,1,Jasmin Aktar,,,Hetalia para,,,,,2350,392,0,0,0,0,0,0,0,0,0,0,0,0,0,0,0,,,,
328,Bangladesh,Chattogram,Cox's Bazar,Chakaria,Puro bora vewla,2,Jasmin Aktar,,,Kaddachara,,,,,1128,194,0,0,0,0,0,0,0,0,0,0,0,0,0,0,0,,,,
329,Bangladesh,Chattogram,Cox's Bazar,Chakaria,Puro bora vewla,2,Jasmin Aktar,,,Poshcim Sikdar para,,,,,2981,617,0,213,0,0,0,0,0,0,0,0,0,0,0,0,0,,,,
330,Bangladesh,Chattogram,Cox's Bazar,Chakaria,Puro bora vewla,3,Jasmin Aktar,,,Sikdar para,,,,,1771,371,0,40,0,0,0,0,0,0,0,0,0,0,0,0,0,,,,
331,Bangladesh,Chattogram,Cox's Bazar,Chakaria,Puro bora vewla,3,Jasmin Aktar,,,Wallar baper para,,,,,3368,598,0,0,0,0,0,0,0,0,0,0,0,0,0,0,0,,,,
332,Bangladesh,Chattogram,Cox's Bazar,Chakaria,Puro bora vewla,4,Bulbul Jannata,,,Char para,,,,,4831,910,0,0,0,0,0,0,0,0,0,0,0,0,0,0,0,,,,
333,Bangladesh,Chattogram,Cox's Bazar,Chakaria,Puro bora vewla,5,Bulbul Jannata,,,Maij para,,,,,3967,742,0,210,0,0,0,0,0,0,0,0,0,0,0,0,0,,,,
334,Bangladesh,Chattogram,Cox's Bazar,Chakaria,Puro bora vewla,6,Bulbul Jannata,,,Anis para,,,,,2870,555,0,9,0,0,0,0,0,0,0,0,0,0,0,0,0,,,,
335,Bangladesh,Chattogram,Cox's Bazar,Chakaria,Puro bora vewla,7,Shihan moni,,,Mahapiar baper para,,,,,1638,339,0,0,0,0,0,0,0,0,0,0,0,0,0,0,0,,,,
336,Bangladesh,Chattogram,Cox's Bazar,Chakaria,Puro bora vewla,7,Shihan moni,,,Sekendar para,,,,,2511,498,0,196,0,0,0,0,0,0,0,0,0,0,0,0,0,,,,
337,Bangladesh,Chattogram,Cox's Bazar,Chakaria,Puro bora vewla,8,Shihan moni,,,Fazlur Rahman Sikdar para,,,,,1664,325,0,0,0,0,0,0,0,0,0,0,0,0,0,0,0,,,,
338,Bangladesh,Chattogram,Cox's Bazar,Chakaria,Puro bora vewla,8,Shihan moni,,,Shaheb Khan para,,,,,1900,378,0,0,0,0,0,0,0,0,0,0,0,0,0,0,0,,,,
339,Bangladesh,Chattogram,Cox's Bazar,Chakaria,Puro bora vewla,9,Shihan moni,,,Burir para,,,,,1737,378,0,97,0,0,0,0,0,0,0,0,0,0,0,0,0,,,,
340,Bangladesh,Chattogram,Cox's Bazar,Chakaria,Puro bora vewla,9,Shihan moni,,,Noya para,,,,,1335,279,0,100,0,0,0,0,0,0,0,0,0,0,0,0,0,,,,
341,Bangladesh,Chattogram,Cox's Bazar,Chakaria,Shaharbill,1,Fajlu Aktar,,,Shaharbill Purba Para,,,,,2744,629,0,60,0,0,0,0,0,0,0,0,0,0,0,0,0,,,,
342,Bangladesh,Chattogram,Cox's Bazar,Chakaria,Shaharbill,2,Fajlu Aktar,,,Bolyar para,,,,,1350,262,0,20,0,0,0,0,0,0,0,0,0,0,0,0,0,,,,
343,Bangladesh,Chattogram,Cox's Bazar,Chakaria,Shaharbill,2,Fajlu Aktar,,,Motoillya baper para,,,,,386,73,0,0,0,0,0,0,0,0,0,0,0,0,0,0,0,,,,
344,Bangladesh,Chattogram,Cox's Bazar,Chakaria,Shaharbill,2,Fajlu Aktar,,,Noya para,,,,,1640,306,0,0,0,0,0,0,0,0,0,0,0,0,0,0,0,,,,
345,Bangladesh,Chattogram,Cox's Bazar,Chakaria,Shaharbill,3,Fajlu Aktar,,,Dakkhin Noya para,,,,,3599,668,0,0,0,0,0,0,0,0,0,0,0,0,0,0,0,,,,
346,Bangladesh,Chattogram,Cox's Bazar,Chakaria,Shaharbill,4,Fajlu Aktar,,,Ali Boli para,,,,,1210,239,0,0,0,0,0,0,0,0,0,0,0,0,0,0,0,,,,
347,Bangladesh,Chattogram,Cox's Bazar,Chakaria,Shaharbill,4,Fajlu Aktar,,,Batakhali,,,,,1914,370,0,0,0,0,0,0,0,0,0,0,0,0,0,0,0,,,,
348,Bangladesh,Chattogram,Cox's Bazar,Chakaria,Shaharbill,5,Arju Ara Begum,,,Maijghona,,,,,2546,469,0,0,0,0,0,0,0,0,0,0,0,0,0,0,0,,,,
349,Bangladesh,Chattogram,Cox's Bazar,Chakaria,Shaharbill,6,Arju Ara Begum,,,Mijeghona,,,,,2359,426,0,0,0,0,0,0,0,0,0,0,0,0,0,0,0,,,,
350,Bangladesh,Chattogram,Cox's Bazar,Chakaria,Shaharbill,7,Arju Ara Begum,,,Rampur,,,,,3764,707,0,0,0,0,0,0,0,0,0,0,0,0,0,0,0,,,,
351,Bangladesh,Chattogram,Cox's Bazar,Chakaria,Shaharbill,8,Arju Ara Begum,,,Om Khali,,,,,3572,650,0,0,0,0,0,0,0,0,0,0,0,0,0,0,0,,,,
352,Bangladesh,Chattogram,Cox's Bazar,Chakaria,Shaharbill,9,Arju Ara Begum,,,Koralkhali,,,,,3292,645,0,0,0,0,0,0,0,0,0,0,0,0,0,0,0,,,,
353,Bangladesh,Chattogram,Cox's Bazar,Chakaria,Surajpur-Mankpur,1,Hure Jannata Ruzina,,,Habib member para,,,,,2016,404,0,178,0,0,0,0,0,0,0,0,0,0,0,0,0,,,,
354,Bangladesh,Chattogram,Cox's Bazar,Chakaria,Surajpur-Mankpur,1,Hure Jannata Ruzina,,,Nutun pahar,,,,,1392,258,0,160,0,0,0,0,0,0,0,0,0,0,0,0,0,,,,
355,Bangladesh,Chattogram,Cox's Bazar,Chakaria,Surajpur-Mankpur,2,Hure Jannata Ruzina,,,Jamidar para,,,,,1448,279,0,113,0,0,0,0,0,0,0,0,0,0,0,0,0,,,,
356,Bangladesh,Chattogram,Cox's Bazar,Chakaria,Surajpur-Mankpur,3,Takya Sultana,,,Kamal Member para,,,,,1381,276,0,137,0,0,0,0,0,0,0,0,0,0,0,0,0,,,,
357,Bangladesh,Chattogram,Cox's Bazar,Chakaria,Surajpur-Mankpur,4,Takya Sultana,,,Maddam manikpur,,,,,1497,319,0,115,0,0,0,0,0,0,0,0,0,0,0,0,0,,,,
358,Bangladesh,Chattogram,Cox's Bazar,Chakaria,Surajpur-Mankpur,5,Takya Sultana,,,Dokkhin Mankpur,,,,,1577,341,0,31,0,0,0,0,0,0,0,0,0,0,0,0,0,,,,
359,Bangladesh,Chattogram,Cox's Bazar,Chakaria,Surajpur-Mankpur,6,Nur Taj,,,Villager para,,,,,1606,321,0,706,0,0,0,0,0,0,0,0,0,0,0,0,0,,,,
360,Bangladesh,Chattogram,Cox's Bazar,Chakaria,Surajpur-Mankpur,7,Nur Taj,,,Loiamura,,,,,562,126,0,9,0,0,0,0,0,0,0,0,0,0,0,0,0,,,,
361,Bangladesh,Chattogram,Cox's Bazar,Chakaria,Surajpur-Mankpur,7,Nur Taj,,,Mogpararbil,,,,,1112,237,0,19,0,0,0,0,0,0,0,0,0,0,0,0,0,,,,
362,Bangladesh,Chattogram,Cox's Bazar,Chakaria,Surajpur-Mankpur,8,Bashu Rani,,,Chairman para,,,,,1503,280,0,114,0,0,0,0,0,0,0,0,0,0,0,0,0,,,,
363,Bangladesh,Chattogram,Cox's Bazar,Chakaria,Surajpur-Mankpur,8,Bashu Rani,,,Noya para,,,,,1596,308,0,42,0,0,0,0,0,0,0,0,0,0,0,0,0,,,,
364,Bangladesh,Chattogram,Cox's Bazar,Chakaria,Surajpur-Mankpur,9,Bashu Rani,,,Surajpur,,,,,2664,510,0,1365,0,0,0,0,0,0,0,0,0,0,0,0,0,,,,
365,Bangladesh,Chattogram,Cox's Bazar,Cox's Bazar Sadar,Bharuakhali,01,,,,Sabek Para,সাবেক পাড়া,BHR101,21.500816,92.031538,4500,0,0,0,0,0,0,0,0,0,0,0,0,0,0,0,0,,,,
366,Bangladesh,Chattogram,Cox's Bazar,Cox's Bazar Sadar,Bharuakhali,02,,,,Sawdagar Para,সওদাগর পাড়া,BHR201,21.501003,92.02463,5000,0,0,0,0,0,0,0,0,0,0,0,0,0,0,0,0,,,,
367,Bangladesh,Chattogram,Cox's Bazar,Cox's Bazar Sadar,Bharuakhali,02,,,,Dakkhin Para,দক্ষিণ পাড়া,BHR202,21.498151,92.027493,2000,0,0,0,0,0,0,0,0,0,0,0,0,0,0,0,0,,,,
368,Bangladesh,Chattogram,Cox's Bazar,Cox's Bazar Sadar,Bharuakhali,03,,,,Pashchim Para,পশ্চিম পাড়া,BHR301,21.501702,92.021454,4000,0,0,0,0,0,0,0,0,0,0,0,0,0,0,0,0,,,,
369,Bangladesh,Chattogram,Cox's Bazar,Cox's Bazar Sadar,Bharuakhali,04,,,,Masharaf Para,মশারফ পাড়া,BHR401,21.500666,92.039036,700,0,0,0,0,0,0,0,0,0,0,0,0,0,0,0,0,,,,
370,Bangladesh,Chattogram,Cox's Bazar,Cox's Bazar Sadar,Bharuakhali,04,,,,Chauchula Mura,চৌচূলা মুড়া,BHR402,21.503742,92.038376,4000,0,0,0,0,0,0,0,0,0,0,0,0,0,0,0,0,,,,
371,Bangladesh,Chattogram,Cox's Bazar,Cox's Bazar Sadar,Bharuakhali,04,,,,Bania Para,বানিয়া পাড়া,BHR403,21.497764,92.035151,5500,0,0,0,0,0,0,0,0,0,0,0,0,0,0,0,0,,,,
372,Bangladesh,Chattogram,Cox's Bazar,Cox's Bazar Sadar,Bharuakhali,05,,,,Chhandur Para,ছান্দূর পাড়া,BHR501,21.500477,92.042551,1500,0,0,0,0,0,0,0,0,0,0,0,0,0,0,0,0,,,,
373,Bangladesh,Chattogram,Cox's Bazar,Cox's Bazar Sadar,Bharuakhali,05,,,,Highschool Para,হাইস্কুল পাড়া,BHR502,21.499244,92.044795,150,0,0,0,0,0,0,0,0,0,0,0,0,0,0,0,0,,,,
374,Bangladesh,Chattogram,Cox's Bazar,Cox's Bazar Sadar,Bharuakhali,05,,,,Chaingha Mura,চাইংগা মূরা,BHR503,21.504321,92.047475,900,0,0,0,0,0,0,0,0,0,0,0,0,0,0,0,0,,,,
375,Bangladesh,Chattogram,Cox's Bazar,Cox's Bazar Sadar,Bharuakhali,05,,,,Mura Para,মুড়া পাড়া,BHR504,21.500404,92.048493,800,0,0,0,0,0,0,0,0,0,0,0,0,0,0,0,0,,,,
376,Bangladesh,Chattogram,Cox's Bazar,Cox's Bazar Sadar,Bharuakhali,05,,,,Natun Para,নতুন পাড়া,BHR505,21.502129,92.053677,1500,0,0,0,0,0,0,0,0,0,0,0,0,0,0,0,0,,,,
377,Bangladesh,Chattogram,Cox's Bazar,Cox's Bazar Sadar,Bharuakhali,06,,,,Hajir Para,হাজীর পাড়া,BHR601,21.49773,92.045598,1200,0,0,0,0,0,0,0,0,0,0,0,0,0,0,0,0,,,,
378,Bangladesh,Chattogram,Cox's Bazar,Cox's Bazar Sadar,Bharuakhali,06,,,,Karim Sikder Para,করিম সিকদার পাড়া,BHR602,21.495106,92.04495,3000,0,0,0,0,0,0,0,0,0,0,0,0,0,0,0,0,,,,
379,Bangladesh,Chattogram,Cox's Bazar,Cox's Bazar Sadar,Bharuakhali,06,,,,Purba Karim Sikder Para,পূর্ব করিম সিকদার পাড়া,BHR603,21.497558,92.049473,1500,0,0,0,0,0,0,0,0,0,0,0,0,0,0,0,0,,,,
380,Bangladesh,Chattogram,Cox's Bazar,Cox's Bazar Sadar,Bharuakhali,07,,,,Pashchim Ghonarpara,পশ্চিম ঘোনারপাড়া,BHR701,21.495141,92.050674,2000,0,0,0,0,0,0,0,0,0,0,0,0,0,0,0,0,,,,
381,Bangladesh,Chattogram,Cox's Bazar,Cox's Bazar Sadar,Bharuakhali,07,,,,Purba Ghonar Para,পূর্ব ঘোনার পাড়া,BHR702,21.49212,92.059896,3000,0,0,0,0,0,0,0,0,0,0,0,0,0,0,0,0,,,,
382,Bangladesh,Chattogram,Cox's Bazar,Cox's Bazar Sadar,Bharuakhali,07,,,,Ghonarpara Dakkhinangsha,ঘোনারপাড়া দক্ষিণাংশ,BHR703,21.495657,92.05492,1000,0,0,0,0,0,0,0,0,0,0,0,0,0,0,0,0,,,,
383,Bangladesh,Chattogram,Cox's Bazar,Cox's Bazar Sadar,Bharuakhali,08,,,,Nonamiya Para,ননামিয়া পাড়া,BHR801,21.487535,92.042429,2200,0,0,0,0,0,0,0,0,0,0,0,0,0,0,0,0,,,,
384,Bangladesh,Chattogram,Cox's Bazar,Cox's Bazar Sadar,Bharuakhali,08,,,,Chota Chowdhury Para,ছোট চৌধুরী পাড়া,BHR802,21.486646,92.050009,1200,0,0,0,0,0,0,0,0,0,0,0,0,0,0,0,0,,,,
385,Bangladesh,Chattogram,Cox's Bazar,Cox's Bazar Sadar,Bharuakhali,08,,,,Purba Napit Para,পূর্ব নাপিত পাড়া,BHR803,21.481025,92.046532,600,0,0,0,0,0,0,0,0,0,0,0,0,0,0,0,0,,,,
386,Bangladesh,Chattogram,Cox's Bazar,Cox's Bazar Sadar,Bharuakhali,09,,,,Bara Chowdhury Para,বড় চৌধুরী পাড়া,BHR901,21.481121,92.051741,2400,0,0,0,0,0,0,0,0,0,0,0,0,0,0,0,0,,,,
387,Bangladesh,Chattogram,Cox's Bazar,Cox's Bazar Sadar,Bharuakhali,09,,,,Ultakhali,উল্টাখালি,BHR902,21.48613,92.063103,2200,0,0,0,0,0,0,0,0,0,0,0,0,0,0,0,0,,,,
388,Bangladesh,Chattogram,Cox's Bazar,Cox's Bazar Sadar,Bharuakhali,09,,,,Guchha Gram,গুচ্ছ গ্রাম,BHR903,21.485402,92.072913,500,0,0,0,0,0,0,0,0,0,0,0,0,0,0,0,0,,,,
389,Bangladesh,Chattogram,Cox's Bazar,Cox's Bazar Sadar,Bharuakhali,09,,,,Asrayan Prakalpa,আশ্রয়ণ প্রকল্প,BHR904,21.48592,92.076776,700,0,0,0,0,0,0,0,0,0,0,0,0,0,0,0,0,,,,
390,Bangladesh,Chattogram,Cox's Bazar,Cox's Bazar Sadar,Bharuakhali,09,,,,Poultry Farm,পোল্ট্রি ফার্ম,BHR905,21.489486,92.070301,50,0,0,0,0,0,0,0,0,0,0,0,0,0,0,0,0,,,,
391,Bangladesh,Chattogram,Cox's Bazar,Cox's Bazar Sadar,Chowfaldandi,01,,,,Dakkhin Rakhain Para,দক্ষিণ রাখাইন পাড়া,CHO101,21.513759,92.010114,2800,0,0,0,0,0,0,0,0,0,0,0,0,0,0,0,0,,,,
392,Bangladesh,Chattogram,Cox's Bazar,Cox's Bazar Sadar,Chowfaldandi,01,,,,Madhyam Rakhain Para,মধ্যম রাখাইন পাড়া,CHO102,21.519397,92.008082,2400,0,0,0,0,0,0,0,0,0,0,0,0,0,0,0,0,,,,
393,Bangladesh,Chattogram,Cox's Bazar,Cox's Bazar Sadar,Chowfaldandi,01,,,,Uttar Rakhain Para,উত্তর রাখাইন পাড়া,CHO103,21.525451,92.00794,1600,0,0,0,0,0,0,0,0,0,0,0,0,0,0,0,0,,,,
394,Bangladesh,Chattogram,Cox's Bazar,Cox's Bazar Sadar,Chowfaldandi,02,,,,Chowfaldandi Bazar Para,চৌফলদন্ডী বাজার পাড়া,CHO201,21.515348,92.015312,1000,0,0,0,0,0,0,0,0,0,0,0,0,0,0,0,0,,,,
395,Bangladesh,Chattogram,Cox's Bazar,Cox's Bazar Sadar,Chowfaldandi,02,,,,Dakkhin Para (Dhakkhinangsha),দক্ষিণ পাড়া (দক্ষিণাংশ),CHO202,21.515641,92.012261,4500,0,0,0,0,0,0,0,0,0,0,0,0,0,0,0,0,,,,
396,Bangladesh,Chattogram,Cox's Bazar,Cox's Bazar Sadar,Chowfaldandi,03,,,,Dakkhin Para (Uttar),দক্ষিণ পাড়া (উত্তর),CHO301,21.517992,92.01146,5000,0,0,0,0,0,0,0,0,0,0,0,0,0,0,0,0,,,,
397,Bangladesh,Chattogram,Cox's Bazar,Cox's Bazar Sadar,Chowfaldandi,03,,,,Sagor Para,সাগর পাড়া,CHO302,21.517084,92.008112,1200,0,0,0,0,0,0,0,0,0,0,0,0,0,0,0,0,,,,
398,Bangladesh,Chattogram,Cox's Bazar,Cox's Bazar Sadar,Chowfaldandi,03,,,,Pashchim Hindu Para,পশ্চিম হিন্দু পাড়া,CHO303,21.520374,92.009197,600,0,0,0,0,0,0,0,0,0,0,0,0,0,0,0,0,,,,
399,Bangladesh,Chattogram,Cox's Bazar,Cox's Bazar Sadar,Chowfaldandi,03,,,,Banik Para,বণিক পাড়া,CHO304,21.520556,92.010297,500,0,0,0,0,0,0,0,0,0,0,0,0,0,0,0,0,,,,
400,Bangladesh,Chattogram,Cox's Bazar,Cox's Bazar Sadar,Chowfaldandi,03,,,,Purba Hindu Para,পূর্ব হিন্দু পাড়া,CHO305,21.521294,92.012441,1000,0,0,0,0,0,0,0,0,0,0,0,0,0,0,0,0,,,,
401,Bangladesh,Chattogram,Cox's Bazar,Cox's Bazar Sadar,Chowfaldandi,03,,,,Dail Para,ডেইল পাড়া,CHO306,21.519077,92.01354,400,0,0,0,0,0,0,0,0,0,0,0,0,0,0,0,0,,,,
402,Bangladesh,Chattogram,Cox's Bazar,Cox's Bazar Sadar,Chowfaldandi,03,,,,Napit Para,নাপিত পাড়া,CHO307,21.522961,92.011472,400,0,0,0,0,0,0,0,0,0,0,0,0,0,0,0,0,,,,
403,Bangladesh,Chattogram,Cox's Bazar,Cox's Bazar Sadar,Chowfaldandi,04,,,,Chowfaldandi Pashchim Para,চৌফলদন্ডী পশ্চিম পাড়া,CHO401,21.523394,92.009349,7000,0,0,0,0,0,0,0,0,0,0,0,0,0,0,0,0,,,,
404,Bangladesh,Chattogram,Cox's Bazar,Cox's Bazar Sadar,Chowfaldandi,04,,,,Konar Para,কোনার পাড়া,CHO402,21.526018,92.011843,2000,0,0,0,0,0,0,0,0,0,0,0,0,0,0,0,0,,,,
405,Bangladesh,Chattogram,Cox's Bazar,Cox's Bazar Sadar,Chowfaldandi,04,,,,Pashchim Wafda Para,পশ্চিম ওয়াফদা পাড়া,CHO403,21.532516,92.00717,500,0,0,0,0,0,0,0,0,0,0,0,0,0,0,0,0,,,,
406,Bangladesh,Chattogram,Cox's Bazar,Cox's Bazar Sadar,Chowfaldandi,05,,,,Dakkhin Maiz Para,দক্ষিণ মাইজ পাড়া,CHO501,21.519375,92.015638,700,0,0,0,0,0,0,0,0,0,0,0,0,0,0,0,0,,,,
407,Bangladesh,Chattogram,Cox's Bazar,Cox's Bazar Sadar,Chowfaldandi,05,,,,Madhyam Maiz Para,মধ্যম মাইজ পাড়া,CHO502,21.522194,92.014438,2000,0,0,0,0,0,0,0,0,0,0,0,0,0,0,0,0,,,,
408,Bangladesh,Chattogram,Cox's Bazar,Cox's Bazar Sadar,Chowfaldandi,05,,,,Uttar Maiz Para,উত্তর মাইজ পাড়া,CHO503,21.524942,92.013777,1000,0,0,0,0,0,0,0,0,0,0,0,0,0,0,0,0,,,,
409,Bangladesh,Chattogram,Cox's Bazar,Cox's Bazar Sadar,Chowfaldandi,05,,,,Chowfaldandi Ghona Para,চৌফলদন্ডী ঘোনা পাড়া,CHO504,21.519396,92.018293,800,0,0,0,0,0,0,0,0,0,0,0,0,0,0,0,0,,,,
410,Bangladesh,Chattogram,Cox's Bazar,Cox's Bazar Sadar,Chowfaldandi,05,,,,Haidar Para,হায়দার পাড়া,CHO505,21.522626,92.019648,1000,0,0,0,0,0,0,0,0,0,0,0,0,0,0,0,0,,,,
411,Bangladesh,Chattogram,Cox's Bazar,Cox's Bazar Sadar,Chowfaldandi,05,,,,Matabbar Para,মাতব্বর পাড়া,CHO506,21.522493,92.021585,600,0,0,0,0,0,0,0,0,0,0,0,0,0,0,0,0,,,,
412,Bangladesh,Chattogram,Cox's Bazar,Cox's Bazar Sadar,Chowfaldandi,06,,,,Khamar Para,খামার পাড়া,CHO601,21.518878,92.029041,4000,0,0,0,0,0,0,0,0,0,0,0,0,0,0,0,0,,,,
413,Bangladesh,Chattogram,Cox's Bazar,Cox's Bazar Sadar,Chowfaldandi,06,,,,Chowfaldandi Sikder Para,চৌফলদন্ডী সিকদার পাড়া,CHO602,21.525497,92.022836,2000,0,0,0,0,0,0,0,0,0,0,0,0,0,0,0,0,,,,
414,Bangladesh,Chattogram,Cox's Bazar,Cox's Bazar Sadar,Chowfaldandi,07,,,,Kalu Fakir Para,কালু ফকির পাড়া,CHO701,21.529582,92.035821,3000,0,0,0,0,0,0,0,0,0,0,0,0,0,0,0,0,,,,
415,Bangladesh,Chattogram,Cox's Bazar,Cox's Bazar Sadar,Chowfaldandi,07,,,,Chowfaldandi Uttar Para,চৌফলদন্ডী উত্তর পাড়া,CHO702,21.523372,92.030937,3000,0,0,0,0,0,0,0,0,0,0,0,0,0,0,0,0,,,,
416,Bangladesh,Chattogram,Cox's Bazar,Cox's Bazar Sadar,Chowfaldandi,07,,,,Dail Para,ডেইল পাড়া,CHO703,21.525802,92.035491,400,0,0,0,0,0,0,0,0,0,0,0,0,0,0,0,0,,,,
417,Bangladesh,Chattogram,Cox's Bazar,Cox's Bazar Sadar,Chowfaldandi,08,,,,Natun Mahal Ghona Para,নতুন মহাল ঘোনা পাড়া,CHO801,21.530247,92.039164,1000,0,0,0,0,0,0,0,0,0,0,0,0,0,0,0,0,,,,
418,Bangladesh,Chattogram,Cox's Bazar,Cox's Bazar Sadar,Chowfaldandi,08,,,,Natun Mahal Para,নতুন মহাল পাড়া,CHO802,21.530756,92.040827,1700,0,0,0,0,0,0,0,0,0,0,0,0,0,0,0,0,,,,
419,Bangladesh,Chattogram,Cox's Bazar,Cox's Bazar Sadar,Chowfaldandi,08,,,,Natun Mahal Adarsha Para,নতুন মহাল আদর্শ পাড়া,CHO803,21.531521,92.043434,1000,0,0,0,0,0,0,0,0,0,0,0,0,0,0,0,0,,,,
420,Bangladesh,Chattogram,Cox's Bazar,Cox's Bazar Sadar,Chowfaldandi,08,,,,Natun Mahal Purba Para,নতুন মহাল পূর্ব পাড়া,CHO804,21.532372,92.046076,1300,0,0,0,0,0,0,0,0,0,0,0,0,0,0,0,0,,,,
421,Bangladesh,Chattogram,Cox's Bazar,Cox's Bazar Sadar,Chowfaldandi,08,,,,Natun Mahal Voalia Para,নতুন মহাল ভোয়ালিয়া পাড়া,CHO805,21.534994,92.039668,550,0,0,0,0,0,0,0,0,0,0,0,0,0,0,0,0,,,,
422,Bangladesh,Chattogram,Cox's Bazar,Cox's Bazar Sadar,Chowfaldandi,09,,,,Bepari Para,ব্যাপারী পাড়া,CHO901,21.537591,92.043153,800,0,0,0,0,0,0,0,0,0,0,0,0,0,0,0,0,,,,
423,Bangladesh,Chattogram,Cox's Bazar,Cox's Bazar Sadar,Chowfaldandi,09,,,,Khonkarkhill Para,খোনকারখিল পাড়া,CHO902,21.535393,92.048345,2400,0,0,0,0,0,0,0,0,0,0,0,0,0,0,0,0,,,,
424,Bangladesh,Chattogram,Cox's Bazar,Cox's Bazar Sadar,Chowfaldandi,09,,,,Pukuria Ghona Para,পুকুরিয়া ঘোনা পাড়া,CHO903,21.529264,92.050136,1600,0,0,0,0,0,0,0,0,0,0,0,0,0,0,0,0,,,,
425,Bangladesh,Chattogram,Cox's Bazar,Cox's Bazar Sadar,Chowfaldandi,09,,,,Purba Ghona Para,পূর্ব ঘোনা পাড়া,CHO904,21.533117,92.05244,2000,0,0,0,0,0,0,0,0,0,0,0,0,0,0,0,0,,,,
426,Bangladesh,Chattogram,Cox's Bazar,Cox's Bazar Sadar,Cox's Bazar Pourashava,01,,,,Uttar Kutubdia Para (Veron Para),উওর কুতুবদিয়া পাড়া (ভেরন পাড়া),COX101,21.463697,91.958844,3000,0,0,0,0,0,0,0,0,0,0,0,0,0,0,0,0,,,,
427,Bangladesh,Chattogram,Cox's Bazar,Cox's Bazar Sadar,Cox's Bazar Pourashava,01,,,,Uttar Kutubdia Para (Khaler Dakkhin),উত্তর কুতুবদিয়া পাড়া (খালের দক্ষিণ),COX102,21.458972,91.956812,4000,0,0,0,0,0,0,0,0,0,0,0,0,0,0,0,0,,,,
428,Bangladesh,Chattogram,Cox's Bazar,Cox's Bazar Sadar,Cox's Bazar Pourashava,01,,,,Madhyam Kutubdia Para (Bara Masjid Elaka),মধ্যম কুতুবদিয়া পাড়া (বড় মসজিদ এলাকা),COX103,21.45423,91.958055,3500,0,0,0,0,0,0,0,0,0,0,0,0,0,0,0,0,,,,
429,Bangladesh,Chattogram,Cox's Bazar,Cox's Bazar Sadar,Cox's Bazar Pourashava,01,,,,Madhyamkutubdia Para (Baytush Sharaf Mosjid Elaka),মধ্যম কুতুবদিয়া পাড়া (বায়তুশ শরফ মসজিদ এলাকা),COX104,21.450912,91.96009,3500,0,0,0,0,0,0,0,0,0,0,0,0,0,0,0,0,,,,
430,Bangladesh,Chattogram,Cox's Bazar,Cox's Bazar Sadar,Cox's Bazar Pourashava,01,,,,Farm Elaka,ফার্ম এলাকা,COX105,21.449469,91.962544,1000,0,0,0,0,0,0,0,0,0,0,0,0,0,0,0,0,,,,
431,Bangladesh,Chattogram,Cox's Bazar,Cox's Bazar Sadar,Cox's Bazar Pourashava,01,,,,Purba Kutubdia Natun Para,পূর্ব কুতুবদিয়া নতুন পাড়া,COX106,21.45134,91.961797,2000,0,0,0,0,0,0,0,0,0,0,0,0,0,0,0,0,,,,
432,Bangladesh,Chattogram,Cox's Bazar,Cox's Bazar Sadar,Cox's Bazar Pourashava,01,,,,Dakkhin Kutubdia Para (Fadnar Dail),দক্ষিণ কুতুবদিয়া পাড়া (ফদনার ডেইল),COX107,21.453129,91.961047,2000,0,0,0,0,0,0,0,0,0,0,0,0,0,0,0,0,,,,
433,Bangladesh,Chattogram,Cox's Bazar,Cox's Bazar Sadar,Cox's Bazar Pourashava,01,,,,Bandar Para,বন্দর পাড়া,COX108,21.455503,91.960954,2000,0,0,0,0,0,0,0,0,0,0,0,0,0,0,0,0,,,,
434,Bangladesh,Chattogram,Cox's Bazar,Cox's Bazar Sadar,Cox's Bazar Pourashava,01,,,,Dakkhin Samiti Para,দক্ষিণ সমিতি পাড়া,COX109,21.448471,91.956436,2500,0,0,0,0,0,0,0,0,0,0,0,0,0,0,0,0,,,,
435,Bangladesh,Chattogram,Cox's Bazar,Cox's Bazar Sadar,Cox's Bazar Pourashava,01,,,,Uttar Samiti Para (Bajar Elaka),উত্তর সমিতি পাড়া (বাজার এলাকা),COX110,21.451571,91.955438,4000,0,0,0,0,0,0,0,0,0,0,0,0,0,0,0,0,,,,
436,Bangladesh,Chattogram,Cox's Bazar,Cox's Bazar Sadar,Cox's Bazar Pourashava,01,,,,Purba Samiti Para (Masjid Gate),পূর্ব সমিতি পাড়া (মসজিদ গেইট),COX111,21.449394,91.95823,2000,0,0,0,0,0,0,0,0,0,0,0,0,0,0,0,0,,,,
437,Bangladesh,Chattogram,Cox's Bazar,Cox's Bazar Sadar,Cox's Bazar Pourashava,01,,,,Pashchim Kutubdia Para (Baitur Ridwan),পশ্চিম কুতুবদিয়া পাড়া (বায়তুর রিদওয়ান),COX112,21.454414,91.954231,3000,0,0,0,0,0,0,0,0,0,0,0,0,0,0,0,0,,,,
438,Bangladesh,Chattogram,Cox's Bazar,Cox's Bazar Sadar,Cox's Bazar Pourashava,01,,,,Pashchim Kutubdia Para (Baytush Sharaf Kutub Bazar),পশ্চিম কুতুবদিয়া পাড়া (বায়তুশ শরফ কুতুব বাজার),COX113,21.457631,91.953553,3000,0,0,0,0,0,0,0,0,0,0,0,0,0,0,0,0,,,,
439,Bangladesh,Chattogram,Cox's Bazar,Cox's Bazar Sadar,Cox's Bazar Pourashava,01,,,,Basinna Para,বাসিন্না পাড়া,COX114,21.46101,91.951696,1500,0,0,0,0,0,0,0,0,0,0,0,0,0,0,0,0,,,,
440,Bangladesh,Chattogram,Cox's Bazar,Cox's Bazar Sadar,Cox's Bazar Pourashava,01,,,,Dakkhin Mostak Para,দক্ষিণ মোস্তাক পাড়া,COX115,21.461741,91.948339,1500,0,0,0,0,0,0,0,0,0,0,0,0,0,0,0,0,,,,
441,Bangladesh,Chattogram,Cox's Bazar,Cox's Bazar Sadar,Cox's Bazar Pourashava,01,,,,Uttar Mostak Para,উত্তর মোস্তাক পাড়া,COX116,21.463934,91.948175,2000,0,0,0,0,0,0,0,0,0,0,0,0,0,0,0,0,,,,
442,Bangladesh,Chattogram,Cox's Bazar,Cox's Bazar Sadar,Cox's Bazar Pourashava,01,,,,Nazirar Tek (Shutki Mahal),নাজিরার টেক (শুটকি মহল),COX117,21.462124,91.952713,2500,0,0,0,0,0,0,0,0,0,0,0,0,0,0,0,0,,,,
443,Bangladesh,Chattogram,Cox's Bazar,Cox's Bazar Sadar,Cox's Bazar Pourashava,01,,,,Bangladesh Air Force (BAF) Base Area,বাংলাদেশ বিমান বাহিনী ঘাঁটি এলাকা,COX118,21.444636,91.961643,600,0,0,0,0,0,0,0,0,0,0,0,0,0,0,0,0,,,,
444,Bangladesh,Chattogram,Cox's Bazar,Cox's Bazar Sadar,Cox's Bazar Pourashava,02,,,,Pashchim Natun Baharchhara (Garir Math),পশ্চিম নতুন বাহারছড়া (গাড়ির মাঠ),COX201,21.445709,91.968358,3000,0,0,0,0,0,0,0,0,0,0,0,0,0,0,0,0,,,,
445,Bangladesh,Chattogram,Cox's Bazar,Cox's Bazar Sadar,Cox's Bazar Pourashava,02,,,,Purba Natun Baharchhara,পূর্ব নতুন বাহারছড়া,COX202,21.448198,91.969728,2000,0,0,0,0,0,0,0,0,0,0,0,0,0,0,0,0,,,,
446,Bangladesh,Chattogram,Cox's Bazar,Cox's Bazar Sadar,Cox's Bazar Pourashava,02,,,,Pashchim Natun Baharchhara Airport Area,পশ্চিম নতুন বাহারছড়া বিমানবন্দর এলাকা,COX203,21.44761,91.968023,1500,0,0,0,0,0,0,0,0,0,0,0,0,0,0,0,0,,,,
447,Bangladesh,Chattogram,Cox's Bazar,Cox's Bazar Sadar,Cox's Bazar Pourashava,02,,,,Natun Fishari Para,নতুন ফিশারী পাড়া,COX204,21.450322,91.968738,1500,0,0,0,0,0,0,0,0,0,0,0,0,0,0,0,0,,,,
448,Bangladesh,Chattogram,Cox's Bazar,Cox's Bazar Sadar,Cox's Bazar Pourashava,02,,,,Madhyam Nuniyachhara,মধ্যম নুনিয়াছড়া,COX205,21.453232,91.967319,5000,0,0,0,0,0,0,0,0,0,0,0,0,0,0,0,0,,,,
449,Bangladesh,Chattogram,Cox's Bazar,Cox's Bazar Sadar,Cox's Bazar Pourashava,02,,,,Dakkhin Nuniyachhara,দক্ষিণ নুনিয়াছড়া,COX206,21.456014,91.967103,2000,0,0,0,0,0,0,0,0,0,0,0,0,0,0,0,0,,,,
450,Bangladesh,Chattogram,Cox's Bazar,Cox's Bazar Sadar,Cox's Bazar Pourashava,02,,,,Uttar Nuniyachhara,উত্তর নুনিয়াছড়া,COX207,21.459614,91.967053,4000,0,0,0,0,0,0,0,0,0,0,0,0,0,0,0,0,,,,
451,Bangladesh,Chattogram,Cox's Bazar,Cox's Bazar Sadar,Cox's Bazar Pourashava,02,,,,Panir Kua Para,পানির কুয়া পাড়া,COX208,21.46201,91.967089,2500,0,0,0,0,0,0,0,0,0,0,0,0,0,0,0,0,,,,
452,Bangladesh,Chattogram,Cox's Bazar,Cox's Bazar Sadar,Cox's Bazar Pourashava,02,,,,Uttar Nuniyachhara Shilpa Elaka,উত্তর নুনিয়াছড়া শিল্প এলাকা,COX209,21.465783,91.967037,3000,0,0,0,0,0,0,0,0,0,0,0,0,0,0,0,0,,,,
453,Bangladesh,Chattogram,Cox's Bazar,Cox's Bazar Sadar,Cox's Bazar Pourashava,02,,,,Tuitta Para,টুইট্টা পাড়া,COX210,21.466628,91.964231,9000,0,0,0,0,0,0,0,0,0,0,0,0,0,0,0,0,,,,
454,Bangladesh,Chattogram,Cox's Bazar,Cox's Bazar Sadar,Cox's Bazar Pourashava,02,,,,Ansar Camp 1,আনসার ক্যাম্প ১,COX211,21.446516,91.968735,100,0,0,0,0,0,0,0,0,0,0,0,0,0,0,0,0,,,,
455,Bangladesh,Chattogram,Cox's Bazar,Cox's Bazar Sadar,Cox's Bazar Pourashava,02,,,,Army Camp,আর্মি ক্যাম্প,COX212,21.454838,91.965737,70,0,0,0,0,0,0,0,0,0,0,0,0,0,0,0,0,,,,
456,Bangladesh,Chattogram,Cox's Bazar,Cox's Bazar Sadar,Cox's Bazar Pourashava,02,,,,Coast Guard Camp,কোস্ট গার্ড ক্যাম্প,COX213,21.458317,91.967522,50,0,0,0,0,0,0,0,0,0,0,0,0,0,0,0,0,,,,
457,Bangladesh,Chattogram,Cox's Bazar,Cox's Bazar Sadar,Cox's Bazar Pourashava,02,,,,Ansar Camp 2,আনসার ক্যাম্প ২,COX214,21.464674,91.963938,150,0,0,0,0,0,0,0,0,0,0,0,0,0,0,0,0,,,,
458,Bangladesh,Chattogram,Cox's Bazar,Cox's Bazar Sadar,Cox's Bazar Pourashava,03,,,,Chaul Bazar Elaka,চাউল বাজার এলাকা,COX301,21.44303,91.981557,7000,0,0,0,0,0,0,0,0,0,0,0,0,0,0,0,0,,,,
459,Bangladesh,Chattogram,Cox's Bazar,Cox's Bazar Sadar,Cox's Bazar Pourashava,03,,,,Barabazar Elaka,বড়বাজার এলাকা,COX302,21.443702,91.979876,8500,0,0,0,0,0,0,0,0,0,0,0,0,0,0,0,0,,,,
460,Bangladesh,Chattogram,Cox's Bazar,Cox's Bazar Sadar,Cox's Bazar Pourashava,03,,,,Puratan Pan Bazar Elaka,পুরাতন পান বাজার এলাকা,COX303,21.443652,91.977601,5000,0,0,0,0,0,0,0,0,0,0,0,0,0,0,0,0,,,,
461,Bangladesh,Chattogram,Cox's Bazar,Cox's Bazar Sadar,Cox's Bazar Pourashava,03,,,,Barabazar Rakhain Para,বড়বাজার রাখাইন পাড়া,COX304,21.444546,91.978961,500,0,0,0,0,0,0,0,0,0,0,0,0,0,0,0,0,,,,
462,Bangladesh,Chattogram,Cox's Bazar,Cox's Bazar Sadar,Cox's Bazar Pourashava,03,,,,Nur Para,নূর পাড়া,COX305,21.445061,91.977966,1200,0,0,0,0,0,0,0,0,0,0,0,0,0,0,0,0,,,,
463,Bangladesh,Chattogram,Cox's Bazar,Cox's Bazar Sadar,Cox's Bazar Pourashava,03,,,,Anderson Road Elaka,এন্ডারসন রোড এলাকা,COX306,21.445125,91.975931,4500,0,0,0,0,0,0,0,0,0,0,0,0,0,0,0,0,,,,
464,Bangladesh,Chattogram,Cox's Bazar,Cox's Bazar Sadar,Cox's Bazar Pourashava,03,,,,Badar Mokam Elaka,বদর মোকাম এলাকা,COX307,21.445183,91.972922,1500,0,0,0,0,0,0,0,0,0,0,0,0,0,0,0,0,,,,
465,Bangladesh,Chattogram,Cox's Bazar,Cox's Bazar Sadar,Cox's Bazar Pourashava,03,,,,Lal Dighir Par Elaka,লাল দিঘীর পাড় এলাকা,COX308,21.444264,91.974849,800,0,0,0,0,0,0,0,0,0,0,0,0,0,0,0,0,,,,
466,Bangladesh,Chattogram,Cox's Bazar,Cox's Bazar Sadar,Cox's Bazar Pourashava,03,,,,Purba Natun Baharchhara Elaka,পূর্ব নতুন বাহারছড়া এলাকা,COX309,21.445716,91.971034,3000,0,0,0,0,0,0,0,0,0,0,0,0,0,0,0,0,,,,
467,Bangladesh,Chattogram,Cox's Bazar,Cox's Bazar Sadar,Cox's Bazar Pourashava,04,,,,Madhyam Tek Para,মধ্যম টেক পাড়া,COX401,21.44372,91.986617,1355,0,0,0,0,0,0,0,0,0,0,0,0,0,0,0,0,,,,
468,Bangladesh,Chattogram,Cox's Bazar,Cox's Bazar Sadar,Cox's Bazar Pourashava,04,,,,Purba Tek Para,পূর্ব টেক পাড়া,COX402,21.443101,91.98538,584,0,0,0,0,0,0,0,0,0,0,0,0,0,0,0,0,,,,
469,Bangladesh,Chattogram,Cox's Bazar,Cox's Bazar Sadar,Cox's Bazar Pourashava,04,,,,Pashchim Tek Para,পশ্চিম টেক পাড়া,COX403,21.442808,91.983618,897,0,0,0,0,0,0,0,0,0,0,0,0,0,0,0,0,,,,
470,Bangladesh,Chattogram,Cox's Bazar,Cox's Bazar Sadar,Cox's Bazar Pourashava,04,,,,Hangar Para,হাঙ্গর পাড়া,COX404,21.445569,91.985733,1076,0,0,0,0,0,0,0,0,0,0,0,0,0,0,0,0,,,,
471,Bangladesh,Chattogram,Cox's Bazar,Cox's Bazar Sadar,Cox's Bazar Pourashava,04,,,,Uttar Tek Para,উত্তর টেক পাড়া,COX405,21.446626,91.984635,0,0,0,0,0,0,0,0,0,0,0,0,0,0,0,0,0,,,,
472,Bangladesh,Chattogram,Cox's Bazar,Cox's Bazar Sadar,Cox's Bazar Pourashava,04,,,,Achhimang Peshkar Para,আছিমং পেশকার পাড়া,COX406,21.444787,91.984037,425,0,0,0,0,0,0,0,0,0,0,0,0,0,0,0,0,,,,
473,Bangladesh,Chattogram,Cox's Bazar,Cox's Bazar Sadar,Cox's Bazar Pourashava,04,,,,Sujaw Sawdagor Para,সূজাউ সওদাগর পাড়া,COX407,21.443744,91.982915,348,0,0,0,0,0,0,0,0,0,0,0,0,0,0,0,0,,,,
474,Bangladesh,Chattogram,Cox's Bazar,Cox's Bazar Sadar,Cox's Bazar Pourashava,04,,,,Fulbag Ealaka,ফুলবাগ এলাকা,COX408,21.444153,91.981999,0,0,0,0,0,0,0,0,0,0,0,0,0,0,0,0,0,,,,
475,Bangladesh,Chattogram,Cox's Bazar,Cox's Bazar Sadar,Cox's Bazar Pourashava,04,,,,Purba Peshkar Para,পূর্ব পেশকার পাড়া,COX409,21.445907,91.981546,838,0,0,0,0,0,0,0,0,0,0,0,0,0,0,0,0,,,,
476,Bangladesh,Chattogram,Cox's Bazar,Cox's Bazar Sadar,Cox's Bazar Pourashava,04,,,,Pashchim Peshkar Para,পশ্চিম পেশকারপাড়া,COX410,21.446037,91.979249,0,0,0,0,0,0,0,0,0,0,0,0,0,0,0,0,0,,,,
477,Bangladesh,Chattogram,Cox's Bazar,Cox's Bazar Sadar,Cox's Bazar Pourashava,04,,,,Kumilla Para,কুমিল্লা পাড়া,COX411,21.447792,91.981219,0,0,0,0,0,0,0,0,0,0,0,0,0,0,0,0,0,,,,
478,Bangladesh,Chattogram,Cox's Bazar,Cox's Bazar Sadar,Cox's Bazar Pourashava,04,,,,Uttar Peshkar Para,উত্তর পেশকার পাড়া,COX412,21.447829,91.978892,0,0,0,0,0,0,0,0,0,0,0,0,0,0,0,0,0,,,,
479,Bangladesh,Chattogram,Cox's Bazar,Cox's Bazar Sadar,Cox's Bazar Pourashava,05,,,,Gudar Para,গুদার পাড়া,COX501,21.442413,91.993751,4500,0,0,0,0,0,0,0,0,0,0,0,0,0,0,0,0,,,,
480,Bangladesh,Chattogram,Cox's Bazar,Cox's Bazar Sadar,Cox's Bazar Pourashava,05,,,,Brihattar SM Para,বৃহত্তর এসএম পাড়া,COX502,21.44296,92.002373,8000,0,0,0,0,0,0,0,0,0,0,0,0,0,0,0,0,,,,
481,Bangladesh,Chattogram,Cox's Bazar,Cox's Bazar Sadar,Cox's Bazar Pourashava,05,,,,Uttar Rumaliar Chhara Purbangsha,উত্তর রুমালিয়ার ছড়া পূর্বাংশ,COX503,21.439668,91.995587,7000,0,0,0,0,0,0,0,0,0,0,0,0,0,0,0,0,,,,
482,Bangladesh,Chattogram,Cox's Bazar,Cox's Bazar Sadar,Cox's Bazar Pourashava,05,,,,Chowdhury Para,চৌধুরী পাড়া,COX504,21.435204,92.000956,5000,0,0,0,0,0,0,0,0,0,0,0,0,0,0,0,0,,,,
483,Bangladesh,Chattogram,Cox's Bazar,Cox's Bazar Sadar,Cox's Bazar Pourashava,05,,,,Banorupa Para,বনরূপা পাড়া,COX505,21.428585,92.00074,2000,0,0,0,0,0,0,0,0,0,0,0,0,0,0,0,0,,,,
484,Bangladesh,Chattogram,Cox's Bazar,Cox's Bazar Sadar,Cox's Bazar Pourashava,05,,,,Uttar Rumaliar Chhara Brickfield Para,উত্তর রুমালিয়ার ছড়া ব্রিকফিল্ড পাড়া,COX506,21.442202,91.990668,6500,0,0,0,0,0,0,0,0,0,0,0,0,0,0,0,0,,,,
485,Bangladesh,Chattogram,Cox's Bazar,Cox's Bazar Sadar,Cox's Bazar Pourashava,05,,,,Uttar Tarabaniar Chhara,উত্তর তারাবনিয়ার ছড়া,COX507,21.442779,91.987945,8000,0,0,0,0,0,0,0,0,0,0,0,0,0,0,0,0,,,,
486,Bangladesh,Chattogram,Cox's Bazar,Cox's Bazar Sadar,Cox's Bazar Pourashava,06,,,,Haji Para (Part),হাজী পাড়া (আংশিক),COX601,21.427152,92.009448,500,0,0,0,0,0,0,0,0,0,0,0,0,0,0,0,0,,,,
487,Bangladesh,Chattogram,Cox's Bazar,Cox's Bazar Sadar,Cox's Bazar Pourashava,06,,,,Uttar Dikkul,উত্তর ডিককুল,COX602,21.431681,92.009375,8000,0,0,0,0,0,0,0,0,0,0,0,0,0,0,0,0,,,,
488,Bangladesh,Chattogram,Cox's Bazar,Cox's Bazar Sadar,Cox's Bazar Pourashava,06,,,,Purba Barua Para,পূর্ব বড়ুয়া পাড়া,COX603,21.435488,92.010553,1000,0,0,0,0,0,0,0,0,0,0,0,0,0,0,0,0,,,,
489,Bangladesh,Chattogram,Cox's Bazar,Cox's Bazar Sadar,Cox's Bazar Pourashava,06,,,,Sardar Para,সর্দার পাড়া,COX604,21.436135,92.010511,600,0,0,0,0,0,0,0,0,0,0,0,0,0,0,0,0,,,,
490,Bangladesh,Chattogram,Cox's Bazar,Cox's Bazar Sadar,Cox's Bazar Pourashava,06,,,,Dhupi Para,ধুপি পাড়া,COX605,21.436334,92.009185,700,0,0,0,0,0,0,0,0,0,0,0,0,0,0,0,0,,,,
491,Bangladesh,Chattogram,Cox's Bazar,Cox's Bazar Sadar,Cox's Bazar Pourashava,06,,,,Peta Sawdagor Para,পেতা সওদাগর পাড়া,COX606,21.43766,92.009842,3000,0,0,0,0,0,0,0,0,0,0,0,0,0,0,0,0,,,,
492,Bangladesh,Chattogram,Cox's Bazar,Cox's Bazar Sadar,Cox's Bazar Pourashava,06,,,,Uttar Peta Sawdagor Para,উত্তর পেতা সওদাগর পাড়া,COX607,21.44007,92.00763,800,0,0,0,0,0,0,0,0,0,0,0,0,0,0,0,0,,,,
493,Bangladesh,Chattogram,Cox's Bazar,Cox's Bazar Sadar,Cox's Bazar Pourashava,06,,,,Pashchim Barua Para,পশ্চিম বড়ুয়া পাড়া,COX608,21.439314,92.00457,1500,0,0,0,0,0,0,0,0,0,0,0,0,0,0,0,0,,,,
494,Bangladesh,Chattogram,Cox's Bazar,Cox's Bazar Sadar,Cox's Bazar Pourashava,06,,,,Sikder Para,সিকদার পাড়া,COX609,21.437015,92.004116,3000,0,0,0,0,0,0,0,0,0,0,0,0,0,0,0,0,,,,
495,Bangladesh,Chattogram,Cox's Bazar,Cox's Bazar Sadar,Cox's Bazar Pourashava,06,,,,Mallik Para,মল্লিক পাড়া,COX610,21.433979,92.003289,1500,0,0,0,0,0,0,0,0,0,0,0,0,0,0,0,0,,,,
496,Bangladesh,Chattogram,Cox's Bazar,Cox's Bazar Sadar,Cox's Bazar Pourashava,06,,,,Dakkhin Shahittika Palli,দক্ষিণ সাহিত্যিকা পল্লী,COX611,21.433436,91.996324,4000,0,0,0,0,0,0,0,0,0,0,0,0,0,0,0,0,,,,
497,Bangladesh,Chattogram,Cox's Bazar,Cox's Bazar Sadar,Cox's Bazar Pourashava,06,,,,Shahittika Palli,সাহিত্যিকা পল্লী,COX612,21.436756,91.99431,6000,0,0,0,0,0,0,0,0,0,0,0,0,0,0,0,0,,,,
498,Bangladesh,Chattogram,Cox's Bazar,Cox's Bazar Sadar,Cox's Bazar Pourashava,06,,,,Pallaniya Kata,পল্লানিয়া কাটা,COX613,21.432668,91.993749,2000,0,0,0,0,0,0,0,0,0,0,0,0,0,0,0,0,,,,
499,Bangladesh,Chattogram,Cox's Bazar,Cox's Bazar Sadar,Cox's Bazar Pourashava,06,,,,Dakkhin Pallaniya Kata,দক্ষিণ পল্লানিয়া কাটা,COX614,21.429331,91.993273,1000,0,0,0,0,0,0,0,0,0,0,0,0,0,0,0,0,,,,
500,Bangladesh,Chattogram,Cox's Bazar,Cox's Bazar Sadar,Cox's Bazar Pourashava,06,,,,Matiyatali,মাটিয়াতলী,COX615,21.425837,91.991545,1000,0,0,0,0,0,0,0,0,0,0,0,0,0,0,0,0,,,,
501,Bangladesh,Chattogram,Cox's Bazar,Cox's Bazar Sadar,Cox's Bazar Pourashava,06,,,,Dakkhin Rumaliar Chhara Purbangsha,দক্ষিণ রুমালিয়া়র ছড়া পূর্বাংশ,COX616,21.436672,91.991569,3000,0,0,0,0,0,0,0,0,0,0,0,0,0,0,0,0,,,,
502,Bangladesh,Chattogram,Cox's Bazar,Cox's Bazar Sadar,Cox's Bazar Pourashava,06,,,,Dakkhin Rumaliar Chhara/ Gorur Halda,দক্ষিণ রুমালিয়ার ছড়া/ গরুর হালদা,COX617,21.43605,91.993025,2000,0,0,0,0,0,0,0,0,0,0,0,0,0,0,0,0,,,,
503,Bangladesh,Chattogram,Cox's Bazar,Cox's Bazar Sadar,Cox's Bazar Pourashava,06,,,,Nappanja Para,নাপ্পাঞ্জা পাড়া,COX618,21.428704,92.006163,1000,0,0,0,0,0,0,0,0,0,0,0,0,0,0,0,0,,,,
504,Bangladesh,Chattogram,Cox's Bazar,Cox's Bazar Sadar,Cox's Bazar Pourashava,06,,,,Army Camp,আর্মি ক্যাম্প,COX619,21.436561,91.996576,200,0,0,0,0,0,0,0,0,0,0,0,0,0,0,0,0,,,,
505,Bangladesh,Chattogram,Cox's Bazar,Cox's Bazar Sadar,Cox's Bazar Pourashava,06,,,,BGB Camp,বিজিবি ক্যাম্প,COX620,21.431328,91.998853,500,0,0,0,0,0,0,0,0,0,0,0,0,0,0,0,0,,,,
506,Bangladesh,Chattogram,Cox's Bazar,Cox's Bazar Sadar,Cox's Bazar Pourashava,06,,,,Police Camp,পুলিশ ফাঁড়ি,COX621,21.437039,91.990694,20,0,0,0,0,0,0,0,0,0,0,0,0,0,0,0,0,,,,
507,Bangladesh,Chattogram,Cox's Bazar,Cox's Bazar Sadar,Cox's Bazar Pourashava,07,,,,Pallabi Lane Elaka,পল্লবী লেইন এলাকা,COX701,21.441078,91.983851,800,0,0,0,0,0,0,0,0,0,0,0,0,0,0,0,0,,,,
508,Bangladesh,Chattogram,Cox's Bazar,Cox's Bazar Sadar,Cox's Bazar Pourashava,07,,,,Dakkhin Tek Para,দক্ষিণ টেক পাড়া,COX702,21.440784,91.985397,3500,0,0,0,0,0,0,0,0,0,0,0,0,0,0,0,0,,,,
509,Bangladesh,Chattogram,Cox's Bazar,Cox's Bazar Sadar,Cox's Bazar Pourashava,07,,,,Bailla Para,বইল্ল্যা পাড়া,COX703,21.439687,91.984568,1500,0,0,0,0,0,0,0,0,0,0,0,0,0,0,0,0,,,,
510,Bangladesh,Chattogram,Cox's Bazar,Cox's Bazar Sadar,Cox's Bazar Pourashava,07,,,,Pashchim Pahartali,পশ্চিম পাহাড়তলী,COX704,21.438328,91.985197,1000,0,0,0,0,0,0,0,0,0,0,0,0,0,0,0,0,,,,
511,Bangladesh,Chattogram,Cox's Bazar,Cox's Bazar Sadar,Cox's Bazar Pourashava,07,,,,Purba Pahartali,পূর্ব পাহাড়তলী,COX705,21.437882,91.987684,1000,0,0,0,0,0,0,0,0,0,0,0,0,0,0,0,0,,,,
512,Bangladesh,Chattogram,Cox's Bazar,Cox's Bazar Sadar,Cox's Bazar Pourashava,07,,,,Dakkhin Tarabaniar Chhara,দক্ষিণ তারাবনিয়ার ছড়া,COX706,21.440129,91.987417,3500,0,0,0,0,0,0,0,0,0,0,0,0,0,0,0,0,,,,
513,Bangladesh,Chattogram,Cox's Bazar,Cox's Bazar Sadar,Cox's Bazar Pourashava,07,,,,Dakkhin Rumaliar Chhara,দক্ষিণ রুমালিয়ার ছড়া,COX707,21.437439,91.989408,3500,0,0,0,0,0,0,0,0,0,0,0,0,0,0,0,0,,,,
514,Bangladesh,Chattogram,Cox's Bazar,Cox's Bazar Sadar,Cox's Bazar Pourashava,07,,,,Dakkhin Pahartali,দক্ষিণ পাহাড়তলী,COX708,21.4352,91.985283,7000,0,0,0,0,0,0,0,0,0,0,0,0,0,0,0,0,,,,
515,Bangladesh,Chattogram,Cox's Bazar,Cox's Bazar Sadar,Cox's Bazar Pourashava,07,,,,Halima Para,হালিমা পাড়া,COX709,21.430476,91.985747,4000,0,0,0,0,0,0,0,0,0,0,0,0,0,0,0,0,,,,
516,Bangladesh,Chattogram,Cox's Bazar,Cox's Bazar Sadar,Cox's Bazar Pourashava,07,,,,Abc Ghona,এবিসি ঘোনা,COX710,21.432199,91.99129,3000,0,0,0,0,0,0,0,0,0,0,0,0,0,0,0,0,,,,
517,Bangladesh,Chattogram,Cox's Bazar,Cox's Bazar Sadar,Cox's Bazar Pourashava,07,,,,Banchamiyar Ghona,বাঁচামিয়ার ঘোনা,COX711,21.432643,91.989175,2000,0,0,0,0,0,0,0,0,0,0,0,0,0,0,0,0,,,,
518,Bangladesh,Chattogram,Cox's Bazar,Cox's Bazar Sadar,Cox's Bazar Pourashava,07,,,,Islampur,ইসলামপুর,COX712,21.429273,91.987652,10000,0,0,0,0,0,0,0,0,0,0,0,0,0,0,0,0,,,,
519,Bangladesh,Chattogram,Cox's Bazar,Cox's Bazar Sadar,Cox's Bazar Pourashava,07,,,,Sattarghona,সাত্তারঘোনা,COX713,21.426221,91.985794,3000,0,0,0,0,0,0,0,0,0,0,0,0,0,0,0,0,,,,
520,Bangladesh,Chattogram,Cox's Bazar,Cox's Bazar Sadar,Cox's Bazar Pourashava,08,,,,Purba Bajar Ghata,পূর্ব বাজার ঘাটা,COX801,21.442214,91.980952,400,0,0,0,0,0,0,0,0,0,0,0,0,0,0,0,0,,,,
521,Bangladesh,Chattogram,Cox's Bazar,Cox's Bazar Sadar,Cox's Bazar Pourashava,08,,,,Gol Dighir Uttar Par Jadiram Para,গোল দিঘীর উত্তর পাড় জাদিরাম পাড়া,COX802,21.441432,91.980442,3033,0,0,0,0,0,0,0,0,0,0,0,0,0,0,0,0,,,,
522,Bangladesh,Chattogram,Cox's Bazar,Cox's Bazar Sadar,Cox's Bazar Pourashava,08,,,,Bailla Para Baytush Sharaf Elaka,বইল্ল্যাপাড়া বায়তুশ শরফ এলাকা,COX803,21.441326,91.98282,2799,0,0,0,0,0,0,0,0,0,0,0,0,0,0,0,0,,,,
523,Bangladesh,Chattogram,Cox's Bazar,Cox's Bazar Sadar,Cox's Bazar Pourashava,08,,,,Gol Dighir Purbapar,গোল দিঘীর পূর্বপাড়,COX804,21.440006,91.980699,1426,0,0,0,0,0,0,0,0,0,0,0,0,0,0,0,0,,,,
524,Bangladesh,Chattogram,Cox's Bazar,Cox's Bazar Sadar,Cox's Bazar Pourashava,08,,,,Gol Dighir Purbapar Rakhain Para,গোল দিঘীর পূর্বপাড় রাখাইন পাড়া,COX805,21.440565,91.981371,713,0,0,0,0,0,0,0,0,0,0,0,0,0,0,0,0,,,,
525,Bangladesh,Chattogram,Cox's Bazar,Cox's Bazar Sadar,Cox's Bazar Pourashava,08,,,,S.A Kiyanng Rakhain Para,এস.এ ক্যাং রাখাইন পাড়া,COX806,21.438992,91.980876,585,0,0,0,0,0,0,0,0,0,0,0,0,0,0,0,0,,,,
526,Bangladesh,Chattogram,Cox's Bazar,Cox's Bazar Sadar,Cox's Bazar Pourashava,08,,,,S.A Kiyang Baiddaghona,এস.এ ক্যাং বৈদ্যঘোনা,COX807,21.438132,91.982173,1173,0,0,0,0,0,0,0,0,0,0,0,0,0,0,0,0,,,,
527,Bangladesh,Chattogram,Cox's Bazar,Cox's Bazar Sadar,Cox's Bazar Pourashava,08,,,,S.A Kiyang Ghonar Para,এস. এ ক্যাং ঘোনার পাড়া,COX808,21.43804,91.980683,1158,0,0,0,0,0,0,0,0,0,0,0,0,0,0,0,0,,,,
528,Bangladesh,Chattogram,Cox's Bazar,Cox's Bazar Sadar,Cox's Bazar Pourashava,08,,,,S.A Kiyang Shankar Moth Elaka,এস.এ ক্যাং শংকর মঠ এলাকা,COX809,21.437083,91.982156,1173,0,0,0,0,0,0,0,0,0,0,0,0,0,0,0,0,,,,
529,Bangladesh,Chattogram,Cox's Bazar,Cox's Bazar Sadar,Cox's Bazar Pourashava,08,,,,Ghonar Para (Part),ঘোনার পাড়া (আংশিক),COX810,21.437352,91.980139,1589,0,0,0,0,0,0,0,0,0,0,0,0,0,0,0,0,,,,
530,Bangladesh,Chattogram,Cox's Bazar,Cox's Bazar Sadar,Cox's Bazar Pourashava,08,,,,Baiddaghona,বৈদ্যঘোনা,COX811,21.438733,91.983493,5061,0,0,0,0,0,0,0,0,0,0,0,0,0,0,0,0,,,,
531,Bangladesh,Chattogram,Cox's Bazar,Cox's Bazar Sadar,Cox's Bazar Pourashava,09,,,,IBP Math Elaka,আইবিপি মাঠ এলাকা,COX901,21.442595,91.979209,300,0,0,0,0,0,0,0,0,0,0,0,0,0,0,0,0,,,,
532,Bangladesh,Chattogram,Cox's Bazar,Cox's Bazar Sadar,Cox's Bazar Pourashava,09,,,,Harijon Para,হরিজন পাড়া,COX902,21.441486,91.97844,400,0,0,0,0,0,0,0,0,0,0,0,0,0,0,0,0,,,,
533,Bangladesh,Chattogram,Cox's Bazar,Cox's Bazar Sadar,Cox's Bazar Pourashava,09,,,,Jalodashpara,জলদাসপাড়া,COX903,21.441305,91.978083,1000,0,0,0,0,0,0,0,0,0,0,0,0,0,0,0,0,,,,
534,Bangladesh,Chattogram,Cox's Bazar,Cox's Bazar Sadar,Cox's Bazar Pourashava,09,,,,Loknath Palli,লোকনাথ পল্লী,COX904,21.441254,91.979242,500,0,0,0,0,0,0,0,0,0,0,0,0,0,0,0,0,,,,
535,Bangladesh,Chattogram,Cox's Bazar,Cox's Bazar Sadar,Cox's Bazar Pourashava,09,,,,Pashchim Goldighir Par Amin Miya Lane Elaka,পশ্চিম গোলদিঘীর পাড় আমিন মিয়া লেইন এলাকা,COX905,21.439942,91.978535,1200,0,0,0,0,0,0,0,0,0,0,0,0,0,0,0,0,,,,
536,Bangladesh,Chattogram,Cox's Bazar,Cox's Bazar Sadar,Cox's Bazar Pourashava,09,,,,Mahajer Para,মহাজের পাড়া,COX906,21.438552,91.977183,1500,0,0,0,0,0,0,0,0,0,0,0,0,0,0,0,0,,,,
537,Bangladesh,Chattogram,Cox's Bazar,Cox's Bazar Sadar,Cox's Bazar Pourashava,09,,,,Tanki Pahar,টাংকি পাহাড়,COX907,21.437367,91.97842,200,0,0,0,0,0,0,0,0,0,0,0,0,0,0,0,0,,,,
538,Bangladesh,Chattogram,Cox's Bazar,Cox's Bazar Sadar,Cox's Bazar Pourashava,09,,,,Dakkhin Ghonarpara,দক্ষিণ ঘোনারপাড়া,COX908,21.434672,91.979135,3000,0,0,0,0,0,0,0,0,0,0,0,0,0,0,0,0,,,,
539,Bangladesh,Chattogram,Cox's Bazar,Cox's Bazar Sadar,Cox's Bazar Pourashava,09,,,,Madhyam Ghonar Para (Gol Dighir Dakkhin Par),মধ্যম ঘোনার পাড়া (গোল দিঘীর দক্ষিণ পাড়),COX909,21.438057,91.97965,5000,0,0,0,0,0,0,0,0,0,0,0,0,0,0,0,0,,,,
540,Bangladesh,Chattogram,Cox's Bazar,Cox's Bazar Sadar,Cox's Bazar Pourashava,09,,,,Purba Ghonar Para,পূর্ব ঘোনার পাড়া,COX910,21.435083,91.980849,3000,0,0,0,0,0,0,0,0,0,0,0,0,0,0,0,0,,,,
541,Bangladesh,Chattogram,Cox's Bazar,Cox's Bazar Sadar,Cox's Bazar Pourashava,09,,,,Khaja Manjil,খাজা মঞ্জিল,COX911,21.436489,91.983383,2000,0,0,0,0,0,0,0,0,0,0,0,0,0,0,0,0,,,,
542,Bangladesh,Chattogram,Cox's Bazar,Cox's Bazar Sadar,Cox's Bazar Pourashava,09,,,,Badhsha Ghona,বাদশা ঘোনা,COX912,21.4339,91.981795,2000,0,0,0,0,0,0,0,0,0,0,0,0,0,0,0,0,,,,
543,Bangladesh,Chattogram,Cox's Bazar,Cox's Bazar Sadar,Cox's Bazar Pourashava,09,,,,Shankar Moth Elaka (Part),শংকর মঠ এলাকা (আংশিক),COX913,21.436705,91.980939,500,0,0,0,0,0,0,0,0,0,0,0,0,0,0,0,0,,,,
544,Bangladesh,Chattogram,Cox's Bazar,Cox's Bazar Sadar,Cox's Bazar Pourashava,09,,,,Maulavi Para,মৌলভী পাড়া,COX914,21.432267,91.982179,200,0,0,0,0,0,0,0,0,0,0,0,0,0,0,0,0,,,,
545,Bangladesh,Chattogram,Cox's Bazar,Cox's Bazar Sadar,Cox's Bazar Pourashava,10,,,,Mohajer Para,মোহাজের পাড়া,COX1001,21.435549,91.977205,4000,0,0,0,0,0,0,0,0,0,0,0,0,0,0,0,0,,,,
546,Bangladesh,Chattogram,Cox's Bazar,Cox's Bazar Sadar,Cox's Bazar Pourashava,10,,,,Staduim Para,স্টেডিয়াম পাড়া,COX1002,21.43885,91.976166,400,0,0,0,0,0,0,0,0,0,0,0,0,0,0,0,0,,,,
547,Bangladesh,Chattogram,Cox's Bazar,Cox's Bazar Sadar,Cox's Bazar Pourashava,10,,,,Hospital Sarak Elaka IBP Math,হাসপাতাল সড়ক এলাকা আইবিপি মাঠ,COX1003,21.442013,91.976571,600,0,0,0,0,0,0,0,0,0,0,0,0,0,0,0,0,,,,
548,Bangladesh,Chattogram,Cox's Bazar,Cox's Bazar Sadar,Cox's Bazar Pourashava,10,,,,Hasan Colony Haspatal Sarak,হাসান কলোনী হাসপাতাল সড়ক,COX1004,21.442505,91.977715,300,0,0,0,0,0,0,0,0,0,0,0,0,0,0,0,0,,,,
549,Bangladesh,Chattogram,Cox's Bazar,Cox's Bazar Sadar,Cox's Bazar Pourashava,10,,,,Kachari Pahar Elaka,কাচারী পাহাড় এলাকা,COX1005,21.442845,91.974822,500,0,0,0,0,0,0,0,0,0,0,0,0,0,0,0,0,,,,
550,Bangladesh,Chattogram,Cox's Bazar,Cox's Bazar Sadar,Cox's Bazar Pourashava,10,,,,Uttar Baharchhara (Part),উত্তর বাহারছড়া (আংশিক),COX1006,21.442026,91.972153,2000,0,0,0,0,0,0,0,0,0,0,0,0,0,0,0,0,,,,
551,Bangladesh,Chattogram,Cox's Bazar,Cox's Bazar Sadar,Cox's Bazar Pourashava,10,,,,Madhyam Baharchhara,মধ্যম বাহারছড়া,COX1007,21.439116,91.973058,3000,0,0,0,0,0,0,0,0,0,0,0,0,0,0,0,0,,,,
552,Bangladesh,Chattogram,Cox's Bazar,Cox's Bazar Sadar,Cox's Bazar Pourashava,10,,,,Officer's Colony,অফিসার্স কলোনী,COX1008,21.43991,91.974779,200,0,0,0,0,0,0,0,0,0,0,0,0,0,0,0,0,,,,
553,Bangladesh,Chattogram,Cox's Bazar,Cox's Bazar Sadar,Cox's Bazar Pourashava,11,,,,Haji Siddiqia Road Garir Math Elaka,হাজী সিদ্দিকিয়া রোড গাড়ির মাঠ এলাকা,COX1101,21.444735,91.968845,4000,0,0,0,0,0,0,0,0,0,0,0,0,0,0,0,0,,,,
554,Bangladesh,Chattogram,Cox's Bazar,Cox's Bazar Sadar,Cox's Bazar Pourashava,11,,,,Uttar Baharchhara Elaka (Part),উত্তর বাহারছড়া এলাকা (আংশিক),COX1102,21.440733,91.970159,1000,0,0,0,0,0,0,0,0,0,0,0,0,0,0,0,0,,,,
555,Bangladesh,Chattogram,Cox's Bazar,Cox's Bazar Sadar,Cox's Bazar Pourashava,11,,,,Dakkhin Baharchhara Elaka (Part),দক্ষিণ বাহারছড়া এলাকা(আংশিক),COX1103,21.43673,91.973551,2500,0,0,0,0,0,0,0,0,0,0,0,0,0,0,0,0,,,,
556,Bangladesh,Chattogram,Cox's Bazar,Cox's Bazar Sadar,Cox's Bazar Pourashava,11,,,,Pashchim Baharchhara,পশ্চিম বাহারছড়া,COX1104,21.436998,91.971674,7000,0,0,0,0,0,0,0,0,0,0,0,0,0,0,0,0,,,,
557,Bangladesh,Chattogram,Cox's Bazar,Cox's Bazar Sadar,Cox's Bazar Pourashava,11,,,,Dakkhin Baharchhara Koborshtan Elaka,দক্ষিণ বাহারছড়া কবরস্থান এলাকা,COX1105,21.433296,91.975612,1000,0,0,0,0,0,0,0,0,0,0,0,0,0,0,0,0,,,,
558,Bangladesh,Chattogram,Cox's Bazar,Cox's Bazar Sadar,Cox's Bazar Pourashava,11,,,,Jhawtola Elaka,ঝাউতলা এলাকা,COX1106,21.443584,91.969977,2000,0,0,0,0,0,0,0,0,0,0,0,0,0,0,0,0,,,,
559,Bangladesh,Chattogram,Cox's Bazar,Cox's Bazar Sadar,Cox's Bazar Pourashava,12,,,,Hachari Zone Elaka,হ্যাচারী জোন এলাকা,COX1201,21.400474,91.994367,500,0,0,0,0,0,0,0,0,0,0,0,0,0,0,0,0,,,,
560,Bangladesh,Chattogram,Cox's Bazar,Cox's Bazar Sadar,Cox's Bazar Pourashava,12,,,,Gayamtoli,গৈয়মতলী,COX1202,21.404999,91.992471,400,0,0,0,0,0,0,0,0,0,0,0,0,0,0,0,0,,,,
561,Bangladesh,Chattogram,Cox's Bazar,Cox's Bazar Sadar,Cox's Bazar Pourashava,12,,,,Dakkhin Kalatali,দক্ষিণ কলাতলী,COX1203,21.410515,91.98816,5000,0,0,0,0,0,0,0,0,0,0,0,0,0,0,0,0,,,,
562,Bangladesh,Chattogram,Cox's Bazar,Cox's Bazar Sadar,Cox's Bazar Pourashava,12,,,,Uttar Adarshagram,উত্তর আদর্শগ্রাম,COX1204,21.419524,91.9877,500,0,0,0,0,0,0,0,0,0,0,0,0,0,0,0,0,,,,
563,Bangladesh,Chattogram,Cox's Bazar,Cox's Bazar Sadar,Cox's Bazar Pourashava,12,,,,Adarsha Para,আদর্শ পাড়া,COX1205,21.417664,91.985683,200,0,0,0,0,0,0,0,0,0,0,0,0,0,0,0,0,,,,
564,Bangladesh,Chattogram,Cox's Bazar,Cox's Bazar Sadar,Cox's Bazar Pourashava,12,,,,Saikat Para,সৈকত পাড়া,COX1206,21.422464,91.982594,2500,0,0,0,0,0,0,0,0,0,0,0,0,0,0,0,0,,,,
565,Bangladesh,Chattogram,Cox's Bazar,Cox's Bazar Sadar,Cox's Bazar Pourashava,12,,,,Light House Para,লাইট হাউস পাড়া,COX1207,21.427474,91.982579,7000,0,0,0,0,0,0,0,0,0,0,0,0,0,0,0,0,,,,
566,Bangladesh,Chattogram,Cox's Bazar,Cox's Bazar Sadar,Cox's Bazar Pourashava,12,,,,Baghghona Para,বাঘঘোনা পাড়া,COX1208,21.425409,91.98371,400,0,0,0,0,0,0,0,0,0,0,0,0,0,0,0,0,,,,
567,Bangladesh,Chattogram,Cox's Bazar,Cox's Bazar Sadar,Cox's Bazar Pourashava,12,,,,Faterghona,ফাতেরঘোনা,COX1209,21.430513,91.982448,1000,0,0,0,0,0,0,0,0,0,0,0,0,0,0,0,0,,,,
568,Bangladesh,Chattogram,Cox's Bazar,Cox's Bazar Sadar,Cox's Bazar Pourashava,12,,,,Hotel Motel Zone,হোটেল মোটেল জোন,COX1210,21.422741,91.979224,20000,0,0,0,0,0,0,0,0,0,0,0,0,0,0,0,0,,,,
569,Bangladesh,Chattogram,Cox's Bazar,Cox's Bazar Sadar,Cox's Bazar Pourashava,12,,,,Government Abasan Prakalpa,সরকারী আবাসন প্রকল্প,COX1211,21.422077,91.985454,200,0,0,0,0,0,0,0,0,0,0,0,0,0,0,0,0,,,,
570,Bangladesh,Chattogram,Cox's Bazar,Cox's Bazar Sadar,Jhilwanja,01,,,,Purba Lar Para,পূর্ব লার পাড়া,JHI101,21.424845,92.005064,2000,0,0,0,0,0,0,0,0,0,0,0,0,0,0,0,0,,,,
571,Bangladesh,Chattogram,Cox's Bazar,Cox's Bazar Sadar,Jhilwanja,01,,,,Pashchim Lar Para,পশ্চিম লার পাড়া,JHI102,21.424228,92.002257,4500,0,0,0,0,0,0,0,0,0,0,0,0,0,0,0,0,,,,
572,Bangladesh,Chattogram,Cox's Bazar,Cox's Bazar Sadar,Jhilwanja,01,,,,Uttaran Elaka,উত্তরণ এলাকা,JHI103,21.421284,91.999405,300,0,0,0,0,0,0,0,0,0,0,0,0,0,0,0,0,,,,
573,Bangladesh,Chattogram,Cox's Bazar,Cox's Bazar Sadar,Jhilwanja,01,,,,Islamabad Para,ইসলামাবাদ পাড়া,JHI104,21.426909,91.997489,1000,0,0,0,0,0,0,0,0,0,0,0,0,0,0,0,0,,,,
574,Bangladesh,Chattogram,Cox's Bazar,Cox's Bazar Sadar,Jhilwanja,01,,,,Ghritopalli Para,ঘৃতপল্লী পাড়া,JHI105,21.426633,92.000665,1500,0,0,0,0,0,0,0,0,0,0,0,0,0,0,0,0,,,,
575,Bangladesh,Chattogram,Cox's Bazar,Cox's Bazar Sadar,Jhilwanja,01,,,,Jail Gate Para,জেল গেইট পাড়া,JHI106,21.421374,91.99461,1500,0,0,0,0,0,0,0,0,0,0,0,0,0,0,0,0,,,,
576,Bangladesh,Chattogram,Cox's Bazar,Cox's Bazar Sadar,Jhilwanja,01,,,,Badshah Ghona Para,বাদশা ঘোনা পাড়া,JHI107,21.415884,91.99533,800,0,0,0,0,0,0,0,0,0,0,0,0,0,0,0,0,,,,
577,Bangladesh,Chattogram,Cox's Bazar,Cox's Bazar Sadar,Jhilwanja,01,,,,Dakkhin Adarsha Gram,দক্ষিণ আদর্শ গ্রাম,JHI108,21.416991,91.990874,1500,0,0,0,0,0,0,0,0,0,0,0,0,0,0,0,0,,,,
578,Bangladesh,Chattogram,Cox's Bazar,Cox's Bazar Sadar,Jhilwanja,01,,,,Purba Kolatali Jhirjhiri Para,পূর্ব কলাতলী ঝিরঝিরি পাড়া,JHI109,21.413182,91.991031,4500,0,0,0,0,0,0,0,0,0,0,0,0,0,0,0,0,,,,
579,Bangladesh,Chattogram,Cox's Bazar,Cox's Bazar Sadar,Jhilwanja,01,,,,Shuknachhari Para,শুকনাছড়ি পাড়া,JHI110,21.40069,91.997386,800,0,0,0,0,0,0,0,0,0,0,0,0,0,0,0,0,,,,
580,Bangladesh,Chattogram,Cox's Bazar,Cox's Bazar Sadar,Jhilwanja,01,,,,Barachhara Para,বড়ছড়া পাড়া,JHI111,21.396751,92.001892,2000,0,0,0,0,0,0,0,0,0,0,0,0,0,0,0,0,,,,
581,Bangladesh,Chattogram,Cox's Bazar,Cox's Bazar Sadar,Jhilwanja,01,,,,Cox'S Bazar District Central Jail,কক্সবাজার জেলা কেন্দ্রীয় কারাগার,JHI112,21.424185,91.993165,2800,0,0,0,0,0,0,0,0,0,0,0,0,0,0,0,0,,,,
582,Bangladesh,Chattogram,Cox's Bazar,Cox's Bazar Sadar,Jhilwanja,01,,,,Cox'S Bazar District Police Line,কক্সবাজার জেলা পুলিশ লাইন,JHI113,21.420298,91.992432,1000,0,0,0,0,0,0,0,0,0,0,0,0,0,0,0,0,,,,
583,Bangladesh,Chattogram,Cox's Bazar,Cox's Bazar Sadar,Jhilwanja,01,,,,Shuknachhari Chapara,শুকনাছড়ি চরপাড়া,JHI114,21.397157,91.996854,600,0,0,0,0,0,0,0,0,0,0,0,0,0,0,0,0,,,,
584,Bangladesh,Chattogram,Cox's Bazar,Cox's Bazar Sadar,Jhilwanja,02,,,,Dakkhin Dikkul,দক্ষিণ ডিককুল,JHI201,21.421187,92.005924,4500,0,0,0,0,0,0,0,0,0,0,0,0,0,0,0,0,,,,
585,Bangladesh,Chattogram,Cox's Bazar,Cox's Bazar Sadar,Jhilwanja,02,,,,Upazila Para,উপজেলা পাড়া,JHI202,21.425232,92.007774,700,0,0,0,0,0,0,0,0,0,0,0,0,0,0,0,0,,,,
586,Bangladesh,Chattogram,Cox's Bazar,Cox's Bazar Sadar,Jhilwanja,02,,,,Dakkhin Hajipara,দক্ষিণ হাজীপাড়া,JHI203,21.422299,92.009105,6000,0,0,0,0,0,0,0,0,0,0,0,0,0,0,0,0,,,,
587,Bangladesh,Chattogram,Cox's Bazar,Cox's Bazar Sadar,Jhilwanja,02,,,,Uttar Hajipara,উত্তর হাজীপাড়া,JHI204,21.42718,92.011698,4500,0,0,0,0,0,0,0,0,0,0,0,0,0,0,0,0,,,,
588,Bangladesh,Chattogram,Cox's Bazar,Cox's Bazar Sadar,Jhilwanja,03,,,,Uttar Janar Ghona,উত্তর জানার ঘোনা,JHI301,21.426089,92.016074,3500,0,0,0,0,0,0,0,0,0,0,0,0,0,0,0,0,,,,
589,Bangladesh,Chattogram,Cox's Bazar,Cox's Bazar Sadar,Jhilwanja,03,,,,Dakkhin Janar Ghona,দক্ষিণ জানার ঘোনা,JHI302,21.423448,92.016387,4500,0,0,0,0,0,0,0,0,0,0,0,0,0,0,0,0,,,,
590,Bangladesh,Chattogram,Cox's Bazar,Cox's Bazar Sadar,Jhilwanja,03,,,,Fut Khali,পুট খালী,JHI303,21.416567,92.015263,2000,0,0,0,0,0,0,0,0,0,0,0,0,0,0,0,0,,,,
591,Bangladesh,Chattogram,Cox's Bazar,Cox's Bazar Sadar,Jhilwanja,04,,,,Uttar Muhuripara,উত্তর মুহুরীপাড়া,JHI401,21.427728,92.026912,4000,0,0,0,0,0,0,0,0,0,0,0,0,0,0,0,0,,,,
592,Bangladesh,Chattogram,Cox's Bazar,Cox's Bazar Sadar,Jhilwanja,04,,,,Linkroad Konarpara,লিংকরোড কোনারপাড়া,JHI402,21.422415,92.030094,1500,0,0,0,0,0,0,0,0,0,0,0,0,0,0,0,0,,,,
593,Bangladesh,Chattogram,Cox's Bazar,Cox's Bazar Sadar,Jhilwanja,04,,,,Dakkhin Muhuripara,দক্ষিণ মুহুরীপাড়া,JHI403,21.418217,92.021007,10000,0,0,0,0,0,0,0,0,0,0,0,0,0,0,0,0,,,,
594,Bangladesh,Chattogram,Cox's Bazar,Cox's Bazar Sadar,Jhilwanja,04,,,,BISIC Shilpanagari Area,বিসিক শিল্পনগরী এলাকা,JHI404,21.418292,92.02847,3000,0,0,0,0,0,0,0,0,0,0,0,0,0,0,0,0,,,,
595,Bangladesh,Chattogram,Cox's Bazar,Cox's Bazar Sadar,Jhilwanja,04,,,,Khasshobo Para,খস্সবো পাড়া,JHI405,21.41375,92.026293,2500,0,0,0,0,0,0,0,0,0,0,0,0,0,0,0,0,,,,
596,Bangladesh,Chattogram,Cox's Bazar,Cox's Bazar Sadar,Jhilwanja,05,,,,Dakkhin Chander Para,দক্ষিণ চাঁন্দের পাড়া,JHI501,21.431514,92.02062,3500,0,0,0,0,0,0,0,0,0,0,0,0,0,0,0,0,,,,
597,Bangladesh,Chattogram,Cox's Bazar,Cox's Bazar Sadar,Jhilwanja,05,,,,Uttar Chander Para,উত্তর চাঁন্দের পাড়া,JHI502,21.435709,92.017926,2500,0,0,0,0,0,0,0,0,0,0,0,0,0,0,0,0,,,,
598,Bangladesh,Chattogram,Cox's Bazar,Cox's Bazar Sadar,Jhilwanja,06,,,,Pashchim Mukterkul Konar Para,পশ্চিম মুক্তারকুল কোনার পাড়া,JHI601,21.426114,92.033345,1200,0,0,0,0,0,0,0,0,0,0,0,0,0,0,0,0,,,,
599,Bangladesh,Chattogram,Cox's Bazar,Cox's Bazar Sadar,Jhilwanja,06,,,,Pashchim Mukterkul Para,পশ্চিম মুক্তারকুল পাড়া,JHI602,21.428575,92.039465,8000,0,0,0,0,0,0,0,0,0,0,0,0,0,0,0,0,,,,
600,Bangladesh,Chattogram,Cox's Bazar,Cox's Bazar Sadar,Jhilwanja,06,,,,Dakkhin Mukterkul Para,দক্ষিণ মুক্তারকুল পাড়া,JHI603,21.424581,92.040149,500,0,0,0,0,0,0,0,0,0,0,0,0,0,0,0,0,,,,
601,Bangladesh,Chattogram,Cox's Bazar,Cox's Bazar Sadar,Jhilwanja,06,,,,Purba Mukterkul Para,পূর্ব মুক্তারকুল পাড়া,JHI604,21.427269,92.046571,4000,0,0,0,0,0,0,0,0,0,0,0,0,0,0,0,0,,,,
602,Bangladesh,Chattogram,Cox's Bazar,Cox's Bazar Sadar,Jhilwanja,06,,,,Bepari Para,ব্যাপারী পাড়া,JHI605,21.426085,92.052698,900,0,0,0,0,0,0,0,0,0,0,0,0,0,0,0,0,,,,
603,Bangladesh,Chattogram,Cox's Bazar,Cox's Bazar Sadar,Jhilwanja,07,,,,Maulavi Para,মৌলভী পাড়া,JHI701,21.434716,92.03591,1500,0,0,0,0,0,0,0,0,0,0,0,0,0,0,0,0,,,,
604,Bangladesh,Chattogram,Cox's Bazar,Cox's Bazar Sadar,Jhilwanja,07,,,,Dargah Para,দরগাহ পাড়া,JHI702,21.429159,92.047645,1700,0,0,0,0,0,0,0,0,0,0,0,0,0,0,0,0,,,,
605,Bangladesh,Chattogram,Cox's Bazar,Cox's Bazar Sadar,Jhilwanja,07,,,,Mokbul Sawdagar Para,মকবুল সওদাগর পাড়া,JHI703,21.428048,92.050846,2100,0,0,0,0,0,0,0,0,0,0,0,0,0,0,0,0,,,,
606,Bangladesh,Chattogram,Cox's Bazar,Cox's Bazar Sadar,Jhilwanja,08,,,,Kharuliya Char Para,খরুলিয়া চর পাড়া,JHI801,21.423987,92.05212,100,0,0,0,0,0,0,0,0,0,0,0,0,0,0,0,0,,,,
607,Bangladesh,Chattogram,Cox's Bazar,Cox's Bazar Sadar,Jhilwanja,08,,,,Dakkhin Kharuliya Para,দক্ষিণ খরুলিয়া পাড়া,JHI802,21.425151,92.054341,400,0,0,0,0,0,0,0,0,0,0,0,0,0,0,0,0,,,,
608,Bangladesh,Chattogram,Cox's Bazar,Cox's Bazar Sadar,Jhilwanja,08,,,,Pashchim Kharuliya Ghat Para,পশ্চিম খরুলিয়া ঘাট পাড়া,JHI803,21.426497,92.05733,1000,0,0,0,0,0,0,0,0,0,0,0,0,0,0,0,0,,,,
609,Bangladesh,Chattogram,Cox's Bazar,Cox's Bazar Sadar,Jhilwanja,08,,,,Kharuliya Ghat Para,খরুলিয়া ঘাট পাড়া,JHI804,21.425139,92.06016,3500,0,0,0,0,0,0,0,0,0,0,0,0,0,0,0,0,,,,
610,Bangladesh,Chattogram,Cox's Bazar,Cox's Bazar Sadar,Jhilwanja,08,,,,Kharuliya Bazar Para (Dakkhinangsha),খরুলিয়া বাজার পাড়া (দক্ষিণাংশ),JHI805,21.427141,92.060384,800,0,0,0,0,0,0,0,0,0,0,0,0,0,0,0,0,,,,
611,Bangladesh,Chattogram,Cox's Bazar,Cox's Bazar Sadar,Jhilwanja,08,,,,Kharuliya Konar Para,খরুলিয়া কোনার পাড়া,JHI806,21.423544,92.062701,2500,0,0,0,0,0,0,0,0,0,0,0,0,0,0,0,0,,,,
612,Bangladesh,Chattogram,Cox's Bazar,Cox's Bazar Sadar,Jhilwanja,08,,,,Hindu Para,হিন্দু পাড়া,JHI807,21.426501,92.06402,2400,0,0,0,0,0,0,0,0,0,0,0,0,0,0,0,0,,,,
613,Bangladesh,Chattogram,Cox's Bazar,Cox's Bazar Sadar,Jhilwanja,08,,,,Kharuliya Naya Para,খরুলিয়া নয়া পাড়া,JHI808,21.424126,92.066689,1000,0,0,0,0,0,0,0,0,0,0,0,0,0,0,0,0,,,,
614,Bangladesh,Chattogram,Cox's Bazar,Cox's Bazar Sadar,Jhilwanja,08,,,,Karuliya Daingga Para (Dakkhinangsha),খরুলিয়া ডেইঙ্গা পাড়া (দক্ষিণাংশ),JHI809,21.427117,92.068625,1000,0,0,0,0,0,0,0,0,0,0,0,0,0,0,0,0,,,,
615,Bangladesh,Chattogram,Cox's Bazar,Cox's Bazar Sadar,Jhilwanja,09,,,,Master Para,মাস্টার পাড়া,JHI901,21.430439,92.057358,900,0,0,0,0,0,0,0,0,0,0,0,0,0,0,0,0,,,,
616,Bangladesh,Chattogram,Cox's Bazar,Cox's Bazar Sadar,Jhilwanja,09,,,,Kharuliya Bazar Para (Uttar),খরুলিয়া বাজার পাড়া (উত্তর),JHI902,21.428321,92.05965,400,0,0,0,0,0,0,0,0,0,0,0,0,0,0,0,0,,,,
617,Bangladesh,Chattogram,Cox's Bazar,Cox's Bazar Sadar,Jhilwanja,09,,,,Munsir Bil,মুন্সীর বিল,JHI903,21.428451,92.063182,1200,0,0,0,0,0,0,0,0,0,0,0,0,0,0,0,0,,,,
618,Bangladesh,Chattogram,Cox's Bazar,Cox's Bazar Sadar,Jhilwanja,09,,,,Sutar Char,সুতার চর,JHI904,21.432258,92.061199,1000,0,0,0,0,0,0,0,0,0,0,0,0,0,0,0,0,,,,
619,Bangladesh,Chattogram,Cox's Bazar,Cox's Bazar Sadar,Jhilwanja,09,,,,Barua Para,বড়ুয়া পাড়া,JHI905,21.4328,92.063777,400,0,0,0,0,0,0,0,0,0,0,0,0,0,0,0,0,,,,
620,Bangladesh,Chattogram,Cox's Bazar,Cox's Bazar Sadar,Jhilwanja,09,,,,Sikder Para,সিকদার পাড়া,JHI906,21.430211,92.065373,1200,0,0,0,0,0,0,0,0,0,0,0,0,0,0,0,0,,,,
621,Bangladesh,Chattogram,Cox's Bazar,Cox's Bazar Sadar,Jhilwanja,09,,,,Meher Ali Para,মেহের আলী পাড়া,JHI907,21.432035,92.067134,400,0,0,0,0,0,0,0,0,0,0,0,0,0,0,0,0,,,,
622,Bangladesh,Chattogram,Cox's Bazar,Cox's Bazar Sadar,Jhilwanja,09,,,,Khamar Para,খামার পাড়া,JHI908,21.436021,92.066006,400,0,0,0,0,0,0,0,0,0,0,0,0,0,0,0,0,,,,
623,Bangladesh,Chattogram,Cox's Bazar,Cox's Bazar Sadar,Jhilwanja,09,,,,Bhut Para,ভূত পাড়া,JHI909,21.431677,92.068683,300,0,0,0,0,0,0,0,0,0,0,0,0,0,0,0,0,,,,
624,Bangladesh,Chattogram,Cox's Bazar,Cox's Bazar Sadar,Jhilwanja,09,,,,Uttar Daingga Para,উত্তর ডেইঙ্গা পাড়া,JHI910,21.428878,92.068472,200,0,0,0,0,0,0,0,0,0,0,0,0,0,0,0,0,,,,
625,Bangladesh,Chattogram,Cox's Bazar,Cox's Bazar Sadar,Jhilwanja,09,,,,Khalil Sawdagar Para,খলিল সওদাগর পাড়া,JHI911,21.428565,92.054736,100,0,0,0,0,0,0,0,0,0,0,0,0,0,0,0,0,,,,
626,Bangladesh,Chattogram,Cox's Bazar,Cox's Bazar Sadar,Khurushkul,01,,,,Tetaiya Dakkhin Para,তেতৈয়া দক্ষিণ পাড়া,KHR101,21.484045,92.021444,1800,0,0,0,0,0,0,0,0,0,0,0,0,0,0,0,0,,,,
627,Bangladesh,Chattogram,Cox's Bazar,Cox's Bazar Sadar,Khurushkul,01,,,,Tetaiya Sawdagar Para,তেতৈয়া সওদাগর পাড়া,KHR102,21.48601,92.018884,3500,0,0,0,0,0,0,0,0,0,0,0,0,0,0,0,0,,,,
628,Bangladesh,Chattogram,Cox's Bazar,Cox's Bazar Sadar,Khurushkul,01,,,,Yousuf Fakir Para (Ghonar Para),ইউসুফ ফকির পাড়া (ঘোনার পাড়া),KHR103,21.4842,92.011828,1300,0,0,0,0,0,0,0,0,0,0,0,0,0,0,0,0,,,,
629,Bangladesh,Chattogram,Cox's Bazar,Cox's Bazar Sadar,Khurushkul,01,,,,Puratan Guilla Baper Para,পুরাতন গুইল্যা বাপের পাড়া,KHR104,21.492157,92.01563,150,0,0,0,0,0,0,0,0,0,0,0,0,0,0,0,0,,,,
630,Bangladesh,Chattogram,Cox's Bazar,Cox's Bazar Sadar,Khurushkul,01,,,,Petna Baper Para,পেতনা বাপের পাড়া,KHR105,21.48899,92.012091,700,0,0,0,0,0,0,0,0,0,0,0,0,0,0,0,0,,,,
631,Bangladesh,Chattogram,Cox's Bazar,Cox's Bazar Sadar,Khurushkul,01,,,,Puratan Fazu Sikdar Para,পুরাতন ফজু সিকদার পাড়া,KHR106,21.488275,92.01009,700,0,0,0,0,0,0,0,0,0,0,0,0,0,0,0,0,,,,
632,Bangladesh,Chattogram,Cox's Bazar,Cox's Bazar Sadar,Khurushkul,01,,,,Jaliya Baper Para,জলিয়া বাপের পাড়া,KHR107,21.481753,92.003407,800,0,0,0,0,0,0,0,0,0,0,0,0,0,0,0,0,,,,
633,Bangladesh,Chattogram,Cox's Bazar,Cox's Bazar Sadar,Khurushkul,01,,,,Natun Guilla Baper Para,নতুন গুইল্যা বাপের পাড়া,KHR108,21.485575,92.00787,750,0,0,0,0,0,0,0,0,0,0,0,0,0,0,0,0,,,,
634,Bangladesh,Chattogram,Cox's Bazar,Cox's Bazar Sadar,Khurushkul,01,,,,Natun Faju Sikdar Para,নতুন ফজু সিকদার পাড়া,KHR109,21.482711,92.006899,500,0,0,0,0,0,0,0,0,0,0,0,0,0,0,0,0,,,,
635,Bangladesh,Chattogram,Cox's Bazar,Cox's Bazar Sadar,Khurushkul,02,,,,Dakkhin Dail Para,দক্ষিণ ডেইল পাড়া,KHR201,21.481959,91.997152,1000,0,0,0,0,0,0,0,0,0,0,0,0,0,0,0,0,,,,
636,Bangladesh,Chattogram,Cox's Bazar,Cox's Bazar Sadar,Khurushkul,02,,,,Madhyam Dail Para,মধ্যম ডেইল পাড়া,KHR202,21.487738,91.998306,3000,0,0,0,0,0,0,0,0,0,0,0,0,0,0,0,0,,,,
637,Bangladesh,Chattogram,Cox's Bazar,Cox's Bazar Sadar,Khurushkul,02,,,,Tetaiya Dail Para,তেতৈয়া ডেইল পাড়া,KHR203,21.492458,92.002463,2500,0,0,0,0,0,0,0,0,0,0,0,0,0,0,0,0,,,,
638,Bangladesh,Chattogram,Cox's Bazar,Cox's Bazar Sadar,Khurushkul,02,,,,Teitaya Sikder Para,তেতৈয়া সিকদার পাড়া,KHR204,21.493734,92.009411,1000,0,0,0,0,0,0,0,0,0,0,0,0,0,0,0,0,,,,
639,Bangladesh,Chattogram,Cox's Bazar,Cox's Bazar Sadar,Khurushkul,02,,,,Tetaiya Natun Ghonar Para,তেতৈয়া নতুন ঘোনার পাড়া,KHR205,21.485321,92.002453,1200,0,0,0,0,0,0,0,0,0,0,0,0,0,0,0,0,,,,
640,Bangladesh,Chattogram,Cox's Bazar,Cox's Bazar Sadar,Khurushkul,02,,,,Tetaiya Halder Para,তেতৈয়া হালদার পাড়া,KHR206,21.488997,92.00617,500,0,0,0,0,0,0,0,0,0,0,0,0,0,0,0,0,,,,
641,Bangladesh,Chattogram,Cox's Bazar,Cox's Bazar Sadar,Khurushkul,02,,,,Uttar Dail Para,উত্তর ডেইল পাড়া,KHR207,21.492017,92.000338,800,0,0,0,0,0,0,0,0,0,0,0,0,0,0,0,0,,,,
642,Bangladesh,Chattogram,Cox's Bazar,Cox's Bazar Sadar,Khurushkul,03,,,,Dakkhin Penchar Ghona,দক্ষিণ পেঁচার ঘোনা,KHR301,21.487163,91.994783,2500,0,0,0,0,0,0,0,0,0,0,0,0,0,0,0,0,,,,
643,Bangladesh,Chattogram,Cox's Bazar,Cox's Bazar Sadar,Khurushkul,03,,,,Uttar Penchar Ghona,উত্তর পেঁচার ঘোনা,KHR302,21.4922,91.996076,1500,0,0,0,0,0,0,0,0,0,0,0,0,0,0,0,0,,,,
644,Bangladesh,Chattogram,Cox's Bazar,Cox's Bazar Sadar,Khurushkul,03,,,,Uttar Raster Para (Nakkar Para),উত্তর রাস্তার পাড়া (নাক্কার পাড়া),KHR303,21.495695,91.995247,1000,0,0,0,0,0,0,0,0,0,0,0,0,0,0,0,0,,,,
645,Bangladesh,Chattogram,Cox's Bazar,Cox's Bazar Sadar,Khurushkul,03,,,,Dakkhin Raster Para,দক্ষিণ রাস্তার পাড়া,KHR304,21.488471,91.991117,500,0,0,0,0,0,0,0,0,0,0,0,0,0,0,0,0,,,,
646,Bangladesh,Chattogram,Cox's Bazar,Cox's Bazar Sadar,Khurushkul,03,,,,Rakhain Para (Jalia Para),রাখাইন পাড়া (জালিয়া পাড়া),KHR305,21.484736,91.988202,1300,0,0,0,0,0,0,0,0,0,0,0,0,0,0,0,0,,,,
647,Bangladesh,Chattogram,Cox's Bazar,Cox's Bazar Sadar,Khurushkul,03,,,,Madhyam Raster Para,মধ্যম রাস্তার পাড়া,KHR306,21.49177,91.99284,250,0,0,0,0,0,0,0,0,0,0,0,0,0,0,0,0,,,,
648,Bangladesh,Chattogram,Cox's Bazar,Cox's Bazar Sadar,Khurushkul,04,,,,Kawar Para,কাওয়ার পাড়া,KHR401,21.481844,91.992675,5000,0,0,0,0,0,0,0,0,0,0,0,0,0,0,0,0,,,,
649,Bangladesh,Chattogram,Cox's Bazar,Cox's Bazar Sadar,Khurushkul,04,,,,Sarkar Para,সরকার পাড়া,KHR402,21.47726,91.991796,1000,0,0,0,0,0,0,0,0,0,0,0,0,0,0,0,0,,,,
650,Bangladesh,Chattogram,Cox's Bazar,Cox's Bazar Sadar,Khurushkul,04,,,,Fakir Para,ফকির পাড়া,KHR403,21.476009,91.99208,2000,0,0,0,0,0,0,0,0,0,0,0,0,0,0,0,0,,,,
651,Bangladesh,Chattogram,Cox's Bazar,Cox's Bazar Sadar,Khurushkul,04,,,,Adarsha Gram Fakir Para,আদর্শ গ্রাম ফকির পাড়া,KHR404,21.480235,91.998521,1200,0,0,0,0,0,0,0,0,0,0,0,0,0,0,0,0,,,,
652,Bangladesh,Chattogram,Cox's Bazar,Cox's Bazar Sadar,Khurushkul,05,,,,Uttar Mamun Para,উত্তর মামুন পাড়া,KHR501,21.476889,91.989009,2000,0,0,0,0,0,0,0,0,0,0,0,0,0,0,0,0,,,,
653,Bangladesh,Chattogram,Cox's Bazar,Cox's Bazar Sadar,Khurushkul,05,,,,Dakkhin Mamun Para,দক্ষিণ মামুন পাড়া,KHR502,21.47327,91.988103,2500,0,0,0,0,0,0,0,0,0,0,0,0,0,0,0,0,,,,
654,Bangladesh,Chattogram,Cox's Bazar,Cox's Bazar Sadar,Khurushkul,05,,,,Janar Para,জানার পাড়া,KHR503,21.473127,91.985532,1200,0,0,0,0,0,0,0,0,0,0,0,0,0,0,0,0,,,,
655,Bangladesh,Chattogram,Cox's Bazar,Cox's Bazar Sadar,Khurushkul,05,,,,Hatkhola Para,হাটখোলা পাড়া,KHR504,21.474066,91.981959,1000,0,0,0,0,0,0,0,0,0,0,0,0,0,0,0,0,,,,
656,Bangladesh,Chattogram,Cox's Bazar,Cox's Bazar Sadar,Khurushkul,05,,,,Poultry Farm,পোল্ট্রি ফার্ম,KHR505,21.480942,91.988058,100,0,0,0,0,0,0,0,0,0,0,0,0,0,0,0,0,,,,
657,Bangladesh,Chattogram,Cox's Bazar,Cox's Bazar Sadar,Khurushkul,06,,,,Purba Hindu Para,পূর্ব হিন্দু পাড়া,KHR601,21.466609,91.995409,900,0,0,0,0,0,0,0,0,0,0,0,0,0,0,0,0,,,,
658,Bangladesh,Chattogram,Cox's Bazar,Cox's Bazar Sadar,Khurushkul,06,,,,Shil Para,শীল পাড়া,KHR602,21.466074,91.999364,1200,0,0,0,0,0,0,0,0,0,0,0,0,0,0,0,0,,,,
659,Bangladesh,Chattogram,Cox's Bazar,Cox's Bazar Sadar,Khurushkul,06,,,,Dakkhin Rudra Para,দক্ষিণ রুদ্র পাড়া,KHR603,21.465082,91.995699,600,0,0,0,0,0,0,0,0,0,0,0,0,0,0,0,0,,,,
660,Bangladesh,Chattogram,Cox's Bazar,Cox's Bazar Sadar,Khurushkul,06,,,,Hamzar Dail Para,হামজার ডেইল পাড়া,KHR604,21.46966,91.995848,600,0,0,0,0,0,0,0,0,0,0,0,0,0,0,0,0,,,,
661,Bangladesh,Chattogram,Cox's Bazar,Cox's Bazar Sadar,Khurushkul,06,,,,Purba Hamzar Dail,পূর্ব হামজার ডেইল,KHR605,21.468656,92.004301,3000,0,0,0,0,0,0,0,0,0,0,0,0,0,0,0,0,,,,
662,Bangladesh,Chattogram,Cox's Bazar,Cox's Bazar Sadar,Khurushkul,06,,,,Uttar Hamzar Dail Para,উত্তর হামজার ডেইল পাড়া,KHR606,21.475051,91.996024,700,0,0,0,0,0,0,0,0,0,0,0,0,0,0,0,0,,,,
663,Bangladesh,Chattogram,Cox's Bazar,Cox's Bazar Sadar,Khurushkul,06,,,,Ghonar Para,ঘোনার পাড়া,KHR607,21.476525,92.001516,2500,0,0,0,0,0,0,0,0,0,0,0,0,0,0,0,0,,,,
664,Bangladesh,Chattogram,Cox's Bazar,Cox's Bazar Sadar,Khurushkul,06,,,,Jalsiri Adarsha Gram,জলসিঁড়ি আদর্শ গ্রাম,KHR608,21.471914,91.999324,300,0,0,0,0,0,0,0,0,0,0,0,0,0,0,0,0,,,,
665,Bangladesh,Chattogram,Cox's Bazar,Cox's Bazar Sadar,Khurushkul,06,,,,Pal Para,পাল পাড়া,KHR609,21.472991,91.992136,1500,0,0,0,0,0,0,0,0,0,0,0,0,0,0,0,0,,,,
666,Bangladesh,Chattogram,Cox's Bazar,Cox's Bazar Sadar,Khurushkul,06,,,,Uttar Rudra Para,উত্তর রুদ্র পাড়া,KHR610,21.471473,91.992977,500,0,0,0,0,0,0,0,0,0,0,0,0,0,0,0,0,,,,
667,Bangladesh,Chattogram,Cox's Bazar,Cox's Bazar Sadar,Khurushkul,07,,,,Uttar Hindu Para,উত্তর হিন্দু পাড়া,KHR701,21.467151,91.992406,7500,0,0,0,0,0,0,0,0,0,0,0,0,0,0,0,0,,,,
668,Bangladesh,Chattogram,Cox's Bazar,Cox's Bazar Sadar,Khurushkul,07,,,,Panchayet Para,পঞ্চায়েত পাড়া,KHR702,21.461423,91.989791,1500,0,0,0,0,0,0,0,0,0,0,0,0,0,0,0,0,,,,
669,Bangladesh,Chattogram,Cox's Bazar,Cox's Bazar Sadar,Khurushkul,07,,,,Gazir Dail Para,গাজীর ডেইল পাড়া,KHR703,21.467816,91.986889,5000,0,0,0,0,0,0,0,0,0,0,0,0,0,0,0,0,,,,
670,Bangladesh,Chattogram,Cox's Bazar,Cox's Bazar Sadar,Khurushkul,07,,,,Madhyam Hindu Para,মধ্যম হিন্দু পাড়া,KHR704,21.46496,91.990815,300,0,0,0,0,0,0,0,0,0,0,0,0,0,0,0,0,,,,
671,Bangladesh,Chattogram,Cox's Bazar,Cox's Bazar Sadar,Khurushkul,08,,,,Manu Para,মনু পাড়া,KHR801,21.464071,91.980405,200,0,0,0,0,0,0,0,0,0,0,0,0,0,0,0,0,,,,
672,Bangladesh,Chattogram,Cox's Bazar,Cox's Bazar Sadar,Khurushkul,08,,,,Hafeza Para,হাফেজা পাড়া,KHR802,21.461864,91.984184,200,0,0,0,0,0,0,0,0,0,0,0,0,0,0,0,0,,,,
673,Bangladesh,Chattogram,Cox's Bazar,Cox's Bazar Sadar,Khurushkul,08,,,,Guramiah Para,গুরামিয়া পাড়া,KHR803,21.461721,91.986372,100,0,0,0,0,0,0,0,0,0,0,0,0,0,0,0,0,,,,
674,Bangladesh,Chattogram,Cox's Bazar,Cox's Bazar Sadar,Khurushkul,08,,,,Time Bazar Mehedi Para,টাইম বাজার মেহেদী পাড়া,KHR804,21.466211,91.99045,1500,0,0,0,0,0,0,0,0,0,0,0,0,0,0,0,0,,,,
675,Bangladesh,Chattogram,Cox's Bazar,Cox's Bazar Sadar,Khurushkul,08,,,,La Majhi Para,ল মাঝি পাড়া,KHR805,21.469148,91.990834,1800,0,0,0,0,0,0,0,0,0,0,0,0,0,0,0,0,,,,
676,Bangladesh,Chattogram,Cox's Bazar,Cox's Bazar Sadar,Khurushkul,08,,,,Konar Para,কোনার পাড়া,KHR806,21.471557,91.990633,700,0,0,0,0,0,0,0,0,0,0,0,0,0,0,0,0,,,,
677,Bangladesh,Chattogram,Cox's Bazar,Cox's Bazar Sadar,Khurushkul,08,,,,Khurushkul Asrayan Prakalpa,খুরুশকুল আশ্রয়ন প্রকল্প,KHR807,21.46944,91.977002,12000,0,0,0,0,0,0,0,0,0,0,0,0,0,0,0,0,,,,
678,Bangladesh,Chattogram,Cox's Bazar,Cox's Bazar Sadar,Khurushkul,08,,,,Kastura Ghat Ukhil Para,কস্তুরা ঘাট উখিল পাড়া,KHR808,21.447741,91.973938,500,0,0,0,0,0,0,0,0,0,0,0,0,0,0,0,0,,,,
679,Bangladesh,Chattogram,Cox's Bazar,Cox's Bazar Sadar,Khurushkul,09,,,,Kulia Para,কুলিয়া পাড়া,KHR901,21.454834,91.989264,5000,0,0,0,0,0,0,0,0,0,0,0,0,0,0,0,0,,,,
680,Bangladesh,Chattogram,Cox's Bazar,Cox's Bazar Sadar,Khurushkul,09,,,,Dakkhin Hindu Para,দক্ষিণ হিন্দু পাড়া,KHR902,21.459807,91.991865,6000,0,0,0,0,0,0,0,0,0,0,0,0,0,0,0,0,,,,
681,Bangladesh,Chattogram,Cox's Bazar,Cox's Bazar Sadar,Khurushkul,09,,,,Ruhullar Dail,রুহুল্লার ডেইল,KHR903,21.461092,91.999794,4000,0,0,0,0,0,0,0,0,0,0,0,0,0,0,0,0,,,,
682,Bangladesh,Chattogram,Cox's Bazar,Cox's Bazar Sadar,Khurushkul,09,,,,Sampanghat,সাম্পানঘাট,KHR904,21.454342,91.999071,800,0,0,0,0,0,0,0,0,0,0,0,0,0,0,0,0,,,,
683,Bangladesh,Chattogram,Cox's Bazar,Cox's Bazar Sadar,Patali Machhuakhali (PM Khali),01,,,,Chankhola Pashchim Para,ছনখোলা পশ্চিম পাড়া,PAA101,21.453344,92.006731,3000,0,0,0,0,0,0,0,0,0,0,0,0,0,0,0,0,,,,
684,Bangladesh,Chattogram,Cox's Bazar,Cox's Bazar Sadar,Patali Machhuakhali (PM Khali),01,,,,Majher Para,মাঝের পাড়া,PAA102,21.451789,92.012344,1200,0,0,0,0,0,0,0,0,0,0,0,0,0,0,0,0,,,,
685,Bangladesh,Chattogram,Cox's Bazar,Cox's Bazar Sadar,Patali Machhuakhali (PM Khali),01,,,,Setu Para,সেতু পাড়া,PAA103,21.449549,92.011159,400,0,0,0,0,0,0,0,0,0,0,0,0,0,0,0,0,,,,
686,Bangladesh,Chattogram,Cox's Bazar,Cox's Bazar Sadar,Patali Machhuakhali (PM Khali),02,,,,Chankhola Mali Para,ছনখোলা মালী পাড়া,PAA201,21.45208,92.020491,3000,0,0,0,0,0,0,0,0,0,0,0,0,0,0,0,0,,,,
687,Bangladesh,Chattogram,Cox's Bazar,Cox's Bazar Sadar,Patali Machhuakhali (PM Khali),02,,,,Chankhola Ghonar Para,ছনখোলা ঘোনার পাড়া,PAA202,21.461148,92.017731,2000,0,0,0,0,0,0,0,0,0,0,0,0,0,0,0,0,,,,
688,Bangladesh,Chattogram,Cox's Bazar,Cox's Bazar Sadar,Patali Machhuakhali (PM Khali),02,,,,Madolia Para,মাদলীয়া পাড়া,PAA203,21.459359,92.012817,2000,0,0,0,0,0,0,0,0,0,0,0,0,0,0,0,0,,,,
689,Bangladesh,Chattogram,Cox's Bazar,Cox's Bazar Sadar,Patali Machhuakhali (PM Khali),02,,,,Chankhola Naya Para,ছনখোলা নয়া পাড়া,PAA204,21.457784,92.010143,3500,0,0,0,0,0,0,0,0,0,0,0,0,0,0,0,0,,,,
690,Bangladesh,Chattogram,Cox's Bazar,Cox's Bazar Sadar,Patali Machhuakhali (PM Khali),02,,,,Purba Ghona Para,পূর্ব ঘোনা পাড়া,PAA205,21.458228,92.022675,900,0,0,0,0,0,0,0,0,0,0,0,0,0,0,0,0,,,,
691,Bangladesh,Chattogram,Cox's Bazar,Cox's Bazar Sadar,Patali Machhuakhali (PM Khali),02,,,,Yunus Ghona,ইউনুছ ঘোনা,PAA206,21.449314,92.015951,900,0,0,0,0,0,0,0,0,0,0,0,0,0,0,0,0,,,,
692,Bangladesh,Chattogram,Cox's Bazar,Cox's Bazar Sadar,Patali Machhuakhali (PM Khali),03,,,,Totakkhali Sikder Para,তোতকখালী সিকদার পাড়া,PAA301,21.479282,92.027718,1200,0,0,0,0,0,0,0,0,0,0,0,0,0,0,0,0,,,,
693,Bangladesh,Chattogram,Cox's Bazar,Cox's Bazar Sadar,Patali Machhuakhali (PM Khali),03,,,,Totakkhali Porakata Para,তোতকখালী পোরাকাটা পাড়া,PAA302,21.476587,92.02224,250,0,0,0,0,0,0,0,0,0,0,0,0,0,0,0,0,,,,
694,Bangladesh,Chattogram,Cox's Bazar,Cox's Bazar Sadar,Patali Machhuakhali (PM Khali),03,,,,Deheria Ghona,ডেহেরিয়া ঘোনা,PAA303,21.483918,92.027171,550,0,0,0,0,0,0,0,0,0,0,0,0,0,0,0,0,,,,
695,Bangladesh,Chattogram,Cox's Bazar,Cox's Bazar Sadar,Patali Machhuakhali (PM Khali),03,,,,Choy Bhaiyer Para,ছয় ভায়ের পাড়া,PAA304,21.484663,92.03025,4000,0,0,0,0,0,0,0,0,0,0,0,0,0,0,0,0,,,,
696,Bangladesh,Chattogram,Cox's Bazar,Cox's Bazar Sadar,Patali Machhuakhali (PM Khali),03,,,,Totakkhali Majher Para,তোতকখালী মাঝের পাড়া,PAA305,21.478506,92.030602,1800,0,0,0,0,0,0,0,0,0,0,0,0,0,0,0,0,,,,
697,Bangladesh,Chattogram,Cox's Bazar,Cox's Bazar Sadar,Patali Machhuakhali (PM Khali),03,,,,Taher Mohammodia Ghona,তাহের মোহাম্মাদিয়া ঘোনা,PAA306,21.471976,92.035236,3700,0,0,0,0,0,0,0,0,0,0,0,0,0,0,0,0,,,,
698,Bangladesh,Chattogram,Cox's Bazar,Cox's Bazar Sadar,Patali Machhuakhali (PM Khali),03,,,,Totakkhali Kamala Ghona,তোতকখালী কমলা ঘোনা,PAA307,21.471625,92.028288,250,0,0,0,0,0,0,0,0,0,0,0,0,0,0,0,0,,,,
699,Bangladesh,Chattogram,Cox's Bazar,Cox's Bazar Sadar,Patali Machhuakhali (PM Khali),03,,,,Asrayan Prakolpa Ghona Para,আশ্রয়ন প্রকল্প ঘোনা পাড়া,PAA308,21.466367,92.026837,600,0,0,0,0,0,0,0,0,0,0,0,0,0,0,0,0,,,,
700,Bangladesh,Chattogram,Cox's Bazar,Cox's Bazar Sadar,Patali Machhuakhali (PM Khali),03,,,,Pailla Kata Para,পেইল্লা কাটা পাড়া,PAA309,21.466844,92.016101,150,0,0,0,0,0,0,0,0,0,0,0,0,0,0,0,0,,,,
701,Bangladesh,Chattogram,Cox's Bazar,Cox's Bazar Sadar,Patali Machhuakhali (PM Khali),04,,,,Purba Jhumchhari Para,পূর্ব জুমছড়ী পাড়া,PAA401,21.446693,92.033848,2500,0,0,0,0,0,0,0,0,0,0,0,0,0,0,0,0,,,,
702,Bangladesh,Chattogram,Cox's Bazar,Cox's Bazar Sadar,Patali Machhuakhali (PM Khali),04,,,,Madhyam Jhumchhari Para,মধ্যম জুমছড়ী পাড়া,PAA402,21.446335,92.030063,2000,0,0,0,0,0,0,0,0,0,0,0,0,0,0,0,0,,,,
703,Bangladesh,Chattogram,Cox's Bazar,Cox's Bazar Sadar,Patali Machhuakhali (PM Khali),04,,,,Jhumchhari Hindu Para,জুমছড়ী হিন্দু পাড়া,PAA403,21.442381,92.029498,1000,0,0,0,0,0,0,0,0,0,0,0,0,0,0,0,0,,,,
704,Bangladesh,Chattogram,Cox's Bazar,Cox's Bazar Sadar,Patali Machhuakhali (PM Khali),04,,,,Pashchim Jhumchhari Para,পশ্চিম জুমছড়ী পাড়া,PAA404,21.445771,92.024747,4000,0,0,0,0,0,0,0,0,0,0,0,0,0,0,0,0,,,,
705,Bangladesh,Chattogram,Cox's Bazar,Cox's Bazar Sadar,Patali Machhuakhali (PM Khali),04,,,,Jhumchhari Ghona Para,জুমছড়ী ঘোনা পাড়া,PAA405,21.449067,92.028315,1000,0,0,0,0,0,0,0,0,0,0,0,0,0,0,0,0,,,,
706,Bangladesh,Chattogram,Cox's Bazar,Cox's Bazar Sadar,Patali Machhuakhali (PM Khali),04,,,,Jhumchhari Sikdar Ghona Para,জুমছড়ী সিকদার ঘোনা পাড়া,PAA406,21.454021,92.026046,1000,0,0,0,0,0,0,0,0,0,0,0,0,0,0,0,0,,,,
707,Bangladesh,Chattogram,Cox's Bazar,Cox's Bazar Sadar,Patali Machhuakhali (PM Khali),04,,,,Dakkhin Parania Para,দক্ষিণ পরানিয়া পাড়া,PAA407,21.45132,92.034115,1000,0,0,0,0,0,0,0,0,0,0,0,0,0,0,0,0,,,,
708,Bangladesh,Chattogram,Cox's Bazar,Cox's Bazar Sadar,Patali Machhuakhali (PM Khali),04,,,,Uttar Parania Para,উত্তর পরানিয়া পাড়া,PAA408,21.461354,92.03311,2000,0,0,0,0,0,0,0,0,0,0,0,0,0,0,0,0,,,,
709,Bangladesh,Chattogram,Cox's Bazar,Cox's Bazar Sadar,Patali Machhuakhali (PM Khali),04,,,,Pashchim Parania Para,পশ্চিম পরানিয়া পাড়া,PAA409,21.457399,92.028697,1000,0,0,0,0,0,0,0,0,0,0,0,0,0,0,0,0,,,,
710,Bangladesh,Chattogram,Cox's Bazar,Cox's Bazar Sadar,Patali Machhuakhali (PM Khali),04,,,,Madhyam Parania Para,মধ্যম পরানিয়া পাড়া,PAA410,21.455399,92.033571,500,0,0,0,0,0,0,0,0,0,0,0,0,0,0,0,0,,,,
711,Bangladesh,Chattogram,Cox's Bazar,Cox's Bazar Sadar,Patali Machhuakhali (PM Khali),04,,,,Satgharia Para,সাতঘরিয়া পাড়়া,PAA411,21.450279,92.032757,250,0,0,0,0,0,0,0,0,0,0,0,0,0,0,0,0,,,,
712,Bangladesh,Chattogram,Cox's Bazar,Cox's Bazar Sadar,Patali Machhuakhali (PM Khali),04,,,,Poultry Farm,পোল্ট্রি ফার্ম,PAA412,21.451468,92.030992,50,0,0,0,0,0,0,0,0,0,0,0,0,0,0,0,0,,,,
713,Bangladesh,Chattogram,Cox's Bazar,Cox's Bazar Sadar,Patali Machhuakhali (PM Khali),05,,,,Ghatukulia Para,ঘাটুকুলিয়া পাড়া,PAA501,21.438428,92.023556,2000,0,0,0,0,0,0,0,0,0,0,0,0,0,0,0,0,,,,
714,Bangladesh,Chattogram,Cox's Bazar,Cox's Bazar Sadar,Patali Machhuakhali (PM Khali),05,,,,Dakkhin Naya Para,দক্ষিণ নয়া পাড়া,PAA502,21.429309,92.033003,2000,0,0,0,0,0,0,0,0,0,0,0,0,0,0,0,0,,,,
715,Bangladesh,Chattogram,Cox's Bazar,Cox's Bazar Sadar,Patali Machhuakhali (PM Khali),05,,,,Madhyam Naya Para,মধ্যম নয়া পাড়া,PAA503,21.435929,92.03378,1000,0,0,0,0,0,0,0,0,0,0,0,0,0,0,0,0,,,,
716,Bangladesh,Chattogram,Cox's Bazar,Cox's Bazar Sadar,Patali Machhuakhali (PM Khali),05,,,,Uttar Naya Para,উত্তর নয়া পাড়া,PAA504,21.439387,92.034525,1000,0,0,0,0,0,0,0,0,0,0,0,0,0,0,0,0,,,,
717,Bangladesh,Chattogram,Cox's Bazar,Cox's Bazar Sadar,Patali Machhuakhali (PM Khali),05,,,,Dakkhin Dikpara,দক্ষিণ ডিকপাড়া,PAA505,21.43824,92.043425,3000,0,0,0,0,0,0,0,0,0,0,0,0,0,0,0,0,,,,
718,Bangladesh,Chattogram,Cox's Bazar,Cox's Bazar Sadar,Patali Machhuakhali (PM Khali),05,,,,Uttar Dikpara,উত্তর ডিকপাড়া,PAA506,21.442578,92.038068,1500,0,0,0,0,0,0,0,0,0,0,0,0,0,0,0,0,,,,
719,Bangladesh,Chattogram,Cox's Bazar,Cox's Bazar Sadar,Patali Machhuakhali (PM Khali),06,,,,Golar Para,গোলার পাড়া,PAA601,21.446982,92.048137,1800,0,0,0,0,0,0,0,0,0,0,0,0,0,0,0,0,,,,
720,Bangladesh,Chattogram,Cox's Bazar,Cox's Bazar Sadar,Patali Machhuakhali (PM Khali),06,,,,Chowdhury Para,চৌধুরী পাড়া,PAA602,21.439869,92.055446,2000,0,0,0,0,0,0,0,0,0,0,0,0,0,0,0,0,,,,
721,Bangladesh,Chattogram,Cox's Bazar,Cox's Bazar Sadar,Patali Machhuakhali (PM Khali),06,,,,Miazi Para,মিয়াজী পাড়া,PAA603,21.44228,92.055218,2000,0,0,0,0,0,0,0,0,0,0,0,0,0,0,0,0,,,,
722,Bangladesh,Chattogram,Cox's Bazar,Cox's Bazar Sadar,Patali Machhuakhali (PM Khali),06,,,,Dakkhin Patoli Para,দক্ষিণ পাতলী পাড়া,PAA604,21.436768,92.054273,1500,0,0,0,0,0,0,0,0,0,0,0,0,0,0,0,0,,,,
723,Bangladesh,Chattogram,Cox's Bazar,Cox's Bazar Sadar,Patali Machhuakhali (PM Khali),06,,,,Uttar Patoli Para,উত্তর পাতলী পাড়া,PAA605,21.447451,92.058214,2700,0,0,0,0,0,0,0,0,0,0,0,0,0,0,0,0,,,,
724,Bangladesh,Chattogram,Cox's Bazar,Cox's Bazar Sadar,Patali Machhuakhali (PM Khali),06,,,,Poultry Farm,পোল্ট্রি ফার্ম,PAA606,21.443742,92.058013,90,0,0,0,0,0,0,0,0,0,0,0,0,0,0,0,0,,,,
725,Bangladesh,Chattogram,Cox's Bazar,Cox's Bazar Sadar,Patali Machhuakhali (PM Khali),07,,,,Pashchim Muhsinia Para,পশ্চিম মুহসিনিয়া পাড়া,PAA701,21.459411,92.057796,2500,0,0,0,0,0,0,0,0,0,0,0,0,0,0,0,0,,,,
726,Bangladesh,Chattogram,Cox's Bazar,Cox's Bazar Sadar,Patali Machhuakhali (PM Khali),07,,,,Purba Muhsinia Para,পূর্ব মুহসিনিয়া পাড়া,PAA702,21.461032,92.060125,3000,0,0,0,0,0,0,0,0,0,0,0,0,0,0,0,0,,,,
727,Bangladesh,Chattogram,Cox's Bazar,Cox's Bazar Sadar,Patali Machhuakhali (PM Khali),07,,,,Ghonar Para,ঘোনার পাড়া,PAA703,21.464048,92.056147,2000,0,0,0,0,0,0,0,0,0,0,0,0,0,0,0,0,,,,
728,Bangladesh,Chattogram,Cox's Bazar,Cox's Bazar Sadar,Patali Machhuakhali (PM Khali),08,,,,Dakkhin Dhawn Khali,দক্ষিন ধাউন খালী,PAA801,21.467129,92.053304,400,0,0,0,0,0,0,0,0,0,0,0,0,0,0,0,0,,,,
729,Bangladesh,Chattogram,Cox's Bazar,Cox's Bazar Sadar,Patali Machhuakhali (PM Khali),08,,,,Uttar Dhawn Khali,উত্তর ধাউন খালী,PAA802,21.470667,92.053382,500,0,0,0,0,0,0,0,0,0,0,0,0,0,0,0,0,,,,
730,Bangladesh,Chattogram,Cox's Bazar,Cox's Bazar Sadar,Patali Machhuakhali (PM Khali),08,,,,Purba Dhawn Khali,পূর্ব ধাউন খালী,PAA803,21.467629,92.056821,1200,0,0,0,0,0,0,0,0,0,0,0,0,0,0,0,0,,,,
731,Bangladesh,Chattogram,Cox's Bazar,Cox's Bazar Sadar,Patali Machhuakhali (PM Khali),08,,,,Pashchim Dhawn Khali,পশ্চিম ধাউন খালী,PAA804,21.466184,92.049318,1500,0,0,0,0,0,0,0,0,0,0,0,0,0,0,0,0,,,,
732,Bangladesh,Chattogram,Cox's Bazar,Cox's Bazar Sadar,Patali Machhuakhali (PM Khali),09,,,,Khathalia Mura Para,কাঠালিয়া মুড়া পাড়া,PAA901,21.462116,92.039626,2500,0,0,0,0,0,0,0,0,0,0,0,0,0,0,0,0,,,,
733,Bangladesh,Chattogram,Cox's Bazar,Cox's Bazar Sadar,Patali Machhuakhali (PM Khali),09,,,,Purba Kathalia Mora Para,পূর্ব কাঠালিয়া মোরা পাড়া,PAA902,21.460711,92.043725,1500,0,0,0,0,0,0,0,0,0,0,0,0,0,0,0,0,,,,
734,Bangladesh,Chattogram,Cox's Bazar,Cox's Bazar Sadar,Patali Machhuakhali (PM Khali),09,,,,Macchuakhali Majher Para,মাছুয়াখালী মাঝের পাড়া,PAA903,21.458154,92.049591,800,0,0,0,0,0,0,0,0,0,0,0,0,0,0,0,0,,,,
735,Bangladesh,Chattogram,Cox's Bazar,Cox's Bazar Sadar,Patali Machhuakhali (PM Khali),09,,,,Purba Machhuakhali,পূর্ব মাছুয়াখালী,PAA904,21.462033,92.052341,1500,0,0,0,0,0,0,0,0,0,0,0,0,0,0,0,0,,,,
736,Bangladesh,Chattogram,Cox's Bazar,Cox's Bazar Sadar,Patali Machhuakhali (PM Khali),09,,,,Nosrat Ali Para,নসরত আলী পাড়া,PAA905,21.456386,92.051265,500,0,0,0,0,0,0,0,0,0,0,0,0,0,0,0,0,,,,
737,Bangladesh,Chattogram,Cox's Bazar,Cox's Bazar Sadar,Patali Machhuakhali (PM Khali),09,,,,Chowdhury Para,চৌধুরী পাড়া,PAA906,21.457292,92.047741,800,0,0,0,0,0,0,0,0,0,0,0,0,0,0,0,0,,,,
738,Bangladesh,Chattogram,Cox's Bazar,Cox's Bazar Sadar,Patali Machhuakhali (PM Khali),09,,,,Maij Para,মাইজ পাড়া,PAA907,21.45163,92.042187,1400,0,0,0,0,0,0,0,0,0,0,0,0,0,0,0,0,,,,
739,Bangladesh,Chattogram,Cox's Bazar,Cox's Bazar Sadar,Patali Machhuakhali (PM Khali),09,,,,Ghonar Para Younusbad,ঘোনার পাড়া ইউনুসাবাদ,PAA908,21.467031,92.043534,800,0,0,0,0,0,0,0,0,0,0,0,0,0,0,0,0,,,,
740,Bangladesh,Chattogram,Cox's Bazar,Cox's Bazar Sadar,Patali Machhuakhali (PM Khali),09,,,,Pashchim Khathalia Mura Para,পশ্চিম কাঠালিয়া মুড়া পাড়া,PAA909,21.465582,92.037848,700,0,0,0,0,0,0,0,0,0,0,0,0,0,0,0,0,,,,
741,Bangladesh,Chattogram,Cox's Bazar,Cox's Bazar Sadar,Patali Machhuakhali (PM Khali),09,,,,Kathalia Mura Aziz Nagar Para,কাঠালিয়া মুড়া আজিজ নগর পাড়া,PAA910,21.465868,92.046261,350,0,0,0,0,0,0,0,0,0,0,0,0,0,0,0,0,,,,
742,Bangladesh,Chattogram,Cox's Bazar,Eidghoan,Eidghoan,1,Rahima Akter,,,Jagir Para,,,,,1460,264,0,249,0,0,0,0,0,0,0,0,0,0,0,0,0,,,,
743,Bangladesh,Chattogram,Cox's Bazar,Eidghoan,Eidghoan,1,Rahima Akter,,,Uttar Maije Para,,,,,3451,492,0,0,0,0,0,0,0,0,0,0,0,0,0,0,0,,,,
744,Bangladesh,Chattogram,Cox's Bazar,Eidghoan,Eidghoan,2,Rahima Akter,,,Maddum Maije Para,,,,,1322,220,0,0,0,0,0,0,0,0,0,0,0,0,0,0,0,,,,
745,Bangladesh,Chattogram,Cox's Bazar,Eidghoan,Eidghoan,3,Rahima Akter,,,Dakkin Maije Para,,,,,2892,510,0,0,0,0,0,0,0,0,0,0,0,0,0,0,0,,,,
746,Bangladesh,Chattogram,Cox's Bazar,Eidghoan,Eidghoan,4,Sofura Akter,,,Chandar Ghona,,,,,1815,572,0,0,0,0,0,0,0,0,0,0,0,0,0,0,0,,,,
747,Bangladesh,Chattogram,Cox's Bazar,Eidghoan,Eidghoan,4,Sofura Akter,,,Lal shori Para,,,,,165,40,0,0,0,0,0,0,0,0,0,0,0,0,0,0,0,,,,
748,Bangladesh,Chattogram,Cox's Bazar,Eidghoan,Eidghoan,4,Sofura Akter,,,Mahar Ghona,,,,,3685,947,0,0,0,0,0,0,0,0,0,0,0,0,0,0,0,,,,
749,Bangladesh,Chattogram,Cox's Bazar,Eidghoan,Eidghoan,4,Sofura Akter,,,Shat Goria Para,,,,,445,154,0,0,0,0,0,0,0,0,0,0,0,0,0,0,0,,,,
750,Bangladesh,Chattogram,Cox's Bazar,Eidghoan,Eidghoan,5,Sofura Akter,,,Chy. Para,,,,,244,70,0,0,0,0,0,0,0,0,0,0,0,0,0,0,0,,,,
751,Bangladesh,Chattogram,Cox's Bazar,Eidghoan,Eidghoan,5,Sofura Akter,,,Office Mura,,,,,208,44,0,0,0,0,0,0,0,0,0,0,0,0,0,0,0,,,,
752,Bangladesh,Chattogram,Cox's Bazar,Eidghoan,Eidghoan,5,Sofura Akter,,,Purba para,,,,,492,159,0,0,0,0,0,0,0,0,0,0,0,0,0,0,0,,,,
753,Bangladesh,Chattogram,Cox's Bazar,Eidghoan,Eidghoan,5,Sofura Akter,,,Shia Para-1,,,,,1288,380,0,60,0,0,0,0,0,0,0,0,0,0,0,0,0,,,,
754,Bangladesh,Chattogram,Cox's Bazar,Eidghoan,Eidghoan,5,Sofura Akter,,,Shia Para-2,,,,,1348,395,0,299,0,0,0,0,0,0,0,0,0,0,0,0,0,,,,
755,Bangladesh,Chattogram,Cox's Bazar,Eidghoan,Eidghoan,5,Sofura Akter,,,Uttar Para,,,,,1338,391,0,667,0,0,0,0,0,0,0,0,0,0,0,0,0,,,,
756,Bangladesh,Chattogram,Cox's Bazar,Eidghoan,Eidghoan,6,Sofura Akter,,,Butia Para,,,,,1390,438,0,543,0,0,0,0,0,0,0,0,0,0,0,0,0,,,,
757,Bangladesh,Chattogram,Cox's Bazar,Eidghoan,Eidghoan,6,Sofura Akter,,,Masua Khali,,,,,1181,350,0,0,0,0,0,0,0,0,0,0,0,0,0,0,0,,,,
758,Bangladesh,Chattogram,Cox's Bazar,Eidghoan,Eidghoan,6,Sofura Akter,,,Mura Para,,,,,581,250,0,0,0,0,0,0,0,0,0,0,0,0,0,0,0,,,,
759,Bangladesh,Chattogram,Cox's Bazar,Eidghoan,Eidghoan,7,Shipra Dey,,,Dhargha Para,,,,,3250,733,0,50,0,0,0,0,0,0,0,0,0,0,0,0,0,,,,
760,Bangladesh,Chattogram,Cox's Bazar,Eidghoan,Eidghoan,7,Shipra Dey,,,Hasina Para,,,,,1093,243,0,0,0,0,0,0,0,0,0,0,0,0,0,0,0,,,,
761,Bangladesh,Chattogram,Cox's Bazar,Eidghoan,Eidghoan,7,Shipra Dey,,,Maddum Shia Para,,,,,1650,455,0,553,0,0,0,0,0,0,0,0,0,0,0,0,0,,,,
762,Bangladesh,Chattogram,Cox's Bazar,Eidghoan,Eidghoan,7,Shipra Dey,,,Pacchim Vaditola,,,,,2541,725,0,1569,0,0,0,0,0,0,0,0,0,0,0,0,0,,,,
763,Bangladesh,Chattogram,Cox's Bazar,Eidghoan,Eidghoan,7,Shipra Dey,,,Purbo Vaditola,,,,,1784,375,0,1108,0,0,0,0,0,0,0,0,0,0,0,0,0,,,,
764,Bangladesh,Chattogram,Cox's Bazar,Eidghoan,Eidghoan,8,Shipra Dey,,,Chy. Para,,,,,348,81,0,0,0,0,0,0,0,0,0,0,0,0,0,0,0,,,,
765,Bangladesh,Chattogram,Cox's Bazar,Eidghoan,Eidghoan,8,Shipra Dey,,,Kaniar Chara,,,,,664,178,0,0,0,0,0,0,0,0,0,0,0,0,0,0,0,,,,
766,Bangladesh,Chattogram,Cox's Bazar,Eidghoan,Eidghoan,8,Shipra Dey,,,Mondol Para,,,,,1317,312,0,0,0,0,0,0,0,0,0,0,0,0,0,0,0,,,,
767,Bangladesh,Chattogram,Cox's Bazar,Eidghoan,Eidghoan,8,Shipra Dey,,,Paul para,,,,,984,255,0,0,0,0,0,0,0,0,0,0,0,0,0,0,0,,,,
768,Bangladesh,Chattogram,Cox's Bazar,Eidghoan,Eidghoan,8,Shipra Dey,,,Ruddra Para,,,,,307,86,0,0,0,0,0,0,0,0,0,0,0,0,0,0,0,,,,
769,Bangladesh,Chattogram,Cox's Bazar,Eidghoan,Eidghoan,9,Shibu Rani Rudra,,,Duilla Chari,,,,,385,81,0,240,0,0,0,0,0,0,0,0,0,0,0,0,0,,,,
770,Bangladesh,Chattogram,Cox's Bazar,Eidghoan,Eidghoan,9,Shibu Rani Rudra,,,Moddom Bomariaghona,,,,,2113,443,0,0,0,0,0,0,0,0,0,0,0,0,0,0,0,,,,
771,Bangladesh,Chattogram,Cox's Bazar,Eidghoan,Eidghoan,9,Shibu Rani Rudra,,,Purba Bomariaghona(Dhuillachory},,,,,787,158,0,0,0,0,0,0,0,0,0,0,0,0,0,0,0,,,,
772,Bangladesh,Chattogram,Cox's Bazar,Eidghoan,Eidghoan,9,Shibu Rani Rudra,,,Uttor Shia Para,,,,,1092,232,0,45,0,0,0,0,0,0,0,0,0,0,0,0,0,,,,
773,Bangladesh,Chattogram,Cox's Bazar,Eidghoan,Islamabad,1,Taslima Jannat Ranu,,,Pashim Tech Para,,,,,5130,869,0,0,0,0,0,0,0,0,0,0,0,0,0,0,0,,,,
774,Bangladesh,Chattogram,Cox's Bazar,Eidghoan,Islamabad,1,Taslima Jannat Ranu,,,Tek Para,,,,,6133,1028,0,0,0,0,0,0,0,0,0,0,0,0,0,0,0,,,,
775,Bangladesh,Chattogram,Cox's Bazar,Eidghoan,Islamabad,2,Taslima Jannat Ranu,,,Daskin Pahashia Khalii,,,,,4334,712,0,0,0,0,0,0,0,0,0,0,0,0,0,0,0,,,,
776,Bangladesh,Chattogram,Cox's Bazar,Eidghoan,Islamabad,2,Taslima Jannat Ranu,,,Shikdar Para,,,,,1823,348,0,0,0,0,0,0,0,0,0,0,0,0,0,0,0,,,,
777,Bangladesh,Chattogram,Cox's Bazar,Eidghoan,Islamabad,2,Taslima Jannat Ranu,,,Uttar Pahashia Khali,,,,,1343,215,0,0,0,0,0,0,0,0,0,0,0,0,0,0,0,,,,
778,Bangladesh,Chattogram,Cox's Bazar,Eidghoan,Islamabad,3,Taslima Jannat Ranu,,,Char Para (Maij Para),,,,,4417,827,0,113,0,0,0,0,0,0,0,0,0,0,0,0,0,,,,
779,Bangladesh,Chattogram,Cox's Bazar,Eidghoan,Islamabad,3,Taslima Jannat Ranu,,,Hindu Para,,,,,2795,516,0,0,0,0,0,0,0,0,0,0,0,0,0,0,0,,,,
780,Bangladesh,Chattogram,Cox's Bazar,Eidghoan,Islamabad,4,Taslima Jannat Ranu,,,Bualkhali,,,,,4987,984,0,0,0,0,0,0,0,0,0,0,0,0,0,0,0,,,,
781,Bangladesh,Chattogram,Cox's Bazar,Eidghoan,Islamabad,4,Taslima Jannat Ranu,,,Esa Khali,,,,,2184,385,0,0,0,0,0,0,0,0,0,0,0,0,0,0,0,,,,
782,Bangladesh,Chattogram,Cox's Bazar,Eidghoan,Islamabad,4,Taslima Jannat Ranu,,,Puni Para,,,,,721,121,0,0,0,0,0,0,0,0,0,0,0,0,0,0,0,,,,
783,Bangladesh,Chattogram,Cox's Bazar,Eidghoan,Islamabad,4,Taslima Jannat Ranu,,,Satjola Kata,,,,,2207,416,0,0,0,0,0,0,0,0,0,0,0,0,0,0,0,,,,
784,Bangladesh,Chattogram,Cox's Bazar,Eidghoan,Islamabad,5,Taslima Jannat Ranu,,,Boida Para,,,,,2662,429,0,0,0,0,0,0,0,0,0,0,0,0,0,0,0,,,,
785,Bangladesh,Chattogram,Cox's Bazar,Eidghoan,Islamabad,5,Taslima Jannat Ranu,,,Dokhin Para,,,,,473,80,0,0,0,0,0,0,0,0,0,0,0,0,0,0,0,,,,
786,Bangladesh,Chattogram,Cox's Bazar,Eidghoan,Islamabad,5,Taslima Jannat Ranu,,,Hajee Para,,,,,1715,343,0,0,0,0,0,0,0,0,0,0,0,0,0,0,0,,,,
787,Bangladesh,Chattogram,Cox's Bazar,Eidghoan,Islamabad,5,Taslima Jannat Ranu,,,Jaladas Para,,,,,1680,318,0,0,0,0,0,0,0,0,0,0,0,0,0,0,0,,,,
788,Bangladesh,Chattogram,Cox's Bazar,Eidghoan,Islamabad,5,Taslima Jannat Ranu,,,Purbo Para,,,,,1277,228,0,0,0,0,0,0,0,0,0,0,0,0,0,0,0,,,,
789,Bangladesh,Chattogram,Cox's Bazar,Eidghoan,Islamabad,5,Taslima Jannat Ranu,,,Purbu Bualkhali,,,,,1773,422,0,0,0,0,0,0,0,0,0,0,0,0,0,0,0,,,,
790,Bangladesh,Chattogram,Cox's Bazar,Eidghoan,Islamabad,5,Taslima Jannat Ranu,,,Purbu Bualkhali Uttar Para,,,,,624,111,0,0,0,0,0,0,0,0,0,0,0,0,0,0,0,,,,
791,Bangladesh,Chattogram,Cox's Bazar,Eidghoan,Islamabad,5,Taslima Jannat Ranu,,,Uttar Para,,,,,680,142,0,0,0,0,0,0,0,0,0,0,0,0,0,0,0,,,,
792,Bangladesh,Chattogram,Cox's Bazar,Eidghoan,Islamabad,6,Refa Akter,,,Bansh Ghata,,,,,897,156,0,0,0,0,0,0,0,0,0,0,0,0,0,0,0,,,,
793,Bangladesh,Chattogram,Cox's Bazar,Eidghoan,Islamabad,6,Refa Akter,,,Dakkin Para,,,,,420,70,0,0,0,0,0,0,0,0,0,0,0,0,0,0,0,,,,
794,Bangladesh,Chattogram,Cox's Bazar,Eidghoan,Islamabad,6,Refa Akter,,,Purbu Yousuferkhil,,,,,1590,265,0,0,0,0,0,0,0,0,0,0,0,0,0,0,0,,,,
795,Bangladesh,Chattogram,Cox's Bazar,Eidghoan,Islamabad,6,Refa Akter,,,Raj Ghata,,,,,930,186,0,134,0,0,0,0,0,0,0,0,0,0,0,0,0,,,,
796,Bangladesh,Chattogram,Cox's Bazar,Eidghoan,Islamabad,6,Refa Akter,,,Yousufer Khil,,,,,712,189,0,0,0,0,0,0,0,0,0,0,0,0,0,0,0,,,,
797,Bangladesh,Chattogram,Cox's Bazar,Eidghoan,Islamabad,7,Refa Akter,,,Hori pur,,,,,1620,270,0,0,0,0,0,0,0,0,0,0,0,0,0,0,0,,,,
798,Bangladesh,Chattogram,Cox's Bazar,Eidghoan,Islamabad,7,Refa Akter,,,Khudai Bari,,,,,2835,405,0,0,0,0,0,0,0,0,0,0,0,0,0,0,0,,,,
799,Bangladesh,Chattogram,Cox's Bazar,Eidghoan,Islamabad,8,Refa Akter,,,Aowliabad,,,,,1782,297,0,0,0,0,0,0,0,0,0,0,0,0,0,0,0,,,,
800,Bangladesh,Chattogram,Cox's Bazar,Eidghoan,Islamabad,8,Refa Akter,,,Koraci Pahar,,,,,1620,236,0,0,0,0,0,0,0,0,0,0,0,0,0,0,0,,,,
801,Bangladesh,Chattogram,Cox's Bazar,Eidghoan,Islamabad,8,Refa Akter,,,Oahadia Para,,,,,1380,230,0,0,0,0,0,0,0,0,0,0,0,0,0,0,0,,,,
802,Bangladesh,Chattogram,Cox's Bazar,Eidghoan,Islamabad,8,Refa Akter,,,Shia Para,,,,,875,175,0,0,0,0,0,0,0,0,0,0,0,0,0,0,0,,,,
803,Bangladesh,Chattogram,Cox's Bazar,Eidghoan,Islamabad,9,Refa Akter,,,Gazalia Rajghat,,,,,2410,410,0,0,0,0,0,0,0,0,0,0,0,0,0,0,0,,,,
804,Bangladesh,Chattogram,Cox's Bazar,Eidghoan,Islamabad,9,Refa Akter,,,M. Gazalia,,,,,2480,310,0,0,0,0,0,0,0,0,0,0,0,0,0,0,0,,,,
805,Bangladesh,Chattogram,Cox's Bazar,Eidghoan,Islamabad,9,Refa Akter,,,Pashim Gojalia,,,,,1890,210,0,0,0,0,0,0,0,0,0,0,0,0,0,0,0,,,,
806,Bangladesh,Chattogram,Cox's Bazar,Eidghoan,Islamabad,9,Refa Akter,,,Purba Gazalia,,,,,1475,295,0,0,0,0,0,0,0,0,0,0,0,0,0,0,0,,,,
807,Bangladesh,Chattogram,Cox's Bazar,Eidghoan,Islamabad,9,Refa Akter,,,Rasulpur Gram,,,,,300,75,0,0,0,0,0,0,0,0,0,0,0,0,0,0,0,,,,
808,Bangladesh,Chattogram,Cox's Bazar,Eidghoan,Islampur,1,Shaheda Akter,,,Bansh Khata,,,,,780,175,0,201,0,0,0,0,0,0,0,0,0,0,0,0,0,,,,
809,Bangladesh,Chattogram,Cox's Bazar,Eidghoan,Islampur,1,Shaheda Akter,,,Madrasa Para,,,,,1100,235,0,0,0,0,0,0,0,0,0,0,0,0,0,0,0,,,,
810,Bangladesh,Chattogram,Cox's Bazar,Eidghoan,Islampur,1,Shaheda Akter,,,Uttor Napit Khali,,,,,1970,460,0,0,0,0,0,0,0,0,0,0,0,0,0,0,0,,,,
811,Bangladesh,Chattogram,Cox's Bazar,Eidghoan,Islampur,2,Shaheda Akter,,,Koylash Ghona,,,,,792,165,0,0,0,0,0,0,0,0,0,0,0,0,0,0,0,,,,
812,Bangladesh,Chattogram,Cox's Bazar,Eidghoan,Islampur,2,Shaheda Akter,,,Risarve Para,,,,,490,100,0,0,0,0,0,0,0,0,0,0,0,0,0,0,0,,,,
813,Bangladesh,Chattogram,Cox's Bazar,Eidghoan,Islampur,3,Shaheda Akter,,,ACF Para,,,,,970,170,0,0,0,0,0,0,0,0,0,0,0,0,0,0,0,,,,
814,Bangladesh,Chattogram,Cox's Bazar,Eidghoan,Islampur,3,Shaheda Akter,,,Lomba Mura,,,,,270,65,0,0,0,0,0,0,0,0,0,0,0,0,0,0,0,,,,
815,Bangladesh,Chattogram,Cox's Bazar,Eidghoan,Islampur,4,Shaheda Akter,,,Majar Mura,,,,,594,115,0,0,0,0,0,0,0,0,0,0,0,0,0,0,0,,,,
816,Bangladesh,Chattogram,Cox's Bazar,Eidghoan,Islampur,4,Shaheda Akter,,,Nila Para,,,,,1645,295,0,0,0,0,0,0,0,0,0,0,0,0,0,0,0,,,,
817,Bangladesh,Chattogram,Cox's Bazar,Eidghoan,Islampur,4,Shaheda Akter,,,Shati Para,,,,,795,156,0,0,0,0,0,0,0,0,0,0,0,0,0,0,0,,,,
818,Bangladesh,Chattogram,Cox's Bazar,Eidghoan,Islampur,4,Shaheda Akter,,,Shondip Para,,,,,320,65,0,0,0,0,0,0,0,0,0,0,0,0,0,0,0,,,,
819,Bangladesh,Chattogram,Cox's Bazar,Eidghoan,Islampur,5,Shaheda Akter,,,Arol Toli,,,,,479,97,0,0,0,0,0,0,0,0,0,0,0,0,0,0,0,,,,
820,Bangladesh,Chattogram,Cox's Bazar,Eidghoan,Islampur,5,Shaheda Akter,,,Ghona Para,,,,,2426,460,0,0,0,0,0,0,0,0,0,0,0,0,0,0,0,,,,
821,Bangladesh,Chattogram,Cox's Bazar,Eidghoan,Islampur,5,Shaheda Akter,,,Jum Nagor,,,,,570,120,0,0,0,0,0,0,0,0,0,0,0,0,0,0,0,,,,
822,Bangladesh,Chattogram,Cox's Bazar,Eidghoan,Islampur,5,Shaheda Akter,,,Mali Para,,,,,718,147,0,0,0,0,0,0,0,0,0,0,0,0,0,0,0,,,,
823,Bangladesh,Chattogram,Cox's Bazar,Eidghoan,Islampur,5,Shaheda Akter,,,Mohajer Para,,,,,760,190,0,0,0,0,0,0,0,0,0,0,0,0,0,0,0,,,,
824,Bangladesh,Chattogram,Cox's Bazar,Eidghoan,Islampur,5,Shaheda Akter,,,Shomiti Para,,,,,475,95,0,0,0,0,0,0,0,0,0,0,0,0,0,0,0,,,,
825,Bangladesh,Chattogram,Cox's Bazar,Eidghoan,Islampur,5,Shaheda Akter,,,Sobuj Saya,,,,,696,170,0,168,0,0,0,0,0,0,0,0,0,0,0,0,0,,,,
826,Bangladesh,Chattogram,Cox's Bazar,Eidghoan,Islampur,6,Shaheda Akter,,,Awaliabad,,,,,1565,325,0,0,0,0,0,0,0,0,0,0,0,0,0,0,0,,,,
827,Bangladesh,Chattogram,Cox's Bazar,Eidghoan,Islampur,6,Shaheda Akter,,,Dudu miar Ghona,,,,,1480,370,0,215,0,0,0,0,0,0,0,0,0,0,0,0,0,,,,
828,Bangladesh,Chattogram,Cox's Bazar,Eidghoan,Islampur,6,Shaheda Akter,,,Purba Bamonkhata,,,,,1335,243,0,0,0,0,0,0,0,0,0,0,0,0,0,0,0,,,,
829,Bangladesh,Chattogram,Cox's Bazar,Eidghoan,Islampur,6,Shaheda Akter,,,Purba Napith Khali,,,,,1765,350,0,0,0,0,0,0,0,0,0,0,0,0,0,0,0,,,,
830,Bangladesh,Chattogram,Cox's Bazar,Eidghoan,Islampur,6,Shaheda Akter,,,Uttor Napit Khali,,,,,759,135,0,0,0,0,0,0,0,0,0,0,0,0,0,0,0,,,,
831,Bangladesh,Chattogram,Cox's Bazar,Eidghoan,Islampur,6,Shaheda Akter,,,Villager Para,,,,,1585,395,0,0,0,0,0,0,0,0,0,0,0,0,0,0,0,,,,
832,Bangladesh,Chattogram,Cox's Bazar,Eidghoan,Islampur,7,Shaheda Akter,,,BamonKhata,,,,,480,85,0,0,0,0,0,0,0,0,0,0,0,0,0,0,0,,,,
833,Bangladesh,Chattogram,Cox's Bazar,Eidghoan,Islampur,7,Shaheda Akter,,,Dharmar Chara,,,,,332,60,0,0,0,0,0,0,0,0,0,0,0,0,0,0,0,,,,
834,Bangladesh,Chattogram,Cox's Bazar,Eidghoan,Islampur,7,Shaheda Akter,,,Passhim Bamonkhata,,,,,1060,185,0,0,0,0,0,0,0,0,0,0,0,0,0,0,0,,,,
835,Bangladesh,Chattogram,Cox's Bazar,Eidghoan,Islampur,8,Shaheda Akter,,,Dakkin Khan Ghona,,,,,1331,293,0,0,0,0,0,0,0,0,0,0,0,0,0,0,0,,,,
836,Bangladesh,Chattogram,Cox's Bazar,Eidghoan,Islampur,8,Shaheda Akter,,,Dokkin Boiddha Para,,,,,970,211,0,0,0,0,0,0,0,0,0,0,0,0,0,0,0,,,,
837,Bangladesh,Chattogram,Cox's Bazar,Eidghoan,Islampur,8,Shaheda Akter,,,Hajee Para,,,,,1105,195,0,0,0,0,0,0,0,0,0,0,0,0,0,0,0,,,,
838,Bangladesh,Chattogram,Cox's Bazar,Eidghoan,Islampur,9,Shaheda Akter,,,Dokkin Bazar Para,,,,,360,78,0,0,0,0,0,0,0,0,0,0,0,0,0,0,0,,,,
839,Bangladesh,Chattogram,Cox's Bazar,Eidghoan,Islampur,9,Shaheda Akter,,,Majar Para,,,,,495,102,0,0,0,0,0,0,0,0,0,0,0,0,0,0,0,,,,
840,Bangladesh,Chattogram,Cox's Bazar,Eidghoan,Islampur,9,Shaheda Akter,,,Pacchim Khan Ghona,,,,,103,20,0,0,0,0,0,0,0,0,0,0,0,0,0,0,0,,,,
841,Bangladesh,Chattogram,Cox's Bazar,Eidghoan,Islampur,9,Shaheda Akter,,,Purba Khan Ghona,,,,,176,40,0,0,0,0,0,0,0,0,0,0,0,0,0,0,0,,,,
842,Bangladesh,Chattogram,Cox's Bazar,Eidghoan,Islampur,9,Shaheda Akter,,,Uttar Khan Ghona,,,,,396,80,0,0,0,0,0,0,0,0,0,0,0,0,0,0,0,,,,
843,Bangladesh,Chattogram,Cox's Bazar,Eidghoan,Jalalabad,1,Afreen Mokarroma,,,Bazar Alaka,,,,,2170,402,0,0,0,0,0,0,0,0,0,0,0,0,0,0,0,,,,
844,Bangladesh,Chattogram,Cox's Bazar,Eidghoan,Jalalabad,1,Afreen Mokarroma,,,Khadimarchor,,,,,591,91,0,0,0,0,0,0,0,0,0,0,0,0,0,0,0,,,,
845,Bangladesh,Chattogram,Cox's Bazar,Eidghoan,Jalalabad,1,Afreen Mokarroma,,,Masua Para,,,,,292,65,0,0,0,0,0,0,0,0,0,0,0,0,0,0,0,,,,
846,Bangladesh,Chattogram,Cox's Bazar,Eidghoan,Jalalabad,1,Afreen Mokarroma,,,Showdargor Para,,,,,1592,275,0,0,0,0,0,0,0,0,0,0,0,0,0,0,0,,,,
847,Bangladesh,Chattogram,Cox's Bazar,Eidghoan,Jalalabad,1,Afreen Mokarroma,,,Teli Para,,,,,367,83,0,0,0,0,0,0,0,0,0,0,0,0,0,0,0,,,,
848,Bangladesh,Chattogram,Cox's Bazar,Eidghoan,Jalalabad,2,Afreen Mokarroma,,,Hindu Para,,,,,952,166,0,0,0,0,0,0,0,0,0,0,0,0,0,0,0,,,,
849,Bangladesh,Chattogram,Cox's Bazar,Eidghoan,Jalalabad,2,Afreen Mokarroma,,,Idrishpur,,,,,768,167,0,0,0,0,0,0,0,0,0,0,0,0,0,0,0,,,,
850,Bangladesh,Chattogram,Cox's Bazar,Eidghoan,Jalalabad,2,Afreen Mokarroma,,,Purba Larabag,,,,,356,83,0,0,0,0,0,0,0,0,0,0,0,0,0,0,0,,,,
851,Bangladesh,Chattogram,Cox's Bazar,Eidghoan,Jalalabad,2,Afreen Mokarroma,,,Shati Para,,,,,1052,188,0,0,0,0,0,0,0,0,0,0,0,0,0,0,0,,,,
852,Bangladesh,Chattogram,Cox's Bazar,Eidghoan,Jalalabad,3,Afreen Mokarroma,,,Char Para,,,,,386,93,0,0,0,0,0,0,0,0,0,0,0,0,0,0,0,,,,
853,Bangladesh,Chattogram,Cox's Bazar,Eidghoan,Jalalabad,3,Afreen Mokarroma,,,Dakkin Larabag,,,,,597,139,0,0,0,0,0,0,0,0,0,0,0,0,0,0,0,,,,
854,Bangladesh,Chattogram,Cox's Bazar,Eidghoan,Jalalabad,4,Afreen Mokarroma,,,Kacho Para,,,,,391,87,0,0,0,0,0,0,0,0,0,0,0,0,0,0,0,,,,
855,Bangladesh,Chattogram,Cox's Bazar,Eidghoan,Jalalabad,4,Afreen Mokarroma,,,Kamar Para,,,,,1197,266,0,3,0,0,0,0,0,0,0,0,0,0,0,0,0,,,,
856,Bangladesh,Chattogram,Cox's Bazar,Eidghoan,Jalalabad,4,Afreen Mokarroma,,,Miajee Para,,,,,937,223,0,0,0,0,0,0,0,0,0,0,0,0,0,0,0,,,,
857,Bangladesh,Chattogram,Cox's Bazar,Eidghoan,Jalalabad,4,Afreen Mokarroma,,,Pacchim Miajee Para,,,,,2987,532,0,0,0,0,0,0,0,0,0,0,0,0,0,0,0,,,,
858,Bangladesh,Chattogram,Cox's Bazar,Eidghoan,Jalalabad,4,Afreen Mokarroma,,,Purba Kamar Para,,,,,760,145,0,0,0,0,0,0,0,0,0,0,0,0,0,0,0,,,,
859,Bangladesh,Chattogram,Cox's Bazar,Eidghoan,Jalalabad,4,Afreen Mokarroma,,,Purba Miajee Para,,,,,1204,215,0,0,0,0,0,0,0,0,0,0,0,0,0,0,0,,,,
860,Bangladesh,Chattogram,Cox's Bazar,Eidghoan,Jalalabad,5,Afreen Mokarroma,,,Farajee Para,,,,,842,154,0,0,0,0,0,0,0,0,0,0,0,0,0,0,0,,,,
861,Bangladesh,Chattogram,Cox's Bazar,Eidghoan,Jalalabad,5,Afreen Mokarroma,,,Lorabag,,,,,1202,212,0,0,0,0,0,0,0,0,0,0,0,0,0,0,0,,,,
862,Bangladesh,Chattogram,Cox's Bazar,Eidghoan,Jalalabad,5,Afreen Mokarroma,,,Purba Farajee Para,,,,,531,117,0,0,0,0,0,0,0,0,0,0,0,0,0,0,0,,,,
863,Bangladesh,Chattogram,Cox's Bazar,Eidghoan,Jalalabad,6,Afreen Mokarroma,,,Baharchara,,,,,448,84,0,0,0,0,0,0,0,0,0,0,0,0,0,0,0,,,,
864,Bangladesh,Chattogram,Cox's Bazar,Eidghoan,Jalalabad,6,Afreen Mokarroma,,,Dokkin Bahar Chora,,,,,313,73,0,0,0,0,0,0,0,0,0,0,0,0,0,0,0,,,,
865,Bangladesh,Chattogram,Cox's Bazar,Eidghoan,Jalalabad,6,Afreen Mokarroma,,,Purbo Bahar Chora,,,,,2177,403,0,0,0,0,0,0,0,0,0,0,0,0,0,0,0,,,,
866,Bangladesh,Chattogram,Cox's Bazar,Eidghoan,Jalalabad,7,Afreen Mokarroma,,,Char Para,,,,,309,72,0,0,0,0,0,0,0,0,0,0,0,0,0,0,0,,,,
867,Bangladesh,Chattogram,Cox's Bazar,Eidghoan,Jalalabad,7,Afreen Mokarroma,,,Pacchim Mohanvila,,,,,2341,509,0,0,0,0,0,0,0,0,0,0,0,0,0,0,0,,,,
868,Bangladesh,Chattogram,Cox's Bazar,Eidghoan,Jalalabad,7,Afreen Mokarroma,,,Pachar para,,,,,1877,339,0,0,0,0,0,0,0,0,0,0,0,0,0,0,0,,,,
869,Bangladesh,Chattogram,Cox's Bazar,Eidghoan,Jalalabad,7,Afreen Mokarroma,,,Purba Mohanvila,,,,,1063,197,0,0,0,0,0,0,0,0,0,0,0,0,0,0,0,,,,
870,Bangladesh,Chattogram,Cox's Bazar,Eidghoan,Jalalabad,8,Afreen Mokarroma,,,Dokkin Palakata,,,,,1140,248,0,0,0,0,0,0,0,0,0,0,0,0,0,0,0,,,,
871,Bangladesh,Chattogram,Cox's Bazar,Eidghoan,Jalalabad,8,Afreen Mokarroma,,,Maddhom Palakata,,,,,1046,201,0,0,0,0,0,0,0,0,0,0,0,0,0,0,0,,,,
872,Bangladesh,Chattogram,Cox's Bazar,Eidghoan,Jalalabad,8,Afreen Mokarroma,,,Pecha Para,,,,,2047,379,0,0,0,0,0,0,0,0,0,0,0,0,0,0,0,,,,
873,Bangladesh,Chattogram,Cox's Bazar,Eidghoan,Jalalabad,9,Afreen Mokarroma,,,Bot toli Para,,,,,1120,176,0,0,0,0,0,0,0,0,0,0,0,0,0,0,0,,,,
874,Bangladesh,Chattogram,Cox's Bazar,Eidghoan,Jalalabad,9,Afreen Mokarroma,,,Gungachtola,,,,,396,62,0,0,0,0,0,0,0,0,0,0,0,0,0,0,0,,,,
875,Bangladesh,Chattogram,Cox's Bazar,Eidghoan,Jalalabad,9,Afreen Mokarroma,,,Maddhom Palakata,,,,,1085,185,0,0,0,0,0,0,0,0,0,0,0,0,0,0,0,,,,
876,Bangladesh,Chattogram,Cox's Bazar,Eidghoan,Jalalabad,9,Afreen Mokarroma,,,Purba Palakata,,,,,1162,200,0,0,0,0,0,0,0,0,0,0,0,0,0,0,0,,,,
877,Bangladesh,Chattogram,Cox's Bazar,Eidghoan,Jalalabad,9,Afreen Mokarroma,,,Uttar Palakata,,,,,1413,245,0,0,0,0,0,0,0,0,0,0,0,0,0,0,0,,,,
878,Bangladesh,Chattogram,Cox's Bazar,Eidghoan,Pook Khali,1,Rima Sharma,,,Ghona Para,,,,,795,150,0,0,0,0,0,0,0,0,0,0,0,0,0,0,0,,,,
879,Bangladesh,Chattogram,Cox's Bazar,Eidghoan,Pook Khali,1,Rima Sharma,,,Isakhali Khonar Para,,,,,1855,350,0,3,0,0,0,0,0,0,0,0,0,0,0,0,0,,,,
880,Bangladesh,Chattogram,Cox's Bazar,Eidghoan,Pook Khali,1,Rima Sharma,,,Moddom Isakhali,,,,,350,75,0,0,0,0,0,0,0,0,0,0,0,0,0,0,0,,,,
881,Bangladesh,Chattogram,Cox's Bazar,Eidghoan,Pook Khali,1,Rima Sharma,,,Pacchim Isakhali Bris Para,,,,,423,90,0,0,0,0,0,0,0,0,0,0,0,0,0,0,0,,,,
882,Bangladesh,Chattogram,Cox's Bazar,Eidghoan,Pook Khali,1,Rima Sharma,,,Pacchim Isakhali Chuddakhali Para,,,,,110,30,0,0,0,0,0,0,0,0,0,0,0,0,0,0,0,,,,
883,Bangladesh,Chattogram,Cox's Bazar,Eidghoan,Pook Khali,1,Rima Sharma,,,Pacchim Isakhali Dandi Bazar,,,,,536,95,0,0,0,0,0,0,0,0,0,0,0,0,0,0,0,,,,
884,Bangladesh,Chattogram,Cox's Bazar,Eidghoan,Pook Khali,1,Rima Sharma,,,Pacchim Isakhali Pancch Ghona,,,,,478,74,0,0,0,0,0,0,0,0,0,0,0,0,0,0,0,,,,
885,Bangladesh,Chattogram,Cox's Bazar,Eidghoan,Pook Khali,1,Rima Sharma,,,Pansho Ghona,,,,,150,40,0,0,0,0,0,0,0,0,0,0,0,0,0,0,0,,,,
886,Bangladesh,Chattogram,Cox's Bazar,Eidghoan,Pook Khali,1,Rima Sharma,,,Siyatto Ghona,,,,,365,60,0,0,0,0,0,0,0,0,0,0,0,0,0,0,0,,,,
887,Bangladesh,Chattogram,Cox's Bazar,Eidghoan,Pook Khali,2,Rima Sharma,,,Chauddokhali Para,,,,,302,53,0,0,0,0,0,0,0,0,0,0,0,0,0,0,0,,,,
888,Bangladesh,Chattogram,Cox's Bazar,Eidghoan,Pook Khali,2,Rima Sharma,,,Ghodam Para,,,,,248,46,0,0,0,0,0,0,0,0,0,0,0,0,0,0,0,,,,
889,Bangladesh,Chattogram,Cox's Bazar,Eidghoan,Pook Khali,2,Rima Sharma,,,Haira Para,,,,,901,184,0,0,0,0,0,0,0,0,0,0,0,0,0,0,0,,,,
890,Bangladesh,Chattogram,Cox's Bazar,Eidghoan,Pook Khali,2,Rima Sharma,,,Hindu Para,,,,,455,75,0,0,0,0,0,0,0,0,0,0,0,0,0,0,0,,,,
891,Bangladesh,Chattogram,Cox's Bazar,Eidghoan,Pook Khali,2,Rima Sharma,,,Maddum Pookkhali Fakir Para,,,,,257,45,0,0,0,0,0,0,0,0,0,0,0,0,0,0,0,,,,
892,Bangladesh,Chattogram,Cox's Bazar,Eidghoan,Pook Khali,2,Rima Sharma,,,Mia Para,,,,,1462,276,0,0,0,0,0,0,0,0,0,0,0,0,0,0,0,,,,
893,Bangladesh,Chattogram,Cox's Bazar,Eidghoan,Pook Khali,2,Rima Sharma,,,Natun Bazar,,,,,275,54,0,0,0,0,0,0,0,0,0,0,0,0,0,0,0,,,,
894,Bangladesh,Chattogram,Cox's Bazar,Eidghoan,Pook Khali,2,Rima Sharma,,,Purba Pookkhali Bara Shikder Para,,,,,892,105,0,0,0,0,0,0,0,0,0,0,0,0,0,0,0,,,,
895,Bangladesh,Chattogram,Cox's Bazar,Eidghoan,Pook Khali,2,Rima Sharma,,,Purba Pookkhali Dakkin Para,,,,,208,35,0,0,0,0,0,0,0,0,0,0,0,0,0,0,0,,,,
896,Bangladesh,Chattogram,Cox's Bazar,Eidghoan,Pook Khali,2,Rima Sharma,,,Purba Pookkhali Ghudam Para,,,,,815,145,0,0,0,0,0,0,0,0,0,0,0,0,0,0,0,,,,
897,Bangladesh,Chattogram,Cox's Bazar,Eidghoan,Pook Khali,2,Rima Sharma,,,Purba Pookkhali Jom Shikaer  Para,,,,,449,80,0,0,0,0,0,0,0,0,0,0,0,0,0,0,0,,,,
898,Bangladesh,Chattogram,Cox's Bazar,Eidghoan,Pook Khali,2,Rima Sharma,,,Purba Pookkhali Uttar Para,,,,,357,60,0,0,0,0,0,0,0,0,0,0,0,0,0,0,0,,,,
899,Bangladesh,Chattogram,Cox's Bazar,Eidghoan,Pook Khali,2,Rima Sharma,,,Sikanto Para,,,,,150,32,0,0,0,0,0,0,0,0,0,0,0,0,0,0,0,,,,
900,Bangladesh,Chattogram,Cox's Bazar,Eidghoan,Pook Khali,2,Rima Sharma,,,Sikder Para,,,,,734,153,0,0,0,0,0,0,0,0,0,0,0,0,0,0,0,,,,
901,Bangladesh,Chattogram,Cox's Bazar,Eidghoan,Pook Khali,3,Rima Sharma,,,Abul Fajal Para,,,,,912,190,0,0,0,0,0,0,0,0,0,0,0,0,0,0,0,,,,
902,Bangladesh,Chattogram,Cox's Bazar,Eidghoan,Pook Khali,3,Rima Sharma,,,Char Kacha,,,,,210,35,0,0,0,0,0,0,0,0,0,0,0,0,0,0,0,,,,
903,Bangladesh,Chattogram,Cox's Bazar,Eidghoan,Pook Khali,3,Rima Sharma,,,Kamala Para,,,,,439,83,0,0,0,0,0,0,0,0,0,0,0,0,0,0,0,,,,
904,Bangladesh,Chattogram,Cox's Bazar,Eidghoan,Pook Khali,3,Rima Sharma,,,Maddum Pookkhali Bania Para,,,,,277,48,0,0,0,0,0,0,0,0,0,0,0,0,0,0,0,,,,
905,Bangladesh,Chattogram,Cox's Bazar,Eidghoan,Pook Khali,3,Rima Sharma,,,Maddum Pookkhali Samiuddin Para,,,,,1725,287,0,0,0,0,0,0,0,0,0,0,0,0,0,0,0,,,,
906,Bangladesh,Chattogram,Cox's Bazar,Eidghoan,Pook Khali,3,Rima Sharma,,,Maddum Pookkhali Uttar Para,,,,,263,54,0,0,0,0,0,0,0,0,0,0,0,0,0,0,0,,,,
907,Bangladesh,Chattogram,Cox's Bazar,Eidghoan,Pook Khali,3,Rima Sharma,,,Shamiuddin Para,,,,,477,90,0,0,0,0,0,0,0,0,0,0,0,0,0,0,0,,,,
908,Bangladesh,Chattogram,Cox's Bazar,Eidghoan,Pook Khali,4,Ateka Moni,,,Aouliabad,,,,,1568,275,0,0,0,0,0,0,0,0,0,0,0,0,0,0,0,,,,
909,Bangladesh,Chattogram,Cox's Bazar,Eidghoan,Pook Khali,4,Ateka Moni,,,Char Para,,,,,512,145,0,0,0,0,0,0,0,0,0,0,0,0,0,0,0,,,,
910,Bangladesh,Chattogram,Cox's Bazar,Eidghoan,Pook Khali,4,Ateka Moni,,,Dail Para,,,,,193,48,0,0,0,0,0,0,0,0,0,0,0,0,0,0,0,,,,
911,Bangladesh,Chattogram,Cox's Bazar,Eidghoan,Pook Khali,4,Ateka Moni,,,Haji Para,,,,,238,67,0,0,0,0,0,0,0,0,0,0,0,0,0,0,0,,,,
912,Bangladesh,Chattogram,Cox's Bazar,Eidghoan,Pook Khali,4,Ateka Moni,,,Maddum Para,,,,,722,125,0,0,0,0,0,0,0,0,0,0,0,0,0,0,0,,,,
913,Bangladesh,Chattogram,Cox's Bazar,Eidghoan,Pook Khali,4,Ateka Moni,,,Malmura Para,,,,,1527,261,0,0,0,0,0,0,0,0,0,0,0,0,0,0,0,,,,
914,Bangladesh,Chattogram,Cox's Bazar,Eidghoan,Pook Khali,4,Ateka Moni,,,Naikkongdia Uttar Para,,,,,730,125,0,0,0,0,0,0,0,0,0,0,0,0,0,0,0,,,,
915,Bangladesh,Chattogram,Cox's Bazar,Eidghoan,Pook Khali,4,Ateka Moni,,,SulubanPara,,,,,477,90,0,0,0,0,0,0,0,0,0,0,0,0,0,0,0,,,,
916,Bangladesh,Chattogram,Cox's Bazar,Eidghoan,Pook Khali,4,Ateka Moni,,,Uttar Haji Para,,,,,1340,253,0,0,0,0,0,0,0,0,0,0,0,0,0,0,0,,,,
917,Bangladesh,Chattogram,Cox's Bazar,Eidghoan,Pook Khali,5,Ateka Moni,,,Moddom Naikkongdia,,,,,308,55,0,0,0,0,0,0,0,0,0,0,0,0,0,0,0,,,,
918,Bangladesh,Chattogram,Cox's Bazar,Eidghoan,Pook Khali,5,Ateka Moni,,,Naikkongdia Dakkin Para,,,,,805,138,0,0,0,0,0,0,0,0,0,0,0,0,0,0,0,,,,
919,Bangladesh,Chattogram,Cox's Bazar,Eidghoan,Pook Khali,5,Ateka Moni,,,Naikkongdia Pacchim Para,,,,,991,171,0,0,0,0,0,0,0,0,0,0,0,0,0,0,0,,,,
920,Bangladesh,Chattogram,Cox's Bazar,Eidghoan,Pook Khali,5,Ateka Moni,,,Naikkongdia Purba Para,,,,,1610,280,0,0,0,0,0,0,0,0,0,0,0,0,0,0,0,,,,
921,Bangladesh,Chattogram,Cox's Bazar,Eidghoan,Pook Khali,6,Ateka Moni,,,Naikkongdia,,,,,210,43,0,0,0,0,0,0,0,0,0,0,0,0,0,0,0,,,,
922,Bangladesh,Chattogram,Cox's Bazar,Eidghoan,Pook Khali,6,Ateka Moni,,,Utar Naikkongdia,,,,,687,117,0,0,0,0,0,0,0,0,0,0,0,0,0,0,0,,,,
923,Bangladesh,Chattogram,Cox's Bazar,Eidghoan,Pook Khali,7,Dilder Begum,,,Ashinnar Para,,,,,580,96,0,0,0,0,0,0,0,0,0,0,0,0,0,0,0,,,,
924,Bangladesh,Chattogram,Cox's Bazar,Eidghoan,Pook Khali,7,Dilder Begum,,,Auilla Para,,,,,723,125,0,0,0,0,0,0,0,0,0,0,0,0,0,0,0,,,,
925,Bangladesh,Chattogram,Cox's Bazar,Eidghoan,Pook Khali,7,Dilder Begum,,,Azim Para,,,,,502,83,0,0,0,0,0,0,0,0,0,0,0,0,0,0,0,,,,
926,Bangladesh,Chattogram,Cox's Bazar,Eidghoan,Pook Khali,7,Dilder Begum,,,Gaitta Khali (Ghoma toli),,,,,1236,176,0,386,0,0,0,0,0,0,0,0,0,0,0,0,0,,,,
927,Bangladesh,Chattogram,Cox's Bazar,Eidghoan,Pook Khali,7,Dilder Begum,,,Jamai Para,,,,,678,86,0,0,0,0,0,0,0,0,0,0,0,0,0,0,0,,,,
928,Bangladesh,Chattogram,Cox's Bazar,Eidghoan,Pook Khali,7,Dilder Begum,,,Raj Ghat,,,,,981,161,0,0,0,0,0,0,0,0,0,0,0,0,0,0,0,,,,
929,Bangladesh,Chattogram,Cox's Bazar,Eidghoan,Pook Khali,8,Dilder Begum,,,Ayolla Para,,,,,589,84,0,0,0,0,0,0,0,0,0,0,0,0,0,0,0,,,,
930,Bangladesh,Chattogram,Cox's Bazar,Eidghoan,Pook Khali,8,Dilder Begum,,,Baish khali Para,,,,,249,41,0,0,0,0,0,0,0,0,0,0,0,0,0,0,0,,,,
931,Bangladesh,Chattogram,Cox's Bazar,Eidghoan,Pook Khali,8,Dilder Begum,,,Bara Aulia Para,,,,,191,40,0,0,0,0,0,0,0,0,0,0,0,0,0,0,0,,,,
932,Bangladesh,Chattogram,Cox's Bazar,Eidghoan,Pook Khali,8,Dilder Begum,,,Bazar Para,,,,,1407,235,0,0,0,0,0,0,0,0,0,0,0,0,0,0,0,,,,
933,Bangladesh,Chattogram,Cox's Bazar,Eidghoan,Pook Khali,8,Dilder Begum,,,Char Para,,,,,1302,195,0,3,0,0,0,0,0,0,0,0,0,0,0,0,0,,,,
934,Bangladesh,Chattogram,Cox's Bazar,Eidghoan,Pook Khali,8,Dilder Begum,,,Dail Para,,,,,1344,232,0,0,0,0,0,0,0,0,0,0,0,0,0,0,0,,,,
935,Bangladesh,Chattogram,Cox's Bazar,Eidghoan,Pook Khali,8,Dilder Begum,,,Dakkin Para,,,,,1787,296,0,470,0,0,0,0,0,0,0,0,0,0,0,0,0,,,,
936,Bangladesh,Chattogram,Cox's Bazar,Eidghoan,Pook Khali,8,Dilder Begum,,,Mojaher Para,,,,,736,106,0,0,0,0,0,0,0,0,0,0,0,0,0,0,0,,,,
937,Bangladesh,Chattogram,Cox's Bazar,Eidghoan,Pook Khali,8,Dilder Begum,,,Saghor Para,,,,,622,103,0,0,0,0,0,0,0,0,0,0,0,0,0,0,0,,,,
938,Bangladesh,Chattogram,Cox's Bazar,Eidghoan,Pook Khali,8,Dilder Begum,,,School Para,,,,,443,63,0,0,0,0,0,0,0,0,0,0,0,0,0,0,0,,,,
939,Bangladesh,Chattogram,Cox's Bazar,Eidghoan,Pook Khali,9,Dilder Begum,,,Baboilla Para,,,,,1170,167,0,0,0,0,0,0,0,0,0,0,0,0,0,0,0,,,,
940,Bangladesh,Chattogram,Cox's Bazar,Eidghoan,Pook Khali,9,Dilder Begum,,,Barma Para,,,,,1229,266,0,0,0,0,0,0,0,0,0,0,0,0,0,0,0,,,,
941,Bangladesh,Chattogram,Cox's Bazar,Eidghoan,Pook Khali,9,Dilder Begum,,,Bazar Para,,,,,436,135,0,0,0,0,0,0,0,0,0,0,0,0,0,0,0,,,,
942,Bangladesh,Chattogram,Cox's Bazar,Eidghoan,Pook Khali,9,Dilder Begum,,,Bazar Para(Banglabazar),,,,,1185,197,0,356,0,0,0,0,0,0,0,0,0,0,0,0,0,,,,
943,Bangladesh,Chattogram,Cox's Bazar,Eidghoan,Pook Khali,9,Dilder Begum,,,Dakkin Para,,,,,892,142,0,32,0,0,0,0,0,0,0,0,0,0,0,0,0,,,,
944,Bangladesh,Chattogram,Cox's Bazar,Eidghoan,Pook Khali,9,Dilder Begum,,,Guma Toli,,,,,1236,134,0,0,0,0,0,0,0,0,0,0,0,0,0,0,0,,,,
945,Bangladesh,Chattogram,Cox's Bazar,Eidghoan,Pook Khali,9,Dilder Begum,,,Jhaodo Para,,,,,689,97,0,0,0,0,0,0,0,0,0,0,0,0,0,0,0,,,,
946,Bangladesh,Chattogram,Cox's Bazar,Eidghoan,Pook Khali,9,Dilder Begum,,,Masjeed  Para,,,,,617,84,0,0,0,0,0,0,0,0,0,0,0,0,0,0,0,,,,
947,Bangladesh,Chattogram,Cox's Bazar,Eidghoan,Pook Khali,9,Dilder Begum,,,Raja Khali Para,,,,,699,169,0,0,0,0,0,0,0,0,0,0,0,0,0,0,0,,,,
948,Bangladesh,Chattogram,Cox's Bazar,Eidghoan,Pook Khali,9,Dilder Begum,,,Showdagor Para,,,,,1322,232,0,0,0,0,0,0,0,0,0,0,0,0,0,0,0,,,,
949,Bangladesh,Chattogram,Cox's Bazar,Eidghoan,Pook Khali,9,Dilder Begum,,,Sonarbara Para,,,,,336,43,0,0,0,0,0,0,0,0,0,0,0,0,0,0,0,,,,
950,Bangladesh,Chattogram,Cox's Bazar,Eidghoan,Pook Khali,9,Dilder Begum,,,Uttar Pashim Daskin Para,,,,,111,20,0,0,0,0,0,0,0,0,0,0,0,0,0,0,0,,,,
951,Bangladesh,Chattogram,Cox's Bazar,Moheshkhali,Bara Moheshkhali,1,,,,Amtali,,,,,0,0,0,0,0,0,0,0,0,0,0,0,0,0,0,0,0,,,,
952,Bangladesh,Chattogram,Cox's Bazar,Moheshkhali,Bara Moheshkhali,1,,,,Boro Dail,,,,,0,0,0,0,0,0,0,0,0,0,0,0,0,0,0,0,0,,,,
953,Bangladesh,Chattogram,Cox's Bazar,Moheshkhali,Bara Moheshkhali,1,,,,Fakirakata,,,,,0,0,0,0,0,0,0,0,0,0,0,0,0,0,0,0,0,,,,
954,Bangladesh,Chattogram,Cox's Bazar,Moheshkhali,Bara Moheshkhali,1,,,,Mogoriakata,,,,,0,0,0,0,0,0,0,0,0,0,0,0,0,0,0,0,0,,,,
955,Bangladesh,Chattogram,Cox's Bazar,Moheshkhali,Bara Moheshkhali,1,,,,Sukuria Para,,,,,0,0,0,0,0,0,0,0,0,0,0,0,0,0,0,0,0,,,,
956,Bangladesh,Chattogram,Cox's Bazar,Moheshkhali,Bara Moheshkhali,2,,,,Mazer Dail,,,,,0,0,0,0,0,0,0,0,0,0,0,0,0,0,0,0,0,,,,
957,Bangladesh,Chattogram,Cox's Bazar,Moheshkhali,Bara Moheshkhali,2,,,,Munsir Dail,,,,,0,0,0,0,0,0,0,0,0,0,0,0,0,0,0,0,0,,,,
958,Bangladesh,Chattogram,Cox's Bazar,Moheshkhali,Bara Moheshkhali,2,,,,Pahartali,,,,,0,0,0,0,0,0,0,0,0,0,0,0,0,0,0,0,0,,,,
959,Bangladesh,Chattogram,Cox's Bazar,Moheshkhali,Bara Moheshkhali,3,,,,Mahara Para,,,,,0,0,0,0,0,0,0,0,0,0,0,0,0,0,0,0,0,,,,
960,Bangladesh,Chattogram,Cox's Bazar,Moheshkhali,Bara Moheshkhali,3,,,,Miazir Para,,,,,0,0,0,0,0,0,0,0,0,0,0,0,0,0,0,0,0,,,,
961,Bangladesh,Chattogram,Cox's Bazar,Moheshkhali,Bara Moheshkhali,3,,,,Monu Miar Para,,,,,0,0,0,0,0,0,0,0,0,0,0,0,0,0,0,0,0,,,,
962,Bangladesh,Chattogram,Cox's Bazar,Moheshkhali,Bara Moheshkhali,3,,,,Moulovi Ansar Ali Para,,,,,0,0,0,0,0,0,0,0,0,0,0,0,0,0,0,0,0,,,,
963,Bangladesh,Chattogram,Cox's Bazar,Moheshkhali,Bara Moheshkhali,4,,,,Debanga Para,,,,,0,0,0,0,0,0,0,0,0,0,0,0,0,0,0,0,0,,,,
964,Bangladesh,Chattogram,Cox's Bazar,Moheshkhali,Bara Moheshkhali,4,,,,Gulguliya Para,,,,,0,0,0,0,0,0,0,0,0,0,0,0,0,0,0,0,0,,,,
965,Bangladesh,Chattogram,Cox's Bazar,Moheshkhali,Bara Moheshkhali,4,,,,Pahartali,,,,,0,0,0,0,0,0,0,0,0,0,0,0,0,0,0,0,0,,,,
966,Bangladesh,Chattogram,Cox's Bazar,Moheshkhali,Bara Moheshkhali,5,,,,Dhopa Para,,,,,0,0,0,0,0,0,0,0,0,0,0,0,0,0,0,0,0,,,,
967,Bangladesh,Chattogram,Cox's Bazar,Moheshkhali,Bara Moheshkhali,5,,,,Gorostan Para,,,,,0,0,0,0,0,0,0,0,0,0,0,0,0,0,0,0,0,,,,
968,Bangladesh,Chattogram,Cox's Bazar,Moheshkhali,Bara Moheshkhali,5,,,,Hindu Para,,,,,0,0,0,0,0,0,0,0,0,0,0,0,0,0,0,0,0,,,,
969,Bangladesh,Chattogram,Cox's Bazar,Moheshkhali,Bara Moheshkhali,5,,,,Latuar Dail,,,,,0,0,0,0,0,0,0,0,0,0,0,0,0,0,0,0,0,,,,
970,Bangladesh,Chattogram,Cox's Bazar,Moheshkhali,Bara Moheshkhali,5,,,,Modhuar Dail,,,,,0,0,0,0,0,0,0,0,0,0,0,0,0,0,0,0,0,,,,
971,Bangladesh,Chattogram,Cox's Bazar,Moheshkhali,Bara Moheshkhali,5,,,,Mohorir Dail,,,,,0,0,0,0,0,0,0,0,0,0,0,0,0,0,0,0,0,,,,
972,Bangladesh,Chattogram,Cox's Bazar,Moheshkhali,Bara Moheshkhali,5,,,,Siphair Para,,,,,0,0,0,0,0,0,0,0,0,0,0,0,0,0,0,0,0,,,,
973,Bangladesh,Chattogram,Cox's Bazar,Moheshkhali,Bara Moheshkhali,6,,,,Bara Kulal Para,,,,,0,0,0,0,0,0,0,0,0,0,0,0,0,0,0,0,0,,,,
974,Bangladesh,Chattogram,Cox's Bazar,Moheshkhali,Bara Moheshkhali,6,,,,Choto Kulal Para,,,,,0,0,0,0,0,0,0,0,0,0,0,0,0,0,0,0,0,,,,
975,Bangladesh,Chattogram,Cox's Bazar,Moheshkhali,Bara Moheshkhali,6,,,,Nijtaluk Para,,,,,0,0,0,0,0,0,0,0,0,0,0,0,0,0,0,0,0,,,,
976,Bangladesh,Chattogram,Cox's Bazar,Moheshkhali,Bara Moheshkhali,6,,,,Satgoria Para,,,,,0,0,0,0,0,0,0,0,0,0,0,0,0,0,0,0,0,,,,
977,Bangladesh,Chattogram,Cox's Bazar,Moheshkhali,Bara Moheshkhali,7,,,,Jagira Ghona,,,,,0,0,0,0,0,0,0,0,0,0,0,0,0,0,0,0,0,,,,
978,Bangladesh,Chattogram,Cox's Bazar,Moheshkhali,Bara Moheshkhali,8,,,,Fakira Ghona,,,,,0,0,0,0,0,0,0,0,0,0,0,0,0,0,0,0,0,,,,
979,Bangladesh,Chattogram,Cox's Bazar,Moheshkhali,Bara Moheshkhali,8,,,,Jagira Ghona,,,,,0,0,0,0,0,0,0,0,0,0,0,0,0,0,0,0,0,,,,
980,Bangladesh,Chattogram,Cox's Bazar,Moheshkhali,Bara Moheshkhali,9,,,,Fakira Ghona,,,,,0,0,0,0,0,0,0,0,0,0,0,0,0,0,0,0,0,,,,
981,Bangladesh,Chattogram,Cox's Bazar,Moheshkhali,Choto Moheshkhali,1,,,,Maddham Sipahir Para,,,,,0,0,0,0,0,0,0,0,0,0,0,0,0,0,0,0,0,,,,
982,Bangladesh,Chattogram,Cox's Bazar,Moheshkhali,Choto Moheshkhali,1,,,,Uttur Sipahir Para,,,,,0,0,0,0,0,0,0,0,0,0,0,0,0,0,0,0,0,,,,
983,Bangladesh,Chattogram,Cox's Bazar,Moheshkhali,Choto Moheshkhali,2,,,,Dakkhin Sipahir Para,,,,,0,0,0,0,0,0,0,0,0,0,0,0,0,0,0,0,0,,,,
984,Bangladesh,Chattogram,Cox's Bazar,Moheshkhali,Choto Moheshkhali,2,,,,Purba Sipahir Para,,,,,0,0,0,0,0,0,0,0,0,0,0,0,0,0,0,0,0,,,,
985,Bangladesh,Chattogram,Cox's Bazar,Moheshkhali,Choto Moheshkhali,3,,,,Dakkhin Nolbila,,,,,0,0,0,0,0,0,0,0,0,0,0,0,0,0,0,0,0,,,,
986,Bangladesh,Chattogram,Cox's Bazar,Moheshkhali,Choto Moheshkhali,4,,,,Boshira Khola,,,,,0,0,0,0,0,0,0,0,0,0,0,0,0,0,0,0,0,,,,
987,Bangladesh,Chattogram,Cox's Bazar,Moheshkhali,Choto Moheshkhali,4,,,,Umbaniya Para,,,,,0,0,0,0,0,0,0,0,0,0,0,0,0,0,0,0,0,,,,
988,Bangladesh,Chattogram,Cox's Bazar,Moheshkhali,Choto Moheshkhali,4,,,,Uttur Kul,,,,,0,0,0,0,0,0,0,0,0,0,0,0,0,0,0,0,0,,,,
989,Bangladesh,Chattogram,Cox's Bazar,Moheshkhali,Choto Moheshkhali,5,,,,Dakkhin Kul,,,,,0,0,0,0,0,0,0,0,0,0,0,0,0,0,0,0,0,,,,
990,Bangladesh,Chattogram,Cox's Bazar,Moheshkhali,Choto Moheshkhali,5,,,,Lamba Ghona,,,,,0,0,0,0,0,0,0,0,0,0,0,0,0,0,0,0,0,,,,
991,Bangladesh,Chattogram,Cox's Bazar,Moheshkhali,Choto Moheshkhali,6,,,,Ahamadia Kata,,,,,0,0,0,0,0,0,0,0,0,0,0,0,0,0,0,0,0,,,,
992,Bangladesh,Chattogram,Cox's Bazar,Moheshkhali,Choto Moheshkhali,6,,,,Lamba Ghona Purba,,,,,0,0,0,0,0,0,0,0,0,0,0,0,0,0,0,0,0,,,,
993,Bangladesh,Chattogram,Cox's Bazar,Moheshkhali,Choto Moheshkhali,6,,,,Maij Para,,,,,0,0,0,0,0,0,0,0,0,0,0,0,0,0,0,0,0,,,,
994,Bangladesh,Chattogram,Cox's Bazar,Moheshkhali,Choto Moheshkhali,6,,,,Mudir Chara,,,,,0,0,0,0,0,0,0,0,0,0,0,0,0,0,0,0,0,,,,
995,Bangladesh,Chattogram,Cox's Bazar,Moheshkhali,Choto Moheshkhali,7,,,,Dail Para,,,,,0,0,0,0,0,0,0,0,0,0,0,0,0,0,0,0,0,,,,
996,Bangladesh,Chattogram,Cox's Bazar,Moheshkhali,Choto Moheshkhali,8,,,,Poschim Thakur Tala,,,,,0,0,0,0,0,0,0,0,0,0,0,0,0,0,0,0,0,,,,
997,Bangladesh,Chattogram,Cox's Bazar,Moheshkhali,Choto Moheshkhali,9,,,,Thakur Tala,,,,,0,0,0,0,0,0,0,0,0,0,0,0,0,0,0,0,0,,,,
998,Bangladesh,Chattogram,Cox's Bazar,Moheshkhali,Dhalghata,1,,,,Nasir Mohammad Dail,,,,,0,0,0,0,0,0,0,0,0,0,0,0,0,0,0,0,0,,,,
999,Bangladesh,Chattogram,Cox's Bazar,Moheshkhali,Dhalghata,1,,,,Uttar Mohorighona,,,,,0,0,0,0,0,0,0,0,0,0,0,0,0,0,0,0,0,,,,
1000,Bangladesh,Chattogram,Cox's Bazar,Moheshkhali,Dhalghata,2,,,,Dokkhain Mohorighuna,,,,,0,0,0,0,0,0,0,0,0,0,0,0,0,0,0,0,0,,,,
1001,Bangladesh,Chattogram,Cox's Bazar,Moheshkhali,Dhalghata,2,,,,Panir Chara,,,,,0,0,0,0,0,0,0,0,0,0,0,0,0,0,0,0,0,,,,
1002,Bangladesh,Chattogram,Cox's Bazar,Moheshkhali,Dhalghata,3,,,,Bonjamira Ghona,,,,,0,0,0,0,0,0,0,0,0,0,0,0,0,0,0,0,0,,,,
1003,Bangladesh,Chattogram,Cox's Bazar,Moheshkhali,Dhalghata,3,,,,Hamid Khali,,,,,0,0,0,0,0,0,0,0,0,0,0,0,0,0,0,0,0,,,,
1004,Bangladesh,Chattogram,Cox's Bazar,Moheshkhali,Dhalghata,4,,,,Saraitala,,,,,0,0,0,0,0,0,0,0,0,0,0,0,0,0,0,0,0,,,,
1005,Bangladesh,Chattogram,Cox's Bazar,Moheshkhali,Dhalghata,5,,,,Shikder Para,,,,,0,0,0,0,0,0,0,0,0,0,0,0,0,0,0,0,0,,,,
1006,Bangladesh,Chattogram,Cox's Bazar,Moheshkhali,Dhalghata,6,,,,Sutariya,,,,,0,0,0,0,0,0,0,0,0,0,0,0,0,0,0,0,0,,,,
1007,Bangladesh,Chattogram,Cox's Bazar,Moheshkhali,Dhalghata,7,,,,Khatur Para,,,,,0,0,0,0,0,0,0,0,0,0,0,0,0,0,0,0,0,,,,
1008,Bangladesh,Chattogram,Cox's Bazar,Moheshkhali,Dhalghata,7,,,,Napit Para,,,,,0,0,0,0,0,0,0,0,0,0,0,0,0,0,0,0,0,,,,
1009,Bangladesh,Chattogram,Cox's Bazar,Moheshkhali,Dhalghata,8,,,,Bagunbuniya,,,,,0,0,0,0,0,0,0,0,0,0,0,0,0,0,0,0,0,,,,
1010,Bangladesh,Chattogram,Cox's Bazar,Moheshkhali,Dhalghata,8,,,,Ponditar Dail,,,,,0,0,0,0,0,0,0,0,0,0,0,0,0,0,0,0,0,,,,
1011,Bangladesh,Chattogram,Cox's Bazar,Moheshkhali,Dhalghata,9,,,,Shapmarar Dail,,,,,0,0,0,0,0,0,0,0,0,0,0,0,0,0,0,0,0,,,,
1012,Bangladesh,Chattogram,Cox's Bazar,Moheshkhali,Gorakghata (Powrasava),1,,,,Putibila,,,,,0,0,0,0,0,0,0,0,0,0,0,0,0,0,0,0,0,,,,
1013,Bangladesh,Chattogram,Cox's Bazar,Moheshkhali,Gorakghata (Powrasava),2,,,,Khussamar Para,,,,,0,0,0,0,0,0,0,0,0,0,0,0,0,0,0,0,0,,,,
1014,Bangladesh,Chattogram,Cox's Bazar,Moheshkhali,Gorakghata (Powrasava),3,,,,Pual Para,,,,,0,0,0,0,0,0,0,0,0,0,0,0,0,0,0,0,0,,,,
1015,Bangladesh,Chattogram,Cox's Bazar,Moheshkhali,Gorakghata (Powrasava),4,,,,Rakhine Para,,,,,0,0,0,0,0,0,0,0,0,0,0,0,0,0,0,0,0,,,,
1016,Bangladesh,Chattogram,Cox's Bazar,Moheshkhali,Gorakghata (Powrasava),4,,,,Sikdar Para,,,,,0,0,0,0,0,0,0,0,0,0,0,0,0,0,0,0,0,,,,
1017,Bangladesh,Chattogram,Cox's Bazar,Moheshkhali,Gorakghata (Powrasava),5,,,,Ghona para,,,,,0,0,0,0,0,0,0,0,0,0,0,0,0,0,0,0,0,,,,
1018,Bangladesh,Chattogram,Cox's Bazar,Moheshkhali,Gorakghata (Powrasava),6,,,,Hindu Para,,,,,0,0,0,0,0,0,0,0,0,0,0,0,0,0,0,0,0,,,,
1019,Bangladesh,Chattogram,Cox's Bazar,Moheshkhali,Gorakghata (Powrasava),7,,,,Jolodas Para,,,,,0,0,0,0,0,0,0,0,0,0,0,0,0,0,0,0,0,,,,
1020,Bangladesh,Chattogram,Cox's Bazar,Moheshkhali,Gorakghata (Powrasava),8,,,,Gorakghata,,,,,0,0,0,0,0,0,0,0,0,0,0,0,0,0,0,0,0,,,,
1021,Bangladesh,Chattogram,Cox's Bazar,Moheshkhali,Gorakghata (Powrasava),9,,,,Chor Para,,,,,0,0,0,0,0,0,0,0,0,0,0,0,0,0,0,0,0,,,,
1022,Bangladesh,Chattogram,Cox's Bazar,Moheshkhali,Hoanak,1,,,,Chonkula  Para,,,,,0,0,0,0,0,0,0,0,0,0,0,0,0,0,0,0,0,,,,
1023,Bangladesh,Chattogram,Cox's Bazar,Moheshkhali,Hoanak,1,,,,Daillaghuna,,,,,0,0,0,0,0,0,0,0,0,0,0,0,0,0,0,0,0,,,,
1024,Bangladesh,Chattogram,Cox's Bazar,Moheshkhali,Hoanak,2,,,,Horiar Chora,,,,,0,0,0,0,0,0,0,0,0,0,0,0,0,0,0,0,0,,,,
1025,Bangladesh,Chattogram,Cox's Bazar,Moheshkhali,Hoanak,2,,,,Kalagazir Para,,,,,0,0,0,0,0,0,0,0,0,0,0,0,0,0,0,0,0,,,,
1026,Bangladesh,Chattogram,Cox's Bazar,Moheshkhali,Hoanak,3,,,,Fokirkhali Para,,,,,0,0,0,0,0,0,0,0,0,0,0,0,0,0,0,0,0,,,,
1027,Bangladesh,Chattogram,Cox's Bazar,Moheshkhali,Hoanak,3,,,,Hamidur Rahaman Para,,,,,0,0,0,0,0,0,0,0,0,0,0,0,0,0,0,0,0,,,,
1028,Bangladesh,Chattogram,Cox's Bazar,Moheshkhali,Hoanak,3,,,,Kathaltali Para,,,,,0,0,0,0,0,0,0,0,0,0,0,0,0,0,0,0,0,,,,
1029,Bangladesh,Chattogram,Cox's Bazar,Moheshkhali,Hoanak,3,,,,Khursha Para,,,,,0,0,0,0,0,0,0,0,0,0,0,0,0,0,0,0,0,,,,
1030,Bangladesh,Chattogram,Cox's Bazar,Moheshkhali,Hoanak,3,,,,Padmapukur Para,,,,,0,0,0,0,0,0,0,0,0,0,0,0,0,0,0,0,0,,,,
1031,Bangladesh,Chattogram,Cox's Bazar,Moheshkhali,Hoanak,4,,,,Baniya Kata,,,,,0,0,0,0,0,0,0,0,0,0,0,0,0,0,0,0,0,,,,
1032,Bangladesh,Chattogram,Cox's Bazar,Moheshkhali,Hoanak,4,,,,Jamal Para,,,,,0,0,0,0,0,0,0,0,0,0,0,0,0,0,0,0,0,,,,
1033,Bangladesh,Chattogram,Cox's Bazar,Moheshkhali,Hoanak,4,,,,Puichara,,,,,0,0,0,0,0,0,0,0,0,0,0,0,0,0,0,0,0,,,,
1034,Bangladesh,Chattogram,Cox's Bazar,Moheshkhali,Hoanak,5,,,,Algadia,,,,,0,0,0,0,0,0,0,0,0,0,0,0,0,0,0,0,0,,,,
1035,Bangladesh,Chattogram,Cox's Bazar,Moheshkhali,Hoanak,5,,,,Barachara,,,,,0,0,0,0,0,0,0,0,0,0,0,0,0,0,0,0,0,,,,
1036,Bangladesh,Chattogram,Cox's Bazar,Moheshkhali,Hoanak,5,,,,Majar Para,,,,,0,0,0,0,0,0,0,0,0,0,0,0,0,0,0,0,0,,,,
1037,Bangladesh,Chattogram,Cox's Bazar,Moheshkhali,Hoanak,6,,,,Rajuarghuna,,,,,0,0,0,0,0,0,0,0,0,0,0,0,0,0,0,0,0,,,,
1038,Bangladesh,Chattogram,Cox's Bazar,Moheshkhali,Hoanak,7,,,,Addomula Para,,,,,0,0,0,0,0,0,0,0,0,0,0,0,0,0,0,0,0,,,,
1039,Bangladesh,Chattogram,Cox's Bazar,Moheshkhali,Hoanak,7,,,,Kadamtali,,,,,0,0,0,0,0,0,0,0,0,0,0,0,0,0,0,0,0,,,,
1040,Bangladesh,Chattogram,Cox's Bazar,Moheshkhali,Hoanak,7,,,,Karuntali,,,,,0,0,0,0,0,0,0,0,0,0,0,0,0,0,0,0,0,,,,
1041,Bangladesh,Chattogram,Cox's Bazar,Moheshkhali,Hoanak,7,,,,Noya Para,,,,,0,0,0,0,0,0,0,0,0,0,0,0,0,0,0,0,0,,,,
1042,Bangladesh,Chattogram,Cox's Bazar,Moheshkhali,Hoanak,8,,,,Dhalghat Para,,,,,0,0,0,0,0,0,0,0,0,0,0,0,0,0,0,0,0,,,,
1043,Bangladesh,Chattogram,Cox's Bazar,Moheshkhali,Hoanak,8,,,,Kalaliakata,,,,,0,0,0,0,0,0,0,0,0,0,0,0,0,0,0,0,0,,,,
1044,Bangladesh,Chattogram,Cox's Bazar,Moheshkhali,Hoanak,8,,,,Mohorakata,,,,,0,0,0,0,0,0,0,0,0,0,0,0,0,0,0,0,0,,,,
1045,Bangladesh,Chattogram,Cox's Bazar,Moheshkhali,Hoanak,9,,,,Baraghar Para,,,,,0,0,0,0,0,0,0,0,0,0,0,0,0,0,0,0,0,,,,
1046,Bangladesh,Chattogram,Cox's Bazar,Moheshkhali,Hoanak,9,,,,Charar Agha,,,,,0,0,0,0,0,0,0,0,0,0,0,0,0,0,0,0,0,,,,
1047,Bangladesh,Chattogram,Cox's Bazar,Moheshkhali,Hoanak,9,,,,Joiyar Kata,,,,,0,0,0,0,0,0,0,0,0,0,0,0,0,0,0,0,0,,,,
1048,Bangladesh,Chattogram,Cox's Bazar,Moheshkhali,Hoanak,9,,,,Panirchara,,,,,0,0,0,0,0,0,0,0,0,0,0,0,0,0,0,0,0,,,,
1049,Bangladesh,Chattogram,Cox's Bazar,Moheshkhali,Kalarmarchara,1,,,,Chaliya Tali,,,,,0,0,0,0,0,0,0,0,0,0,0,0,0,0,0,0,0,,,,
1050,Bangladesh,Chattogram,Cox's Bazar,Moheshkhali,Kalarmarchara,1,,,,Uttor Nolbila,,,,,0,0,0,0,0,0,0,0,0,0,0,0,0,0,0,0,0,,,,
1051,Bangladesh,Chattogram,Cox's Bazar,Moheshkhali,Kalarmarchara,1,,,,Zapua,,,,,0,0,0,0,0,0,0,0,0,0,0,0,0,0,0,0,0,,,,
1052,Bangladesh,Chattogram,Cox's Bazar,Moheshkhali,Kalarmarchara,2,,,,Akbar Hamid Para,,,,,0,0,0,0,0,0,0,0,0,0,0,0,0,0,0,0,0,,,,
1053,Bangladesh,Chattogram,Cox's Bazar,Moheshkhali,Kalarmarchara,2,,,,Barua Para,,,,,0,0,0,0,0,0,0,0,0,0,0,0,0,0,0,0,0,,,,
1054,Bangladesh,Chattogram,Cox's Bazar,Moheshkhali,Kalarmarchara,2,,,,Majarapara,,,,,0,0,0,0,0,0,0,0,0,0,0,0,0,0,0,0,0,,,,
1055,Bangladesh,Chattogram,Cox's Bazar,Moheshkhali,Kalarmarchara,3,,,,Maijpara,,,,,0,0,0,0,0,0,0,0,0,0,0,0,0,0,0,0,0,,,,
1056,Bangladesh,Chattogram,Cox's Bazar,Moheshkhali,Kalarmarchara,3,,,,Younas Khali,,,,,0,0,0,0,0,0,0,0,0,0,0,0,0,0,0,0,0,,,,
1057,Bangladesh,Chattogram,Cox's Bazar,Moheshkhali,Kalarmarchara,4,,,,Marakkana Ghona,,,,,0,0,0,0,0,0,0,0,0,0,0,0,0,0,0,0,0,,,,
1058,Bangladesh,Chattogram,Cox's Bazar,Moheshkhali,Kalarmarchara,4,,,,Uttur Zapua,,,,,0,0,0,0,0,0,0,0,0,0,0,0,0,0,0,0,0,,,,
1059,Bangladesh,Chattogram,Cox's Bazar,Moheshkhali,Kalarmarchara,5,,,,Chikni Para,,,,,0,0,0,0,0,0,0,0,0,0,0,0,0,0,0,0,0,,,,
1060,Bangladesh,Chattogram,Cox's Bazar,Moheshkhali,Kalarmarchara,5,,,,Dakkhin Zapua,,,,,0,0,0,0,0,0,0,0,0,0,0,0,0,0,0,0,0,,,,
1061,Bangladesh,Chattogram,Cox's Bazar,Moheshkhali,Kalarmarchara,6,,,,Noya Para,,,,,0,0,0,0,0,0,0,0,0,0,0,0,0,0,0,0,0,,,,
1062,Bangladesh,Chattogram,Cox's Bazar,Moheshkhali,Kalarmarchara,6,,,,Sonar Para,,,,,0,0,0,0,0,0,0,0,0,0,0,0,0,0,0,0,0,,,,
1063,Bangladesh,Chattogram,Cox's Bazar,Moheshkhali,Kalarmarchara,7,,,,Fakirjum Para,,,,,0,0,0,0,0,0,0,0,0,0,0,0,0,0,0,0,0,,,,
1064,Bangladesh,Chattogram,Cox's Bazar,Moheshkhali,Kalarmarchara,7,,,,Mohammad Saha Ghona,,,,,0,0,0,0,0,0,0,0,0,0,0,0,0,0,0,0,0,,,,
1065,Bangladesh,Chattogram,Cox's Bazar,Moheshkhali,Kalarmarchara,7,,,,Office Para,,,,,0,0,0,0,0,0,0,0,0,0,0,0,0,0,0,0,0,,,,
1066,Bangladesh,Chattogram,Cox's Bazar,Moheshkhali,Kalarmarchara,7,,,,Samira Ghona,,,,,0,0,0,0,0,0,0,0,0,0,0,0,0,0,0,0,0,,,,
1067,Bangladesh,Chattogram,Cox's Bazar,Moheshkhali,Kalarmarchara,8,,,,Fakira Ghona,,,,,0,0,0,0,0,0,0,0,0,0,0,0,0,0,0,0,0,,,,
1068,Bangladesh,Chattogram,Cox's Bazar,Moheshkhali,Kalarmarchara,8,,,,Nona Chari,,,,,0,0,0,0,0,0,0,0,0,0,0,0,0,0,0,0,0,,,,
1069,Bangladesh,Chattogram,Cox's Bazar,Moheshkhali,Kalarmarchara,9,,,,Adhar Ghona,,,,,0,0,0,0,0,0,0,0,0,0,0,0,0,0,0,0,0,,,,
1070,Bangladesh,Chattogram,Cox's Bazar,Moheshkhali,Kalarmarchara,9,,,,Chrar Lama,,,,,0,0,0,0,0,0,0,0,0,0,0,0,0,0,0,0,0,,,,
1071,Bangladesh,Chattogram,Cox's Bazar,Moheshkhali,Kalarmarchara,9,,,,Mijjir Para,,,,,0,0,0,0,0,0,0,0,0,0,0,0,0,0,0,0,0,,,,
1072,Bangladesh,Chattogram,Cox's Bazar,Moheshkhali,Kutubjum,1,,,,Ghotivanga Abashan,,,,,0,0,0,0,0,0,0,0,0,0,0,0,0,0,0,0,0,,,,
1073,Bangladesh,Chattogram,Cox's Bazar,Moheshkhali,Kutubjum,1,,,,Ghotivanga Dainboni,,,,,0,0,0,0,0,0,0,0,0,0,0,0,0,0,0,0,0,,,,
1074,Bangladesh,Chattogram,Cox's Bazar,Moheshkhali,Kutubjum,1,,,,Ghotivanga Paschim Para,,,,,0,0,0,0,0,0,0,0,0,0,0,0,0,0,0,0,0,,,,
1075,Bangladesh,Chattogram,Cox's Bazar,Moheshkhali,Kutubjum,1,,,,Ghotivanga Purba Para,,,,,0,0,0,0,0,0,0,0,0,0,0,0,0,0,0,0,0,,,,
1076,Bangladesh,Chattogram,Cox's Bazar,Moheshkhali,Kutubjum,2,,,,Paschim Para,,,,,0,0,0,0,0,0,0,0,0,0,0,0,0,0,0,0,0,,,,
1077,Bangladesh,Chattogram,Cox's Bazar,Moheshkhali,Kutubjum,2,,,,Purba Para,,,,,0,0,0,0,0,0,0,0,0,0,0,0,0,0,0,0,0,,,,
1078,Bangladesh,Chattogram,Cox's Bazar,Moheshkhali,Kutubjum,3,,,,Horighona,,,,,0,0,0,0,0,0,0,0,0,0,0,0,0,0,0,0,0,,,,
1079,Bangladesh,Chattogram,Cox's Bazar,Moheshkhali,Kutubjum,3,,,,Kuat Para,,,,,0,0,0,0,0,0,0,0,0,0,0,0,0,0,0,0,0,,,,
1080,Bangladesh,Chattogram,Cox's Bazar,Moheshkhali,Kutubjum,3,,,,Tajiyakata Abashan,,,,,0,0,0,0,0,0,0,0,0,0,0,0,0,0,0,0,0,,,,
1081,Bangladesh,Chattogram,Cox's Bazar,Moheshkhali,Kutubjum,3,,,,Tajiyakata Char Para,,,,,0,0,0,0,0,0,0,0,0,0,0,0,0,0,0,0,0,,,,
1082,Bangladesh,Chattogram,Cox's Bazar,Moheshkhali,Kutubjum,3,,,,Tajiyakata Dakkhin Para,,,,,0,0,0,0,0,0,0,0,0,0,0,0,0,0,0,0,0,,,,
1083,Bangladesh,Chattogram,Cox's Bazar,Moheshkhali,Kutubjum,3,,,,Tajiyakata Uttur Para,,,,,0,0,0,0,0,0,0,0,0,0,0,0,0,0,0,0,0,,,,
1084,Bangladesh,Chattogram,Cox's Bazar,Moheshkhali,Kutubjum,4,,,,Battali Purba,,,,,0,0,0,0,0,0,0,0,0,0,0,0,0,0,0,0,0,,,,
1085,Bangladesh,Chattogram,Cox's Bazar,Moheshkhali,Kutubjum,4,,,,Naya Para,,,,,0,0,0,0,0,0,0,0,0,0,0,0,0,0,0,0,0,,,,
1086,Bangladesh,Chattogram,Cox's Bazar,Moheshkhali,Kutubjum,4,,,,Naya Para Charpara,,,,,0,0,0,0,0,0,0,0,0,0,0,0,0,0,0,0,0,,,,
1087,Bangladesh,Chattogram,Cox's Bazar,Moheshkhali,Kutubjum,5,,,,Chanda Kata,,,,,0,0,0,0,0,0,0,0,0,0,0,0,0,0,0,0,0,,,,
1088,Bangladesh,Chattogram,Cox's Bazar,Moheshkhali,Kutubjum,5,,,,Poschim Para,,,,,0,0,0,0,0,0,0,0,0,0,0,0,0,0,0,0,0,,,,
1089,Bangladesh,Chattogram,Cox's Bazar,Moheshkhali,Kutubjum,5,,,,Poschim Para CC,,,,,0,0,0,0,0,0,0,0,0,0,0,0,0,0,0,0,0,,,,
1090,Bangladesh,Chattogram,Cox's Bazar,Moheshkhali,Kutubjum,6,,,,Adarsha School Para,,,,,0,0,0,0,0,0,0,0,0,0,0,0,0,0,0,0,0,,,,
1091,Bangladesh,Chattogram,Cox's Bazar,Moheshkhali,Kutubjum,6,,,,Bilpara,,,,,0,0,0,0,0,0,0,0,0,0,0,0,0,0,0,0,0,,,,
1092,Bangladesh,Chattogram,Cox's Bazar,Moheshkhali,Kutubjum,6,,,,Doilar Para,,,,,0,0,0,0,0,0,0,0,0,0,0,0,0,0,0,0,0,,,,
1093,Bangladesh,Chattogram,Cox's Bazar,Moheshkhali,Kutubjum,6,,,,Fakkar Para,,,,,0,0,0,0,0,0,0,0,0,0,0,0,0,0,0,0,0,,,,
1094,Bangladesh,Chattogram,Cox's Bazar,Moheshkhali,Kutubjum,6,,,,Lal Mohammad Shikder Para,,,,,0,0,0,0,0,0,0,0,0,0,0,0,0,0,0,0,0,,,,
1095,Bangladesh,Chattogram,Cox's Bazar,Moheshkhali,Kutubjum,6,,,,Magkata,,,,,0,0,0,0,0,0,0,0,0,0,0,0,0,0,0,0,0,,,,
1096,Bangladesh,Chattogram,Cox's Bazar,Moheshkhali,Kutubjum,7,,,,Bujuruk Para,,,,,0,0,0,0,0,0,0,0,0,0,0,0,0,0,0,0,0,,,,
1097,Bangladesh,Chattogram,Cox's Bazar,Moheshkhali,Kutubjum,7,,,,Dakkhin Para,,,,,0,0,0,0,0,0,0,0,0,0,0,0,0,0,0,0,0,,,,
1098,Bangladesh,Chattogram,Cox's Bazar,Moheshkhali,Kutubjum,7,,,,Maddam Para,,,,,0,0,0,0,0,0,0,0,0,0,0,0,0,0,0,0,0,,,,
1099,Bangladesh,Chattogram,Cox's Bazar,Moheshkhali,Kutubjum,7,,,,Maddam Para Kutubjum,,,,,0,0,0,0,0,0,0,0,0,0,0,0,0,0,0,0,0,,,,
1100,Bangladesh,Chattogram,Cox's Bazar,Moheshkhali,Kutubjum,7,,,,Purba Para,,,,,0,0,0,0,0,0,0,0,0,0,0,0,0,0,0,0,0,,,,
1101,Bangladesh,Chattogram,Cox's Bazar,Moheshkhali,Kutubjum,8,,,,Dokkhin Kamitar Para,,,,,0,0,0,0,0,0,0,0,0,0,0,0,0,0,0,0,0,,,,
1102,Bangladesh,Chattogram,Cox's Bazar,Moheshkhali,Kutubjum,8,,,,Kamitar Para,,,,,0,0,0,0,0,0,0,0,0,0,0,0,0,0,0,0,0,,,,
1103,Bangladesh,Chattogram,Cox's Bazar,Moheshkhali,Kutubjum,8,,,,Mahariya Para,,,,,0,0,0,0,0,0,0,0,0,0,0,0,0,0,0,0,0,,,,
1104,Bangladesh,Chattogram,Cox's Bazar,Moheshkhali,Kutubjum,8,,,,Uttur Mahariya Para,,,,,0,0,0,0,0,0,0,0,0,0,0,0,0,0,0,0,0,,,,
1105,Bangladesh,Chattogram,Cox's Bazar,Moheshkhali,Kutubjum,9,,,,Dokkhin Khandoker Para,,,,,0,0,0,0,0,0,0,0,0,0,0,0,0,0,0,0,0,,,,
1106,Bangladesh,Chattogram,Cox's Bazar,Moheshkhali,Kutubjum,9,,,,Khandoker Para,,,,,0,0,0,0,0,0,0,0,0,0,0,0,0,0,0,0,0,,,,
1107,Bangladesh,Chattogram,Cox's Bazar,Moheshkhali,Materbari,1,,,,Sikdar Para,,,,,0,0,0,0,0,0,0,0,0,0,0,0,0,0,0,0,0,,,,
1108,Bangladesh,Chattogram,Cox's Bazar,Moheshkhali,Materbari,2,,,,Bandi Sikdar Para,,,,,0,0,0,0,0,0,0,0,0,0,0,0,0,0,0,0,0,,,,
1109,Bangladesh,Chattogram,Cox's Bazar,Moheshkhali,Materbari,2,,,,Wapda Para,,,,,0,0,0,0,0,0,0,0,0,0,0,0,0,0,0,0,0,,,,
1110,Bangladesh,Chattogram,Cox's Bazar,Moheshkhali,Materbari,3,,,,Raj Ghat,,,,,0,0,0,0,0,0,0,0,0,0,0,0,0,0,0,0,0,,,,
1111,Bangladesh,Chattogram,Cox's Bazar,Moheshkhali,Materbari,4,,,,Monhazir Para,,,,,0,0,0,0,0,0,0,0,0,0,0,0,0,0,0,0,0,,,,
1112,Bangladesh,Chattogram,Cox's Bazar,Moheshkhali,Materbari,4,,,,Satghar Para,,,,,0,0,0,0,0,0,0,0,0,0,0,0,0,0,0,0,0,,,,
1113,Bangladesh,Chattogram,Cox's Bazar,Moheshkhali,Materbari,5,,,,Miyajir Para,,,,,0,0,0,0,0,0,0,0,0,0,0,0,0,0,0,0,0,,,,
1114,Bangladesh,Chattogram,Cox's Bazar,Moheshkhali,Materbari,6,,,,Tita Majir Para,,,,,0,0,0,0,0,0,0,0,0,0,0,0,0,0,0,0,0,,,,
1115,Bangladesh,Chattogram,Cox's Bazar,Moheshkhali,Materbari,7,,,,Maijprar,,,,,0,0,0,0,0,0,0,0,0,0,0,0,0,0,0,0,0,,,,
1116,Bangladesh,Chattogram,Cox's Bazar,Moheshkhali,Materbari,8,,,,Mogdail,,,,,0,0,0,0,0,0,0,0,0,0,0,0,0,0,0,0,0,,,,
1117,Bangladesh,Chattogram,Cox's Bazar,Moheshkhali,Materbari,9,,,,Sairar Dail,,,,,0,0,0,0,0,0,0,0,0,0,0,0,0,0,0,0,0,,,,
1118,Bangladesh,Chattogram,Cox's Bazar,Moheshkhali,Shaplapur,1,,,,Shaitmara,,,,,0,0,0,0,0,0,0,0,0,0,0,0,0,0,0,0,0,,,,
1119,Bangladesh,Chattogram,Cox's Bazar,Moheshkhali,Shaplapur,2,,,,Jhamghat,,,,,0,0,0,0,0,0,0,0,0,0,0,0,0,0,0,0,0,,,,
1120,Bangladesh,Chattogram,Cox's Bazar,Moheshkhali,Shaplapur,3,,,,BariyaChai,,,,,0,0,0,0,0,0,0,0,0,0,0,0,0,0,0,0,0,,,,
1121,Bangladesh,Chattogram,Cox's Bazar,Moheshkhali,Shaplapur,3,,,,Jamirchori,,,,,0,0,0,0,0,0,0,0,0,0,0,0,0,0,0,0,0,,,,
1122,Bangladesh,Chattogram,Cox's Bazar,Moheshkhali,Shaplapur,3,,,,Mitachori,,,,,0,0,0,0,0,0,0,0,0,0,0,0,0,0,0,0,0,,,,
1123,Bangladesh,Chattogram,Cox's Bazar,Moheshkhali,Shaplapur,4,,,,Ghona para,,,,,0,0,0,0,0,0,0,0,0,0,0,0,0,0,0,0,0,,,,
1124,Bangladesh,Chattogram,Cox's Bazar,Moheshkhali,Shaplapur,4,,,,muolovikata,,,,,0,0,0,0,0,0,0,0,0,0,0,0,0,0,0,0,0,,,,
1125,Bangladesh,Chattogram,Cox's Bazar,Moheshkhali,Shaplapur,5,,,,Paccim Para,,,,,0,0,0,0,0,0,0,0,0,0,0,0,0,0,0,0,0,,,,
1126,Bangladesh,Chattogram,Cox's Bazar,Moheshkhali,Shaplapur,6,,,,Ghudara Para,,,,,0,0,0,0,0,0,0,0,0,0,0,0,0,0,0,0,0,,,,
1127,Bangladesh,Chattogram,Cox's Bazar,Moheshkhali,Shaplapur,7,,,,Mukbeki,,,,,0,0,0,0,0,0,0,0,0,0,0,0,0,0,0,0,0,,,,
1128,Bangladesh,Chattogram,Cox's Bazar,Moheshkhali,Shaplapur,8,,,,Chadekerkata,,,,,0,0,0,0,0,0,0,0,0,0,0,0,0,0,0,0,0,,,,
1129,Bangladesh,Chattogram,Cox's Bazar,Moheshkhali,Shaplapur,8,,,,Kaydabad,,,,,0,0,0,0,0,0,0,0,0,0,0,0,0,0,0,0,0,,,,
1130,Bangladesh,Chattogram,Cox's Bazar,Moheshkhali,Shaplapur,9,,,,Dinajpur,,,,,0,0,0,0,0,0,0,0,0,0,0,0,0,0,0,0,0,,,,
1131,Bangladesh,Chattogram,Cox's Bazar,Pekua,Barobakia,1,Farjina Jannat,,N/A,Bazar para,,,,,576,117,0,0,0,0,0,0,0,0,0,0,0,0,0,0,0,,,,
1132,Bangladesh,Chattogram,Cox's Bazar,Pekua,Barobakia,1,Farjina Jannat,,N/A,Bharuakhali,,,,,1582,391,0,52,55,0,0,0,0,0,0,0,0,0,0,0,0,,,,
1133,Bangladesh,Chattogram,Cox's Bazar,Pekua,Barobakia,1,Farjina Jannat,,N/A,Rabbani para,,,,,1100,237,0,49,39,0,0,0,0,0,0,0,0,0,0,0,0,,,,
1134,Bangladesh,Chattogram,Cox's Bazar,Pekua,Barobakia,2,Farjina Jannat,,N/A,Katamura,,,,,1076,254,0,111,132,0,0,0,0,0,0,0,0,0,0,0,0,,,,
1135,Bangladesh,Chattogram,Cox's Bazar,Pekua,Barobakia,2,Farjina Jannat,,N/A,Lambaghuna,,,,,1446,290,0,28,34,0,0,0,0,0,0,0,0,0,0,0,0,,,,
1136,Bangladesh,Chattogram,Cox's Bazar,Pekua,Barobakia,2,Farjina Jannat,,N/A,Nazir para,,,,,1438,310,0,0,0,0,0,0,0,0,0,0,0,0,0,0,0,,,,
1137,Bangladesh,Chattogram,Cox's Bazar,Pekua,Barobakia,2,Farjina Jannat,,N/A,Purbo Pahariakhali,,,,,800,202,0,138,121,0,0,0,0,0,0,0,0,0,0,0,0,,,,
1138,Bangladesh,Chattogram,Cox's Bazar,Pekua,Barobakia,2,Farjina Jannat,,N/A,Rakhain para,,,,,350,62,0,0,0,0,0,0,0,0,0,0,0,0,0,0,0,,,,
1139,Bangladesh,Chattogram,Cox's Bazar,Pekua,Barobakia,3,Farjina Jannat,,N/A,Ghunar aga,,,,,535,135,0,64,75,0,0,0,0,0,0,0,0,0,0,0,0,,,,
1140,Bangladesh,Chattogram,Cox's Bazar,Pekua,Barobakia,3,Tamanna Begum,,N/A,Kadimakata,,,,,1320,275,0,0,0,0,0,0,0,0,0,0,0,0,0,0,0,,,,
1141,Bangladesh,Chattogram,Cox's Bazar,Pekua,Barobakia,3,Tamanna Begum,,N/A,Poshcim pahariakhali,,,,,1596,391,0,238,250,0,0,0,0,0,0,0,0,0,0,0,0,,,,
1142,Bangladesh,Chattogram,Cox's Bazar,Pekua,Barobakia,4,Jobaida Begum,,N/A,Bariakata,,,,,2846,697,0,0,0,0,0,0,0,0,0,0,0,0,0,0,0,,,,
1143,Bangladesh,Chattogram,Cox's Bazar,Pekua,Barobakia,4,Jobaida Begum,,N/A,Sabjibon para,,,,,2870,623,0,0,0,0,0,0,0,0,0,0,0,0,0,0,0,,,,
1144,Bangladesh,Chattogram,Cox's Bazar,Pekua,Barobakia,5,Jobaida Begum,,N/A,Annar Ali para,,,,,1739,363,0,0,0,0,0,0,0,0,0,0,0,0,0,0,0,,,,
1145,Bangladesh,Chattogram,Cox's Bazar,Pekua,Barobakia,5,Jobaida Begum,,N/A,Moulovi para,,,,,1010,214,0,0,0,0,0,0,0,0,0,0,0,0,0,0,0,,,,
1146,Bangladesh,Chattogram,Cox's Bazar,Pekua,Barobakia,6,Baby Nasrin,,N/A,Fakira Ghuna,,,,,1215,250,0,0,0,0,0,0,0,0,0,0,0,0,0,0,0,,,,
1147,Bangladesh,Chattogram,Cox's Bazar,Pekua,Barobakia,6,Baby Nasrin,,N/A,Mog Ghuna,,,,,415,92,0,0,0,0,0,0,0,0,0,0,0,0,0,0,0,,,,
1148,Bangladesh,Chattogram,Cox's Bazar,Pekua,Barobakia,7,Baby Nasrin,,N/A,Kutub para,,,,,1245,257,0,0,0,0,0,0,0,0,0,0,0,0,0,0,0,,,,
1149,Bangladesh,Chattogram,Cox's Bazar,Pekua,Barobakia,7,Baby Nasrin,,N/A,Noakhali para,,,,,1370,290,0,0,0,0,0,0,0,0,0,0,0,0,0,0,0,,,,
1150,Bangladesh,Chattogram,Cox's Bazar,Pekua,Barobakia,7,Baby Nasrin,,N/A,Rahat Ali para,,,,,1370,290,0,0,0,0,0,0,0,0,0,0,0,0,0,0,0,,,,
1151,Bangladesh,Chattogram,Cox's Bazar,Pekua,Barobakia,8,Baby Nasrin,,N/A,Jaliakata,,,,,2943,579,0,0,0,0,0,0,0,0,0,0,0,0,0,0,0,,,,
1152,Bangladesh,Chattogram,Cox's Bazar,Pekua,Barobakia,9,Baby Nasrin,,N/A,Budha Majhirghuna,,,,,2924,660,0,0,0,0,0,0,0,0,0,0,0,0,0,0,0,,,,
1153,Bangladesh,Chattogram,Cox's Bazar,Pekua,Mognama,1,Nayan Akter,,N/A,Dighir para,,,,,728,132,0,0,0,0,0,0,0,0,0,0,0,0,0,0,0,,,,
1154,Bangladesh,Chattogram,Cox's Bazar,Pekua,Mognama,1,Nayan Akter,,N/A,Poshcim Bazar para,,,,,550,103,0,0,0,0,0,0,0,0,0,0,0,0,0,0,0,,,,
1155,Bangladesh,Chattogram,Cox's Bazar,Pekua,Mognama,1,Nayan Akter,,N/A,Purbo Bazar para,,,,,624,133,0,0,0,0,0,0,0,0,0,0,0,0,0,0,0,,,,
1156,Bangladesh,Chattogram,Cox's Bazar,Pekua,Mognama,1,Nayan Akter,,N/A,Sharat Ghuna,,,,,1261,269,0,0,0,0,0,0,0,0,0,0,0,0,0,0,0,,,,
1157,Bangladesh,Chattogram,Cox's Bazar,Pekua,Mognama,2,Nayan Akter,,N/A,Bainna Ghuna,,,,,621,118,0,0,0,0,0,0,0,0,0,0,0,0,0,0,0,,,,
1158,Bangladesh,Chattogram,Cox's Bazar,Pekua,Mognama,2,Nayan Akter,,N/A,Harun Matbor para,,,,,463,82,0,0,0,0,0,0,0,0,0,0,0,0,0,0,0,,,,
1159,Bangladesh,Chattogram,Cox's Bazar,Pekua,Mognama,2,Nayan Akter,,N/A,Korlia para,,,,,391,77,0,0,0,0,0,0,0,0,0,0,0,0,0,0,0,,,,
1160,Bangladesh,Chattogram,Cox's Bazar,Pekua,Mognama,2,Nayan Akter,,N/A,Lal Mia para,,,,,312,65,0,0,0,0,0,0,0,0,0,0,0,0,0,0,0,,,,
1161,Bangladesh,Chattogram,Cox's Bazar,Pekua,Mognama,2,Nayan Akter,,N/A,Moulvi para,,,,,313,60,0,0,0,0,0,0,0,0,0,0,0,0,0,0,0,,,,
1162,Bangladesh,Chattogram,Cox's Bazar,Pekua,Mognama,2,Nayan Akter,,N/A,Mowlar para,,,,,540,104,0,0,0,0,0,0,0,0,0,0,0,0,0,0,0,,,,
1163,Bangladesh,Chattogram,Cox's Bazar,Pekua,Mognama,2,Nayan Akter,,N/A,Puraton Bohoddor para,,,,,569,120,0,0,0,0,0,0,0,0,0,0,0,0,0,0,0,,,,
1164,Bangladesh,Chattogram,Cox's Bazar,Pekua,Mognama,2,Nayan Akter,,N/A,Senet Ali para,,,,,362,66,0,0,0,0,0,0,0,0,0,0,0,0,0,0,0,,,,
1165,Bangladesh,Chattogram,Cox's Bazar,Pekua,Mognama,3,Nayan Akter,,N/A,Afjalia para,,,,,532,101,0,0,0,0,0,0,0,0,0,0,0,0,0,0,0,,,,
1166,Bangladesh,Chattogram,Cox's Bazar,Pekua,Mognama,3,Nayan Akter,,N/A,Bohoddor para,,,,,255,52,0,0,0,0,0,0,0,0,0,0,0,0,0,0,0,,,,
1167,Bangladesh,Chattogram,Cox's Bazar,Pekua,Mognama,3,Nayan Akter,,N/A,Doshghar para,,,,,218,42,0,0,0,0,0,0,0,0,0,0,0,0,0,0,0,,,,
1168,Bangladesh,Chattogram,Cox's Bazar,Pekua,Mognama,3,Nayan Akter,,N/A,Majhir para,,,,,1799,356,0,0,0,0,0,0,0,0,0,0,0,0,0,0,0,,,,
1169,Bangladesh,Chattogram,Cox's Bazar,Pekua,Mognama,3,Nayan Akter,,N/A,Nunyar para,,,,,463,101,0,0,0,0,0,0,0,0,0,0,0,0,0,0,0,,,,
1170,Bangladesh,Chattogram,Cox's Bazar,Pekua,Mognama,3,Nayan Akter,,N/A,Rahat Ali para,,,,,518,114,0,0,0,0,0,0,0,0,0,0,0,0,0,0,0,,,,
1171,Bangladesh,Chattogram,Cox's Bazar,Pekua,Mognama,4,Halima Begum,,N/A,Haji Moulovi para,,,,,374,60,0,0,0,0,0,0,0,0,0,0,0,0,0,0,0,,,,
1172,Bangladesh,Chattogram,Cox's Bazar,Pekua,Mognama,4,Halima Begum,,N/A,Poshcimkul,,,,,1500,457,0,0,0,0,0,0,0,0,0,0,0,0,0,0,0,,,,
1173,Bangladesh,Chattogram,Cox's Bazar,Pekua,Mognama,4,Halima Begum,,N/A,Sikdar para,,,,,774,117,0,0,0,0,0,0,0,0,0,0,0,0,0,0,0,,,,
1174,Bangladesh,Chattogram,Cox's Bazar,Pekua,Mognama,5,Halima Begum,,N/A,Dordori Ghuna,,,,,459,99,0,0,0,0,0,0,0,0,0,0,0,0,0,0,0,,,,
1175,Bangladesh,Chattogram,Cox's Bazar,Pekua,Mognama,5,Halima Begum,,N/A,Mogghuna,,,,,1489,305,0,0,0,0,0,0,0,0,0,0,0,0,0,0,0,,,,
1176,Bangladesh,Chattogram,Cox's Bazar,Pekua,Mognama,5,Halima Begum,,N/A,Mohori para,,,,,1482,307,0,0,0,0,0,0,0,0,0,0,0,0,0,0,0,,,,
1177,Bangladesh,Chattogram,Cox's Bazar,Pekua,Mognama,6,Halima Begum,,N/A,Kum para,,,,,678,113,0,0,0,0,0,0,0,0,0,0,0,0,0,0,0,,,,
1178,Bangladesh,Chattogram,Cox's Bazar,Pekua,Mognama,6,Halima Begum,,N/A,Motka Bhanga,,,,,757,300,0,0,0,0,0,0,0,0,0,0,0,0,0,0,0,,,,
1179,Bangladesh,Chattogram,Cox's Bazar,Pekua,Mognama,6,Halima Begum,,N/A,Serang Ghuna,,,,,283,65,0,0,0,0,0,0,0,0,0,0,0,0,0,0,0,,,,
1180,Bangladesh,Chattogram,Cox's Bazar,Pekua,Mognama,7,Halima Begum,,N/A,Kudalyadia,,,,,973,203,0,0,0,0,0,0,0,0,0,0,0,0,0,0,0,,,,
1181,Bangladesh,Chattogram,Cox's Bazar,Pekua,Mognama,7,Halima Begum,,N/A,Moulovi para,,,,,545,105,0,0,0,0,0,0,0,0,0,0,0,0,0,0,0,,,,
1182,Bangladesh,Chattogram,Cox's Bazar,Pekua,Mognama,7,Halima Begum,,N/A,Rangin Khaler Purbo Kul,,,,,1737,304,0,0,0,0,0,0,0,0,0,0,0,0,0,0,0,,,,
1183,Bangladesh,Chattogram,Cox's Bazar,Pekua,Mognama,8,Halima Begum,,N/A,Boding para,,,,,1201,251,0,0,0,0,0,0,0,0,0,0,0,0,0,0,0,,,,
1184,Bangladesh,Chattogram,Cox's Bazar,Pekua,Mognama,8,Halima Begum,,N/A,Jaliar para,,,,,426,70,0,0,0,0,0,0,0,0,0,0,0,0,0,0,0,,,,
1185,Bangladesh,Chattogram,Cox's Bazar,Pekua,Mognama,8,Halima Begum,,N/A,Kak para,,,,,387,80,0,0,0,0,0,0,0,0,0,0,0,0,0,0,0,,,,
1186,Bangladesh,Chattogram,Cox's Bazar,Pekua,Mognama,8,Halima Begum,,N/A,Morichardia,,,,,996,225,0,0,0,0,0,0,0,0,0,0,0,0,0,0,0,,,,
1187,Bangladesh,Chattogram,Cox's Bazar,Pekua,Mognama,8,Halima Begum,,N/A,Satghar para,,,,,570,100,0,0,0,0,0,0,0,0,0,0,0,0,0,0,0,,,,
1188,Bangladesh,Chattogram,Cox's Bazar,Pekua,Mognama,9,Halima Begum,,N/A,Bedarbil para,,,,,547,118,0,0,0,0,0,0,0,0,0,0,0,0,0,0,0,,,,
1189,Bangladesh,Chattogram,Cox's Bazar,Pekua,Mognama,9,Halima Begum,,N/A,Bolar para,,,,,264,55,0,0,0,0,0,0,0,0,0,0,0,0,0,0,0,,,,
1190,Bangladesh,Chattogram,Cox's Bazar,Pekua,Mognama,9,Halima Begum,,N/A,Ebadullah para,,,,,617,125,0,0,0,0,0,0,0,0,0,0,0,0,0,0,0,,,,
1191,Bangladesh,Chattogram,Cox's Bazar,Pekua,Mognama,9,Halima Begum,,N/A,Kalar para,,,,,1214,236,0,0,0,0,0,0,0,0,0,0,0,0,0,0,0,,,,
1192,Bangladesh,Chattogram,Cox's Bazar,Pekua,Mognama,9,Halima Begum,,N/A,Notun Ghuna,,,,,351,78,0,0,0,0,0,0,0,0,0,0,0,0,0,0,0,,,,
1193,Bangladesh,Chattogram,Cox's Bazar,Pekua,Mognama,9,Halima Begum,,N/A,Shudyakhali,,,,,738,133,0,0,0,0,0,0,0,0,0,0,0,0,0,0,0,,,,
1194,Bangladesh,Chattogram,Cox's Bazar,Pekua,Pekua Sadar,1,Jeasmin Sultana,,N/A,Bokshu Chowkider para,,,,,631,135,0,0,0,0,0,0,0,0,0,0,0,0,0,0,0,,,,
1195,Bangladesh,Chattogram,Cox's Bazar,Pekua,Pekua Sadar,1,Jeasmin Sultana,,N/A,Bot tolia para,,,,,1890,354,0,0,0,0,0,0,0,0,0,0,0,0,0,0,0,,,,
1196,Bangladesh,Chattogram,Cox's Bazar,Pekua,Pekua Sadar,1,Jeasmin Sultana,,N/A,Guakhali,,,,,843,156,0,0,0,0,0,0,0,0,0,0,0,0,0,0,0,,,,
1197,Bangladesh,Chattogram,Cox's Bazar,Pekua,Pekua Sadar,1,Jeasmin Sultana,,N/A,Kataphari,,,,,445,121,0,0,0,0,0,0,0,0,0,0,0,0,0,0,0,,,,
1198,Bangladesh,Chattogram,Cox's Bazar,Pekua,Pekua Sadar,1,Jeasmin Sultana,,N/A,Matbor para,,,,,1353,257,0,0,0,0,0,0,0,0,0,0,0,0,0,0,0,,,,
1199,Bangladesh,Chattogram,Cox's Bazar,Pekua,Pekua Sadar,1,Jeasmin Sultana,,N/A,Mitha Bapari para,,,,,1136,241,0,0,0,0,0,0,0,0,0,0,0,0,0,0,0,,,,
1200,Bangladesh,Chattogram,Cox's Bazar,Pekua,Pekua Sadar,2,Fatema Begum,,N/A,Bangla para,,,,,584,134,0,0,0,0,0,0,0,0,0,0,0,0,0,0,0,,,,
1201,Bangladesh,Chattogram,Cox's Bazar,Pekua,Pekua Sadar,2,Fatema Begum,,N/A,Bhulaiaghuna,,,,,1294,280,0,0,0,0,0,0,0,0,0,0,0,0,0,0,0,,,,
1202,Bangladesh,Chattogram,Cox's Bazar,Pekua,Pekua Sadar,2,Fatema Begum,,N/A,Char para,,,,,392,92,0,0,0,0,0,0,0,0,0,0,0,0,0,0,0,,,,
1203,Bangladesh,Chattogram,Cox's Bazar,Pekua,Pekua Sadar,2,Fatema Begum,,N/A,Modhyam Baimyakhali,,,,,1745,386,0,0,0,0,0,0,0,0,0,0,0,0,0,0,0,,,,
1204,Bangladesh,Chattogram,Cox's Bazar,Pekua,Pekua Sadar,2,Fatema Begum,,N/A,Poshcim Baimyakhali,,,,,834,183,0,0,0,0,0,0,0,0,0,0,0,0,0,0,0,,,,
1205,Bangladesh,Chattogram,Cox's Bazar,Pekua,Pekua Sadar,2,Fatema Begum,,N/A,Purbo guakhali,,,,,1749,358,0,0,0,0,0,0,0,0,0,0,0,0,0,0,0,,,,
1206,Bangladesh,Chattogram,Cox's Bazar,Pekua,Pekua Sadar,2,Fatema Begum,,N/A,Sagor para,,,,,410,96,0,0,0,0,0,0,0,0,0,0,0,0,0,0,0,,,,
1207,Bangladesh,Chattogram,Cox's Bazar,Pekua,Pekua Sadar,2,Kamrun Akter,,N/A,Tek para,,,,,1423,317,0,0,0,0,0,0,0,0,0,0,0,0,0,0,0,,,,
1208,Bangladesh,Chattogram,Cox's Bazar,Pekua,Pekua Sadar,3,Jeasmin Sultana,,N/A,Bilaichari,,,,,1653,336,0,0,0,0,0,0,0,0,0,0,0,0,0,0,0,,,,
1209,Bangladesh,Chattogram,Cox's Bazar,Pekua,Pekua Sadar,3,Jeasmin Sultana,,N/A,Jaliakhali,,,,,1400,264,0,0,0,0,0,0,0,0,0,0,0,0,0,0,0,,,,
1210,Bangladesh,Chattogram,Cox's Bazar,Pekua,Pekua Sadar,3,Jeasmin Sultana,,N/A,Mogkata,,,,,1073,216,0,0,0,0,0,0,0,0,0,0,0,0,0,0,0,,,,
1211,Bangladesh,Chattogram,Cox's Bazar,Pekua,Pekua Sadar,3,Jeasmin Sultana,,N/A,Muiadia,,,,,651,147,0,0,0,0,0,0,0,0,0,0,0,0,0,0,0,,,,
1212,Bangladesh,Chattogram,Cox's Bazar,Pekua,Pekua Sadar,3,Jeasmin Sultana,,N/A,Siradia,,,,,1740,361,0,0,0,0,0,0,0,0,0,0,0,0,0,0,0,,,,
1213,Bangladesh,Chattogram,Cox's Bazar,Pekua,Pekua Sadar,4,Yasmin Akter,,N/A,Horinaphari,,,,,1516,316,0,0,0,0,0,0,0,0,0,0,0,0,0,0,0,,,,
1214,Bangladesh,Chattogram,Cox's Bazar,Pekua,Pekua Sadar,4,Fatema Begum,,N/A,Mia para,,,,,2221,570,0,0,0,0,0,0,0,0,0,0,0,0,0,0,0,,,,
1215,Bangladesh,Chattogram,Cox's Bazar,Pekua,Pekua Sadar,4,Fatema Begum,,N/A,Purbo Baimyakhali,,,,,1652,392,0,0,0,0,0,0,0,0,0,0,0,0,0,0,0,,,,
1216,Bangladesh,Chattogram,Cox's Bazar,Pekua,Pekua Sadar,4,Fatema Begum,,N/A,Sheel para,,,,,342,61,0,0,0,0,0,0,0,0,0,0,0,0,0,0,0,,,,
1217,Bangladesh,Chattogram,Cox's Bazar,Pekua,Pekua Sadar,4,Fatema Begum,,N/A,Shikdar para,,,,,1623,279,0,0,0,0,0,0,0,0,0,0,0,0,0,0,0,,,,
1218,Bangladesh,Chattogram,Cox's Bazar,Pekua,Pekua Sadar,5,Kamrun Akter,,N/A,Annar Ali Matbor para,,,,,3067,755,0,0,0,0,0,0,0,0,0,0,0,0,0,0,0,,,,
1219,Bangladesh,Chattogram,Cox's Bazar,Pekua,Pekua Sadar,5,Kamrun Akter,,N/A,Mowlovi para,,,,,1077,214,0,0,0,0,0,0,0,0,0,0,0,0,0,0,0,,,,
1220,Bangladesh,Chattogram,Cox's Bazar,Pekua,Pekua Sadar,5,Fatema Begum,,N/A,Shekerkilla Ghuna,,,,,3890,843,0,0,0,0,0,0,0,0,0,0,0,0,0,0,0,,,,
1221,Bangladesh,Chattogram,Cox's Bazar,Pekua,Pekua Sadar,5,Kamrun Akter,,N/A,Suta Bapari para,,,,,858,186,0,0,0,0,0,0,0,0,0,0,0,0,0,0,0,,,,
1222,Bangladesh,Chattogram,Cox's Bazar,Pekua,Pekua Sadar,6,Kamrun Akter,,N/A,Sabek guldi,,,,,3330,743,0,0,0,0,0,0,0,0,0,0,0,0,0,0,0,,,,
1223,Bangladesh,Chattogram,Cox's Bazar,Pekua,Pekua Sadar,6,Kamrun Akter,,N/A,Sarkarighuna,,,,,1805,370,0,0,0,0,0,0,0,0,0,0,0,0,0,0,0,,,,
1224,Bangladesh,Chattogram,Cox's Bazar,Pekua,Pekua Sadar,7,Kamrun Akter,,N/A,abdul Hamid Sikdar para,,,,,691,143,0,0,0,0,0,0,0,0,0,0,0,0,0,0,0,,,,
1225,Bangladesh,Chattogram,Cox's Bazar,Pekua,Pekua Sadar,7,Kamrun Akter,,N/A,Adhakhali,,,,,2037,437,0,0,0,0,0,0,0,0,0,0,0,0,0,0,0,,,,
1226,Bangladesh,Chattogram,Cox's Bazar,Pekua,Pekua Sadar,7,Yasmin Akter,,N/A,Liz para,,,,,939,209,0,0,0,0,0,0,0,0,0,0,0,0,0,0,0,,,,
1227,Bangladesh,Chattogram,Cox's Bazar,Pekua,Pekua Sadar,7,Kamrun Akter,,N/A,Mosanyakata,,,,,1259,306,0,0,0,0,0,0,0,0,0,0,0,0,0,0,0,,,,
1228,Bangladesh,Chattogram,Cox's Bazar,Pekua,Pekua Sadar,7,Kamrun Akter,,N/A,Sara para,,,,,2431,530,0,0,0,0,0,0,0,0,0,0,0,0,0,0,0,,,,
1229,Bangladesh,Chattogram,Cox's Bazar,Pekua,Pekua Sadar,7,Kamrun Akter,,N/A,Telya kata,,,,,1129,236,0,0,0,0,0,0,0,0,0,0,0,0,0,0,0,,,,
1230,Bangladesh,Chattogram,Cox's Bazar,Pekua,Pekua Sadar,7,Kamrun Akter,,N/A,Uttar Mehernama,,,,,1154,273,0,0,0,0,0,0,0,0,0,0,0,0,0,0,0,,,,
1231,Bangladesh,Chattogram,Cox's Bazar,Pekua,Pekua Sadar,8,Yasmin Akter,,N/A,Ashroyon Kendro,,,,,946,210,0,137,155,0,0,0,0,0,0,0,0,0,0,0,0,,,,
1232,Bangladesh,Chattogram,Cox's Bazar,Pekua,Pekua Sadar,8,Yasmin Akter,,N/A,Murar para,,,,,2533,548,0,129,142,0,0,0,0,0,0,0,0,0,0,0,0,,,,
1233,Bangladesh,Chattogram,Cox's Bazar,Pekua,Pekua Sadar,8,Yasmin Akter,,N/A,Purbo Mehernama,,,,,2717,525,0,0,0,0,0,0,0,0,0,0,0,0,0,0,0,,,,
1234,Bangladesh,Chattogram,Cox's Bazar,Pekua,Pekua Sadar,8,Yasmin Akter,,N/A,Shaikot para,,,,,585,140,0,0,0,0,0,0,0,0,0,0,0,0,0,0,0,,,,
1235,Bangladesh,Chattogram,Cox's Bazar,Pekua,Pekua Sadar,9,Yasmin Akter,,N/A,Bazar para,,,,,2447,525,0,0,0,0,0,0,0,0,0,0,0,0,0,0,0,,,,
1236,Bangladesh,Chattogram,Cox's Bazar,Pekua,Pekua Sadar,9,Yasmin Akter,,N/A,Nandir para,,,,,4392,1218,0,121,152,0,0,0,0,0,0,0,0,0,0,0,0,,,,
1237,Bangladesh,Chattogram,Cox's Bazar,Pekua,Rajakhali,1,Nurun Nahar,,N/A,Dilshan para,,,,,215,40,0,0,0,0,0,0,0,0,0,0,0,0,0,0,0,,,,
1238,Bangladesh,Chattogram,Cox's Bazar,Pekua,Rajakhali,1,Nurun Nahar,,N/A,Kanchan para,,,,,508,104,0,0,0,0,0,0,0,0,0,0,0,0,0,0,0,,,,
1239,Bangladesh,Chattogram,Cox's Bazar,Pekua,Rajakhali,1,Nurun Nahar,,N/A,Matbor para,,,,,2790,558,0,0,0,0,0,0,0,0,0,0,0,0,0,0,0,,,,
1240,Bangladesh,Chattogram,Cox's Bazar,Pekua,Rajakhali,2,Nurun Nahar,,N/A,Hajir para,,,,,1395,258,0,0,0,0,0,0,0,0,0,0,0,0,0,0,0,,,,
1241,Bangladesh,Chattogram,Cox's Bazar,Pekua,Rajakhali,2,Nurun Nahar,,N/A,Mia para,,,,,3687,730,0,0,0,0,0,0,0,0,0,0,0,0,0,0,0,,,,
1242,Bangladesh,Chattogram,Cox's Bazar,Pekua,Rajakhali,3,Nurun Nahar,,N/A,Chaklader para,,,,,1710,310,0,0,0,0,0,0,0,0,0,0,0,0,0,0,0,,,,
1243,Bangladesh,Chattogram,Cox's Bazar,Pekua,Rajakhali,3,Nurun Nahar,,N/A,Roy Baper para,,,,,2550,350,0,0,0,0,0,0,0,0,0,0,0,0,0,0,0,,,,
1244,Bangladesh,Chattogram,Cox's Bazar,Pekua,Rajakhali,3,Nurun Nahar,,N/A,Uludia para,,,,,556,104,0,0,0,0,0,0,0,0,0,0,0,0,0,0,0,,,,
1245,Bangladesh,Chattogram,Cox's Bazar,Pekua,Rajakhali,4,Mosammat Nasima Akter,,N/A,Bamula para,,,,,2477,486,0,0,0,0,0,0,0,0,0,0,0,0,0,0,0,,,,
1246,Bangladesh,Chattogram,Cox's Bazar,Pekua,Rajakhali,4,Mosammat Nasima Akter,,N/A,Laljan para,,,,,1419,330,0,0,0,0,0,0,0,0,0,0,0,0,0,0,0,,,,
1247,Bangladesh,Chattogram,Cox's Bazar,Pekua,Rajakhali,4,Mosammat Nasima Akter,,N/A,Rogbot Ali para,,,,,1170,225,0,0,0,0,0,0,0,0,0,0,0,0,0,0,0,,,,
1248,Bangladesh,Chattogram,Cox's Bazar,Pekua,Rajakhali,5,Mosammat Nasima Akter,,N/A,Uttar Sundari para,,,,,3377,663,0,0,0,0,0,0,0,0,0,0,0,0,0,0,0,,,,
1249,Bangladesh,Chattogram,Cox's Bazar,Pekua,Rajakhali,6,Mosammat Nasima Akter,,N/A,Bokshia Ghuna,,,,,2648,542,0,0,0,0,0,0,0,0,0,0,0,0,0,0,0,,,,
1250,Bangladesh,Chattogram,Cox's Bazar,Pekua,Rajakhali,6,Mosammat Nasima Akter,,N/A,Dokhin Sundori para,,,,,1044,195,0,0,0,0,0,0,0,0,0,0,0,0,0,0,0,,,,
1251,Bangladesh,Chattogram,Cox's Bazar,Pekua,Rajakhali,7,Mosammat Nasima Akter,,N/A,Bodi Uddin para,,,,,1506,297,0,0,0,0,0,0,0,0,0,0,0,0,0,0,0,,,,
1252,Bangladesh,Chattogram,Cox's Bazar,Pekua,Rajakhali,7,Mosammat Nasima Akter,,N/A,Chowri para,,,,,1089,221,0,0,0,0,0,0,0,0,0,0,0,0,0,0,0,,,,
1253,Bangladesh,Chattogram,Cox's Bazar,Pekua,Rajakhali,7,Mosammat Nasima Akter,,N/A,Moulovi para,,,,,850,173,0,0,0,0,0,0,0,0,0,0,0,0,0,0,0,,,,
1254,Bangladesh,Chattogram,Cox's Bazar,Pekua,Rajakhali,8,Mosammat Nasima Akter,,N/A,Notun Ghuna,,,,,2476,470,0,0,0,0,0,0,0,0,0,0,0,0,0,0,0,,,,
1255,Bangladesh,Chattogram,Cox's Bazar,Pekua,Rajakhali,8,Mosammat Nasima Akter,,N/A,Palakata,,,,,1359,276,0,0,0,0,0,0,0,0,0,0,0,0,0,0,0,,,,
1256,Bangladesh,Chattogram,Cox's Bazar,Pekua,Rajakhali,9,Mosammat Nasima Akter,,N/A,Alima para,,,,,1006,201,0,0,0,0,0,0,0,0,0,0,0,0,0,0,0,,,,
1257,Bangladesh,Chattogram,Cox's Bazar,Pekua,Rajakhali,9,Mosammat Nasima Akter,,N/A,Dosher Ghuna,,,,,1178,256,0,0,0,0,0,0,0,0,0,0,0,0,0,0,0,,,,
1258,Bangladesh,Chattogram,Cox's Bazar,Pekua,Rajakhali,9,Mosammat Nasima Akter,,N/A,Majhir para,,,,,1967,420,0,0,0,0,0,0,0,0,0,0,0,0,0,0,0,,,,
1259,Bangladesh,Chattogram,Cox's Bazar,Pekua,Shilkhali,1,Forida Yasmin,,N/A,Banya Mura,,,,,397,76,0,0,0,0,0,0,0,0,0,0,0,0,0,0,0,,,,
1260,Bangladesh,Chattogram,Cox's Bazar,Pekua,Shilkhali,1,Forida Yasmin,,N/A,Kachari Mura,,,,,1045,218,0,179,199,0,0,0,0,0,0,0,0,0,0,0,0,,,,
1261,Bangladesh,Chattogram,Cox's Bazar,Pekua,Shilkhali,1,Forida Yasmin,,N/A,Shil para,,,,,733,180,0,0,0,0,0,0,0,0,0,0,0,0,0,0,0,,,,
1262,Bangladesh,Chattogram,Cox's Bazar,Pekua,Shilkhali,1,Forida Yasmin,,N/A,Sikdarghuna,,,,,392,84,0,0,0,0,0,0,0,0,0,0,0,0,0,0,0,,,,
1263,Bangladesh,Chattogram,Cox's Bazar,Pekua,Shilkhali,2,Forida Yasmin,,N/A,Alekdia para,,,,,564,109,0,0,0,0,0,0,0,0,0,0,0,0,0,0,0,,,,
1264,Bangladesh,Chattogram,Cox's Bazar,Pekua,Shilkhali,2,Forida Yasmin,,N/A,Hedaytabad,,,,,955,187,0,0,0,0,0,0,0,0,0,0,0,0,0,0,0,,,,
1265,Bangladesh,Chattogram,Cox's Bazar,Pekua,Shilkhali,2,Forida Yasmin,,N/A,Sayed nagor,,,,,343,65,0,0,0,0,0,0,0,0,0,0,0,0,0,0,0,,,,
1266,Bangladesh,Chattogram,Cox's Bazar,Pekua,Shilkhali,3,Forida Yasmin,,N/A,Lamba Mura,,,,,834,185,0,10,12,0,0,0,0,0,0,0,0,0,0,0,0,,,,
1267,Bangladesh,Chattogram,Cox's Bazar,Pekua,Shilkhali,3,Forida Yasmin,,N/A,Purbo Bharuakhali,,,,,540,103,0,0,0,0,0,0,0,0,0,0,0,0,0,0,0,,,,
1268,Bangladesh,Chattogram,Cox's Bazar,Pekua,Shilkhali,3,Forida Yasmin,,N/A,Sabuj para,,,,,968,223,0,13,17,0,0,0,0,0,0,0,0,0,0,0,0,,,,
1269,Bangladesh,Chattogram,Cox's Bazar,Pekua,Shilkhali,4,Reshmin Akter,,N/A,Bazar para,,,,,1671,328,0,0,0,0,0,0,0,0,0,0,0,0,0,0,0,,,,
1270,Bangladesh,Chattogram,Cox's Bazar,Pekua,Shilkhali,5,Senoara Begum,,N/A,Husainabad,,,,,1428,385,0,59,87,0,0,0,0,0,0,0,0,0,0,0,0,,,,
1271,Bangladesh,Chattogram,Cox's Bazar,Pekua,Shilkhali,5,Senoara Begum,,N/A,Majheer Ghuna,,,,,1317,261,0,0,0,0,0,0,0,0,0,0,0,0,0,0,0,,,,
1272,Bangladesh,Chattogram,Cox's Bazar,Pekua,Shilkhali,5,Senoara Begum,,N/A,Uttar jum,,,,,1108,285,0,0,0,0,0,0,0,0,0,0,0,0,0,0,0,,,,
1273,Bangladesh,Chattogram,Cox's Bazar,Pekua,Shilkhali,6,Senoara Begum,,N/A,Jarulbunia,,,,,1376,380,0,0,0,0,0,0,0,0,0,0,0,0,0,0,0,,,,
1274,Bangladesh,Chattogram,Cox's Bazar,Pekua,Shilkhali,6,Senoara Begum,,N/A,Saper Gara,,,,,998,302,0,0,0,0,0,0,0,0,0,0,0,0,0,0,0,,,,
1275,Bangladesh,Chattogram,Cox's Bazar,Pekua,Shilkhali,6,Senoara Begum,,N/A,Segun Bagicha,,,,,1225,410,0,0,0,0,0,0,0,0,0,0,0,0,0,0,0,,,,
1276,Bangladesh,Chattogram,Cox's Bazar,Pekua,Shilkhali,6,Senoara Begum,,N/A,Vatveta para,,,,,1436,355,0,0,0,0,0,0,0,0,0,0,0,0,0,0,0,,,,
1277,Bangladesh,Chattogram,Cox's Bazar,Pekua,Shilkhali,7,Reshmin Akter,,N/A,Alam para,,,,,260,47,0,0,0,0,0,0,0,0,0,0,0,0,0,0,0,,,,
1278,Bangladesh,Chattogram,Cox's Bazar,Pekua,Shilkhali,7,Reshmin Akter,,N/A,Alichan Matobbar para,,,,,294,53,0,0,0,0,0,0,0,0,0,0,0,0,0,0,0,,,,
1279,Bangladesh,Chattogram,Cox's Bazar,Pekua,Shilkhali,7,Senoara Begum,,N/A,Chaptamura,,,,,686,124,0,0,0,0,0,0,0,0,0,0,0,0,0,0,0,,,,
1280,Bangladesh,Chattogram,Cox's Bazar,Pekua,Shilkhali,8,Reshmin Akter,,N/A,Alekdiakata,,,,,873,177,0,0,0,0,0,0,0,0,0,0,0,0,0,0,0,,,,
1281,Bangladesh,Chattogram,Cox's Bazar,Pekua,Shilkhali,8,Forida Yasmin,,N/A,Hajir Ghuna,,,,,989,193,0,0,0,0,0,0,0,0,0,0,0,0,0,0,0,,,,
1282,Bangladesh,Chattogram,Cox's Bazar,Pekua,Shilkhali,9,Reshmin Akter,,N/A,Patan Matobbar para,,,,,964,222,0,0,0,0,0,0,0,0,0,0,0,0,0,0,0,,,,
1283,Bangladesh,Chattogram,Cox's Bazar,Pekua,Shilkhali,9,Reshmin Akter,,N/A,Sabuj para,,,,,1096,237,0,0,0,0,0,0,0,0,0,0,0,0,0,0,0,,,,
1284,Bangladesh,Chattogram,Cox's Bazar,Pekua,Shilkhali,9,Reshmin Akter,,N/A,Tarabunia para,,,,,1273,288,0,0,0,0,0,0,0,0,0,0,0,0,0,0,0,,,,
1285,Bangladesh,Chattogram,Cox's Bazar,Pekua,Toitong,1,Shubaida Begum,,N/A,Bokshumura,,,,,286,57,0,0,0,0,0,0,0,0,0,0,0,0,0,0,0,,,,
1286,Bangladesh,Chattogram,Cox's Bazar,Pekua,Toitong,1,Shubaida Begum,,N/A,Habib para,,,,,313,65,0,0,0,0,0,0,0,0,0,0,0,0,0,0,0,,,,
1287,Bangladesh,Chattogram,Cox's Bazar,Pekua,Toitong,1,Shubaida Begum,,N/A,Jum para,,,,,1513,281,0,71,75,0,0,0,0,0,0,0,0,0,0,0,0,,,,
1288,Bangladesh,Chattogram,Cox's Bazar,Pekua,Toitong,1,Shubaida Begum,,N/A,Madracha para,,,,,1046,213,0,93,99,0,0,0,0,0,0,0,0,0,0,0,0,,,,
1289,Bangladesh,Chattogram,Cox's Bazar,Pekua,Toitong,1,Shubaida Begum,,N/A,Malgara,,,,,804,171,0,69,83,0,0,0,0,0,0,0,0,0,0,0,0,,,,
1290,Bangladesh,Chattogram,Cox's Bazar,Pekua,Toitong,1,Shubaida Begum,,N/A,Modhyam Resarv para,,,,,569,123,0,0,0,0,0,0,0,0,0,0,0,0,0,0,0,,,,
1291,Bangladesh,Chattogram,Cox's Bazar,Pekua,Toitong,2,Naima Akter,,N/A,Alikhakata,,,,,380,66,0,0,0,0,0,0,0,0,0,0,0,0,0,0,0,,,,
1292,Bangladesh,Chattogram,Cox's Bazar,Pekua,Toitong,2,Naima Akter,,N/A,Bodu Mia Hajir para,,,,,537,99,0,0,0,0,0,0,0,0,0,0,0,0,0,0,0,,,,
1293,Bangladesh,Chattogram,Cox's Bazar,Pekua,Toitong,2,Naima Akter,,N/A,Nitantoghuna,,,,,2005,370,0,0,0,0,0,0,0,0,0,0,0,0,0,0,0,,,,
1294,Bangladesh,Chattogram,Cox's Bazar,Pekua,Toitong,2,Nurun Nahar,,N/A,Notun para,,,,,315,72,0,0,0,0,0,0,0,0,0,0,0,0,0,0,0,,,,
1295,Bangladesh,Chattogram,Cox's Bazar,Pekua,Toitong,2,Naima Akter,,N/A,Pondit para,,,,,844,159,0,0,0,0,0,0,0,0,0,0,0,0,0,0,0,,,,
1296,Bangladesh,Chattogram,Cox's Bazar,Pekua,Toitong,2,Shubaida Begum,,N/A,School para,,,,,480,99,0,21,30,0,0,0,0,0,0,0,0,0,0,0,0,,,,
1297,Bangladesh,Chattogram,Cox's Bazar,Pekua,Toitong,3,Nurun Nahar,,N/A,Bazar para,,,,,546,128,0,20,24,0,0,0,0,0,0,0,0,0,0,0,0,,,,
1298,Bangladesh,Chattogram,Cox's Bazar,Pekua,Toitong,3,Nurun Nahar,,N/A,Chaptamura,,,,,583,116,0,43,43,0,0,0,0,0,0,0,0,0,0,0,0,,,,
1299,Bangladesh,Chattogram,Cox's Bazar,Pekua,Toitong,3,Nurun Nahar,,N/A,Godikata,,,,,864,175,0,61,71,0,0,0,0,0,0,0,0,0,0,0,0,,,,
1300,Bangladesh,Chattogram,Cox's Bazar,Pekua,Toitong,3,Nurun Nahar,,N/A,Kachari pahar,,,,,998,195,0,49,55,0,0,0,0,0,0,0,0,0,0,0,0,,,,
1301,Bangladesh,Chattogram,Cox's Bazar,Pekua,Toitong,3,Nurun Nahar,,N/A,Kainyavita,,,,,689,145,0,16,20,0,0,0,0,0,0,0,0,0,0,0,0,,,,
1302,Bangladesh,Chattogram,Cox's Bazar,Pekua,Toitong,3,Nurun Nahar,,N/A,Moulovi Kamal Uddin para,,,,,509,100,0,38,45,0,0,0,0,0,0,0,0,0,0,0,0,,,,
1303,Bangladesh,Chattogram,Cox's Bazar,Pekua,Toitong,3,Nurun Nahar,,N/A,Reserve para,,,,,70,15,0,4,6,0,0,0,0,0,0,0,0,0,0,0,0,,,,
1304,Bangladesh,Chattogram,Cox's Bazar,Pekua,Toitong,3,Nurun Nahar,,N/A,Waj Khatun para,,,,,886,162,0,17,20,0,0,0,0,0,0,0,0,0,0,0,0,,,,
1305,Bangladesh,Chattogram,Cox's Bazar,Pekua,Toitong,4,Umme Kulsum,,N/A,Chowkider para,,,,,445,101,0,0,0,0,0,0,0,0,0,0,0,0,0,0,0,,,,
1306,Bangladesh,Chattogram,Cox's Bazar,Pekua,Toitong,4,Umme Kulsum,,N/A,Kata pahar,,,,,843,172,0,0,0,0,0,0,0,0,0,0,0,0,0,0,0,,,,
1307,Bangladesh,Chattogram,Cox's Bazar,Pekua,Toitong,4,Umme Kulsum,,N/A,Keronsorar jum,,,,,1116,235,0,91,92,0,0,0,0,0,0,0,0,0,0,0,0,,,,
1308,Bangladesh,Chattogram,Cox's Bazar,Pekua,Toitong,4,Umme Kulsum,,N/A,Modhukhali,,,,,1199,262,0,177,190,1,0,0,0,0,0,0,0,0,0,0,0,,,,
1309,Bangladesh,Chattogram,Cox's Bazar,Pekua,Toitong,4,Umme Kulsum,,N/A,Moulovi Hasuner jum,,,,,1232,279,0,399,420,0,0,0,0,0,0,0,0,0,0,0,0,,,,
1310,Bangladesh,Chattogram,Cox's Bazar,Pekua,Toitong,4,Umme Kulsum,,N/A,Sonkhular jum,,,,,757,161,0,29,35,0,0,0,0,0,0,0,0,0,0,0,0,,,,
1311,Bangladesh,Chattogram,Cox's Bazar,Pekua,Toitong,5,shaheraj Sultana,,N/A,Bor para,,,,,868,137,0,0,0,0,0,0,0,0,0,0,0,0,0,0,0,,,,
1312,Bangladesh,Chattogram,Cox's Bazar,Pekua,Toitong,5,shaheraj Sultana,,N/A,Dorga Mura,,,,,595,127,0,0,0,0,0,0,0,0,0,0,0,0,0,0,0,,,,
1313,Bangladesh,Chattogram,Cox's Bazar,Pekua,Toitong,5,shaheraj Sultana,,N/A,Gorjonia para,,,,,882,190,0,117,122,0,0,0,0,0,0,0,0,0,0,0,0,,,,
1314,Bangladesh,Chattogram,Cox's Bazar,Pekua,Toitong,5,shaheraj Sultana,,N/A,Jan Ali Mura,,,,,576,115,0,51,59,0,0,0,0,0,0,0,0,0,0,0,0,,,,
1315,Bangladesh,Chattogram,Cox's Bazar,Pekua,Toitong,5,shaheraj Sultana,,N/A,Puradia,,,,,740,141,0,0,0,0,0,0,0,0,0,0,0,0,0,0,0,,,,
1316,Bangladesh,Chattogram,Cox's Bazar,Pekua,Toitong,6,Nasima Begum,,N/A,Napitkhali,,,,,3354,621,0,0,0,0,0,0,0,0,0,0,0,0,0,0,0,,,,
1317,Bangladesh,Chattogram,Cox's Bazar,Pekua,Toitong,7,Borhana Yasmin,,N/A,Hajhir para,,,,,580,127,0,77,89,0,0,0,0,0,0,0,0,0,0,0,0,,,,
1318,Bangladesh,Chattogram,Cox's Bazar,Pekua,Toitong,7,Borhana Yasmin,,N/A,Majher para,,,,,453,100,0,48,51,0,0,0,0,0,0,0,0,0,0,0,0,,,,
1319,Bangladesh,Chattogram,Cox's Bazar,Pekua,Toitong,7,Borhana Yasmin,,N/A,Moulovi para,,,,,1956,424,0,0,0,0,0,0,0,0,0,0,0,0,0,0,0,,,,
1320,Bangladesh,Chattogram,Cox's Bazar,Pekua,Toitong,7,Borhana Yasmin,,N/A,Ramij para,,,,,3847,870,0,93,100,0,0,0,0,0,0,0,0,0,0,0,0,,,,
1321,Bangladesh,Chattogram,Cox's Bazar,Pekua,Toitong,8,Minhajul Akter,,N/A,Bheluar para,,,,,1722,243,0,0,0,0,0,0,0,0,0,0,0,0,0,0,0,,,,
1322,Bangladesh,Chattogram,Cox's Bazar,Pekua,Toitong,8,Minhajul Akter,,N/A,Hirabunia para,,,,,1588,316,0,0,0,0,0,0,0,0,0,0,0,0,0,0,0,,,,
1323,Bangladesh,Chattogram,Cox's Bazar,Pekua,Toitong,8,Minhajul Akter,,N/A,Kaidar para,,,,,1565,313,0,0,0,0,0,0,0,0,0,0,0,0,0,0,0,,,,
1324,Bangladesh,Chattogram,Cox's Bazar,Pekua,Toitong,9,Humayra Begum,,N/A,Abadi ghuna,,,,,1927,378,0,91,99,0,0,0,0,0,0,0,0,0,0,0,0,,,,
1325,Bangladesh,Chattogram,Cox's Bazar,Pekua,Toitong,9,Humayra Begum,,N/A,Abdullah para,,,,,1342,293,0,69,77,0,0,0,0,0,0,0,0,0,0,0,0,,,,
1326,Bangladesh,Chattogram,Cox's Bazar,Pekua,Toitong,9,Humayra Begum,,N/A,Bazar para,,,,,994,196,0,0,0,0,0,0,0,0,0,0,0,0,0,0,0,,,,
1327,Bangladesh,Chattogram,Cox's Bazar,Pekua,Toitong,9,Humayra Begum,,N/A,Dhoniakata,,,,,2431,632,0,53,63,0,0,0,0,0,0,0,0,0,0,0,0,,,,
1328,Bangladesh,Chattogram,Cox's Bazar,Pekua,Toitong,9,Humayra Begum,,N/A,School pahar,,,,,534,104,0,0,0,0,0,0,0,0,0,0,0,0,0,0,0,,,,
1329,Bangladesh,Chattogram,Cox's Bazar,Pekua,Ujantia,1,Tastima Begum,,N/A,Ghoshal Para,,,,,914,166,0,0,0,0,0,0,0,0,0,0,0,0,0,0,0,,,,
1330,Bangladesh,Chattogram,Cox's Bazar,Pekua,Ujantia,1,Tastima Begum,,N/A,Pekuar Char,,,,,680,129,0,0,0,0,0,0,0,0,0,0,0,0,0,0,0,,,,
1331,Bangladesh,Chattogram,Cox's Bazar,Pekua,Ujantia,1,Tastima Begum,,N/A,Shat Duniar para,,,,,640,126,0,0,0,0,0,0,0,0,0,0,0,0,0,0,0,,,,
1332,Bangladesh,Chattogram,Cox's Bazar,Pekua,Ujantia,2,Tastima Begum,,N/A,Moulovi para,,,,,213,45,0,0,0,0,0,0,0,0,0,0,0,0,0,0,0,,,,
1333,Bangladesh,Chattogram,Cox's Bazar,Pekua,Ujantia,2,Tastima Begum,,N/A,Poshchim Ujantia,,,,,3027,628,0,0,0,0,0,0,0,0,0,0,0,0,0,0,0,,,,
1334,Bangladesh,Chattogram,Cox's Bazar,Pekua,Ujantia,3,Tastima Begum,,N/A,Ferashinga para,,,,,1224,222,0,0,0,0,0,0,0,0,0,0,0,0,0,0,0,,,,
1335,Bangladesh,Chattogram,Cox's Bazar,Pekua,Ujantia,3,Tastima Begum,,N/A,Miajir para,,,,,433,83,0,0,0,0,0,0,0,0,0,0,0,0,0,0,0,,,,
1336,Bangladesh,Chattogram,Cox's Bazar,Pekua,Ujantia,4,Tastima Begum,,N/A,Bheluar para,,,,,680,129,0,0,0,0,0,0,0,0,0,0,0,0,0,0,0,,,,
1337,Bangladesh,Chattogram,Cox's Bazar,Pekua,Ujantia,4,Tastima Begum,,N/A,Fakir para,,,,,1099,180,0,0,0,0,0,0,0,0,0,0,0,0,0,0,0,,,,
1338,Bangladesh,Chattogram,Cox's Bazar,Pekua,Ujantia,4,Tastima Begum,,N/A,Jenu Uddin para,,,,,525,110,0,0,0,0,0,0,0,0,0,0,0,0,0,0,0,,,,
1339,Bangladesh,Chattogram,Cox's Bazar,Pekua,Ujantia,5,Umme Ayeshatul Kobra,,N/A,Notun Ghuna,,,,,2121,378,0,0,0,0,0,0,0,0,0,0,0,0,0,0,0,,,,
1340,Bangladesh,Chattogram,Cox's Bazar,Pekua,Ujantia,5,Umme Ayeshatul Kobra,,N/A,Pekuar Char,,,,,700,133,0,0,0,0,0,0,0,0,0,0,0,0,0,0,0,,,,
1341,Bangladesh,Chattogram,Cox's Bazar,Pekua,Ujantia,5,Umme Ayeshatul Kobra,,N/A,Sunali Bazar,,,,,178,33,0,0,0,0,0,0,0,0,0,0,0,0,0,0,0,,,,
1342,Bangladesh,Chattogram,Cox's Bazar,Pekua,Ujantia,6,Umme Ayeshatul Kobra,,N/A,Ator Ali para,,,,,443,87,0,0,0,0,0,0,0,0,0,0,0,0,0,0,0,,,,
1343,Bangladesh,Chattogram,Cox's Bazar,Pekua,Ujantia,6,Umme Ayeshatul Kobra,,N/A,Thandar para,,,,,1360,270,0,0,0,0,0,0,0,0,0,0,0,0,0,0,0,,,,
1344,Bangladesh,Chattogram,Cox's Bazar,Pekua,Ujantia,7,Umme Ayeshatul Kobra,,N/A,Aub Ali para,,,,,293,58,0,0,0,0,0,0,0,0,0,0,0,0,0,0,0,,,,
1345,Bangladesh,Chattogram,Cox's Bazar,Pekua,Ujantia,7,Umme Ayeshatul Kobra,,N/A,Dokhin sutachura,,,,,1485,201,0,0,0,0,0,0,0,0,0,0,0,0,0,0,0,,,,
1346,Bangladesh,Chattogram,Cox's Bazar,Pekua,Ujantia,7,Umme Ayeshatul Kobra,,N/A,Nuri para,,,,,851,175,0,0,0,0,0,0,0,0,0,0,0,0,0,0,0,,,,
1347,Bangladesh,Chattogram,Cox's Bazar,Pekua,Ujantia,8,Umme Ayeshatul Kobra,,N/A,malek para,,,,,559,99,0,0,0,0,0,0,0,0,0,0,0,0,0,0,0,,,,
1348,Bangladesh,Chattogram,Cox's Bazar,Pekua,Ujantia,8,Umme Ayeshatul Kobra,,N/A,Sundori para,,,,,1510,199,0,0,0,0,0,0,0,0,0,0,0,0,0,0,0,,,,
1349,Bangladesh,Chattogram,Cox's Bazar,Pekua,Ujantia,9,Umme Ayeshatul Kobra,,N/A,Koriardia,,,,,2133,506,0,0,0,0,0,0,0,0,0,0,0,0,0,0,0,,,,
1350,Bangladesh,Chattogram,Cox's Bazar,Ramu,Chakmarkul,01,,,,Maulavi Saleh Ahmod Para,মৌলভী ছালেহ আহমদ পাড়া,CHA101,21.427418,92.0769,500,0,0,0,0,0,0,0,0,0,0,0,0,0,0,0,0,,,,
1351,Bangladesh,Chattogram,Cox's Bazar,Ramu,Chakmarkul,01,,,,Pashchim Para,পশ্চিম পাড়া,CHA102,21.425254,92.077644,400,0,0,0,0,0,0,0,0,0,0,0,0,0,0,0,0,,,,
1352,Bangladesh,Chattogram,Cox's Bazar,Ramu,Chakmarkul,01,,,,Ali Hossen Sikder Para,আলী হোসেন সিকদার পাড়া,CHA103,21.42384,92.079018,2000,0,0,0,0,0,0,0,0,0,0,0,0,0,0,0,0,,,,
1353,Bangladesh,Chattogram,Cox's Bazar,Ramu,Chakmarkul,01,,,,Poultry Farm,পোল্ট্রি ফার্ম,CHA104,21.429099,92.078462,100,0,0,0,0,0,0,0,0,0,0,0,0,0,0,0,0,,,,
1354,Bangladesh,Chattogram,Cox's Bazar,Ramu,Chakmarkul,02,,,,Dakkhin Chakmarkul Miaji Para,দক্ষিণ চাকমারকুল মিয়াজী পাড়া,CHA201,21.42026,92.080823,1500,0,0,0,0,0,0,0,0,0,0,0,0,0,0,0,0,,,,
1355,Bangladesh,Chattogram,Cox's Bazar,Ramu,Chakmarkul,02,,,,Natun Char Para,নতুন চর পাড়া,CHA202,21.419353,92.075824,800,0,0,0,0,0,0,0,0,0,0,0,0,0,0,0,0,,,,
1356,Bangladesh,Chattogram,Cox's Bazar,Ramu,Chakmarkul,02,,,,Moajjimer Dwip,মোয়াজ্জিমের দ্বীপ,CHA203,21.414278,92.07693,700,0,0,0,0,0,0,0,0,0,0,0,0,0,0,0,0,,,,
1357,Bangladesh,Chattogram,Cox's Bazar,Ramu,Chakmarkul,03,,,,Dakkhin Chakmarkul Matbor Para,দক্ষিণ চাকমারকুল মাতবর পাড়া,CHA301,21.419433,92.083673,700,0,0,0,0,0,0,0,0,0,0,0,0,0,0,0,0,,,,
1358,Bangladesh,Chattogram,Cox's Bazar,Ramu,Chakmarkul,03,,,,Mistri Para,মিস্ত্রি পাড়া,CHA302,21.418269,92.086246,1000,0,0,0,0,0,0,0,0,0,0,0,0,0,0,0,0,,,,
1359,Bangladesh,Chattogram,Cox's Bazar,Ramu,Chakmarkul,03,,,,Dumer Char,ডুমের চর,CHA303,21.417896,92.08777,1200,0,0,0,0,0,0,0,0,0,0,0,0,0,0,0,0,,,,
1360,Bangladesh,Chattogram,Cox's Bazar,Ramu,Chakmarkul,03,,,,Dakkhin Charpara,দক্ষিণ চরপাড়া,CHA304,21.418334,92.084433,100,0,0,0,0,0,0,0,0,0,0,0,0,0,0,0,0,,,,
1361,Bangladesh,Chattogram,Cox's Bazar,Ramu,Chakmarkul,04,,,,Dakkhin Chakmarkul Konar Para,দক্ষিণ চাকমারকুল কোনার পাড়া,CHA401,21.417939,92.091778,1000,0,0,0,0,0,0,0,0,0,0,0,0,0,0,0,0,,,,
1362,Bangladesh,Chattogram,Cox's Bazar,Ramu,Chakmarkul,04,,,,Dakkhin Chakmarkul Mallik Para,দক্ষিণ চাকমারকুল মল্লিক পাড়া,CHA402,21.42159,92.089585,350,0,0,0,0,0,0,0,0,0,0,0,0,0,0,0,0,,,,
1363,Bangladesh,Chattogram,Cox's Bazar,Ramu,Chakmarkul,04,,,,Dakkhin Chakmarkul Khondakar Para,দক্ষিণ চাকমারকুল খোন্দকার পাড়া,CHA403,21.423075,92.08899,600,0,0,0,0,0,0,0,0,0,0,0,0,0,0,0,0,,,,
1364,Bangladesh,Chattogram,Cox's Bazar,Ramu,Chakmarkul,04,,,,Dakkhin Chakmarkul Askar Para,দক্ষিণ চাকমারকুল আসকর পাড়া,CHA404,21.424388,92.087424,800,0,0,0,0,0,0,0,0,0,0,0,0,0,0,0,0,,,,
1365,Bangladesh,Chattogram,Cox's Bazar,Ramu,Chakmarkul,04,,,,Techchhipul Dakkhinangsha,তেচ্ছিপুল দক্ষিণাংশ,CHA405,21.426191,92.084414,800,0,0,0,0,0,0,0,0,0,0,0,0,0,0,0,0,,,,
1366,Bangladesh,Chattogram,Cox's Bazar,Ramu,Chakmarkul,04,,,,Techchhipul Uttarangsha,তেচ্ছিপুল উত্তরাংশ,CHA406,21.42887,92.080503,250,0,0,0,0,0,0,0,0,0,0,0,0,0,0,0,0,,,,
1367,Bangladesh,Chattogram,Cox's Bazar,Ramu,Chakmarkul,05,,,,Uttar Jarailtali,উত্তর জারাইলতলী,CHA501,21.437766,92.073681,1500,0,0,0,0,0,0,0,0,0,0,0,0,0,0,0,0,,,,
1368,Bangladesh,Chattogram,Cox's Bazar,Ramu,Chakmarkul,05,,,,Dakkhin Jarailtali,দক্ষিণ জারাইলতলী,CHA502,21.435711,92.074452,1000,0,0,0,0,0,0,0,0,0,0,0,0,0,0,0,0,,,,
1369,Bangladesh,Chattogram,Cox's Bazar,Ramu,Chakmarkul,05,,,,Barua Para,বড়ুয়া পাড়া,CHA503,21.43504,92.075741,400,0,0,0,0,0,0,0,0,0,0,0,0,0,0,0,0,,,,
1370,Bangladesh,Chattogram,Cox's Bazar,Ramu,Chakmarkul,05,,,,Banik Para,বণিক পাড়া,CHA504,21.432249,92.079951,600,0,0,0,0,0,0,0,0,0,0,0,0,0,0,0,0,,,,
1371,Bangladesh,Chattogram,Cox's Bazar,Ramu,Chakmarkul,06,,,,Purba Mohammadpura,র্পূব মোহাম্মদপুরা,CHA601,21.441302,92.080526,1500,0,0,0,0,0,0,0,0,0,0,0,0,0,0,0,0,,,,
1372,Bangladesh,Chattogram,Cox's Bazar,Ramu,Chakmarkul,06,,,,Purba Mohammadpura Naya Para,র্পূব মোহাম্মদপুরা নয়া পাড়া,CHA602,21.443616,92.076547,1200,0,0,0,0,0,0,0,0,0,0,0,0,0,0,0,0,,,,
1373,Bangladesh,Chattogram,Cox's Bazar,Ramu,Chakmarkul,07,,,,Sreemura Dakkhin Para,শ্রীমুরা দক্ষিণ পাড়া,CHA701,21.450717,92.067357,550,0,0,0,0,0,0,0,0,0,0,0,0,0,0,0,0,,,,
1374,Bangladesh,Chattogram,Cox's Bazar,Ramu,Chakmarkul,07,,,,Sreemura Pashchim Para,শ্রীমুরা পশ্চিম পাড়া,CHA702,21.451355,92.065889,650,0,0,0,0,0,0,0,0,0,0,0,0,0,0,0,0,,,,
1375,Bangladesh,Chattogram,Cox's Bazar,Ramu,Chakmarkul,07,,,,Sreemura Nasira Para,শ্রীমুরা নাছিরা পাড়া,CHA703,21.457046,92.065192,300,0,0,0,0,0,0,0,0,0,0,0,0,0,0,0,0,,,,
1376,Bangladesh,Chattogram,Cox's Bazar,Ramu,Chakmarkul,07,,,,Sreemura Uttar Para,শ্রীমুরা উত্তর পাড়া,CHA704,21.452818,92.069559,500,0,0,0,0,0,0,0,0,0,0,0,0,0,0,0,0,,,,
1377,Bangladesh,Chattogram,Cox's Bazar,Ramu,Chakmarkul,07,,,,Sreemura Purba Para,শ্রীমুরা পূর্ব পাড়া,CHA705,21.4515,92.069605,480,0,0,0,0,0,0,0,0,0,0,0,0,0,0,0,0,,,,
1378,Bangladesh,Chattogram,Cox's Bazar,Ramu,Chakmarkul,07,,,,Sreemura Naya Para,শ্রীমুরা নয়া পাড়া,CHA706,21.449714,92.071019,250,0,0,0,0,0,0,0,0,0,0,0,0,0,0,0,0,,,,
1379,Bangladesh,Chattogram,Cox's Bazar,Ramu,Chakmarkul,08,,,,Dakkhin Shahmoder Para,দক্ষিণ শাহমদের পাড়া,CHA801,21.435068,92.071103,1200,0,0,0,0,0,0,0,0,0,0,0,0,0,0,0,0,,,,
1380,Bangladesh,Chattogram,Cox's Bazar,Ramu,Chakmarkul,08,,,,Pashchim Shahmoder Para,পশ্চিম শাহমদের পাড়া,CHA802,21.437917,92.068474,1400,0,0,0,0,0,0,0,0,0,0,0,0,0,0,0,0,,,,
1381,Bangladesh,Chattogram,Cox's Bazar,Ramu,Chakmarkul,08,,,,Purba Shahmoder Para,পূর্ব শাহমদের পাড়া,CHA803,21.440093,92.072278,1300,0,0,0,0,0,0,0,0,0,0,0,0,0,0,0,0,,,,
1382,Bangladesh,Chattogram,Cox's Bazar,Ramu,Chakmarkul,09,,,,Deinga Para,ডেইংগা পাড়া,CHA901,21.426429,92.0701,500,0,0,0,0,0,0,0,0,0,0,0,0,0,0,0,0,,,,
1383,Bangladesh,Chattogram,Cox's Bazar,Ramu,Chakmarkul,09,,,,Bhut Para,ভূত পাড়া,CHA902,21.431615,92.069199,450,0,0,0,0,0,0,0,0,0,0,0,0,0,0,0,0,,,,
1384,Bangladesh,Chattogram,Cox's Bazar,Ramu,Chakmarkul,09,,,,Naya Charpara,নয়া চরপাড়া,CHA903,21.422945,92.072651,350,0,0,0,0,0,0,0,0,0,0,0,0,0,0,0,0,,,,
1385,Bangladesh,Chattogram,Cox's Bazar,Ramu,Chakmarkul,09,,,,Pashchim Chakmarkul,পশ্চিম চাকমারকুল,CHA904,21.42646,92.072248,1000,0,0,0,0,0,0,0,0,0,0,0,0,0,0,0,0,,,,
1386,Bangladesh,Chattogram,Cox's Bazar,Ramu,Dakkhin Mithachhari,01,,,,Dakkhin Mithachhari Dakkhin Para,দক্ষিণ মিঠাছড়ি দক্ষিণ পাড়া,DAK101,21.416255,92.058579,500,0,0,0,0,0,0,0,0,0,0,0,0,0,0,0,0,,,,
1387,Bangladesh,Chattogram,Cox's Bazar,Ramu,Dakkhin Mithachhari,01,,,,Dakkhin Mithachhari Khandokar Para,দক্ষিণ মিঠাছড়ি খোন্দকার পাড়া,DAK102,21.418559,92.057378,300,0,0,0,0,0,0,0,0,0,0,0,0,0,0,0,0,,,,
1388,Bangladesh,Chattogram,Cox's Bazar,Ramu,Dakkhin Mithachhari,01,,,,Chowdhury Para,চৌধুরী পাড়া,DAK103,21.415038,92.055025,200,0,0,0,0,0,0,0,0,0,0,0,0,0,0,0,0,,,,
1389,Bangladesh,Chattogram,Cox's Bazar,Ramu,Dakkhin Mithachhari,01,,,,Ghat Para,ঘাট পাড়া,DAK104,21.418211,92.055035,580,0,0,0,0,0,0,0,0,0,0,0,0,0,0,0,0,,,,
1390,Bangladesh,Chattogram,Cox's Bazar,Ramu,Dakkhin Mithachhari,01,,,,Sikder Para,সিকদার পাড়া,DAK105,21.417281,92.05149,550,0,0,0,0,0,0,0,0,0,0,0,0,0,0,0,0,,,,
1391,Bangladesh,Chattogram,Cox's Bazar,Ramu,Dakkhin Mithachhari,01,,,,Bara Pukur Par Para,বড় পুকুর পাড় পাড়া,DAK106,21.418839,92.050047,350,0,0,0,0,0,0,0,0,0,0,0,0,0,0,0,0,,,,
1392,Bangladesh,Chattogram,Cox's Bazar,Ramu,Dakkhin Mithachhari,01,,,,Napit Para,নাপিত পাড়া,DAK107,21.418951,92.051688,160,0,0,0,0,0,0,0,0,0,0,0,0,0,0,0,0,,,,
1393,Bangladesh,Chattogram,Cox's Bazar,Ramu,Dakkhin Mithachhari,01,,,,Mithachhari Charpara,মিঠাছড়ি চরপাড়া,DAK108,21.419788,92.048393,100,0,0,0,0,0,0,0,0,0,0,0,0,0,0,0,0,,,,
1394,Bangladesh,Chattogram,Cox's Bazar,Ramu,Dakkhin Mithachhari,01,,,,Chainda Charpara,চাইন্দা চরপাড়া,DAK109,21.42039,92.046694,1150,0,0,0,0,0,0,0,0,0,0,0,0,0,0,0,0,,,,
1395,Bangladesh,Chattogram,Cox's Bazar,Ramu,Dakkhin Mithachhari,02,,,,Madhyam Umkhali Mohammad Hajir Para,মধ্যম উমখালি মোহাম্মদ হাজ্বীর পাড়া,DAK201,21.41925,92.06882,800,0,0,0,0,0,0,0,0,0,0,0,0,0,0,0,0,,,,
1396,Bangladesh,Chattogram,Cox's Bazar,Ramu,Dakkhin Mithachhari,02,,,,Madhyam Umkhali Kajir Para,মধ্যম উমখালি কাজীর পাড়া,DAK202,21.419243,92.066473,1800,0,0,0,0,0,0,0,0,0,0,0,0,0,0,0,0,,,,
1397,Bangladesh,Chattogram,Cox's Bazar,Ramu,Dakkhin Mithachhari,02,,,,Abdus Salam Uttar Miyaji Para,আব্দুস সালাম উত্তর মিয়াজী পাড়া,DAK203,21.419412,92.063888,280,0,0,0,0,0,0,0,0,0,0,0,0,0,0,0,0,,,,
1398,Bangladesh,Chattogram,Cox's Bazar,Ramu,Dakkhin Mithachhari,02,,,,Pashchim Umkhali Uttor Para,পশ্চিম উমখালি উত্তর পাড়া,DAK204,21.41929,92.060858,2200,0,0,0,0,0,0,0,0,0,0,0,0,0,0,0,0,,,,
1399,Bangladesh,Chattogram,Cox's Bazar,Ramu,Dakkhin Mithachhari,02,,,,Pashchim Umkhali Satgharia Para,পশ্চিম উমখালি সাতঘরিয়া পাড়া,DAK205,21.415717,92.062016,850,0,0,0,0,0,0,0,0,0,0,0,0,0,0,0,0,,,,
1400,Bangladesh,Chattogram,Cox's Bazar,Ramu,Dakkhin Mithachhari,02,,,,Pashchim Umkhali Dakkhin Para,পশ্চিম উমখালি দক্ষিণ পাড়া,DAK206,21.41598,92.060027,1700,0,0,0,0,0,0,0,0,0,0,0,0,0,0,0,0,,,,
1401,Bangladesh,Chattogram,Cox's Bazar,Ramu,Dakkhin Mithachhari,03,,,,Umkhali Azimuddin Sikder Para,উমখালি আজিমুদ্দিন সিকদার পাড়া,DAK301,21.419225,92.071162,1200,0,0,0,0,0,0,0,0,0,0,0,0,0,0,0,0,,,,
1402,Bangladesh,Chattogram,Cox's Bazar,Ramu,Dakkhin Mithachhari,03,,,,Umkhali Abu Bakkar Baper Para,উমখালি আবু বক্কর বাপের পাড়া,DAK302,21.41857,92.072925,800,0,0,0,0,0,0,0,0,0,0,0,0,0,0,0,0,,,,
1403,Bangladesh,Chattogram,Cox's Bazar,Ramu,Dakkhin Mithachhari,03,,,,Umkhali Pashchim Dharpara,উমখালি পশ্চিম ধরপাড়া,DAK303,21.415643,92.074524,1000,0,0,0,0,0,0,0,0,0,0,0,0,0,0,0,0,,,,
1404,Bangladesh,Chattogram,Cox's Bazar,Ramu,Dakkhin Mithachhari,03,,,,Umkhali Janu Matbor Para,উমখালি জনু মাতবর পাড়া,DAK304,21.411591,92.075046,800,0,0,0,0,0,0,0,0,0,0,0,0,0,0,0,0,,,,
1405,Bangladesh,Chattogram,Cox's Bazar,Ramu,Dakkhin Mithachhari,03,,,,Umkhali Gani Sawdagarpara,উমখালি গণি সওদাগরপাড়া,DAK305,21.412091,92.078399,1100,0,0,0,0,0,0,0,0,0,0,0,0,0,0,0,0,,,,
1406,Bangladesh,Chattogram,Cox's Bazar,Ramu,Dakkhin Mithachhari,04,,,,Purba Umkhali Muktar Baper Para,পূর্ব উমখালি মুক্তার বাপের পাড়া,DAK401,21.410225,92.079861,1300,0,0,0,0,0,0,0,0,0,0,0,0,0,0,0,0,,,,
1407,Bangladesh,Chattogram,Cox's Bazar,Ramu,Dakkhin Mithachhari,04,,,,Purba Umkhali Purba Dharpara,পূর্ব উমখালি পূর্ব ধরপাড়া,DAK402,21.411858,92.081577,600,0,0,0,0,0,0,0,0,0,0,0,0,0,0,0,0,,,,
1408,Bangladesh,Chattogram,Cox's Bazar,Ramu,Dakkhin Mithachhari,04,,,,Purba Umkhali Baruapara,পূর্ব উমখালি বড়ুয়াপাড়া,DAK403,21.404496,92.076601,55,0,0,0,0,0,0,0,0,0,0,0,0,0,0,0,0,,,,
1409,Bangladesh,Chattogram,Cox's Bazar,Ramu,Dakkhin Mithachhari,04,,,,Purba Umkhali Jinur Ghona Pahartali,পূর্ব উমখালি জিনুর ঘোনা পাহাড়তলী,DAK404,21.399258,92.076849,700,0,0,0,0,0,0,0,0,0,0,0,0,0,0,0,0,,,,
1410,Bangladesh,Chattogram,Cox's Bazar,Ramu,Dakkhin Mithachhari,04,,,,Purba Umkhali Karailya Chhara,পূর্ব উমখালি করইল্যা ছড়া,DAK405,21.390762,92.078779,700,0,0,0,0,0,0,0,0,0,0,0,0,0,0,0,0,,,,
1411,Bangladesh,Chattogram,Cox's Bazar,Ramu,Dakkhin Mithachhari,05,,,,Purba Panerchhara,পূর্ব পানেরছড়া,DAK501,21.389002,92.070522,1400,0,0,0,0,0,0,0,0,0,0,0,0,0,0,0,0,,,,
1412,Bangladesh,Chattogram,Cox's Bazar,Ramu,Dakkhin Mithachhari,05,,,,Panerchhara Bali Para,পানেরছড়া বলি পাড়া,DAK502,21.389518,92.073527,240,0,0,0,0,0,0,0,0,0,0,0,0,0,0,0,0,,,,
1413,Bangladesh,Chattogram,Cox's Bazar,Ramu,Dakkhin Mithachhari,05,,,,Janu Matbor Para,জনু মাতবর পাড়া,DAK503,21.395248,92.068887,700,0,0,0,0,0,0,0,0,0,0,0,0,0,0,0,0,,,,
1414,Bangladesh,Chattogram,Cox's Bazar,Ramu,Dakkhin Mithachhari,05,,,,Pashchim Panerchhara,পশ্চিম পানেরছড়া,DAK504,21.389089,92.0657,1200,0,0,0,0,0,0,0,0,0,0,0,0,0,0,0,0,,,,
1415,Bangladesh,Chattogram,Cox's Bazar,Ramu,Dakkhin Mithachhari,05,,,,Purba Shia Para,পূর্ব শিয়া পাড়া,DAK505,21.393582,92.066063,600,0,0,0,0,0,0,0,0,0,0,0,0,0,0,0,0,,,,
1416,Bangladesh,Chattogram,Cox's Bazar,Ramu,Dakkhin Mithachhari,05,,,,Pashchim Shia Para,পশ্চিম শিয়া পাড়া,DAK506,21.392783,92.062178,590,0,0,0,0,0,0,0,0,0,0,0,0,0,0,0,0,,,,
1417,Bangladesh,Chattogram,Cox's Bazar,Ramu,Dakkhin Mithachhari,05,,,,Panerchhara Rakhain Para,পানেরছড়া রাখাইন পাড়া,DAK507,21.397136,92.067986,650,0,0,0,0,0,0,0,0,0,0,0,0,0,0,0,0,,,,
1418,Bangladesh,Chattogram,Cox's Bazar,Ramu,Dakkhin Mithachhari,05,,,,Panerchhara Camp Para,পানেরছড়া ক্যাম্প পাড়া,DAK508,21.384351,92.062464,120,0,0,0,0,0,0,0,0,0,0,0,0,0,0,0,0,,,,
1419,Bangladesh,Chattogram,Cox's Bazar,Ramu,Dakkhin Mithachhari,05,,,,Panerchhara Marichyaghona,পানেরছড়া মরিচ্চাঘোনা,DAK509,21.387157,92.068261,200,0,0,0,0,0,0,0,0,0,0,0,0,0,0,0,0,,,,
1420,Bangladesh,Chattogram,Cox's Bazar,Ramu,Dakkhin Mithachhari,05,,,,Panerchhara Lambaghona,পানেরছড়া লম্বাঘোনা,DAK510,21.385439,92.066391,300,0,0,0,0,0,0,0,0,0,0,0,0,0,0,0,0,,,,
1421,Bangladesh,Chattogram,Cox's Bazar,Ramu,Dakkhin Mithachhari,05,,,,Panerchhara Baghghona,পানেরছড়া বাঘঘোনা,DAK511,21.383003,92.069294,200,0,0,0,0,0,0,0,0,0,0,0,0,0,0,0,0,,,,
1422,Bangladesh,Chattogram,Cox's Bazar,Ramu,Dakkhin Mithachhari,05,,,,Purba Panerchhara Adarsha Gram,পূর্ব পানেরছড়া আদর্শ গ্রাম,DAK512,21.38217,92.071997,150,0,0,0,0,0,0,0,0,0,0,0,0,0,0,0,0,,,,
1423,Bangladesh,Chattogram,Cox's Bazar,Ramu,Dakkhin Mithachhari,06,,,,Kala Khondakar Para,কালা খন্দকার পাড়া,DAK601,21.407336,92.055006,2000,0,0,0,0,0,0,0,0,0,0,0,0,0,0,0,0,,,,
1424,Bangladesh,Chattogram,Cox's Bazar,Ramu,Dakkhin Mithachhari,06,,,,Nijer Para,নিজের পাড়া,DAK602,21.40553,92.055878,500,0,0,0,0,0,0,0,0,0,0,0,0,0,0,0,0,,,,
1425,Bangladesh,Chattogram,Cox's Bazar,Ramu,Dakkhin Mithachhari,06,,,,Samiti Para,সমিতি পাড়া,DAK603,21.399765,92.05541,3500,0,0,0,0,0,0,0,0,0,0,0,0,0,0,0,0,,,,
1426,Bangladesh,Chattogram,Cox's Bazar,Ramu,Dakkhin Mithachhari,06,,,,Tetaiya Para,তেতৈয়া পাড়া,DAK604,21.404354,92.06231,500,0,0,0,0,0,0,0,0,0,0,0,0,0,0,0,0,,,,
1427,Bangladesh,Chattogram,Cox's Bazar,Ramu,Dakkhin Mithachhari,06,,,,Baraiya Para,বারাইয়া পাড়া,DAK605,21.402147,92.064584,3000,0,0,0,0,0,0,0,0,0,0,0,0,0,0,0,0,,,,
1428,Bangladesh,Chattogram,Cox's Bazar,Ramu,Dakkhin Mithachhari,07,,,,Fakira Mura,ফকিরা মুরা,DAK701,21.410042,92.05059,2000,0,0,0,0,0,0,0,0,0,0,0,0,0,0,0,0,,,,
1429,Bangladesh,Chattogram,Cox's Bazar,Ramu,Dakkhin Mithachhari,07,,,,Huari Ghona,হুয়ারী ঘোনা,DAK702,21.400403,92.049755,1200,0,0,0,0,0,0,0,0,0,0,0,0,0,0,0,0,,,,
1430,Bangladesh,Chattogram,Cox's Bazar,Ramu,Dakkhin Mithachhari,07,,,,Mithachhari Purba Chhararkul,মিঠাছড়ি পূর্ব ছড়ারকুল,DAK703,21.411457,92.045502,1200,0,0,0,0,0,0,0,0,0,0,0,0,0,0,0,0,,,,
1431,Bangladesh,Chattogram,Cox's Bazar,Ramu,Dakkhin Mithachhari,07,,,,Asmar Ghona,আসমার ঘোনা,DAK704,21.406894,92.045214,1200,0,0,0,0,0,0,0,0,0,0,0,0,0,0,0,0,,,,
1432,Bangladesh,Chattogram,Cox's Bazar,Ramu,Dakkhin Mithachhari,07,,,,Chengchhari Para,চেংছড়ি পাড়া,DAK705,21.394716,92.039805,3000,0,0,0,0,0,0,0,0,0,0,0,0,0,0,0,0,,,,
1433,Bangladesh,Chattogram,Cox's Bazar,Ramu,Dakkhin Mithachhari,07,,,,Banotala Para,বনতলা পাড়া,DAK706,21.401902,92.046406,2000,0,0,0,0,0,0,0,0,0,0,0,0,0,0,0,0,,,,
1434,Bangladesh,Chattogram,Cox's Bazar,Ramu,Dakkhin Mithachhari,08,,,,Chainda Uttar Khondokar Para,চাইন্দা উত্তর খোন্দকার পাড়া,DAK801,21.414092,92.040137,1000,0,0,0,0,0,0,0,0,0,0,0,0,0,0,0,0,,,,
1435,Bangladesh,Chattogram,Cox's Bazar,Ramu,Dakkhin Mithachhari,08,,,,Chainda Ghonar Para,চাইন্দা ঘোনার পাড়া,DAK802,21.401489,92.038966,1000,0,0,0,0,0,0,0,0,0,0,0,0,0,0,0,0,,,,
1436,Bangladesh,Chattogram,Cox's Bazar,Ramu,Dakkhin Mithachhari,08,,,,Chainda Chararkul,চাইন্দা ছড়ারকূল,DAK803,21.410681,92.043511,1200,0,0,0,0,0,0,0,0,0,0,0,0,0,0,0,0,,,,
1437,Bangladesh,Chattogram,Cox's Bazar,Ramu,Dakkhin Mithachhari,08,,,,Chainda Dakkhin Khondokar Para,চাইন্দা দক্ষিণ খোন্দকার পাড়া,DAK804,21.409236,92.039721,1000,0,0,0,0,0,0,0,0,0,0,0,0,0,0,0,0,,,,
1438,Bangladesh,Chattogram,Cox's Bazar,Ramu,Dakkhin Mithachhari,08,,,,Chainda Pashchim Khondokar Para,চাইন্দা পশ্চিম খোন্দকার পাড়া,DAK805,21.412595,92.036906,2000,0,0,0,0,0,0,0,0,0,0,0,0,0,0,0,0,,,,
1439,Bangladesh,Chattogram,Cox's Bazar,Ramu,Dakkhin Mithachhari,09,,,,Kaimayar Ghona,কাইম্যার ঘোনা,DAK901,21.415348,92.031473,4000,0,0,0,0,0,0,0,0,0,0,0,0,0,0,0,0,,,,
1440,Bangladesh,Chattogram,Cox's Bazar,Ramu,Dakkhin Mithachhari,09,,,,Kaimayar Ghona Muslimabad,কাইম্যার ঘোনা মুসলিমাবাদ,DAK902,21.419525,92.033533,140,0,0,0,0,0,0,0,0,0,0,0,0,0,0,0,0,,,,
1441,Bangladesh,Chattogram,Cox's Bazar,Ramu,Dakkhin Mithachhari,09,,,,Kaimayar Ghona Sambruchar/ Mambruchar,কাইম্যার ঘোনা সমব্রুচর/ মমব্রুচর,DAK903,21.421817,92.038944,50,0,0,0,0,0,0,0,0,0,0,0,0,0,0,0,0,,,,
1442,Bangladesh,Chattogram,Cox's Bazar,Ramu,Dakkhin Mithachhari,09,,,,Sadar Para,সাদর পাড়া,DAK904,21.420572,92.031888,300,0,0,0,0,0,0,0,0,0,0,0,0,0,0,0,0,,,,
1443,Bangladesh,Chattogram,Cox's Bazar,Ramu,Eidgar,01,,,,Camper Char,ক্যাম্পের চর,EID101,21.580949,92.116612,600,0,0,0,0,0,0,0,0,0,0,0,0,0,0,0,0,,,,
1444,Bangladesh,Chattogram,Cox's Bazar,Ramu,Eidgar,01,,,,Kuddus Miar Jum,কুদ্দুস মিয়ার জুম,EID102,21.579201,92.121455,920,0,0,0,0,0,0,0,0,0,0,0,0,0,0,0,0,,,,
1445,Bangladesh,Chattogram,Cox's Bazar,Ramu,Eidgar,01,,,,Dhumchha Kata,ধুমছা কাটা,EID103,21.57711,92.127523,1800,0,0,0,0,0,0,0,0,0,0,0,0,0,0,0,0,,,,
1446,Bangladesh,Chattogram,Cox's Bazar,Ramu,Eidgar,01,,,,Pashchim Para,পশ্চিম পাড়া,EID104,21.57536,92.134047,1300,0,0,0,0,0,0,0,0,0,0,0,0,0,0,0,0,,,,
1447,Bangladesh,Chattogram,Cox's Bazar,Ramu,Eidgar,02,,,,Pashchim Hasna Kata,পশ্চিম হাসনা কাটা,EID201,21.582798,92.130286,1000,0,0,0,0,0,0,0,0,0,0,0,0,0,0,0,0,,,,
1448,Bangladesh,Chattogram,Cox's Bazar,Ramu,Eidgar,02,,,,Konar Para,কোনার পাড়া,EID202,21.578197,92.129676,400,0,0,0,0,0,0,0,0,0,0,0,0,0,0,0,0,,,,
1449,Bangladesh,Chattogram,Cox's Bazar,Ramu,Eidgar,02,,,,Naya Para,নয়া পাড়া,EID203,21.586917,92.138904,1200,0,0,0,0,0,0,0,0,0,0,0,0,0,0,0,0,,,,
1450,Bangladesh,Chattogram,Cox's Bazar,Ramu,Eidgar,02,,,,Purba Hasna Kata,পূর্ব হাসনা কাটা,EID204,21.581795,92.138298,800,0,0,0,0,0,0,0,0,0,0,0,0,0,0,0,0,,,,
1451,Bangladesh,Chattogram,Cox's Bazar,Ramu,Eidgar,02,,,,Maittatali,মইত্তাতলী,EID205,21.58502,92.143994,200,0,0,0,0,0,0,0,0,0,0,0,0,0,0,0,0,,,,
1452,Bangladesh,Chattogram,Cox's Bazar,Ramu,Eidgar,02,,,,Ghilatali Para,ঘিলাতলী পাড়া,EID206,21.595775,92.141949,150,0,0,0,0,0,0,0,0,0,0,0,0,0,0,0,0,,,,
1453,Bangladesh,Chattogram,Cox's Bazar,Ramu,Eidgar,03,,,,Badar Mokam,বদর মোকাম,EID301,21.574277,92.137214,1000,0,0,0,0,0,0,0,0,0,0,0,0,0,0,0,0,,,,
1454,Bangladesh,Chattogram,Cox's Bazar,Ramu,Eidgar,03,,,,Ghunya Para,ঘুইন্যা পাড়া,EID302,21.575289,92.140758,700,0,0,0,0,0,0,0,0,0,0,0,0,0,0,0,0,,,,
1455,Bangladesh,Chattogram,Cox's Bazar,Ramu,Eidgar,03,,,,Renur Kul,রেনুর কুল,EID303,21.5682,92.137017,400,0,0,0,0,0,0,0,0,0,0,0,0,0,0,0,0,,,,
1456,Bangladesh,Chattogram,Cox's Bazar,Ramu,Eidgar,03,,,,Maij Para,মাইজ পাড়া,EID304,21.570314,92.13978,600,0,0,0,0,0,0,0,0,0,0,0,0,0,0,0,0,,,,
1457,Bangladesh,Chattogram,Cox's Bazar,Ramu,Eidgar,03,,,,Khondoker Para,খোন্দকার পাড়া,EID305,21.573428,92.142049,500,0,0,0,0,0,0,0,0,0,0,0,0,0,0,0,0,,,,
1458,Bangladesh,Chattogram,Cox's Bazar,Ramu,Eidgar,03,,,,Eidgar Charpara,ঈদগড় চরপাড়া,EID306,21.578719,92.146849,3500,0,0,0,0,0,0,0,0,0,0,0,0,0,0,0,0,,,,
1459,Bangladesh,Chattogram,Cox's Bazar,Ramu,Eidgar,03,,,,Police Fari,পুলিশ ফাঁড়ি,EID307,21.574798,92.140141,15,0,0,0,0,0,0,0,0,0,0,0,0,0,0,0,0,,,,
1460,Bangladesh,Chattogram,Cox's Bazar,Ramu,Eidgar,04,,,,Purba Rajghat,পূর্ব রাজঘাট,EID401,21.573141,92.143626,2500,0,0,0,0,0,0,0,0,0,0,0,0,0,0,0,0,,,,
1461,Bangladesh,Chattogram,Cox's Bazar,Ramu,Eidgar,04,,,,Leinga Para,লেইঙ্গা পাড়া,EID402,21.56887,92.147377,1500,0,0,0,0,0,0,0,0,0,0,0,0,0,0,0,0,,,,
1462,Bangladesh,Chattogram,Cox's Bazar,Ramu,Eidgar,04,,,,Dakkhin Sharif Para,দক্ষিণ শরীফ পাড়া,EID403,21.572236,92.149333,150,0,0,0,0,0,0,0,0,0,0,0,0,0,0,0,0,,,,
1463,Bangladesh,Chattogram,Cox's Bazar,Ramu,Eidgar,04,,,,Uttar Sharif Para,উত্তর শরীফ পাড়া,EID404,21.575647,92.149146,500,0,0,0,0,0,0,0,0,0,0,0,0,0,0,0,0,,,,
1464,Bangladesh,Chattogram,Cox's Bazar,Ramu,Eidgar,05,,,,Uttar Sharif Para,উত্তর শরীফ পাড়া,EID501,21.575561,92.152215,1632,0,0,0,0,0,0,0,0,0,0,0,0,0,0,0,0,,,,
1465,Bangladesh,Chattogram,Cox's Bazar,Ramu,Eidgar,05,,,,Dakkhin Sharif Para,দক্ষিণ শরীফ পাড়া,EID502,21.572977,92.151705,650,0,0,0,0,0,0,0,0,0,0,0,0,0,0,0,0,,,,
1466,Bangladesh,Chattogram,Cox's Bazar,Ramu,Eidgar,05,,,,Kata Jangal,কাটা জঙ্গল,EID503,21.572116,92.155277,772,0,0,0,0,0,0,0,0,0,0,0,0,0,0,0,0,,,,
1467,Bangladesh,Chattogram,Cox's Bazar,Ramu,Eidgar,05,,,,Natun Para,নতুন পাড়া,EID504,21.565776,92.164202,243,0,0,0,0,0,0,0,0,0,0,0,0,0,0,0,0,,,,
1468,Bangladesh,Chattogram,Cox's Bazar,Ramu,Eidgar,05,,,,Sikder Para,সিকদার পাড়া,EID505,21.575317,92.157941,705,0,0,0,0,0,0,0,0,0,0,0,0,0,0,0,0,,,,
1469,Bangladesh,Chattogram,Cox's Bazar,Ramu,Eidgar,05,,,,BarabilCharpara,বড়বিল চরপাড়া,EID506,21.579331,92.159541,2118,0,0,0,0,0,0,0,0,0,0,0,0,0,0,0,0,,,,
1470,Bangladesh,Chattogram,Cox's Bazar,Ramu,Eidgar,06,,,,Eidgar Barabil,ঈদগড় বড়বিল,EID601,21.574507,92.160999,2009,0,0,0,0,0,0,0,0,0,0,0,0,0,0,0,0,,,,
1471,Bangladesh,Chattogram,Cox's Bazar,Ramu,Eidgar,06,,,,Eidgar Baughat,ঈদগড় বউঘাট,EID602,21.576431,92.163871,1510,0,0,0,0,0,0,0,0,0,0,0,0,0,0,0,0,,,,
1472,Bangladesh,Chattogram,Cox's Bazar,Ramu,Eidgar,06,,,,Monir Jum,মনির জুম,EID603,21.580575,92.164354,253,0,0,0,0,0,0,0,0,0,0,0,0,0,0,0,0,,,,
1473,Bangladesh,Chattogram,Cox's Bazar,Ramu,Eidgar,06,,,,Baraichar Para,বড়ইচর পাড়া,EID604,21.58408,92.164912,500,0,0,0,0,0,0,0,0,0,0,0,0,0,0,0,0,,,,
1474,Bangladesh,Chattogram,Cox's Bazar,Ramu,Eidgar,06,,,,Uporer Khil,উপরের খীল,EID605,21.578213,92.168488,100,0,0,0,0,0,0,0,0,0,0,0,0,0,0,0,0,,,,
1475,Bangladesh,Chattogram,Cox's Bazar,Ramu,Eidgar,06,,,,Alekkhyang Chatoi Para,আলেক্ষ্যং চাতই পাড়া,EID606,21.578108,92.175658,250,0,0,0,0,0,0,0,0,0,0,0,0,0,0,0,0,,,,
1476,Bangladesh,Chattogram,Cox's Bazar,Ramu,Eidgar,06,,,,Chenchhari Para,চেনছড়ি পাড়া,EID607,21.574412,92.170382,762,0,0,0,0,0,0,0,0,0,0,0,0,0,0,0,0,,,,
1477,Bangladesh,Chattogram,Cox's Bazar,Ramu,Eidgar,06,,,,Noa Para,নোয়া পাড়া,EID608,21.571205,92.166131,743,0,0,0,0,0,0,0,0,0,0,0,0,0,0,0,0,,,,
1478,Bangladesh,Chattogram,Cox's Bazar,Ramu,Eidgar,07,,,,Panisyaghona,পানিস্যাঘোনা,EID701,21.559554,92.139974,1200,0,0,0,0,0,0,0,0,0,0,0,0,0,0,0,0,,,,
1479,Bangladesh,Chattogram,Cox's Bazar,Ramu,Eidgar,07,,,,Tutarbil,টুটারবিল,EID702,21.567361,92.133688,1000,0,0,0,0,0,0,0,0,0,0,0,0,0,0,0,0,,,,
1480,Bangladesh,Chattogram,Cox's Bazar,Ramu,Eidgar,07,,,,Jalaler Jum,জালালের জুম,EID703,21.573221,92.131665,400,0,0,0,0,0,0,0,0,0,0,0,0,0,0,0,0,,,,
1481,Bangladesh,Chattogram,Cox's Bazar,Ramu,Eidgar,08,,,,Konar Para,কোনার পাড়া,EID801,21.562626,92.148453,3100,0,0,0,0,0,0,0,0,0,0,0,0,0,0,0,0,,,,
1482,Bangladesh,Chattogram,Cox's Bazar,Ramu,Eidgar,08,,,,Kodalia Kata,কোদালিয়া কাটা,EID802,21.558715,92.15078,1000,0,0,0,0,0,0,0,0,0,0,0,0,0,0,0,0,,,,
1483,Bangladesh,Chattogram,Cox's Bazar,Ramu,Eidgar,08,,,,Chhagira Kata,ছগিরা কাটা,EID803,21.552055,92.14828,4200,0,0,0,0,0,0,0,0,0,0,0,0,0,0,0,0,,,,
1484,Bangladesh,Chattogram,Cox's Bazar,Ramu,Eidgar,09,,,,Uttar Karaliya Mura,উত্তর করলিয়া মুরা,EID901,21.542175,92.153169,2200,0,0,0,0,0,0,0,0,0,0,0,0,0,0,0,0,,,,
1485,Bangladesh,Chattogram,Cox's Bazar,Ramu,Eidgar,09,,,,Dakkhin Karaliya Mura,দক্ষিণ করলিয়া মুরা,EID902,21.534641,92.155622,1800,0,0,0,0,0,0,0,0,0,0,0,0,0,0,0,0,,,,
1486,Bangladesh,Chattogram,Cox's Bazar,Ramu,Eidgar,09,,,,Baidya Para,বৈদ্য পাড়া,EID903,21.541096,92.162022,2500,0,0,0,0,0,0,0,0,0,0,0,0,0,0,0,0,,,,
1487,Bangladesh,Chattogram,Cox's Bazar,Ramu,Eidgar,09,,,,Chaillahtali Para,চাইল্যাতলি পাড়া,EID904,21.551709,92.175853,300,0,0,0,0,0,0,0,0,0,0,0,0,0,0,0,0,,,,
1488,Bangladesh,Chattogram,Cox's Bazar,Ramu,Fatekharkul,01,,,,Dakkhin Dwip Fatekharkul,দক্ষিণ দ্বীপ ফতেখাঁরকুল,FAT101,21.409174,92.106867,3500,0,0,0,0,0,0,0,0,0,0,0,0,0,0,0,0,,,,
1489,Bangladesh,Chattogram,Cox's Bazar,Ramu,Fatekharkul,01,,,,Purba Dwip Fatekharkul,পূর্ব দ্বীপ ফতেখাঁরকুল,FAT102,21.418744,92.113004,1500,0,0,0,0,0,0,0,0,0,0,0,0,0,0,0,0,,,,
1490,Bangladesh,Chattogram,Cox's Bazar,Ramu,Fatekharkul,01,,,,Officerchar Char Para,অফিসেরচর চর পাড়া,FAT103,21.417439,92.10908,3500,0,0,0,0,0,0,0,0,0,0,0,0,0,0,0,0,,,,
1491,Bangladesh,Chattogram,Cox's Bazar,Ramu,Fatekharkul,02,,,,Nath Para,নাথ পাড়া,FAT201,21.4252,92.105256,400,0,0,0,0,0,0,0,0,0,0,0,0,0,0,0,0,,,,
1492,Bangladesh,Chattogram,Cox's Bazar,Ramu,Fatekharkul,02,,,,Sipahi Para,সিপাহী পাড়া,FAT202,21.424435,92.103041,300,0,0,0,0,0,0,0,0,0,0,0,0,0,0,0,0,,,,
1493,Bangladesh,Chattogram,Cox's Bazar,Ramu,Fatekharkul,02,,,,Hajarikul,হাজারীকুল,FAT203,21.423512,92.1056,1800,0,0,0,0,0,0,0,0,0,0,0,0,0,0,0,0,,,,
1494,Bangladesh,Chattogram,Cox's Bazar,Ramu,Fatekharkul,02,,,,Julekhnar Para,জুলেখাঁর পাড়া,FAT204,21.42196,92.10802,500,0,0,0,0,0,0,0,0,0,0,0,0,0,0,0,0,,,,
1495,Bangladesh,Chattogram,Cox's Bazar,Ramu,Fatekharkul,02,,,,Officer Char Sikder Para,অফিসের চর সিকদার পাড়া,FAT205,21.418754,92.106977,1300,0,0,0,0,0,0,0,0,0,0,0,0,0,0,0,0,,,,
1496,Bangladesh,Chattogram,Cox's Bazar,Ramu,Fatekharkul,02,,,,Officer Char,অফিসের চর,FAT206,21.416064,92.106372,1200,0,0,0,0,0,0,0,0,0,0,0,0,0,0,0,0,,,,
1497,Bangladesh,Chattogram,Cox's Bazar,Ramu,Fatekharkul,02,,,,Lamar Para,লামার পাড়া,FAT207,21.415868,92.103623,1100,0,0,0,0,0,0,0,0,0,0,0,0,0,0,0,0,,,,
1498,Bangladesh,Chattogram,Cox's Bazar,Ramu,Fatekharkul,02,,,,Ram Para,রাম পাড়া,FAT208,21.420024,92.101846,400,0,0,0,0,0,0,0,0,0,0,0,0,0,0,0,0,,,,
1499,Bangladesh,Chattogram,Cox's Bazar,Ramu,Fatekharkul,03,,,,Techchhipul Munsibari,তেচ্ছিপুল মুন্সিবাড়ি,FAT301,21.426322,92.086655,700,0,0,0,0,0,0,0,0,0,0,0,0,0,0,0,0,,,,
1500,Bangladesh,Chattogram,Cox's Bazar,Ramu,Fatekharkul,03,,,,Techchhipul Sikder Para,তেচ্ছিপুল সিকদার পাড়া,FAT302,21.425346,92.08956,2000,0,0,0,0,0,0,0,0,0,0,0,0,0,0,0,0,,,,
1501,Bangladesh,Chattogram,Cox's Bazar,Ramu,Fatekharkul,03,,,,Mali Para,মালী পাড়া,FAT304,21.422475,92.090888,300,0,0,0,0,0,0,0,0,0,0,0,0,0,0,0,0,,,,
1502,Bangladesh,Chattogram,Cox's Bazar,Ramu,Fatekharkul,03,,,,Lambari Para,লম্বরী পাড়া,FAT305,21.417302,92.094101,3500,0,0,0,0,0,0,0,0,0,0,0,0,0,0,0,0,,,,
1503,Bangladesh,Chattogram,Cox's Bazar,Ramu,Fatekharkul,03,,,,Khondoker Para,খোন্দকার পাড়া,FAT306,21.416806,92.099156,1000,0,0,0,0,0,0,0,0,0,0,0,0,0,0,0,0,,,,
1504,Bangladesh,Chattogram,Cox's Bazar,Ramu,Fatekharkul,04,,,,Mandal Para,মণ্ডল পাড়া,FAT401,21.427557,92.10255,1000,0,0,0,0,0,0,0,0,0,0,0,0,0,0,0,0,,,,
1505,Bangladesh,Chattogram,Cox's Bazar,Ramu,Fatekharkul,05,,,,Haitupi,হাইটুপি,FAT501,21.430578,92.108851,700,0,0,0,0,0,0,0,0,0,0,0,0,0,0,0,0,,,,
1506,Bangladesh,Chattogram,Cox's Bazar,Ramu,Fatekharkul,05,,,,Dwip Sreekul,দ্বীপ শ্রীকুল,FAT502,21.430168,92.112577,600,0,0,0,0,0,0,0,0,0,0,0,0,0,0,0,0,,,,
1507,Bangladesh,Chattogram,Cox's Bazar,Ramu,Fatekharkul,05,,,,Uttar Sreekul,উত্তর শ্রীকুল,FAT503,21.428704,92.107256,1300,0,0,0,0,0,0,0,0,0,0,0,0,0,0,0,0,,,,
1508,Bangladesh,Chattogram,Cox's Bazar,Ramu,Fatekharkul,05,,,,Dakkhin Sreekul,দক্ষিণ শ্রীকুল,FAT504,21.425608,92.107999,1800,0,0,0,0,0,0,0,0,0,0,0,0,0,0,0,0,,,,
1509,Bangladesh,Chattogram,Cox's Bazar,Ramu,Fatekharkul,06,,,,Purba Merangloa Baruapara,পূর্ব মেরংলোয়া বড়ুয়াপাড়া,FAT601,21.431569,92.106139,1200,0,0,0,0,0,0,0,0,0,0,0,0,0,0,0,0,,,,
1510,Bangladesh,Chattogram,Cox's Bazar,Ramu,Fatekharkul,06,,,,Purba Merangloa Sharma Para,পূর্ব মেরংলোয়া শর্মা পাড়া,FAT602,21.433474,92.104385,450,0,0,0,0,0,0,0,0,0,0,0,0,0,0,0,0,,,,
1511,Bangladesh,Chattogram,Cox's Bazar,Ramu,Fatekharkul,06,,,,Purba Merangloa Talia Para,পূর্ব মেরংলোয়া তলিয়া পাড়া,FAT603,21.432626,92.108496,460,0,0,0,0,0,0,0,0,0,0,0,0,0,0,0,0,,,,
1512,Bangladesh,Chattogram,Cox's Bazar,Ramu,Fatekharkul,06,,,,Haitupi Bhutpara,হাইটুপি ভূতপাড়া,FAT604,21.437767,92.110861,700,0,0,0,0,0,0,0,0,0,0,0,0,0,0,0,0,,,,
1513,Bangladesh,Chattogram,Cox's Bazar,Ramu,Fatekharkul,06,,,,Gachhua Para,গাছুয়া পাড়া,FAT605,21.436989,92.118345,110,0,0,0,0,0,0,0,0,0,0,0,0,0,0,0,0,,,,
1514,Bangladesh,Chattogram,Cox's Bazar,Ramu,Fatekharkul,06,,,,Uttar Haitupi,উত্তর হাইটুপি,FAT606,21.442594,92.112044,250,0,0,0,0,0,0,0,0,0,0,0,0,0,0,0,0,,,,
1515,Bangladesh,Chattogram,Cox's Bazar,Ramu,Fatekharkul,06,,,,Purba Merangloa,পূর্ব মেরংলোয়া,FAT607,21.437922,92.104522,1600,0,0,0,0,0,0,0,0,0,0,0,0,0,0,0,0,,,,
1516,Bangladesh,Chattogram,Cox's Bazar,Ramu,Fatekharkul,06,,,,Purba Merangloa Rahmania Para,পূর্ব মেরংলোয়া রহমানিয়া পাড়া,FAT608,21.434641,92.103812,300,0,0,0,0,0,0,0,0,0,0,0,0,0,0,0,0,,,,
1517,Bangladesh,Chattogram,Cox's Bazar,Ramu,Fatekharkul,07,,,,Merangloa Baruapara,মেরংলোয়া বড়ুয়াপাড়া,FAT701,21.431157,92.100487,300,0,0,0,0,0,0,0,0,0,0,0,0,0,0,0,0,,,,
1518,Bangladesh,Chattogram,Cox's Bazar,Ramu,Fatekharkul,07,,,,Shridhan Para,শ্রীধন পাড়া,FAT702,21.429495,92.100316,900,0,0,0,0,0,0,0,0,0,0,0,0,0,0,0,0,,,,
1519,Bangladesh,Chattogram,Cox's Bazar,Ramu,Fatekharkul,07,,,,Amtaliapara,আমতলিয়াপাড়া,FAT703,21.431094,92.097695,1000,0,0,0,0,0,0,0,0,0,0,0,0,0,0,0,0,,,,
1520,Bangladesh,Chattogram,Cox's Bazar,Ramu,Fatekharkul,07,,,,Merangloa Rahmania Para,মেরংলোয়া রহমানিয়া পাড়া,FAT704,21.43433,92.101209,1100,0,0,0,0,0,0,0,0,0,0,0,0,0,0,0,0,,,,
1521,Bangladesh,Chattogram,Cox's Bazar,Ramu,Fatekharkul,08,,,,Pashchim Merangloa (Dakkhin Para),পশ্চিম মেরংলোয়া (দক্ষিণ পাড়া),FAT801,21.433534,92.093803,4000,0,0,0,0,0,0,0,0,0,0,0,0,0,0,0,0,,,,
1522,Bangladesh,Chattogram,Cox's Bazar,Ramu,Fatekharkul,08,,,,Pashchim Merangloa (Uttar Para),পশ্চিম মেরংলোয়া (উত্তর পাড়া),FAT802,21.438618,92.094454,1500,0,0,0,0,0,0,0,0,0,0,0,0,0,0,0,0,,,,
1523,Bangladesh,Chattogram,Cox's Bazar,Ramu,Fatekharkul,08,,,,Pashchim Merangloa (Dokan Para),পশ্চিম মেরংলোয়া (দোকান পাড়া),FAT803,21.442092,92.088294,150,0,0,0,0,0,0,0,0,0,0,0,0,0,0,0,0,,,,
1524,Bangladesh,Chattogram,Cox's Bazar,Ramu,Fatekharkul,08,,,,Pashchim Merangloa (Munshipara),পশ্চিম মেরংলোয়া (মুন্সিপাড়া),FAT804,21.436066,92.09462,700,0,0,0,0,0,0,0,0,0,0,0,0,0,0,0,0,,,,
1525,Bangladesh,Chattogram,Cox's Bazar,Ramu,Fatekharkul,08,,,,Pashchim Merangloa Napit Para,পশ্চিম মেরংলোয়া নাপিত পাড়া,FAT805,21.436989,92.097715,300,0,0,0,0,0,0,0,0,0,0,0,0,0,0,0,0,,,,
1526,Bangladesh,Chattogram,Cox's Bazar,Ramu,Fatekharkul,08,,,,Pashchim Merangloa Amtalia Para,পশ্চিম মেরংলোয়া আমতলিয়া পাড়া,FAT806,21.433097,92.096252,200,0,0,0,0,0,0,0,0,0,0,0,0,0,0,0,0,,,,
1527,Bangladesh,Chattogram,Cox's Bazar,Ramu,Fatekharkul,08,,,,Madhyam Merangloa Maulovi Para,মধ্যম মেরংলোয়া মৌলভী পাড়া,FAT807,21.436018,92.10139,1200,0,0,0,0,0,0,0,0,0,0,0,0,0,0,0,0,,,,
1528,Bangladesh,Chattogram,Cox's Bazar,Ramu,Fatekharkul,08,,,,Madhyam Merangloa Uttar Para,মধ্যম মেরংলোয়া উত্তর পাড়া,FAT808,21.437575,92.102011,1800,0,0,0,0,0,0,0,0,0,0,0,0,0,0,0,0,,,,
1529,Bangladesh,Chattogram,Cox's Bazar,Ramu,Fatekharkul,09,,,,Uttar Fatekharkul	Muslim Para,উত্তর ফতেখাঁরকুল মুসলিম পাড়া,FAT901,21.429814,92.083928,3000,0,0,0,0,0,0,0,0,0,0,0,0,0,0,0,0,,,,
1530,Bangladesh,Chattogram,Cox's Bazar,Ramu,Fatekharkul,09,,,,Uttar Fatekharkul	Banik Para,উত্তর ফতেখাঁরকুল বণিক পাড়া,FAT902,21.435499,92.077675,1800,0,0,0,0,0,0,0,0,0,0,0,0,0,0,0,0,,,,
1531,Bangladesh,Chattogram,Cox's Bazar,Ramu,Fatekharkul,09,,,,Uttar Fatekharkul	Barua Para,উত্তর ফতেখাঁরকুল বড়ুয়া পাড়া,FAT903,21.433562,92.080266,1200,0,0,0,0,0,0,0,0,0,0,0,0,0,0,0,0,,,,
1532,Bangladesh,Chattogram,Cox's Bazar,Ramu,Fatekharkul,09,,,,Uttar Fatekharkul	Chalanya Para,উত্তর ফতেখাঁরকুল চালন্যা পাড়া,FAT904,21.438392,92.079068,1300,0,0,0,0,0,0,0,0,0,0,0,0,0,0,0,0,,,,
1533,Bangladesh,Chattogram,Cox's Bazar,Ramu,Fatekharkul,09,,,,Uttar Fatekharkul Satgharia Para,উত্তর ফতেখাঁরকুল সাতঘরিয়া পাড়া,FAT905,21.430063,92.091311,2200,0,0,0,0,0,0,0,0,0,0,0,0,0,0,0,0,,,,
1534,Bangladesh,Chattogram,Cox's Bazar,Ramu,Garjania,01,,,,Purba Barabil,পূর্ব বড়বিল,GAR101,21.500951,92.181507,3500,0,0,0,0,0,0,0,0,0,0,0,0,0,0,0,0,,,,
1535,Bangladesh,Chattogram,Cox's Bazar,Ramu,Garjania,01,,,,Uttar Barabil,উত্তর বড়বিল,GAR102,21.501982,92.174873,700,0,0,0,0,0,0,0,0,0,0,0,0,0,0,0,0,,,,
1536,Bangladesh,Chattogram,Cox's Bazar,Ramu,Garjania,01,,,,Dakkhin Barabil,দক্ষিণ বড়বিল,GAR103,21.491696,92.183763,2500,0,0,0,0,0,0,0,0,0,0,0,0,0,0,0,0,,,,
1537,Bangladesh,Chattogram,Cox's Bazar,Ramu,Garjania,01,,,,Pashchim Barabil,পশ্চিম বড়বিল,GAR104,21.496039,92.173832,2000,0,0,0,0,0,0,0,0,0,0,0,0,0,0,0,0,,,,
1538,Bangladesh,Chattogram,Cox's Bazar,Ramu,Garjania,01,,,,Loharjhiri Para,লোহারঝিরি পাড়া,GAR105,21.511944,92.168183,500,0,0,0,0,0,0,0,0,0,0,0,0,0,0,0,0,,,,
1539,Bangladesh,Chattogram,Cox's Bazar,Ramu,Garjania,01,,,,Teikya Hajir Para,টেইক্যা হাজির পাড়া,GAR106,21.515263,92.164953,600,0,0,0,0,0,0,0,0,0,0,0,0,0,0,0,0,,,,
1540,Bangladesh,Chattogram,Cox's Bazar,Ramu,Garjania,02,,,,Pashchim Jumchhari Naju Matbor Para,পশ্চিম জুমছড়ি নজু মাতবর পাড়া,GAR201,21.488724,92.175493,250,0,0,0,0,0,0,0,0,0,0,0,0,0,0,0,0,,,,
1541,Bangladesh,Chattogram,Cox's Bazar,Ramu,Garjania,02,,,,Pashchim Jumchhari Baruarchhara,পশ্চিম জুমছড়ি বড়ুয়ারছড়া,GAR202,21.484777,92.182438,90,0,0,0,0,0,0,0,0,0,0,0,0,0,0,0,0,,,,
1542,Bangladesh,Chattogram,Cox's Bazar,Ramu,Garjania,02,,,,Pashchim Jumchhari Marichyachar,পশ্চিম জুমছড়ি মরিচ্যাচর,GAR203,21.477712,92.179516,800,0,0,0,0,0,0,0,0,0,0,0,0,0,0,0,0,,,,
1543,Bangladesh,Chattogram,Cox's Bazar,Ramu,Garjania,02,,,,Pashchim Jumchhari Mainyakata,পশ্চিম জুমছড়ি মইন্যাকাটা,GAR204,21.471583,92.180871,850,0,0,0,0,0,0,0,0,0,0,0,0,0,0,0,0,,,,
1544,Bangladesh,Chattogram,Cox's Bazar,Ramu,Garjania,02,,,,Pashchim Jumchhari,পশ্চিম জুমছড়ি,GAR205,21.476963,92.186592,400,0,0,0,0,0,0,0,0,0,0,0,0,0,0,0,0,,,,
1545,Bangladesh,Chattogram,Cox's Bazar,Ramu,Garjania,02,,,,Purba Jumchhari,পূর্ব জুমছড়ি,GAR206,21.477699,92.194194,2400,0,0,0,0,0,0,0,0,0,0,0,0,0,0,0,0,,,,
1546,Bangladesh,Chattogram,Cox's Bazar,Ramu,Garjania,03,,,,Harin Para,হরিণ পাড়া,GAR301,21.492831,92.197561,1100,0,0,0,0,0,0,0,0,0,0,0,0,0,0,0,0,,,,
1547,Bangladesh,Chattogram,Cox's Bazar,Ramu,Garjania,03,,,,Ghonar Para,ঘোনার পাড়া,GAR302,21.497324,92.194309,1500,0,0,0,0,0,0,0,0,0,0,0,0,0,0,0,0,,,,
1548,Bangladesh,Chattogram,Cox's Bazar,Ramu,Garjania,03,,,,Thoangarkata Shiapara,থোয়াঙ্গারকাটা শিয়াপাড়া,GAR303,21.504457,92.193989,550,0,0,0,0,0,0,0,0,0,0,0,0,0,0,0,0,,,,
1549,Bangladesh,Chattogram,Cox's Bazar,Ramu,Garjania,03,,,,Uttar Thoangarkata,উত্তর থোয়াঙ্গারকাটা,GAR304,21.49869,92.190137,1500,0,0,0,0,0,0,0,0,0,0,0,0,0,0,0,0,,,,
1550,Bangladesh,Chattogram,Cox's Bazar,Ramu,Garjania,03,,,,Dakkhin Thoangarkata,দক্ষিণ থোয়াঙ্গারকাটা,GAR305,21.488504,92.187159,1000,0,0,0,0,0,0,0,0,0,0,0,0,0,0,0,0,,,,
1551,Bangladesh,Chattogram,Cox's Bazar,Ramu,Garjania,04,,,,Pashchim Thimchhari,পশ্চিম থিমছড়ি,GAR401,21.487298,92.19247,400,0,0,0,0,0,0,0,0,0,0,0,0,0,0,0,0,,,,
1552,Bangladesh,Chattogram,Cox's Bazar,Ramu,Garjania,04,,,,Dakkhin Thimchhari,দক্ষিণ থিমছড়ি,GAR402,21.482869,92.195273,350,0,0,0,0,0,0,0,0,0,0,0,0,0,0,0,0,,,,
1553,Bangladesh,Chattogram,Cox's Bazar,Ramu,Garjania,04,,,,Purba Thimchhari,পূর্ব থিমছড়ি,GAR403,21.487381,92.19986,3000,0,0,0,0,0,0,0,0,0,0,0,0,0,0,0,0,,,,
1554,Bangladesh,Chattogram,Cox's Bazar,Ramu,Garjania,04,,,,Shah Mohammad Para,শাহ মোহাম্মদ পাড়া,GAR404,21.471227,92.195817,600,0,0,0,0,0,0,0,0,0,0,0,0,0,0,0,0,,,,
1555,Bangladesh,Chattogram,Cox's Bazar,Ramu,Garjania,05,,,,Fakir Para,ফকির পাড়া,GAR501,21.455968,92.195019,1000,0,0,0,0,0,0,0,0,0,0,0,0,0,0,0,0,,,,
1556,Bangladesh,Chattogram,Cox's Bazar,Ramu,Garjania,05,,,,Rajghat,রাজঘাট,GAR502,21.459225,92.188594,500,0,0,0,0,0,0,0,0,0,0,0,0,0,0,0,0,,,,
1557,Bangladesh,Chattogram,Cox's Bazar,Ramu,Garjania,05,,,,Gayalmara,গয়ালমারা,GAR503,21.464357,92.182456,250,0,0,0,0,0,0,0,0,0,0,0,0,0,0,0,0,,,,
1558,Bangladesh,Chattogram,Cox's Bazar,Ramu,Garjania,05,,,,Mokter Ghona,মোক্তার ঘোনা,GAR504,21.460756,92.19052,2500,0,0,0,0,0,0,0,0,0,0,0,0,0,0,0,0,,,,
1559,Bangladesh,Chattogram,Cox's Bazar,Ramu,Garjania,05,,,,Jauch Para,জাউচ পাড়া,GAR505,21.464449,92.194482,3800,0,0,0,0,0,0,0,0,0,0,0,0,0,0,0,0,,,,
1560,Bangladesh,Chattogram,Cox's Bazar,Ramu,Garjania,06,,,,Dakkhin Majhirkata,দক্ষিণ মাঝিরকাটা,GAR601,21.461183,92.207818,2000,0,0,0,0,0,0,0,0,0,0,0,0,0,0,0,0,,,,
1561,Bangladesh,Chattogram,Cox's Bazar,Ramu,Garjania,06,,,,Majhir Kata,মাঝির কাটা,GAR602,21.465923,92.209476,1200,0,0,0,0,0,0,0,0,0,0,0,0,0,0,0,0,,,,
1562,Bangladesh,Chattogram,Cox's Bazar,Ramu,Garjania,06,,,,Majhir Kata Dik Para,মাঝির কাটা ডিক পাড়া,GAR603,21.467911,92.211635,1300,0,0,0,0,0,0,0,0,0,0,0,0,0,0,0,0,,,,
1563,Bangladesh,Chattogram,Cox's Bazar,Ramu,Garjania,06,,,,Majhir Kata Beltali,মাঝির কাটা বেলতলী,GAR604,21.471037,92.21029,3000,0,0,0,0,0,0,0,0,0,0,0,0,0,0,0,0,,,,
1564,Bangladesh,Chattogram,Cox's Bazar,Ramu,Garjania,07,,,,Purba Bomangkhil Dakkhin Para,পূর্ব বোমাংখিল দক্ষিণ পাড়া,GAR701,21.450397,92.199011,800,0,0,0,0,0,0,0,0,0,0,0,0,0,0,0,0,,,,
1565,Bangladesh,Chattogram,Cox's Bazar,Ramu,Garjania,07,,,,Purba Bomangkhil Sharma Para,পূর্ব বোমাংখিল শর্মা পাড়া,GAR702,21.451257,92.200834,700,0,0,0,0,0,0,0,0,0,0,0,0,0,0,0,0,,,,
1566,Bangladesh,Chattogram,Cox's Bazar,Ramu,Garjania,07,,,,Purba Bomangkhil Hafejkhana Para,পূর্ব বোমাংখিল হাফেজখানা পাড়া,GAR703,21.454443,92.201028,750,0,0,0,0,0,0,0,0,0,0,0,0,0,0,0,0,,,,
1567,Bangladesh,Chattogram,Cox's Bazar,Ramu,Garjania,07,,,,Purba Bomangkhil Uttar Para,পূর্ব বোমাংখিল উত্তর পাড়া,GAR704,21.457412,92.204739,700,0,0,0,0,0,0,0,0,0,0,0,0,0,0,0,0,,,,
1568,Bangladesh,Chattogram,Cox's Bazar,Ramu,Garjania,08,,,,Pashchim Bomangkhil,পশ্চিম বোমাংখিল,GAR801,21.448296,92.190192,2000,0,0,0,0,0,0,0,0,0,0,0,0,0,0,0,0,,,,
1569,Bangladesh,Chattogram,Cox's Bazar,Ramu,Garjania,08,,,,Bomangkhil,বোমাংখিল,GAR802,21.450405,92.196143,950,0,0,0,0,0,0,0,0,0,0,0,0,0,0,0,0,,,,
1570,Bangladesh,Chattogram,Cox's Bazar,Ramu,Garjania,08,,,,School Mura,স্কুল মুরা,GAR803,21.454324,92.197252,480,0,0,0,0,0,0,0,0,0,0,0,0,0,0,0,0,,,,
1571,Bangladesh,Chattogram,Cox's Bazar,Ramu,Garjania,08,,,,Miajir Para,মিয়াজির পাড়া,GAR804,21.457902,92.192123,430,0,0,0,0,0,0,0,0,0,0,0,0,0,0,0,0,,,,
1572,Bangladesh,Chattogram,Cox's Bazar,Ramu,Garjania,09,,,,Kyajarbil,ক্যাজরবিল,GAR901,21.449245,92.177065,2500,0,0,0,0,0,0,0,0,0,0,0,0,0,0,0,0,,,,
1573,Bangladesh,Chattogram,Cox's Bazar,Ramu,Garjania,09,,,,Dengarchar Para,ডেঙ্গারচর পাড়া,GAR902,21.447075,92.170453,500,0,0,0,0,0,0,0,0,0,0,0,0,0,0,0,0,,,,
1574,Bangladesh,Chattogram,Cox's Bazar,Ramu,Garjania,09,,,,Alekhyapara,আলেখ্যাপাড়া,GAR903,21.451388,92.182084,280,0,0,0,0,0,0,0,0,0,0,0,0,0,0,0,0,,,,
1575,Bangladesh,Chattogram,Cox's Bazar,Ramu,Joarianala,01,,,,Uttar Mithachhari Dakkhin Para,উত্তর মিঠাছড়ি দক্ষিণ পাড়া,JOA101,21.445401,92.089627,500,0,0,0,0,0,0,0,0,0,0,0,0,0,0,0,0,,,,
1576,Bangladesh,Chattogram,Cox's Bazar,Ramu,Joarianala,01,,,,Uttar Mithachhari Chowdhury Para,উত্তর মিঠাছড়ি চৌধুরী পাড়া,JOA102,21.447404,92.086673,250,0,0,0,0,0,0,0,0,0,0,0,0,0,0,0,0,,,,
1577,Bangladesh,Chattogram,Cox's Bazar,Ramu,Joarianala,01,,,,Uttar Mithachhari Gain Para,উত্তর মিঠাছড়ি গাইন পাড়া,JOA103,21.447952,92.08976,600,0,0,0,0,0,0,0,0,0,0,0,0,0,0,0,0,,,,
1578,Bangladesh,Chattogram,Cox's Bazar,Ramu,Joarianala,01,,,,Uttar Mithachhari Uttar Para,উত্তর মিঠাছড়ি উত্তর পাড়া,JOA104,21.449775,92.08884,1000,0,0,0,0,0,0,0,0,0,0,0,0,0,0,0,0,,,,
1579,Bangladesh,Chattogram,Cox's Bazar,Ramu,Joarianala,01,,,,Uttar Mithachhari Paharia Para,উত্তর মিঠাছড়ি পাহাড়িয়া পাড়া,JOA105,21.448263,92.091939,1000,0,0,0,0,0,0,0,0,0,0,0,0,0,0,0,0,,,,
1580,Bangladesh,Chattogram,Cox's Bazar,Ramu,Joarianala,01,,,,Uttar Mithachhari Ashkarkhil,উত্তর মিঠাছড়ি আশকরখীল,JOA106,21.453746,92.082164,2500,0,0,0,0,0,0,0,0,0,0,0,0,0,0,0,0,,,,
1581,Bangladesh,Chattogram,Cox's Bazar,Ramu,Joarianala,02,,,,Uttar Mithachhari Paharia Para,উত্তর মিঠাছড়ি পাহাড়িয়া পাড়া,JOA201,21.453824,92.097181,3000,0,0,0,0,0,0,0,0,0,0,0,0,0,0,0,0,,,,
1582,Bangladesh,Chattogram,Cox's Bazar,Ramu,Joarianala,02,,,,Uttar Mithachhari Pashchim Kulal Para,উত্তর মিঠাছড়ি পশ্চিম কুলাল পাড়া,JOA202,21.450086,92.097514,500,0,0,0,0,0,0,0,0,0,0,0,0,0,0,0,0,,,,
1583,Bangladesh,Chattogram,Cox's Bazar,Ramu,Joarianala,02,,,,Uttar Mithachhari Barua Para,উত্তর মিঠাছড়ি বড়ুয়া পাড়া,JOA203,21.446335,92.09545,2500,0,0,0,0,0,0,0,0,0,0,0,0,0,0,0,0,,,,
1584,Bangladesh,Chattogram,Cox's Bazar,Ramu,Joarianala,02,,,,Uttar Mithachhari Haspatal Para,উত্তর মিঠাছড়ি হাসপাতাল পাড়া,JOA204,21.44426,92.098923,2000,0,0,0,0,0,0,0,0,0,0,0,0,0,0,0,0,,,,
1585,Bangladesh,Chattogram,Cox's Bazar,Ramu,Joarianala,02,,,,Uttar Mithachhari Purba Kulal Para,উত্তর মিঠাছড়ি পূর্ব কুলাল পাড়া,JOA205,21.445898,92.101737,700,0,0,0,0,0,0,0,0,0,0,0,0,0,0,0,0,,,,
1586,Bangladesh,Chattogram,Cox's Bazar,Ramu,Joarianala,03,,,,Nandakhali Mura Para,নন্দাখালী মুরা পাড়া,JOA301,21.48091,92.080546,6073,0,0,0,0,0,0,0,0,0,0,0,0,0,0,0,0,,,,
1587,Bangladesh,Chattogram,Cox's Bazar,Ramu,Joarianala,03,,,,Nandakhali Uttar Para,নন্দাখালী উত্তর পাড়া,JOA302,21.476347,92.065788,2949,0,0,0,0,0,0,0,0,0,0,0,0,0,0,0,0,,,,
1588,Bangladesh,Chattogram,Cox's Bazar,Ramu,Joarianala,03,,,,Nandakhali Barapara,নন্দাখালী বড়পাড়া,JOA303,21.469804,92.070632,7010,0,0,0,0,0,0,0,0,0,0,0,0,0,0,0,0,,,,
1589,Bangladesh,Chattogram,Cox's Bazar,Ramu,Joarianala,04,,,,Pashchim Nonachhari Konar Para,পশ্চিম নোনাছড়ি কোনার পাড়া,JOA401,21.460645,92.086109,1500,0,0,0,0,0,0,0,0,0,0,0,0,0,0,0,0,,,,
1590,Bangladesh,Chattogram,Cox's Bazar,Ramu,Joarianala,04,,,,Pashchim Nonachhari Purba Morapara,পশ্চিম নোনাছড়ি পূর্ব মোরাপাড়া,JOA402,21.458032,92.086569,2000,0,0,0,0,0,0,0,0,0,0,0,0,0,0,0,0,,,,
1591,Bangladesh,Chattogram,Cox's Bazar,Ramu,Joarianala,04,,,,Pashchim Nonachhari Dakkhin Morapara,পশ্চিম নোনাছড়ি দক্ষিণ মোরাপাড়া,JOA403,21.457119,92.083798,1200,0,0,0,0,0,0,0,0,0,0,0,0,0,0,0,0,,,,
1592,Bangladesh,Chattogram,Cox's Bazar,Ramu,Joarianala,04,,,,Pashchim Nonachhari School Para,পশ্চিম নোনাছড়ি স্কুল পাড়া,JOA404,21.459926,92.085011,800,0,0,0,0,0,0,0,0,0,0,0,0,0,0,0,0,,,,
1593,Bangladesh,Chattogram,Cox's Bazar,Ramu,Joarianala,04,,,,Pashchim Nonachhari Uttar Para,পশ্চিম নোনাছড়ি উত্তর পাড়া,JOA405,21.461679,92.082871,2500,0,0,0,0,0,0,0,0,0,0,0,0,0,0,0,0,,,,
1594,Bangladesh,Chattogram,Cox's Bazar,Ramu,Joarianala,04,,,,Pashchim Nonachhari Dakkhin Para,পশ্চিম নোনাছড়ি দক্ষিণ পাড়া,JOA406,21.459506,92.0819,2300,0,0,0,0,0,0,0,0,0,0,0,0,0,0,0,0,,,,
1595,Bangladesh,Chattogram,Cox's Bazar,Ramu,Joarianala,04,,,,Pashchim Nonachhari Pashchim Para,পশ্চিম নোনাছড়ি পশ্চিম পাড়া,JOA407,21.459873,92.06922,800,0,0,0,0,0,0,0,0,0,0,0,0,0,0,0,0,,,,
1596,Bangladesh,Chattogram,Cox's Bazar,Ramu,Joarianala,05,,,,Nadar Para,নাদার পাড়া,JOA501,21.473075,92.097099,3010,0,0,0,0,0,0,0,0,0,0,0,0,0,0,0,0,,,,
1597,Bangladesh,Chattogram,Cox's Bazar,Ramu,Joarianala,05,,,,Raingar Para,রইঙ্গার পাড়া,JOA502,21.473379,92.093334,2310,0,0,0,0,0,0,0,0,0,0,0,0,0,0,0,0,,,,
1598,Bangladesh,Chattogram,Cox's Bazar,Ramu,Joarianala,05,,,,Sikder Para,সিকদার পাড়া,JOA503,21.473266,92.091622,2300,0,0,0,0,0,0,0,0,0,0,0,0,0,0,0,0,,,,
1599,Bangladesh,Chattogram,Cox's Bazar,Ramu,Joarianala,05,,,,Maishkum Mura Para,মইশকুম মুরা পাড়া,JOA504,21.475648,92.086889,4500,0,0,0,0,0,0,0,0,0,0,0,0,0,0,0,0,,,,
1600,Bangladesh,Chattogram,Cox's Bazar,Ramu,Joarianala,05,,,,Adarsha Gram (Guccha Gram),আদর্শ গ্রাম (গুচ্ছ গ্রাম),JOA505,21.484759,92.088763,3210,0,0,0,0,0,0,0,0,0,0,0,0,0,0,0,0,,,,
1601,Bangladesh,Chattogram,Cox's Bazar,Ramu,Joarianala,05,,,,Natun Mura Para,নতুন মুরা পাড়া,JOA506,21.483895,92.093459,2700,0,0,0,0,0,0,0,0,0,0,0,0,0,0,0,0,,,,
1602,Bangladesh,Chattogram,Cox's Bazar,Ramu,Joarianala,05,,,,Purba Mura Para,পূর্ব মুরা পাড়া,JOA507,21.480741,92.097026,2805,0,0,0,0,0,0,0,0,0,0,0,0,0,0,0,0,,,,
1603,Bangladesh,Chattogram,Cox's Bazar,Ramu,Joarianala,05,,,,Ghonar Para,ঘোনার পাড়া,JOA508,21.475451,92.095183,2600,0,0,0,0,0,0,0,0,0,0,0,0,0,0,0,0,,,,
1604,Bangladesh,Chattogram,Cox's Bazar,Ramu,Joarianala,06,,,,Ilishia Para,ইলিশিয়া পাড়া,JOA601,21.464573,92.089607,500,0,0,0,0,0,0,0,0,0,0,0,0,0,0,0,0,,,,
1605,Bangladesh,Chattogram,Cox's Bazar,Ramu,Joarianala,06,,,,Ilishia Para Dakkhin Murapara,ইলিশিয়া পাড়া দক্ষিণ মুরা পাড়া,JOA602,21.458089,92.090363,300,0,0,0,0,0,0,0,0,0,0,0,0,0,0,0,0,,,,
1606,Bangladesh,Chattogram,Cox's Bazar,Ramu,Joarianala,06,,,,Purba Nonachhari,পূর্ব নোনাছড়ি,JOA603,21.462905,92.092109,2500,0,0,0,0,0,0,0,0,0,0,0,0,0,0,0,0,,,,
1607,Bangladesh,Chattogram,Cox's Bazar,Ramu,Joarianala,06,,,,Purba Nonachhari Mura Para,পূর্ব নোনাছড়ি মুরা পাড়া,JOA604,21.45892,92.097198,1200,0,0,0,0,0,0,0,0,0,0,0,0,0,0,0,0,,,,
1608,Bangladesh,Chattogram,Cox's Bazar,Ramu,Joarianala,06,,,,Purba Nonachhari Ramani Pahar,পূর্ব নোনাছড়ি রমনী পাহাড়,JOA605,21.45793,92.096384,300,0,0,0,0,0,0,0,0,0,0,0,0,0,0,0,0,,,,
1609,Bangladesh,Chattogram,Cox's Bazar,Ramu,Joarianala,07,,,,Halder Para,হালদার পাড়া,JOA701,21.465675,92.095048,431,0,0,0,0,0,0,0,0,0,0,0,0,0,0,0,0,,,,
1610,Bangladesh,Chattogram,Cox's Bazar,Ramu,Joarianala,07,,,,Sawdagar Para,সওদাগর পাড়া,JOA702,21.46906,92.098522,1049,0,0,0,0,0,0,0,0,0,0,0,0,0,0,0,0,,,,
1611,Bangladesh,Chattogram,Cox's Bazar,Ramu,Joarianala,07,,,,Maulavi Para,মৌলভী পাড়া,JOA703,21.47093,92.103513,834,0,0,0,0,0,0,0,0,0,0,0,0,0,0,0,0,,,,
1612,Bangladesh,Chattogram,Cox's Bazar,Ramu,Joarianala,07,,,,Natun Para,নতুন পাড়া,JOA704,21.474764,92.109419,576,0,0,0,0,0,0,0,0,0,0,0,0,0,0,0,0,,,,
1613,Bangladesh,Chattogram,Cox's Bazar,Ramu,Joarianala,07,,,,Mala Para,মালা পাড়া,JOA705,21.477172,92.107519,498,0,0,0,0,0,0,0,0,0,0,0,0,0,0,0,0,,,,
1614,Bangladesh,Chattogram,Cox's Bazar,Ramu,Joarianala,07,,,,Jumchhari Mitar Chhara,জুমছড়ি মিতার ছড়া,JOA706,21.471473,92.113005,322,0,0,0,0,0,0,0,0,0,0,0,0,0,0,0,0,,,,
1615,Bangladesh,Chattogram,Cox's Bazar,Ramu,Joarianala,07,,,,Jumchhari Kathal Bagan,জুমছড়ি কাঠাল বাগান,JOA707,21.477889,92.114405,205,0,0,0,0,0,0,0,0,0,0,0,0,0,0,0,0,,,,
1616,Bangladesh,Chattogram,Cox's Bazar,Ramu,Joarianala,07,,,,Jumchhari Notun Kata,জুমছড়ি নতুন কাটা,JOA708,21.481541,92.117551,465,0,0,0,0,0,0,0,0,0,0,0,0,0,0,0,0,,,,
1617,Bangladesh,Chattogram,Cox's Bazar,Ramu,Joarianala,07,,,,Rubber Bagan (Nurpara),রাবার বাগান (নূরপাড়া),JOA709,21.462735,92.103869,315,0,0,0,0,0,0,0,0,0,0,0,0,0,0,0,0,,,,
1618,Bangladesh,Chattogram,Cox's Bazar,Ramu,Joarianala,08,,,,Joarianala Purba Para,জোয়ারিয়ানালা পূর্ব পাড়া,JOA801,21.473938,92.102009,3500,0,0,0,0,0,0,0,0,0,0,0,0,0,0,0,0,,,,
1619,Bangladesh,Chattogram,Cox's Bazar,Ramu,Joarianala,08,,,,Purba Joarianala Forest Office Para,পূর্ব জোয়ারিয়ানালা ফরেস্ট অফিস পাড়া,JOA802,21.480526,92.108621,400,0,0,0,0,0,0,0,0,0,0,0,0,0,0,0,0,,,,
1620,Bangladesh,Chattogram,Cox's Bazar,Ramu,Joarianala,08,,,,Purba Joarianala VIP Pahar,পূর্ব জোয়ারিয়ানালা ভিআইপি পাহাড়,JOA803,21.482554,92.112424,60,0,0,0,0,0,0,0,0,0,0,0,0,0,0,0,0,,,,
1621,Bangladesh,Chattogram,Cox's Bazar,Ramu,Joarianala,08,,,,Purba Joarianala Bengdepa,পূর্ব জোয়ারিয়ানালা ব্যাংডেপা,JOA804,21.521786,92.141755,550,0,0,0,0,0,0,0,0,0,0,0,0,0,0,0,0,,,,
1622,Bangladesh,Chattogram,Cox's Bazar,Ramu,Joarianala,08,,,,Purba Joarianala Purba Murapara,পূর্ব জোয়ারিয়ানালা পূর্ব মুরাপাড়া,JOA805,21.480166,92.099196,800,0,0,0,0,0,0,0,0,0,0,0,0,0,0,0,0,,,,
1623,Bangladesh,Chattogram,Cox's Bazar,Ramu,Joarianala,09,,,,Garjaniapara,গর্জনিয়াপাড়া,JOA901,21.470646,92.098121,1000,0,0,0,0,0,0,0,0,0,0,0,0,0,0,0,0,,,,
1624,Bangladesh,Chattogram,Cox's Bazar,Ramu,Joarianala,09,,,,Char Para,চর পাড়া,JOA902,21.467482,92.093914,1500,0,0,0,0,0,0,0,0,0,0,0,0,0,0,0,0,,,,
1625,Bangladesh,Chattogram,Cox's Bazar,Ramu,Joarianala,09,,,,Bharachharakul,ভরাছড়াকুল,JOA903,21.470182,92.091635,2500,0,0,0,0,0,0,0,0,0,0,0,0,0,0,0,0,,,,
1626,Bangladesh,Chattogram,Cox's Bazar,Ramu,Joarianala,09,,,,Poultry Farm,পোল্ট্রি ফার্ম,JOA904,21.471695,92.089579,24,0,0,0,0,0,0,0,0,0,0,0,0,0,0,0,0,,,,
1627,Bangladesh,Chattogram,Cox's Bazar,Ramu,Kachchhapia,01,,,,Kachchhapia Dakkhin Para,কচ্ছপিয়া দক্ষিণ পাড়া,KAC101,21.450467,92.207534,1000,0,0,0,0,0,0,0,0,0,0,0,0,0,0,0,0,,,,
1628,Bangladesh,Chattogram,Cox's Bazar,Ramu,Kachchhapia,01,,,,Kachchhapia Tekpara,কচ্ছপিয়া টেকপাড়া,KAC102,21.453316,92.206377,400,0,0,0,0,0,0,0,0,0,0,0,0,0,0,0,0,,,,
1629,Bangladesh,Chattogram,Cox's Bazar,Ramu,Kachchhapia,01,,,,Kachchhapia Uttar Para,কচ্ছপিয়া উত্তর পাড়া,KAC103,21.456449,92.210333,1400,0,0,0,0,0,0,0,0,0,0,0,0,0,0,0,0,,,,
1630,Bangladesh,Chattogram,Cox's Bazar,Ramu,Kachchhapia,01,,,,Kachchhapia Natun Para,কচ্ছপিয়া নতুন পাড়া,KAC104,21.453295,92.214299,1200,0,0,0,0,0,0,0,0,0,0,0,0,0,0,0,0,,,,
1631,Bangladesh,Chattogram,Cox's Bazar,Ramu,Kachchhapia,01,,,,Kachchhapia Ghilatali,কচ্ছপিয়া ঘিলাতলী,KAC105,21.467352,92.21508,900,0,0,0,0,0,0,0,0,0,0,0,0,0,0,0,0,,,,
1632,Bangladesh,Chattogram,Cox's Bazar,Ramu,Kachchhapia,01,,,,Kachchhapia Magbil,কচ্ছপিয়া মগবিল,KAC106,21.471539,92.221064,200,0,0,0,0,0,0,0,0,0,0,0,0,0,0,0,0,,,,
1633,Bangladesh,Chattogram,Cox's Bazar,Ramu,Kachchhapia,01,,,,Kachchhapia Shibatali,কচ্ছপিয়া শিবাতলী,KAC107,21.477424,92.222866,100,0,0,0,0,0,0,0,0,0,0,0,0,0,0,0,0,,,,
1634,Bangladesh,Chattogram,Cox's Bazar,Ramu,Kachchhapia,02,,,,Lamar Khamar Para Jaruliachhari,লামার খামার পাড়া জারুলীয়াছড়ি,KAC201,21.446339,92.233363,1200,0,0,0,0,0,0,0,0,0,0,0,0,0,0,0,0,,,,
1635,Bangladesh,Chattogram,Cox's Bazar,Ramu,Kachchhapia,02,,,,Golachipa Para,গলাচিপা পাড়া,KAC202,21.447819,92.22289,220,0,0,0,0,0,0,0,0,0,0,0,0,0,0,0,0,,,,
1636,Bangladesh,Chattogram,Cox's Bazar,Ramu,Kachchhapia,02,,,,Douchhari Dakkhinkul Purba Para,দৌছড়ি দক্ষিণকুল পূর্ব পাড়া,KAC203,21.443331,92.21815,450,0,0,0,0,0,0,0,0,0,0,0,0,0,0,0,0,,,,
1637,Bangladesh,Chattogram,Cox's Bazar,Ramu,Kachchhapia,02,,,,Douchhari Dakkhinkul Pashchim Para,দৌছড়ি দক্ষিণকুল পশ্চিম পাড়া,KAC204,21.443531,92.213439,1200,0,0,0,0,0,0,0,0,0,0,0,0,0,0,0,0,,,,
1638,Bangladesh,Chattogram,Cox's Bazar,Ramu,Kachchhapia,02,,,,Douchhari Dakkhinkul Purba Titar Para,দৌছড়ি দক্ষিণকুল পূর্ব তিতার পাড়া,KAC205,21.445507,92.207322,800,0,0,0,0,0,0,0,0,0,0,0,0,0,0,0,0,,,,
1639,Bangladesh,Chattogram,Cox's Bazar,Ramu,Kachchhapia,02,,,,Douchhari Uttarkul Purba Para,দৌছড়ি উত্তরকুল পূর্ব পাড়া,KAC206,21.4459,92.216504,700,0,0,0,0,0,0,0,0,0,0,0,0,0,0,0,0,,,,
1640,Bangladesh,Chattogram,Cox's Bazar,Ramu,Kachchhapia,02,,,,Douchhari Uttarkul Paschimpara,দৌছড়ি উত্তরকুল পশ্চিম পাড়া,KAC207,21.446389,92.213009,650,0,0,0,0,0,0,0,0,0,0,0,0,0,0,0,0,,,,
1641,Bangladesh,Chattogram,Cox's Bazar,Ramu,Kachchhapia,02,,,,Douchhari Uttarkul Mura Para,দৌছড়ি উত্তরকুল মুরা পাড়া,KAC208,21.44905,92.212953,350,0,0,0,0,0,0,0,0,0,0,0,0,0,0,0,0,,,,
1642,Bangladesh,Chattogram,Cox's Bazar,Ramu,Kachchhapia,03,,,,Purba Titar Para,পূর্ব তিতার পাড়া,KAC301,21.442162,92.199704,2000,0,0,0,0,0,0,0,0,0,0,0,0,0,0,0,0,,,,
1643,Bangladesh,Chattogram,Cox's Bazar,Ramu,Kachchhapia,03,,,,Pashchim Titar Para,পশ্চিম তিতার পাড়া,KAC302,21.444993,92.203419,3000,0,0,0,0,0,0,0,0,0,0,0,0,0,0,0,0,,,,
1644,Bangladesh,Chattogram,Cox's Bazar,Ramu,Kachchhapia,03,,,,Natun Titar Para,নতুন তিতার পাড়া,KAC303,21.437016,92.20148,5000,0,0,0,0,0,0,0,0,0,0,0,0,0,0,0,0,,,,
1645,Bangladesh,Chattogram,Cox's Bazar,Ramu,Kachchhapia,04,,,,Kachchhapia Highschool Para,কচ্ছপিয়া হাইস্কুল পাড়া,KAC401,21.433313,92.201593,1200,0,0,0,0,0,0,0,0,0,0,0,0,0,0,0,0,,,,
1646,Bangladesh,Chattogram,Cox's Bazar,Ramu,Kachchhapia,04,,,,Chota Jangchhari Nadir Uttarkul,ছোট জাংছড়ি নদীর উত্তরকুল,KAC402,21.430313,92.204019,420,0,0,0,0,0,0,0,0,0,0,0,0,0,0,0,0,,,,
1647,Bangladesh,Chattogram,Cox's Bazar,Ramu,Kachchhapia,04,,,,Balubasa Para,বালুবাসা পাড়া,KAC403,21.42997,92.21611,1350,0,0,0,0,0,0,0,0,0,0,0,0,0,0,0,0,,,,
1648,Bangladesh,Chattogram,Cox's Bazar,Ramu,Kachchhapia,04,,,,Shukmonia Para,শুকমনিয়া পাড়া,KAC404,21.438275,92.207775,1100,0,0,0,0,0,0,0,0,0,0,0,0,0,0,0,0,,,,
1649,Bangladesh,Chattogram,Cox's Bazar,Ramu,Kachchhapia,04,,,,Gudaiya Kata,গুদাইয়া কাটা,KAC405,21.427024,92.22675,350,0,0,0,0,0,0,0,0,0,0,0,0,0,0,0,0,,,,
1650,Bangladesh,Chattogram,Cox's Bazar,Ramu,Kachchhapia,04,,,,Bangdepa,ব্যাঙডেপা,KAC406,21.417325,92.225974,260,0,0,0,0,0,0,0,0,0,0,0,0,0,0,0,0,,,,
1651,Bangladesh,Chattogram,Cox's Bazar,Ramu,Kachchhapia,04,,,,Daktar Kata,ডাক্তার কাটা,KAC407,21.414867,92.231541,100,0,0,0,0,0,0,0,0,0,0,0,0,0,0,0,0,,,,
1652,Bangladesh,Chattogram,Cox's Bazar,Ramu,Kachchhapia,05,,,,Puratan Miajir Para,পুরাতন মিয়াজির পাড়া,KAC501,21.440766,92.194829,900,0,0,0,0,0,0,0,0,0,0,0,0,0,0,0,0,,,,
1653,Bangladesh,Chattogram,Cox's Bazar,Ramu,Kachchhapia,05,,,,Chakmar Kata,চাকমার কাটা,KAC502,21.438499,92.193134,450,0,0,0,0,0,0,0,0,0,0,0,0,0,0,0,0,,,,
1654,Bangladesh,Chattogram,Cox's Bazar,Ramu,Kachchhapia,05,,,,Jangchari Natunpara,জাংছড়ি নতুনপাড়া,KAC503,21.433519,92.196784,300,0,0,0,0,0,0,0,0,0,0,0,0,0,0,0,0,,,,
1655,Bangladesh,Chattogram,Cox's Bazar,Ramu,Kachchhapia,05,,,,Natun Miajir Para,নতুন মিয়াজির পাড়া,KAC504,21.435685,92.192499,320,0,0,0,0,0,0,0,0,0,0,0,0,0,0,0,0,,,,
1656,Bangladesh,Chattogram,Cox's Bazar,Ramu,Kachchhapia,05,,,,Bara Jamchhari Nadir Purba Paschimkul,বড় জামছড়ি নদীর পূর্ব পশ্চিমকুল,KAC505,21.426759,92.193529,1500,0,0,0,0,0,0,0,0,0,0,0,0,0,0,0,0,,,,
1657,Bangladesh,Chattogram,Cox's Bazar,Ramu,Kachchhapia,05,,,,Fakrikata,ফাক্রিকাটা,KAC506,21.43977,92.189887,700,0,0,0,0,0,0,0,0,0,0,0,0,0,0,0,0,,,,
1658,Bangladesh,Chattogram,Cox's Bazar,Ramu,Kachchhapia,05,,,,Fakrikata Pahartali,ফাক্রিকাটা পাহাড়তলী,KAC507,21.436017,92.186028,750,0,0,0,0,0,0,0,0,0,0,0,0,0,0,0,0,,,,
1659,Bangladesh,Chattogram,Cox's Bazar,Ramu,Kachchhapia,05,,,,Fakrikata Adarsha Gram,ফাক্রিকাটা আদর্শ গ্রাম,KAC508,21.431455,92.187838,720,0,0,0,0,0,0,0,0,0,0,0,0,0,0,0,0,,,,
1660,Bangladesh,Chattogram,Cox's Bazar,Ramu,Kachchhapia,05,,,,Bara Jamchhari Pahar Para,বড় জামছড়ি পাহাড় পাড়া,KAC509,21.426039,92.189565,500,0,0,0,0,0,0,0,0,0,0,0,0,0,0,0,0,,,,
1661,Bangladesh,Chattogram,Cox's Bazar,Ramu,Kachchhapia,05,,,,Tulatali,তুলাতলী,KAC510,21.431811,92.182483,1200,0,0,0,0,0,0,0,0,0,0,0,0,0,0,0,0,,,,
1662,Bangladesh,Chattogram,Cox's Bazar,Ramu,Kachchhapia,05,,,,Rupnagar,রূপনগর,KAC511,21.42584,92.183633,300,0,0,0,0,0,0,0,0,0,0,0,0,0,0,0,0,,,,
1663,Bangladesh,Chattogram,Cox's Bazar,Ramu,Kachchhapia,06,,,,Fakrikata,ফাক্রিকাটা,KAC601,21.442254,92.188433,1300,0,0,0,0,0,0,0,0,0,0,0,0,0,0,0,0,,,,
1664,Bangladesh,Chattogram,Cox's Bazar,Ramu,Kachchhapia,06,,,,Fakrikata Murapara,ফাক্রিকাটা মুরাপাড়া,KAC602,21.442609,92.183294,800,0,0,0,0,0,0,0,0,0,0,0,0,0,0,0,0,,,,
1665,Bangladesh,Chattogram,Cox's Bazar,Ramu,Kachchhapia,06,,,,Napiter Char,নাপিতের চর,KAC603,21.442165,92.178494,900,0,0,0,0,0,0,0,0,0,0,0,0,0,0,0,0,,,,
1666,Bangladesh,Chattogram,Cox's Bazar,Ramu,Kachchhapia,06,,,,Tulatali,তুলাতলী,KAC604,21.436405,92.177502,700,0,0,0,0,0,0,0,0,0,0,0,0,0,0,0,0,,,,
1667,Bangladesh,Chattogram,Cox's Bazar,Ramu,Kachchhapia,06,,,,Dakkhin Shahor Alir Char,দক্ষিণ শহর আলীর চর,KAC605,21.439447,92.173108,350,0,0,0,0,0,0,0,0,0,0,0,0,0,0,0,0,,,,
1668,Bangladesh,Chattogram,Cox's Bazar,Ramu,Kachchhapia,06,,,,Uttar Shahor Alir Char,উত্তর শহর আলীর চর,KAC606,21.445756,92.168793,400,0,0,0,0,0,0,0,0,0,0,0,0,0,0,0,0,,,,
1669,Bangladesh,Chattogram,Cox's Bazar,Ramu,Kachchhapia,06,,,,Fakinir Char,ফকিনীর চর,KAC607,21.446707,92.16578,340,0,0,0,0,0,0,0,0,0,0,0,0,0,0,0,0,,,,
1670,Bangladesh,Chattogram,Cox's Bazar,Ramu,Kachchhapia,06,,,,Dakvanga,ডাকভাঙ্গা,KAC608,21.439863,92.163311,800,0,0,0,0,0,0,0,0,0,0,0,0,0,0,0,0,,,,
1671,Bangladesh,Chattogram,Cox's Bazar,Ramu,Kachchhapia,06,,,,Shibatali,শিবাতলী,KAC609,21.438763,92.158104,180,0,0,0,0,0,0,0,0,0,0,0,0,0,0,0,0,,,,
1672,Bangladesh,Chattogram,Cox's Bazar,Ramu,Kachchhapia,06,,,,Adarsha Gram Hati Mara,আদর্শ গ্রাম হাতি মারা,KAC610,21.434567,92.165583,130,0,0,0,0,0,0,0,0,0,0,0,0,0,0,0,0,,,,
1673,Bangladesh,Chattogram,Cox's Bazar,Ramu,Kachchhapia,07,,,,Chota Jangchhari Dakkhinkul,ছোট জাংছড়ি দক্ষিণকুল,KAC701,21.429199,92.202405,840,0,0,0,0,0,0,0,0,0,0,0,0,0,0,0,0,,,,
1674,Bangladesh,Chattogram,Cox's Bazar,Ramu,Kachchhapia,07,,,,Balubasa Dakkhinkul,বালুবাসা দক্ষিণকুল,KAC702,21.427236,92.214543,1300,0,0,0,0,0,0,0,0,0,0,0,0,0,0,0,0,,,,
1675,Bangladesh,Chattogram,Cox's Bazar,Ramu,Kachchhapia,07,,,,Hajir Para,হাজীর পাড়া,KAC703,21.427206,92.206709,980,0,0,0,0,0,0,0,0,0,0,0,0,0,0,0,0,,,,
1676,Bangladesh,Chattogram,Cox's Bazar,Ramu,Kachchhapia,07,,,,Purba Hajir Para,পূর্ব হাজির পাড়া,KAC704,21.422928,92.212759,1250,0,0,0,0,0,0,0,0,0,0,0,0,0,0,0,0,,,,
1677,Bangladesh,Chattogram,Cox's Bazar,Ramu,Kachchhapia,07,,,,Daktar Kata Para,ডাক্তার কাটা পাড়া,KAC705,21.414743,92.227604,620,0,0,0,0,0,0,0,0,0,0,0,0,0,0,0,0,,,,
1678,Bangladesh,Chattogram,Cox's Bazar,Ramu,Kachchhapia,08,,,,Bara Jangchari Nadir Purbakul,বড় জাংছড়ি নদীর পূর্বকুল,KAC801,21.416574,92.200356,1000,0,0,0,0,0,0,0,0,0,0,0,0,0,0,0,0,,,,
1679,Bangladesh,Chattogram,Cox's Bazar,Ramu,Kachchhapia,08,,,,Bara Jangchari Nadir Pashchimkul,বড় জাংছড়ি নদীর পশ্চিমকুল,KAC802,21.415674,92.195296,1300,0,0,0,0,0,0,0,0,0,0,0,0,0,0,0,0,,,,
1680,Bangladesh,Chattogram,Cox's Bazar,Ramu,Kachchhapia,08,,,,Chairman Para,চেয়ারম্যান পাড়া,KAC803,21.412836,92.204533,300,0,0,0,0,0,0,0,0,0,0,0,0,0,0,0,0,,,,
1681,Bangladesh,Chattogram,Cox's Bazar,Ramu,Kachchhapia,08,,,,Master Para,মাস্টার পাড়া,KAC804,21.413504,92.208834,400,0,0,0,0,0,0,0,0,0,0,0,0,0,0,0,0,,,,
1682,Bangladesh,Chattogram,Cox's Bazar,Ramu,Kachchhapia,08,,,,Shaira Para,শাইরা পাড়া,KAC805,21.413882,92.213643,600,0,0,0,0,0,0,0,0,0,0,0,0,0,0,0,0,,,,
1683,Bangladesh,Chattogram,Cox's Bazar,Ramu,Kachchhapia,08,,,,Kamola Para,কমলা পাড়া,KAC806,21.417505,92.209403,600,0,0,0,0,0,0,0,0,0,0,0,0,0,0,0,0,,,,
1684,Bangladesh,Chattogram,Cox's Bazar,Ramu,Kachchhapia,08,,,,Badu Para,বদু পাড়া,KAC807,21.419323,92.208146,600,0,0,0,0,0,0,0,0,0,0,0,0,0,0,0,0,,,,
1685,Bangladesh,Chattogram,Cox's Bazar,Ramu,Kachchhapia,09,,,,Dakkhin Maulovir Kata,দক্ষিণ মৌলভীর কাটা,KAC901,21.40176,92.217421,2500,0,0,0,0,0,0,0,0,0,0,0,0,0,0,0,0,,,,
1686,Bangladesh,Chattogram,Cox's Bazar,Ramu,Kachchhapia,09,,,,Miyajir Para,মিয়াজির পাড়়া,KAC902,21.408358,92.212832,800,0,0,0,0,0,0,0,0,0,0,0,0,0,0,0,0,,,,
1687,Bangladesh,Chattogram,Cox's Bazar,Ramu,Kachchhapia,09,,,,Tekpara Nadir Pashchimkul,টেকপাড়া নদীর পশ্চিমকুল,KAC903,21.402572,92.2053,1400,0,0,0,0,0,0,0,0,0,0,0,0,0,0,0,0,,,,
1688,Bangladesh,Chattogram,Cox's Bazar,Ramu,Kachchhapia,09,,,,Tekpara Nadir Purbakul,টেকপাড়া নদীর পূর্বকুল,KAC904,21.408087,92.205558,400,0,0,0,0,0,0,0,0,0,0,0,0,0,0,0,0,,,,
1689,Bangladesh,Chattogram,Cox's Bazar,Ramu,Kauar Khop,01,,,,Pashchim Manirjhil Para,পশ্চিম মনিরঝিল পাড়া,KAU101,21.421879,92.131045,1950,0,0,0,0,0,0,0,0,0,0,0,0,0,0,0,0,,,,
1690,Bangladesh,Chattogram,Cox's Bazar,Ramu,Kauar Khop,01,,,,Pashchim Manirjhil Dargah Para,পশ্চিম মনিরঝিল দরগাহ পাড়া,KAU102,21.416794,92.122825,1650,0,0,0,0,0,0,0,0,0,0,0,0,0,0,0,0,,,,
1691,Bangladesh,Chattogram,Cox's Bazar,Ramu,Kauar Khop,02,,,,Madhyam Manirjhil,মধ্যম মনিরঝিল,KAU201,21.423758,92.134472,1300,0,0,0,0,0,0,0,0,0,0,0,0,0,0,0,0,,,,
1692,Bangladesh,Chattogram,Cox's Bazar,Ramu,Kauar Khop,02,,,,Madhyam Manirjhil (Dakkhin Para),মধ্যম মনিরঝিল (দক্ষিণ পাড়া),KAU202,21.419078,92.135557,650,0,0,0,0,0,0,0,0,0,0,0,0,0,0,0,0,,,,
1693,Bangladesh,Chattogram,Cox's Bazar,Ramu,Kauar Khop,02,,,,Madhyam Manirjhil Sonaichhari,মধ্যম মনিরঝিল সোনাইছড়ি,KAU203,21.415325,92.140798,400,0,0,0,0,0,0,0,0,0,0,0,0,0,0,0,0,,,,
1694,Bangladesh,Chattogram,Cox's Bazar,Ramu,Kauar Khop,02,,,,Madhyam Manirjhil Islampur,মধ্যম মনিরঝিল ইসলামপুর,KAU204,21.408147,92.138734,1350,0,0,0,0,0,0,0,0,0,0,0,0,0,0,0,0,,,,
1695,Bangladesh,Chattogram,Cox's Bazar,Ramu,Kauar Khop,03,,,,Purba Manirjhil Majher Para,পূর্ব মনিরঝিল মাঝের পাড়া,KAU301,21.426315,92.138309,1400,0,0,0,0,0,0,0,0,0,0,0,0,0,0,0,0,,,,
1696,Bangladesh,Chattogram,Cox's Bazar,Ramu,Kauar Khop,03,,,,Purba Manirjhil Purba Para,পূর্ব মনিরঝিল পূর্ব পাড়া,KAU302,21.429776,92.143126,100,0,0,0,0,0,0,0,0,0,0,0,0,0,0,0,0,,,,
1697,Bangladesh,Chattogram,Cox's Bazar,Ramu,Kauar Khop,03,,,,Purba Manirjhil Pahar Para,পূর্ব মনিরঝিল পাহাড় পাড়া,KAU303,21.422539,92.144465,900,0,0,0,0,0,0,0,0,0,0,0,0,0,0,0,0,,,,
1698,Bangladesh,Chattogram,Cox's Bazar,Ramu,Kauar Khop,04,,,,Purba Kauarkhop Purba Para,পূর্ব কাউয়ারখোপ পূর্ব পাড়া,KAU401,21.429643,92.138245,2000,0,0,0,0,0,0,0,0,0,0,0,0,0,0,0,0,,,,
1699,Bangladesh,Chattogram,Cox's Bazar,Ramu,Kauar Khop,04,,,,Purba Kauarkhop Villagerpara,পূর্ব কাউয়ারখোপ ভিলেজারপাড়া,KAU402,21.434009,92.141105,1000,0,0,0,0,0,0,0,0,0,0,0,0,0,0,0,0,,,,
1700,Bangladesh,Chattogram,Cox's Bazar,Ramu,Kauar Khop,04,,,,Purba Kauarkhop Banarupa Para,পূর্ব কাউয়ারখোপ বনরূপা পাড়া,KAU403,21.434597,92.147937,300,0,0,0,0,0,0,0,0,0,0,0,0,0,0,0,0,,,,
1701,Bangladesh,Chattogram,Cox's Bazar,Ramu,Kauar Khop,04,,,,Purba Kauarkhop Maishkum,পূর্ব কাউয়ারখোপ মইশকুম,KAU404,21.434671,92.154861,1500,0,0,0,0,0,0,0,0,0,0,0,0,0,0,0,0,,,,
1702,Bangladesh,Chattogram,Cox's Bazar,Ramu,Kauar Khop,05,,,,Madhyam Kauarkhop Dail Para,মধ্যম কাউয়ারখোপ ডেইল পাড়া,KAU501,21.427524,92.134456,700,0,0,0,0,0,0,0,0,0,0,0,0,0,0,0,0,,,,
1703,Bangladesh,Chattogram,Cox's Bazar,Ramu,Kauar Khop,05,,,,Madhyam Kauarkhop Charpara,মধ্যম কাউয়ারখোপ চরপাড়া,KAU502,21.424617,92.130336,720,0,0,0,0,0,0,0,0,0,0,0,0,0,0,0,0,,,,
1704,Bangladesh,Chattogram,Cox's Bazar,Ramu,Kauar Khop,05,,,,Madhyam Kauarkhop Banik Para,মধ্যম কাউয়ারখোপ বণিক পাড়া,KAU503,21.426241,92.132853,820,0,0,0,0,0,0,0,0,0,0,0,0,0,0,0,0,,,,
1705,Bangladesh,Chattogram,Cox's Bazar,Ramu,Kauar Khop,05,,,,Madhyam Kauarkhop Deparkul,মধ্যম কাউয়ারখোপ ডেপারকুল,KAU504,21.429604,92.131046,880,0,0,0,0,0,0,0,0,0,0,0,0,0,0,0,0,,,,
1706,Bangladesh,Chattogram,Cox's Bazar,Ramu,Kauar Khop,05,,,,Madhyam Kauarkhop Pahar Para,মধ্যম কাউয়ারখোপ পাহাড় পাড়া,KAU505,21.435176,92.134222,1200,0,0,0,0,0,0,0,0,0,0,0,0,0,0,0,0,,,,
1707,Bangladesh,Chattogram,Cox's Bazar,Ramu,Kauar Khop,05,,,,Madhyam Kauarkhop Madhyam Para,মধ্যম কাউয়ারখোপ মধ্যম পাড়া,KAU506,21.427368,92.130901,1300,0,0,0,0,0,0,0,0,0,0,0,0,0,0,0,0,,,,
1708,Bangladesh,Chattogram,Cox's Bazar,Ramu,Kauar Khop,06,,,,Madhyam Kauarkhop,মধ্যম কাউয়ারখোপ,KAU601,21.425238,92.128618,800,0,0,0,0,0,0,0,0,0,0,0,0,0,0,0,0,,,,
1709,Bangladesh,Chattogram,Cox's Bazar,Ramu,Kauar Khop,06,,,,Pashchim Kauarkhop Charpara,পশ্চিম কাউয়ারখোপ চরপাড়া,KAU602,21.423213,92.125122,1600,0,0,0,0,0,0,0,0,0,0,0,0,0,0,0,0,,,,
1710,Bangladesh,Chattogram,Cox's Bazar,Ramu,Kauar Khop,06,,,,Pashchim Kauarkhop Uttarpara,পশ্চিম কাউয়ারখোপ উত্তরপাড়া,KAU603,21.42737,92.12671,1000,0,0,0,0,0,0,0,0,0,0,0,0,0,0,0,0,,,,
1711,Bangladesh,Chattogram,Cox's Bazar,Ramu,Kauar Khop,06,,,,Pashchim Kauarkhop Bailtali,পশ্চিম কাউয়ারখোপ বইলতলী,KAU604,21.426788,92.124199,1750,0,0,0,0,0,0,0,0,0,0,0,0,0,0,0,0,,,,
1712,Bangladesh,Chattogram,Cox's Bazar,Ramu,Kauar Khop,06,,,,Pashchim Kauarkhop Fulanirchar,পশ্চিম কাউয়ারখোপ ফুলনিরচর,KAU605,21.428359,92.1184,450,0,0,0,0,0,0,0,0,0,0,0,0,0,0,0,0,,,,
1713,Bangladesh,Chattogram,Cox's Bazar,Ramu,Kauar Khop,07,,,,Fulanirchar,ফুলনীরচর,KAU701,21.431511,92.116193,700,0,0,0,0,0,0,0,0,0,0,0,0,0,0,0,0,,,,
1714,Bangladesh,Chattogram,Cox's Bazar,Ramu,Kauar Khop,07,,,,Dikkul Para,ডিককুল পাড়া,KAU702,21.42897,92.122074,500,0,0,0,0,0,0,0,0,0,0,0,0,0,0,0,0,,,,
1715,Bangladesh,Chattogram,Cox's Bazar,Ramu,Kauar Khop,07,,,,Gachhua Para,গাছুয়া পাড়া,KAU703,21.431595,92.119504,650,0,0,0,0,0,0,0,0,0,0,0,0,0,0,0,0,,,,
1716,Bangladesh,Chattogram,Cox's Bazar,Ramu,Kauar Khop,07,,,,Lord Ukhiarghona Pahar Para,লর্ড উখিয়ারঘোনা পাহাড় পাড়া,KAU704,21.433479,92.122139,500,0,0,0,0,0,0,0,0,0,0,0,0,0,0,0,0,,,,
1717,Bangladesh,Chattogram,Cox's Bazar,Ramu,Kauar Khop,07,,,,Lord Ukhiarghona Jharnar Ghona,লর্ড উখিয়ারঘোনা ঝর্ণার ঘোনা,KAU705,21.437984,92.121883,300,0,0,0,0,0,0,0,0,0,0,0,0,0,0,0,0,,,,
1718,Bangladesh,Chattogram,Cox's Bazar,Ramu,Kauar Khop,07,,,,Lord Ukhiarghona Barua Para,লর্ড উখিয়ারঘোনা বড়ুয়া পাড়া,KAU706,21.438629,92.118846,650,0,0,0,0,0,0,0,0,0,0,0,0,0,0,0,0,,,,
1719,Bangladesh,Chattogram,Cox's Bazar,Ramu,Kauar Khop,07,,,,Lord Ukhiarghona Khencharghona,লর্ড উখিয়ারঘোনা খেনচরঘোনা,KAU707,21.443611,92.112878,700,0,0,0,0,0,0,0,0,0,0,0,0,0,0,0,0,,,,
1720,Bangladesh,Chattogram,Cox's Bazar,Ramu,Kauar Khop,07,,,,Ukhiarghona Barua Para,উখিয়ারঘোনা বড়ুয়া পাড়া,KAU708,21.444072,92.125455,650,0,0,0,0,0,0,0,0,0,0,0,0,0,0,0,0,,,,
1721,Bangladesh,Chattogram,Cox's Bazar,Ramu,Kauar Khop,07,,,,Lord Ukhiarghona Tachhakahli,লর্ড উখিয়ারঘোনা তচ্ছাখালী,KAU709,21.44485,92.121264,600,0,0,0,0,0,0,0,0,0,0,0,0,0,0,0,0,,,,
1722,Bangladesh,Chattogram,Cox's Bazar,Ramu,Kauar Khop,07,,,,Lord Ukhiarghona,লর্ড উখিয়ারঘোনা,KAU710,21.442911,92.116807,1800,0,0,0,0,0,0,0,0,0,0,0,0,0,0,0,0,,,,
1723,Bangladesh,Chattogram,Cox's Bazar,Ramu,Kauar Khop,08,,,,Ukhiarghona Tila Para,উখিয়ারঘোনা টিলা পাড়া,KAU801,21.451346,92.123271,3000,0,0,0,0,0,0,0,0,0,0,0,0,0,0,0,0,,,,
1724,Bangladesh,Chattogram,Cox's Bazar,Ramu,Kauar Khop,08,,,,Ukhiarghona School Para,উখিয়ারঘোনা স্কুল পাড়া,KAU802,21.448702,92.130125,1100,0,0,0,0,0,0,0,0,0,0,0,0,0,0,0,0,,,,
1725,Bangladesh,Chattogram,Cox's Bazar,Ramu,Kauar Khop,08,,,,Ukhiarghona Sawdagor Para,উখিয়ারঘোনা সওদাগর পাড়া,KAU803,21.453043,92.13168,800,0,0,0,0,0,0,0,0,0,0,0,0,0,0,0,0,,,,
1726,Bangladesh,Chattogram,Cox's Bazar,Ramu,Kauar Khop,08,,,,Ukhiarghona Miyaji Para,উখিয়ারঘোনা মিয়াজী পাড়া,KAU804,21.449719,92.133335,150,0,0,0,0,0,0,0,0,0,0,0,0,0,0,0,0,,,,
1727,Bangladesh,Chattogram,Cox's Bazar,Ramu,Kauar Khop,08,,,,Ukhiarghona Pashchim Ganiakata,উখিয়ারঘোনা পশ্চিম গনিয়াকাটা,KAU805,21.460757,92.129305,3500,0,0,0,0,0,0,0,0,0,0,0,0,0,0,0,0,,,,
1728,Bangladesh,Chattogram,Cox's Bazar,Ramu,Kauar Khop,09,,,,Ukhiarghona Lamar Para,উখিয়ারঘোনা লামার পাড়া,KAU901,21.443474,92.135777,3000,0,0,0,0,0,0,0,0,0,0,0,0,0,0,0,0,,,,
1729,Bangladesh,Chattogram,Cox's Bazar,Ramu,Kauar Khop,09,,,,Ukhiarghona Miyaji Para,উখিয়ারঘোনা মিয়াজী পাড়া,KAU902,21.450619,92.134722,300,0,0,0,0,0,0,0,0,0,0,0,0,0,0,0,0,,,,
1730,Bangladesh,Chattogram,Cox's Bazar,Ramu,Kauar Khop,09,,,,Ukhiarghona Gudamkata,উখিয়ারঘোনা গুদামকাটা,KAU903,21.453642,92.140926,1500,0,0,0,0,0,0,0,0,0,0,0,0,0,0,0,0,,,,
1731,Bangladesh,Chattogram,Cox's Bazar,Ramu,Kauar Khop,09,,,,Ukhiarghona Ganiakata,উখিয়ারঘোনা গনিয়াকাটা,KAU904,21.457278,92.135594,2500,0,0,0,0,0,0,0,0,0,0,0,0,0,0,0,0,,,,
1732,Bangladesh,Chattogram,Cox's Bazar,Ramu,Kauar Khop,09,,,,Ukhiarghona Fakir Para,উখিয়ারঘোনা ফকির পাড়া,KAU905,21.463828,92.139175,1000,0,0,0,0,0,0,0,0,0,0,0,0,0,0,0,0,,,,
1733,Bangladesh,Chattogram,Cox's Bazar,Ramu,Khuniapalang,01,,,,Dariar Dighi Baradeba,দরিয়ার দীঘি বড়ডেবা,KHU101,21.336318,92.106246,1500,0,0,0,0,0,0,0,0,0,0,0,0,0,0,0,0,,,,
1734,Bangladesh,Chattogram,Cox's Bazar,Ramu,Khuniapalang,01,,,,Dariar Dighi Khedar Ghona,দরিয়ার দীঘি খেদার ঘোনা,KHU102,21.344273,92.105931,600,0,0,0,0,0,0,0,0,0,0,0,0,0,0,0,0,,,,
1735,Bangladesh,Chattogram,Cox's Bazar,Ramu,Khuniapalang,01,,,,Thoaingakata Kalur Dokan,থোয়াইংগাকাটা কালুর দোকান,KHU103,21.345655,92.113195,500,0,0,0,0,0,0,0,0,0,0,0,0,0,0,0,0,,,,
1736,Bangladesh,Chattogram,Cox's Bazar,Ramu,Khuniapalang,01,,,,Dariar Dighi Maijkum,দরিয়ার দীঘি মাইজকুম,KHU104,21.345759,92.119326,500,0,0,0,0,0,0,0,0,0,0,0,0,0,0,0,0,,,,
1737,Bangladesh,Chattogram,Cox's Bazar,Ramu,Khuniapalang,01,,,,Dariar Dighi Maulovi Para,দরিয়ার দীঘি মৌলভী পাড়া,KHU105,21.34066,92.115103,800,0,0,0,0,0,0,0,0,0,0,0,0,0,0,0,0,,,,
1738,Bangladesh,Chattogram,Cox's Bazar,Ramu,Khuniapalang,01,,,,Dariar Dighi Dakkhin Para,দরিয়ার দীঘি দক্ষিণ পাড়া,KHU106,21.332294,92.116626,1200,0,0,0,0,0,0,0,0,0,0,0,0,0,0,0,0,,,,
1739,Bangladesh,Chattogram,Cox's Bazar,Ramu,Khuniapalang,01,,,,Dariar Dighi Mandol Para,দরিয়ার দীঘি মণ্ডল পাড়া,KHU107,21.337727,92.122404,300,0,0,0,0,0,0,0,0,0,0,0,0,0,0,0,0,,,,
1740,Bangladesh,Chattogram,Cox's Bazar,Ramu,Khuniapalang,01,,,,Sikder Para Ashrayan Prakalpa,সিকদার পাড়া আশ্রয়ণ প্রকল্প,KHU108,21.34182,92.120639,800,0,0,0,0,0,0,0,0,0,0,0,0,0,0,0,0,,,,
1741,Bangladesh,Chattogram,Cox's Bazar,Ramu,Khuniapalang,01,,,,Dariar Dighi Purba Para,দরিয়ার দীঘি পূর্ব পাড়া,KHU109,21.344535,92.125712,900,0,0,0,0,0,0,0,0,0,0,0,0,0,0,0,0,,,,
1742,Bangladesh,Chattogram,Cox's Bazar,Ramu,Khuniapalang,01,,,,Dariar Dighi Madinabag Para,দরিয়ার দীঘি মদিনাবাগ পাড়া,KHU110,21.345699,92.130537,500,0,0,0,0,0,0,0,0,0,0,0,0,0,0,0,0,,,,
1743,Bangladesh,Chattogram,Cox's Bazar,Ramu,Khuniapalang,01,,,,Thoaingakata Milghar,থোয়াইংগাকাটা মিলঘর,KHU111,21.349125,92.111079,600,0,0,0,0,0,0,0,0,0,0,0,0,0,0,0,0,,,,
1744,Bangladesh,Chattogram,Cox's Bazar,Ramu,Khuniapalang,01,,,,Thoaingakata Jumma Para,থোয়াইংগাকাটা জুম্মা পাড়া,KHU112,21.35162,92.122902,600,0,0,0,0,0,0,0,0,0,0,0,0,0,0,0,0,,,,
1745,Bangladesh,Chattogram,Cox's Bazar,Ramu,Khuniapalang,01,,,,Thoaingakata Ghuityabainya,থোয়াইংগাকাটা ঘুইট্টাবইন্যা,KHU113,21.357962,92.111695,500,0,0,0,0,0,0,0,0,0,0,0,0,0,0,0,0,,,,
1746,Bangladesh,Chattogram,Cox's Bazar,Ramu,Khuniapalang,01,,,,Thoaingakata Hatir Deba,থোয়াইংগাকাটা হাতির ডেবা,KHU114,21.359688,92.122772,400,0,0,0,0,0,0,0,0,0,0,0,0,0,0,0,0,,,,
1747,Bangladesh,Chattogram,Cox's Bazar,Ramu,Khuniapalang,01,,,,Pashchim Thoaingakata,পশ্চিম থোয়াইংগাকাটা,KHU115,21.354659,92.116287,1000,0,0,0,0,0,0,0,0,0,0,0,0,0,0,0,0,,,,
1748,Bangladesh,Chattogram,Cox's Bazar,Ramu,Khuniapalang,02,,,,Tulabagan Para,তুলাবাগান পাড়া,KHU201,21.364665,92.080384,1200,0,0,0,0,0,0,0,0,0,0,0,0,0,0,0,0,,,,
1749,Bangladesh,Chattogram,Cox's Bazar,Ramu,Khuniapalang,02,,,,Kalar Para Bhaditala,কালার পাড়া ভাদিতলা,KHU202,21.367392,92.092706,2500,0,0,0,0,0,0,0,0,0,0,0,0,0,0,0,0,,,,
1750,Bangladesh,Chattogram,Cox's Bazar,Ramu,Khuniapalang,02,,,,Tungadeba Painbagan Para,টুংগাডেবা পাইনবাগান পাড়া,KHU203,21.3659,92.111187,800,0,0,0,0,0,0,0,0,0,0,0,0,0,0,0,0,,,,
1751,Bangladesh,Chattogram,Cox's Bazar,Ramu,Khuniapalang,02,,,,Jambagan Barabil,জামবাগান বড়বিল,KHU204,21.359803,92.085928,500,0,0,0,0,0,0,0,0,0,0,0,0,0,0,0,0,,,,
1752,Bangladesh,Chattogram,Cox's Bazar,Ramu,Khuniapalang,02,,,,Kechubaniya Pashchimghona,কেচুবনিয়া পশ্চিমঘোনা,KHU205,21.359748,92.097742,1000,0,0,0,0,0,0,0,0,0,0,0,0,0,0,0,0,,,,
1753,Bangladesh,Chattogram,Cox's Bazar,Ramu,Khuniapalang,02,,,,Chankhola Para,ছনখোলা পাড়া,KHU206,21.349724,92.08821,500,0,0,0,0,0,0,0,0,0,0,0,0,0,0,0,0,,,,
1754,Bangladesh,Chattogram,Cox's Bazar,Ramu,Khuniapalang,02,,,,Kaluarkhola Headman Para,কালুয়ারখোলা হেডম্যান পাড়া,KHU207,21.34038,92.097678,1500,0,0,0,0,0,0,0,0,0,0,0,0,0,0,0,0,,,,
1755,Bangladesh,Chattogram,Cox's Bazar,Ramu,Khuniapalang,02,,,,Kechubaniya Purbaghona,কেচুবনিয়া পূর্বঘোনা,KHU208,21.354571,92.104349,600,0,0,0,0,0,0,0,0,0,0,0,0,0,0,0,0,,,,
1756,Bangladesh,Chattogram,Cox's Bazar,Ramu,Khuniapalang,02,,,,Police Fari,পুলিশ ফাঁড়ি,KHU209,21.366684,92.08148,22,0,0,0,0,0,0,0,0,0,0,0,0,0,0,0,0,,,,
1757,Bangladesh,Chattogram,Cox's Bazar,Ramu,Khuniapalang,03,,,,Uttar Khuniapalang Jambagan Para,উত্তর খুনিয়াপালং জামবাগান পাড়া,KHU301,21.359171,92.076123,800,0,0,0,0,0,0,0,0,0,0,0,0,0,0,0,0,,,,
1758,Bangladesh,Chattogram,Cox's Bazar,Ramu,Khuniapalang,03,,,,Uttar Khuniapalang Bali Para,উত্তর খুনিয়াপালং বলি পাড়া,KHU302,21.355321,92.074162,800,0,0,0,0,0,0,0,0,0,0,0,0,0,0,0,0,,,,
1759,Bangladesh,Chattogram,Cox's Bazar,Ramu,Khuniapalang,03,,,,Uttar Khuniapalang School Pahar,উত্তর খুনিয়াপালং স্কুল পাহাড়,KHU303,21.349807,92.079375,1000,0,0,0,0,0,0,0,0,0,0,0,0,0,0,0,0,,,,
1760,Bangladesh,Chattogram,Cox's Bazar,Ramu,Khuniapalang,03,,,,Madhyam Khuniapalang,মধ্যম খুনিয়াপালং,KHU304,21.344473,92.076851,1100,0,0,0,0,0,0,0,0,0,0,0,0,0,0,0,0,,,,
1761,Bangladesh,Chattogram,Cox's Bazar,Ramu,Khuniapalang,03,,,,Madhyam Khuniapalang Jamira Kata,মধ্যম খুনিয়াপালং জমিরা কাটা,KHU305,21.341061,92.073241,1000,0,0,0,0,0,0,0,0,0,0,0,0,0,0,0,0,,,,
1762,Bangladesh,Chattogram,Cox's Bazar,Ramu,Khuniapalang,03,,,,Dakkhin Khuniapalang,দক্ষিণ খুনিয়াপালং,KHU306,21.337311,92.072994,1400,0,0,0,0,0,0,0,0,0,0,0,0,0,0,0,0,,,,
1763,Bangladesh,Chattogram,Cox's Bazar,Ramu,Khuniapalang,03,,,,Dakkhin Khuniapalang Master Para,দক্ষিণ খুনিয়াপালং মাষ্টার পাড়া,KHU307,21.332341,92.07773,600,0,0,0,0,0,0,0,0,0,0,0,0,0,0,0,0,,,,
1764,Bangladesh,Chattogram,Cox's Bazar,Ramu,Khuniapalang,03,,,,Dakkhin Khuniapalang Gainpara,দক্ষিণ খুনিয়াপালং গাইনপাড়া,KHU308,21.329115,92.073715,1000,0,0,0,0,0,0,0,0,0,0,0,0,0,0,0,0,,,,
1765,Bangladesh,Chattogram,Cox's Bazar,Ramu,Khuniapalang,03,,,,Poultry Farm,পোল্ট্রি ফার্ম,KHU309,21.333174,92.075015,10,0,0,0,0,0,0,0,0,0,0,0,0,0,0,0,0,,,,
1766,Bangladesh,Chattogram,Cox's Bazar,Ramu,Khuniapalang,04,,,,Purba Dhechhuapalang Hakim Ali Baper Para,পূর্ব ধেছুয়াপালং হাকিম আলী বাপের পাড়া,KHU401,21.318537,92.095781,1800,0,0,0,0,0,0,0,0,0,0,0,0,0,0,0,0,,,,
1767,Bangladesh,Chattogram,Cox's Bazar,Ramu,Khuniapalang,04,,,,Purba Dhechhuapalang Madrasa Para,পূর্ব ধেছুয়াপালং মাদ্রাসা পাড়া,KHU402,21.316805,92.097752,800,0,0,0,0,0,0,0,0,0,0,0,0,0,0,0,0,,,,
1768,Bangladesh,Chattogram,Cox's Bazar,Ramu,Khuniapalang,04,,,,Purba Dhechhuapalang Sikder Para,পূর্ব ধেছুয়াপালং সিকদার পাড়া,KHU403,21.326674,92.098314,1500,0,0,0,0,0,0,0,0,0,0,0,0,0,0,0,0,,,,
1769,Bangladesh,Chattogram,Cox's Bazar,Ramu,Khuniapalang,04,,,,Purba Dhechhuapalang Jhumkata,পূর্ব ধেছুয়াপালং জুমকাটা,KHU404,21.326162,92.102658,1200,0,0,0,0,0,0,0,0,0,0,0,0,0,0,0,0,,,,
1770,Bangladesh,Chattogram,Cox's Bazar,Ramu,Khuniapalang,04,,,,Purba Dhechhuapalang Abul Bandar,পূর্ব ধেছুয়াপালং আবুল বন্দর,KHU405,21.33106,92.11102,1200,0,0,0,0,0,0,0,0,0,0,0,0,0,0,0,0,,,,
1771,Bangladesh,Chattogram,Cox's Bazar,Ramu,Khuniapalang,04,,,,Purba Dhechhuapalang,পূর্ব ধেছুয়াপালং,KHU406,21.32218,92.10178,1100,0,0,0,0,0,0,0,0,0,0,0,0,0,0,0,0,,,,
1772,Bangladesh,Chattogram,Cox's Bazar,Ramu,Khuniapalang,05,,,,Uttar Kambonia,উত্তর কম্বনিয়া,KHU501,21.337504,92.08311,1200,0,0,0,0,0,0,0,0,0,0,0,0,0,0,0,0,,,,
1773,Bangladesh,Chattogram,Cox's Bazar,Ramu,Khuniapalang,05,,,,Madhyam Kambonia,মধ্য়ম কম্বনিয়া,KHU502,21.330097,92.08424,2200,0,0,0,0,0,0,0,0,0,0,0,0,0,0,0,0,,,,
1774,Bangladesh,Chattogram,Cox's Bazar,Ramu,Khuniapalang,05,,,,Madhyam Dhechhuapalang,মধ্যম ধেছুয়াপালং,KHU503,21.324785,92.089332,1500,0,0,0,0,0,0,0,0,0,0,0,0,0,0,0,0,,,,
1775,Bangladesh,Chattogram,Cox's Bazar,Ramu,Khuniapalang,05,,,,Dakkhin Dhechhuapalang,দক্ষিণ ধেছুয়াপালং,KHU504,21.317743,92.088177,600,0,0,0,0,0,0,0,0,0,0,0,0,0,0,0,0,,,,
1776,Bangladesh,Chattogram,Cox's Bazar,Ramu,Khuniapalang,05,,,,Dakkhin Dhechhuapalang Hirar Dwip Barua Para,দক্ষিণ ধেছুয়াপালং হীরার দ্বীপ বড়ুয়া পাড়া,KHU505,21.313005,92.092108,2000,0,0,0,0,0,0,0,0,0,0,0,0,0,0,0,0,,,,
1777,Bangladesh,Chattogram,Cox's Bazar,Ramu,Khuniapalang,05,,,,Chadirkata,ছাদিরকাটা,KHU506,21.334587,92.093783,3000,0,0,0,0,0,0,0,0,0,0,0,0,0,0,0,0,,,,
1778,Bangladesh,Chattogram,Cox's Bazar,Ramu,Khuniapalang,06,,,,Dhoapalang Rabata Para,ধোয়াপালং রাবাতা পাড়া,KHU601,21.32491,92.083277,400,0,0,0,0,0,0,0,0,0,0,0,0,0,0,0,0,,,,
1779,Bangladesh,Chattogram,Cox's Bazar,Ramu,Khuniapalang,06,,,,Dhoapalang Office Para,ধোয়াপালং অফিস পাড়া,KHU602,21.324484,92.076125,650,0,0,0,0,0,0,0,0,0,0,0,0,0,0,0,0,,,,
1780,Bangladesh,Chattogram,Cox's Bazar,Ramu,Khuniapalang,06,,,,Dhoapalang Pashchim Para,ধোয়াপালং পশ্চিম পাড়া,KHU603,21.319115,92.073962,2000,0,0,0,0,0,0,0,0,0,0,0,0,0,0,0,0,,,,
1781,Bangladesh,Chattogram,Cox's Bazar,Ramu,Khuniapalang,06,,,,Dhoapalang Nayapara,ধোয়াপালং নয়াপাড়া,KHU604,21.312114,92.070806,900,0,0,0,0,0,0,0,0,0,0,0,0,0,0,0,0,,,,
1782,Bangladesh,Chattogram,Cox's Bazar,Ramu,Khuniapalang,06,,,,Dhoapalang Ghonar Para,ধোয়াপালং ঘোনার পাড়া,KHU605,21.317917,92.065685,1000,0,0,0,0,0,0,0,0,0,0,0,0,0,0,0,0,,,,
1783,Bangladesh,Chattogram,Cox's Bazar,Ramu,Khuniapalang,06,,,,Madhyam Dhoapalang Napit Para,মধ্যম ধোয়াপালং নাপিত পাড়া,KHU606,21.318332,92.079849,700,0,0,0,0,0,0,0,0,0,0,0,0,0,0,0,0,,,,
1784,Bangladesh,Chattogram,Cox's Bazar,Ramu,Khuniapalang,06,,,,Purba Dhoapalang Purba Para,পূর্ব ধোয়াপালং পূর্ব পাড়া,KHU607,21.315814,92.085584,1200,0,0,0,0,0,0,0,0,0,0,0,0,0,0,0,0,,,,
1785,Bangladesh,Chattogram,Cox's Bazar,Ramu,Khuniapalang,06,,,,Poultry Farm,পোল্ট্রি ফার্ম,KHU608,21.315083,92.076424,30,0,0,0,0,0,0,0,0,0,0,0,0,0,0,0,0,,,,
1786,Bangladesh,Chattogram,Cox's Bazar,Ramu,Khuniapalang,07,,,,Purba Goaliapalang Pahar Para,পূর্ব গোয়ালিয়াপালং পাহাড় পাড়া,KHU701,21.310821,92.083119,1200,0,0,0,0,0,0,0,0,0,0,0,0,0,0,0,0,,,,
1787,Bangladesh,Chattogram,Cox's Bazar,Ramu,Khuniapalang,07,,,,Purba Goaliapalang Lamar Para,পূর্ব গোয়ালিয়াপালং লামার পাড়া,KHU702,21.304083,92.083805,3200,0,0,0,0,0,0,0,0,0,0,0,0,0,0,0,0,,,,
1788,Bangladesh,Chattogram,Cox's Bazar,Ramu,Khuniapalang,07,,,,Purba Goaliapalang Chaidarob Para,পূর্ব গোয়ালিয়াপালং ছৈয়দারব পাড়া,KHU703,21.303541,92.079596,400,0,0,0,0,0,0,0,0,0,0,0,0,0,0,0,0,,,,
1789,Bangladesh,Chattogram,Cox's Bazar,Ramu,Khuniapalang,07,,,,Purba Goaliapalang Godar Para,পূর্ব গোয়ালিয়াপালং গোদার পাড়া,KHU704,21.306754,92.078463,350,0,0,0,0,0,0,0,0,0,0,0,0,0,0,0,0,,,,
1790,Bangladesh,Chattogram,Cox's Bazar,Ramu,Khuniapalang,07,,,,Purba Goaliapalang Chaingaghona,পূর্ব গোয়ালিয়াপালং চাইংগাঘোনা,KHU705,21.310263,92.086002,350,0,0,0,0,0,0,0,0,0,0,0,0,0,0,0,0,,,,
1791,Bangladesh,Chattogram,Cox's Bazar,Ramu,Khuniapalang,08,,,,Dakkhin Goaliapalang Taingakata,দক্ষিণ গোয়ালিয়াপালং টাইংগাকাটা,KHU801,21.29741,92.066527,3000,0,0,0,0,0,0,0,0,0,0,0,0,0,0,0,0,,,,
1792,Bangladesh,Chattogram,Cox's Bazar,Ramu,Khuniapalang,08,,,,Madhyam Goaliapalang Sikder Para,মধ্যম গোয়ালিয়াপালং সিকদার পাড়া,KHU802,21.303145,92.070024,2000,0,0,0,0,0,0,0,0,0,0,0,0,0,0,0,0,,,,
1793,Bangladesh,Chattogram,Cox's Bazar,Ramu,Khuniapalang,08,,,,Pashchim Goaliapalang Jhugripara,পশ্চিম গোয়ালিয়াপালং ঝুগড়িপাড়া,KHU803,21.307714,92.067594,3000,0,0,0,0,0,0,0,0,0,0,0,0,0,0,0,0,,,,
1794,Bangladesh,Chattogram,Cox's Bazar,Ramu,Khuniapalang,09,,,,Penchar Dwip Dakkhin Para,পেঁচার দ্বীপ দক্ষিণ পাড়া,KHU901,21.300025,92.053118,1600,0,0,0,0,0,0,0,0,0,0,0,0,0,0,0,0,,,,
1795,Bangladesh,Chattogram,Cox's Bazar,Ramu,Khuniapalang,09,,,,Penchar Dwip Madhyam Para,পেঁচার দ্বীপ মধ্যম পাড়া,KHU902,21.306544,92.04643,1800,0,0,0,0,0,0,0,0,0,0,0,0,0,0,0,0,,,,
1796,Bangladesh,Chattogram,Cox's Bazar,Ramu,Khuniapalang,09,,,,Penchar Dwip Karachi Para,পেঁচার দ্বীপ করাচী পাড়া,KHU903,21.315806,92.042427,1000,0,0,0,0,0,0,0,0,0,0,0,0,0,0,0,0,,,,
1797,Bangladesh,Chattogram,Cox's Bazar,Ramu,Khuniapalang,09,,,,Penchar Dwip Himchhari Para,পেঁচার দ্বীপ হিমছড়ি পাড়া,KHU904,21.328017,92.036786,2100,0,0,0,0,0,0,0,0,0,0,0,0,0,0,0,0,,,,
1798,Bangladesh,Chattogram,Cox's Bazar,Ramu,Khuniapalang,09,,,,Penchar Dwip Amtalir Chhara,পেঁচার দ্বীপ আমতলীর ছড়া,KHU905,21.344521,92.030811,600,0,0,0,0,0,0,0,0,0,0,0,0,0,0,0,0,,,,
1799,Bangladesh,Chattogram,Cox's Bazar,Ramu,Khuniapalang,09,,,,Himchhari Jhorna Bazar,হিমছড়ি ঝর্না বাজার,KHU906,21.355302,92.024515,100,0,0,0,0,0,0,0,0,0,0,0,0,0,0,0,0,,,,
1800,Bangladesh,Chattogram,Cox's Bazar,Ramu,Khuniapalang,09,,,,Himchhari Kainda Vanga Pahar Para,হিমছড়ি কাইন্দা ভাঙ্গা পাহাড় পাড়া,KHU907,21.364429,92.023668,150,0,0,0,0,0,0,0,0,0,0,0,0,0,0,0,0,,,,
1801,Bangladesh,Chattogram,Cox's Bazar,Ramu,Khuniapalang,09,,,,Himchhari Army Camp,হিমছড়ি আর্মি ক্যাম্প,KHU908,21.360607,92.021456,150,0,0,0,0,0,0,0,0,0,0,0,0,0,0,0,0,,,,
1802,Bangladesh,Chattogram,Cox's Bazar,Ramu,Khuniapalang,09,,,,BGB Camp,বিজিবি ক্যাম্প,KHU909,21.295643,92.051903,25,0,0,0,0,0,0,0,0,0,0,0,0,0,0,0,0,,,,
1803,Bangladesh,Chattogram,Cox's Bazar,Ramu,Khuniapalang,09,,,,Police Fari,পুলিশ ফাঁড়ি,KHU910,21.354196,92.025,20,0,0,0,0,0,0,0,0,0,0,0,0,0,0,0,0,,,,
1804,Bangladesh,Chattogram,Cox's Bazar,Ramu,Rajarkul,01,,,,Hafeza Para,হাফেজা পাড়া,RAA101,21.414465,92.08051,1500,0,0,0,0,0,0,0,0,0,0,0,0,0,0,0,0,,,,
1805,Bangladesh,Chattogram,Cox's Bazar,Ramu,Rajarkul,01,,,,Maulavi Para,মৌলভী পাড়া,RAA102,21.407505,92.079769,350,0,0,0,0,0,0,0,0,0,0,0,0,0,0,0,0,,,,
1806,Bangladesh,Chattogram,Cox's Bazar,Ramu,Rajarkul,01,,,,Dakkhin Dharpara,দক্ষিণ ধরপাড়া,RAA103,21.411648,92.083161,280,0,0,0,0,0,0,0,0,0,0,0,0,0,0,0,0,,,,
1807,Bangladesh,Chattogram,Cox's Bazar,Ramu,Rajarkul,01,,,,Palpara,পালপাড়া,RAA104,21.41372,92.083802,550,0,0,0,0,0,0,0,0,0,0,0,0,0,0,0,0,,,,
1808,Bangladesh,Chattogram,Cox's Bazar,Ramu,Rajarkul,02,,,,Pashchim Haldarkul,পশ্চিম হালদারকুল,RAA201,21.412286,92.085045,1500,0,0,0,0,0,0,0,0,0,0,0,0,0,0,0,0,,,,
1809,Bangladesh,Chattogram,Cox's Bazar,Ramu,Rajarkul,02,,,,Naya Palpara,নয়া পালপাড়া,RAA202,21.410494,92.084906,200,0,0,0,0,0,0,0,0,0,0,0,0,0,0,0,0,,,,
1810,Bangladesh,Chattogram,Cox's Bazar,Ramu,Rajarkul,02,,,,Haldarkul,হালদারকূল,RAA203,21.412732,92.087068,1000,0,0,0,0,0,0,0,0,0,0,0,0,0,0,0,0,,,,
1811,Bangladesh,Chattogram,Cox's Bazar,Ramu,Rajarkul,02,,,,Purba Haldarkul,পূর্ব হালদারকূল,RAA204,21.413072,92.088485,800,0,0,0,0,0,0,0,0,0,0,0,0,0,0,0,0,,,,
1812,Bangladesh,Chattogram,Cox's Bazar,Ramu,Rajarkul,02,,,,Dail Para,ডেইল পাড়া,RAA205,21.410136,92.088134,300,0,0,0,0,0,0,0,0,0,0,0,0,0,0,0,0,,,,
1813,Bangladesh,Chattogram,Cox's Bazar,Ramu,Rajarkul,02,,,,Pahartali,পাহাড়তলি,RAA206,21.399552,92.083614,300,0,0,0,0,0,0,0,0,0,0,0,0,0,0,0,0,,,,
1814,Bangladesh,Chattogram,Cox's Bazar,Ramu,Rajarkul,03,,,,Pashchim Sikder Para,পশ্চিম সিকদার পাড়া,RAA301,21.412922,92.089856,850,0,0,0,0,0,0,0,0,0,0,0,0,0,0,0,0,,,,
1815,Bangladesh,Chattogram,Cox's Bazar,Ramu,Rajarkul,03,,,,Sikder Para,সিকদার পাড়া,RAA302,21.41225,92.092352,1000,0,0,0,0,0,0,0,0,0,0,0,0,0,0,0,0,,,,
1816,Bangladesh,Chattogram,Cox's Bazar,Ramu,Rajarkul,03,,,,Sharma Para,শর্মা পাড়া,RAA303,21.414085,92.090825,300,0,0,0,0,0,0,0,0,0,0,0,0,0,0,0,0,,,,
1817,Bangladesh,Chattogram,Cox's Bazar,Ramu,Rajarkul,03,,,,Dakkhin Sikder Para,দক্ষিণ সিকদার পাড়া,RAA304,21.407378,92.092678,400,0,0,0,0,0,0,0,0,0,0,0,0,0,0,0,0,,,,
1818,Bangladesh,Chattogram,Cox's Bazar,Ramu,Rajarkul,03,,,,Pahartali Laijyakata,পাহাড়তলী লইজ্যাকাটা,RAA305,21.39892,92.091791,150,0,0,0,0,0,0,0,0,0,0,0,0,0,0,0,0,,,,
1819,Bangladesh,Chattogram,Cox's Bazar,Ramu,Rajarkul,04,,,,Pashchim Nayapara,পশ্চিম নয়াপাড়া,RAA401,21.410504,92.095852,2500,0,0,0,0,0,0,0,0,0,0,0,0,0,0,0,0,,,,
1820,Bangladesh,Chattogram,Cox's Bazar,Ramu,Rajarkul,04,,,,Chowkidar Para,চৌকিদার পাড়া,RAA402,21.39683,92.097481,3000,0,0,0,0,0,0,0,0,0,0,0,0,0,0,0,0,,,,
1821,Bangladesh,Chattogram,Cox's Bazar,Ramu,Rajarkul,04,,,,Pashchim Ghonar Para,পশ্চিম ঘোনার পাড়া,RAA403,21.393625,92.111918,1000,0,0,0,0,0,0,0,0,0,0,0,0,0,0,0,0,,,,
1822,Bangladesh,Chattogram,Cox's Bazar,Ramu,Rajarkul,04,,,,Adarsha Gram,আদর্শ গ্রাম,RAA404,21.390591,92.114234,300,0,0,0,0,0,0,0,0,0,0,0,0,0,0,0,0,,,,
1823,Bangladesh,Chattogram,Cox's Bazar,Ramu,Rajarkul,04,,,,Ramu Cantoment,রামু সেনানিবাস,RAA405,21.377948,92.106775,10000,0,0,0,0,0,0,0,0,0,0,0,0,0,0,0,0,,,,
1824,Bangladesh,Chattogram,Cox's Bazar,Ramu,Rajarkul,04,,,,Ramu Horitculture Center (Narikel Bagan),রামু হর্টিকালচার সেন্টার (নারিকেল বাগান),RAA406,21.38707,92.111407,200,0,0,0,0,0,0,0,0,0,0,0,0,0,0,0,0,,,,
1825,Bangladesh,Chattogram,Cox's Bazar,Ramu,Rajarkul,05,,,,Naya Para,নয়া পাড়া,RAA501,21.412318,92.098934,1400,0,0,0,0,0,0,0,0,0,0,0,0,0,0,0,0,,,,
1826,Bangladesh,Chattogram,Cox's Bazar,Ramu,Rajarkul,05,,,,Purba Nayapara,পূর্ব নয়াপাড়া,RAA502,21.412541,92.100692,900,0,0,0,0,0,0,0,0,0,0,0,0,0,0,0,0,,,,
1827,Bangladesh,Chattogram,Cox's Bazar,Ramu,Rajarkul,05,,,,Jaladash Para,জলদাশ পাড়া,RAA503,21.413055,92.099606,300,0,0,0,0,0,0,0,0,0,0,0,0,0,0,0,0,,,,
1828,Bangladesh,Chattogram,Cox's Bazar,Ramu,Rajarkul,05,,,,Deyangpara,দেয়াংপাড়া,RAA504,21.411633,92.10226,150,0,0,0,0,0,0,0,0,0,0,0,0,0,0,0,0,,,,
1829,Bangladesh,Chattogram,Cox's Bazar,Ramu,Rajarkul,05,,,,Kathaliapara,কাঠালিয়াপাড়া,RAA505,21.39902,92.107761,1300,0,0,0,0,0,0,0,0,0,0,0,0,0,0,0,0,,,,
1830,Bangladesh,Chattogram,Cox's Bazar,Ramu,Rajarkul,05,,,,Chagoliakata,ছাগলিয়াকাটা,RAA506,21.392011,92.108429,700,0,0,0,0,0,0,0,0,0,0,0,0,0,0,0,0,,,,
1831,Bangladesh,Chattogram,Cox's Bazar,Ramu,Rajarkul,06,,,,Deyangpara,দেয়াংপাড়া,RAA601,21.410101,92.103665,2800,0,0,0,0,0,0,0,0,0,0,0,0,0,0,0,0,,,,
1832,Bangladesh,Chattogram,Cox's Bazar,Ramu,Rajarkul,06,,,,Baidyarkhil,বৈদ্যরখীল,RAA602,21.406085,92.105806,1200,0,0,0,0,0,0,0,0,0,0,0,0,0,0,0,0,,,,
1833,Bangladesh,Chattogram,Cox's Bazar,Ramu,Rajarkul,07,,,,Nashirkul,নাশিরকুল,RAA701,21.409086,92.109485,500,0,0,0,0,0,0,0,0,0,0,0,0,0,0,0,0,,,,
1834,Bangladesh,Chattogram,Cox's Bazar,Ramu,Rajarkul,07,,,,Uttar Ghonarpara,উত্তর ঘোনারপাড়া,RAA702,21.403824,92.110496,600,0,0,0,0,0,0,0,0,0,0,0,0,0,0,0,0,,,,
1835,Bangladesh,Chattogram,Cox's Bazar,Ramu,Rajarkul,07,,,,Baharkacha,বাহারকাচা,RAA703,21.403148,92.113718,600,0,0,0,0,0,0,0,0,0,0,0,0,0,0,0,0,,,,
1836,Bangladesh,Chattogram,Cox's Bazar,Ramu,Rajarkul,07,,,,Madhyam Ghonar Para,মধ্যম ঘোনার পাড়া,RAA704,21.400572,92.113209,700,0,0,0,0,0,0,0,0,0,0,0,0,0,0,0,0,,,,
1837,Bangladesh,Chattogram,Cox's Bazar,Ramu,Rajarkul,07,,,,Mogghona,মগঘোনা,RAA705,21.400847,92.120975,400,0,0,0,0,0,0,0,0,0,0,0,0,0,0,0,0,,,,
1838,Bangladesh,Chattogram,Cox's Bazar,Ramu,Rajarkul,07,,,,Panchegana,পঞ্চেগানা,RAA706,21.39612,92.116707,1000,0,0,0,0,0,0,0,0,0,0,0,0,0,0,0,0,,,,
1839,Bangladesh,Chattogram,Cox's Bazar,Ramu,Rajarkul,07,,,,Dhalarmukh,ঢালারমুখ,RAA707,21.392164,92.115983,600,0,0,0,0,0,0,0,0,0,0,0,0,0,0,0,0,,,,
1840,Bangladesh,Chattogram,Cox's Bazar,Ramu,Rajarkul,07,,,,Natun Para,নতুন পাড়া,RAA708,21.388803,92.11736,400,0,0,0,0,0,0,0,0,0,0,0,0,0,0,0,0,,,,
1841,Bangladesh,Chattogram,Cox's Bazar,Ramu,Rajarkul,07,,,,BGB Camp,বিজিবি ক্যাম্প,RAA709,21.38566,92.117424,1200,0,0,0,0,0,0,0,0,0,0,0,0,0,0,0,0,,,,
1842,Bangladesh,Chattogram,Cox's Bazar,Ramu,Rajarkul,08,,,,Purba Rajarkul Hajipara,পূর্ব রাজারকুল হাজীপাড়া,RAA801,21.420619,92.114558,700,0,0,0,0,0,0,0,0,0,0,0,0,0,0,0,0,,,,
1843,Bangladesh,Chattogram,Cox's Bazar,Ramu,Rajarkul,08,,,,Purba Rajarkul Dakkhin Para,পূর্ব রাজারকুল দক্ষিণ পাড়া,RAA802,21.41387,92.113865,2000,0,0,0,0,0,0,0,0,0,0,0,0,0,0,0,0,,,,
1844,Bangladesh,Chattogram,Cox's Bazar,Ramu,Rajarkul,08,,,,Purba Rajarkul Pahar Para,পূর্ব রাজারকুল পাহাড় পাড়া,RAA803,21.410756,92.119025,500,0,0,0,0,0,0,0,0,0,0,0,0,0,0,0,0,,,,
1845,Bangladesh,Chattogram,Cox's Bazar,Ramu,Rajarkul,08,,,,Shikolghat Nashirkul,শিকলঘাট নাশিরকুল,RAA804,21.410425,92.109567,500,0,0,0,0,0,0,0,0,0,0,0,0,0,0,0,0,,,,
1846,Bangladesh,Chattogram,Cox's Bazar,Ramu,Rajarkul,09,,,,Haji Para,হাজী পাড়া,RAA901,21.421507,92.113281,500,0,0,0,0,0,0,0,0,0,0,0,0,0,0,0,0,,,,
1847,Bangladesh,Chattogram,Cox's Bazar,Ramu,Rajarkul,09,,,,Naiapara,নাইয়াপাড়া,RAA902,21.420885,92.111555,300,0,0,0,0,0,0,0,0,0,0,0,0,0,0,0,0,,,,
1848,Bangladesh,Chattogram,Cox's Bazar,Ramu,Rajarkul,09,,,,Pashchim Charpara,পশ্চিম চরপাড়া,RAA903,21.421617,92.110279,250,0,0,0,0,0,0,0,0,0,0,0,0,0,0,0,0,,,,
1849,Bangladesh,Chattogram,Cox's Bazar,Ramu,Rajarkul,09,,,,Pashchim Baruapara,পশ্চিম বড়ুয়াপাড়া,RAA904,21.424662,92.111881,450,0,0,0,0,0,0,0,0,0,0,0,0,0,0,0,0,,,,
1850,Bangladesh,Chattogram,Cox's Bazar,Ramu,Rajarkul,09,,,,Barua Para,বড়ুয়া পাড়া,RAA905,21.425259,92.114167,2000,0,0,0,0,0,0,0,0,0,0,0,0,0,0,0,0,,,,
1851,Bangladesh,Chattogram,Cox's Bazar,Ramu,Rajarkul,09,,,,Fulanirchar,ফুলনীরচর,RAA906,21.427047,92.11628,250,0,0,0,0,0,0,0,0,0,0,0,0,0,0,0,0,,,,
1852,Bangladesh,Chattogram,Cox's Bazar,Ramu,Rashidnagar,01,,,,Sikder Para,সিকদার পাড়া,RAS101,21.517612,92.056558,2000,0,0,0,0,0,0,0,0,0,0,0,0,0,0,0,0,,,,
1853,Bangladesh,Chattogram,Cox's Bazar,Ramu,Rashidnagar,01,,,,Sandwip Para,সন্দ্বীপ পাড়া,RAS102,21.514208,92.057552,700,0,0,0,0,0,0,0,0,0,0,0,0,0,0,0,0,,,,
1854,Bangladesh,Chattogram,Cox's Bazar,Ramu,Rashidnagar,02,,,,Kahatiapara,কাহাতিয়াপাড়া,RAS201,21.51238,92.058467,3500,0,0,0,0,0,0,0,0,0,0,0,0,0,0,0,0,,,,
1855,Bangladesh,Chattogram,Cox's Bazar,Ramu,Rashidnagar,02,,,,Poultry Farm,পোল্ট্রি ফার্ম,RAS202,21.51414,92.056359,12,0,0,0,0,0,0,0,0,0,0,0,0,0,0,0,0,,,,
1856,Bangladesh,Chattogram,Cox's Bazar,Ramu,Rashidnagar,03,,,,Bara Dhalirchhara,বড় ধলিরছড়া,RAS301,21.500925,92.062,4000,0,0,0,0,0,0,0,0,0,0,0,0,0,0,0,0,,,,
1857,Bangladesh,Chattogram,Cox's Bazar,Ramu,Rashidnagar,04,,,,Uttar Kahatia Para,উত্তর কাহাতিয়া পাড়া,RAS401,21.517771,92.065852,1500,0,0,0,0,0,0,0,0,0,0,0,0,0,0,0,0,,,,
1858,Bangladesh,Chattogram,Cox's Bazar,Ramu,Rashidnagar,04,,,,Pahartali,পাহাড়তলি,RAS402,21.516024,92.070859,1000,0,0,0,0,0,0,0,0,0,0,0,0,0,0,0,0,,,,
1859,Bangladesh,Chattogram,Cox's Bazar,Ramu,Rashidnagar,05,,,,Kadmar Para,কাদমর পাড়া,RAS501,21.511507,92.066838,1250,0,0,0,0,0,0,0,0,0,0,0,0,0,0,0,0,,,,
1860,Bangladesh,Chattogram,Cox's Bazar,Ramu,Rashidnagar,05,,,,Purba Kadmarpara,পূর্ব কাদমরপাড়া,RAS502,21.514752,92.074323,750,0,0,0,0,0,0,0,0,0,0,0,0,0,0,0,0,,,,
1861,Bangladesh,Chattogram,Cox's Bazar,Ramu,Rashidnagar,05,,,,Hamir Para,হামির পাড়া,RAS503,21.510306,92.072832,1500,0,0,0,0,0,0,0,0,0,0,0,0,0,0,0,0,,,,
1862,Bangladesh,Chattogram,Cox's Bazar,Ramu,Rashidnagar,05,,,,Purba Hamir Para,পূর্ব হামির পাড়া,RAS504,21.50925,92.079981,250,0,0,0,0,0,0,0,0,0,0,0,0,0,0,0,0,,,,
1863,Bangladesh,Chattogram,Cox's Bazar,Ramu,Rashidnagar,05,,,,Poultry Farm,পোল্ট্রি ফার্ম,RAS505,21.508433,92.075756,40,0,0,0,0,0,0,0,0,0,0,0,0,0,0,0,0,,,,
1864,Bangladesh,Chattogram,Cox's Bazar,Ramu,Rashidnagar,06,,,,Thaliaghona,থলিয়াঘোনা,RAS601,21.50233,92.078614,2620,0,0,0,0,0,0,0,0,0,0,0,0,0,0,0,0,,,,
1865,Bangladesh,Chattogram,Cox's Bazar,Ramu,Rashidnagar,06,,,,Uttar Nasira Para,উত্তর নাছিরা পাড়া,RAS602,21.503705,92.07351,380,0,0,0,0,0,0,0,0,0,0,0,0,0,0,0,0,,,,
1866,Bangladesh,Chattogram,Cox's Bazar,Ramu,Rashidnagar,07,,,,Dakkhin Nasira Para,দক্ষিণ নাছিরা পাড়া,RAS701,21.501808,92.072014,1000,0,0,0,0,0,0,0,0,0,0,0,0,0,0,0,0,,,,
1867,Bangladesh,Chattogram,Cox's Bazar,Ramu,Rashidnagar,07,,,,Panirchhara (Lamar Para),পানিরছড়া (লামার পাড়া),RAS702,21.498385,92.073168,1500,0,0,0,0,0,0,0,0,0,0,0,0,0,0,0,0,,,,
1868,Bangladesh,Chattogram,Cox's Bazar,Ramu,Rashidnagar,07,,,,Haritala,হরিতলা,RAS703,21.496115,92.082301,2500,0,0,0,0,0,0,0,0,0,0,0,0,0,0,0,0,,,,
1869,Bangladesh,Chattogram,Cox's Bazar,Ramu,Rashidnagar,08,,,,Dhalirchhara Murapara,ধলিরছড়া মুরাপাড়া,RAS801,21.492965,92.06693,2500,0,0,0,0,0,0,0,0,0,0,0,0,0,0,0,0,,,,
1870,Bangladesh,Chattogram,Cox's Bazar,Ramu,Rashidnagar,08,,,,Panirchhara Murapara,পানিরছড়া মুরাপাড়া,RAS802,21.493885,92.07521,2500,0,0,0,0,0,0,0,0,0,0,0,0,0,0,0,0,,,,
1871,Bangladesh,Chattogram,Cox's Bazar,Ramu,Rashidnagar,08,,,,Jeti Para,জেটি পাড়া,RAS803,21.489758,92.078078,2200,0,0,0,0,0,0,0,0,0,0,0,0,0,0,0,0,,,,
1872,Bangladesh,Chattogram,Cox's Bazar,Ramu,Rashidnagar,08,,,,Jeti Para Lambaghona,জেটি পাড়া লম্বাঘোনা,RAS804,21.487042,92.083741,1500,0,0,0,0,0,0,0,0,0,0,0,0,0,0,0,0,,,,
1873,Bangladesh,Chattogram,Cox's Bazar,Ramu,Rashidnagar,08,,,,Lambaghona Balu Pahar,লম্বাঘোনা বালু পাহাড়,RAS805,21.489372,92.087852,500,0,0,0,0,0,0,0,0,0,0,0,0,0,0,0,0,,,,
1874,Bangladesh,Chattogram,Cox's Bazar,Ramu,Rashidnagar,09,,,,Ultakhali Sikder Para,উল্টাখালী সিকদার পাড়া,RAS901,21.480062,92.064055,2000,0,0,0,0,0,0,0,0,0,0,0,0,0,0,0,0,,,,
1875,Bangladesh,Chattogram,Cox's Bazar,Ramu,Rashidnagar,09,,,,Ultakhali Murapara,উল্টাখালী মুরাপাড়া,RAS902,21.479587,92.07164,1000,0,0,0,0,0,0,0,0,0,0,0,0,0,0,0,0,,,,
1876,Bangladesh,Chattogram,Cox's Bazar,Ramu,Rashidnagar,09,,,,Ultakhali Uttarpara,উল্টাখালী উত্তরপাড়া,RAS903,21.478797,92.061564,500,0,0,0,0,0,0,0,0,0,0,0,0,0,0,0,0,,,,
1877,Bangladesh,Chattogram,Cox's Bazar,Teknaf,Baharchara,1,Kulsuma Akter,,,Shamlapur,,,,,3762,742,0,0,0,0,0,0,0,0,0,0,0,0,0,0,0,,,,
1878,Bangladesh,Chattogram,Cox's Bazar,Teknaf,Baharchara,2,Kulsuma Akter,,,Puranpara,,,,,3221,671,0,0,0,0,0,0,0,0,0,0,0,0,0,0,0,,,,
1879,Bangladesh,Chattogram,Cox's Bazar,Teknaf,Baharchara,3,Kulsuma Akter,,,Uttar shilkhali,,,,,5825,1114,0,0,0,0,0,0,0,0,0,0,0,0,0,0,0,,,,
1880,Bangladesh,Chattogram,Cox's Bazar,Teknaf,Baharchara,4,Kulsuma Akter,,,Dakkhin shilkhali,,,,,4038,817,0,0,0,0,0,0,0,0,0,0,0,0,0,0,0,,,,
1881,Bangladesh,Chattogram,Cox's Bazar,Teknaf,Baharchara,5,Kulsuma Akter,,,Halbuniapara,,,,,1464,437,0,0,0,0,0,0,0,0,0,0,0,0,0,0,0,,,,
1882,Bangladesh,Chattogram,Cox's Bazar,Teknaf,Baharchara,6,Hasina Akter,,,Jahajpura,,,,,3327,764,0,0,0,0,0,0,0,0,0,0,0,0,0,0,0,,,,
1883,Bangladesh,Chattogram,Cox's Bazar,Teknaf,Baharchara,7,Hasina Akter,,,Hajompara,,,,,2372,485,0,0,0,0,0,0,0,0,0,0,0,0,0,0,0,,,,
1884,Bangladesh,Chattogram,Cox's Bazar,Teknaf,Baharchara,7,Hasina Akter,,,Marishbunia,,,,,1871,390,0,0,0,0,0,0,0,0,0,0,0,0,0,0,0,,,,
1885,Bangladesh,Chattogram,Cox's Bazar,Teknaf,Baharchara,7,Hasina Akter,,,Mathavanga,,,,,1270,295,0,0,0,0,0,0,0,0,0,0,0,0,0,0,0,,,,
1886,Bangladesh,Chattogram,Cox's Bazar,Teknaf,Baharchara,8,Hasina Akter,,,Barodail,,,,,1897,375,0,0,0,0,0,0,0,0,0,0,0,0,0,0,0,,,,
1887,Bangladesh,Chattogram,Cox's Bazar,Teknaf,Baharchara,8,Hasina Akter,,,Koschapia,,,,,3030,605,0,0,0,0,0,0,0,0,0,0,0,0,0,0,0,,,,
1888,Bangladesh,Chattogram,Cox's Bazar,Teknaf,Baharchara,9,Hasina Akter,,,Noakhalipara,,,,,4519,930,0,0,0,0,0,0,0,0,0,0,0,0,0,0,0,,,,
1889,Bangladesh,Chattogram,Cox's Bazar,Teknaf,Nhilla,1,Solima Khanom,,,Aliakbarpara,,,,,3032,622,0,0,0,0,0,0,0,0,0,0,0,0,0,0,0,,,,
1890,Bangladesh,Chattogram,Cox's Bazar,Teknaf,Nhilla,1,Solima Khanom,,,Marichya Ghona,,,,,1354,315,0,0,0,0,0,0,0,0,0,0,0,0,0,0,0,,,,
1891,Bangladesh,Chattogram,Cox's Bazar,Teknaf,Nhilla,1,Solima Khanom,,,Rozarghona,,,,,1523,338,0,0,0,0,0,0,0,0,0,0,0,0,0,0,0,,,,
1892,Bangladesh,Chattogram,Cox's Bazar,Teknaf,Nhilla,2,Solima Khanom,,,Naikongkhali,,,,,5168,1271,0,0,0,0,0,0,0,0,0,0,0,0,0,0,0,,,,
1893,Bangladesh,Chattogram,Cox's Bazar,Teknaf,Nhilla,3,Runalayla,,,Bazarpara,,,,,444,95,0,0,0,0,0,0,0,0,0,0,0,0,0,0,0,,,,
1894,Bangladesh,Chattogram,Cox's Bazar,Teknaf,Nhilla,3,Runalayla,,,Fulerdail,,,,,3022,641,0,0,0,0,0,0,0,0,0,0,0,0,0,0,0,,,,
1895,Bangladesh,Chattogram,Cox's Bazar,Teknaf,Nhilla,3,Runalayla,,,Hoabrang,,,,,2733,578,0,0,0,0,0,0,0,0,0,0,0,0,0,0,0,,,,
1896,Bangladesh,Chattogram,Cox's Bazar,Teknaf,Nhilla,3,Runalayla,,,Mogpara,,,,,324,75,0,0,0,0,0,0,0,0,0,0,0,0,0,0,0,,,,
1897,Bangladesh,Chattogram,Cox's Bazar,Teknaf,Nhilla,3,Runalayla,,,Purbo Sikderpara,,,,,1791,367,0,0,0,0,0,0,0,0,0,0,0,0,0,0,0,,,,
1898,Bangladesh,Chattogram,Cox's Bazar,Teknaf,Nhilla,4,Momtaz Begum,,,Hoakiapara,,,,,692,140,0,0,0,0,0,0,0,0,0,0,0,0,0,0,0,,,,
1899,Bangladesh,Chattogram,Cox's Bazar,Teknaf,Nhilla,4,Momtaz Begum,,,Pankhali,,,,,5955,1227,0,0,0,0,0,0,0,0,0,0,0,0,0,0,0,,,,
1900,Bangladesh,Chattogram,Cox's Bazar,Teknaf,Nhilla,5,Runalayla,,,Natmurapara,,,,,3438,725,0,0,0,0,0,0,0,0,0,0,0,0,0,0,0,,,,
1901,Bangladesh,Chattogram,Cox's Bazar,Teknaf,Nhilla,5,Momtaz Begum,,,Poschim Sikderpara,,,,,3918,812,0,0,0,0,0,0,0,0,0,0,0,0,0,0,0,,,,
1902,Bangladesh,Chattogram,Cox's Bazar,Teknaf,Nhilla,6,Rehena Akter,,,Konapara,,,,,803,170,0,0,0,0,0,0,0,0,0,0,0,0,0,0,0,,,,
1903,Bangladesh,Chattogram,Cox's Bazar,Teknaf,Nhilla,6,Rehena Akter,,,Lechuaprang,,,,,2352,495,0,0,0,0,0,0,0,0,0,0,0,0,0,0,0,,,,
1904,Bangladesh,Chattogram,Cox's Bazar,Teknaf,Nhilla,6,Rehena Akter,,,Uluchamuri,,,,,5572,1173,0,0,0,0,0,0,0,0,0,0,0,0,0,0,0,,,,
1905,Bangladesh,Chattogram,Cox's Bazar,Teknaf,Nhilla,7,Rehena Akter,,,Alikhali,,,,,2686,384,0,0,0,0,0,0,0,0,0,0,0,0,0,0,0,,,,
1906,Bangladesh,Chattogram,Cox's Bazar,Teknaf,Nhilla,7,Rehena Akter,,,Choudhuripara,,,,,791,168,0,0,0,0,0,0,0,0,0,0,0,0,0,0,0,,,,
1907,Bangladesh,Chattogram,Cox's Bazar,Teknaf,Nhilla,7,Rehena Akter,,,Jumma para,,,,,4064,807,0,0,0,0,0,0,0,0,0,0,0,0,0,0,0,,,,
1908,Bangladesh,Chattogram,Cox's Bazar,Teknaf,Nhilla,7,Rehena Akter,,,Poschim Rangikhali,,,,,2655,492,0,0,0,0,0,0,0,0,0,0,0,0,0,0,0,,,,
1909,Bangladesh,Chattogram,Cox's Bazar,Teknaf,Nhilla,7,Rehena Akter,,,Purbo Rangikhali,,,,,2952,562,0,0,0,0,0,0,0,0,0,0,0,0,0,0,0,,,,
1910,Bangladesh,Chattogram,Cox's Bazar,Teknaf,Nhilla,8,Kulsuma Akter,,,Alikhali (Part),,,,,1538,284,0,0,0,0,0,0,0,0,0,0,0,0,0,0,0,,,,
1911,Bangladesh,Chattogram,Cox's Bazar,Teknaf,Nhilla,8,Kulsuma Akter,,,Ledapara,,,,,5674,1151,0,0,0,0,0,0,0,0,0,0,0,0,0,0,0,,,,
1912,Bangladesh,Chattogram,Cox's Bazar,Teknaf,Nhilla,9,Kulsuma Akter,,,Domdamia,,,,,1389,305,0,0,0,0,0,0,0,0,0,0,0,0,0,0,0,,,,
1913,Bangladesh,Chattogram,Cox's Bazar,Teknaf,Nhilla,9,Kulsuma Akter,,,Mochonipara,,,,,1484,305,0,0,0,0,0,0,0,0,0,0,0,0,0,0,0,,,,
1914,Bangladesh,Chattogram,Cox's Bazar,Teknaf,Nhilla,9,Kulsuma Akter,,,Nayapara,,,,,1270,223,0,0,0,0,0,0,0,0,0,0,0,0,0,0,0,,,,
1915,Bangladesh,Chattogram,Cox's Bazar,Teknaf,Nhilla,9,Kulsuma Akter,,,Zadimura,,,,,2917,569,0,0,0,0,0,0,0,0,0,0,0,0,0,0,0,,,,
1916,Bangladesh,Chattogram,Cox's Bazar,Teknaf,Pouroshava,1,Sanoara Begum,,,Naitongpara,,,,,2866,646,0,0,0,0,0,0,0,0,0,0,0,0,0,0,0,,,,
1917,Bangladesh,Chattogram,Cox's Bazar,Teknaf,Pouroshava,2,Sanoara Begum,,,Puran Pallanpara,,,,,4518,1010,0,0,0,0,0,0,0,0,0,0,0,0,0,0,0,,,,
1918,Bangladesh,Chattogram,Cox's Bazar,Teknaf,Pouroshava,3,Sanoara Begum,,,Kaikkhalipara,,,,,1689,387,0,0,0,0,0,0,0,0,0,0,0,0,0,0,0,,,,
1919,Bangladesh,Chattogram,Cox's Bazar,Teknaf,Pouroshava,3,Sanoara Begum,,,Kaikkhalipara(part),,,,,820,182,0,0,0,0,0,0,0,0,0,0,0,0,0,0,0,,,,
1920,Bangladesh,Chattogram,Cox's Bazar,Teknaf,Pouroshava,4,Sanoara Begum,,,Islamabad,,,,,1392,299,0,0,0,0,0,0,0,0,0,0,0,0,0,0,0,,,,
1921,Bangladesh,Chattogram,Cox's Bazar,Teknaf,Pouroshava,4,Sanoara Begum,,,Owliabad (Part),,,,,570,121,0,0,0,0,0,0,0,0,0,0,0,0,0,0,0,,,,
1922,Bangladesh,Chattogram,Cox's Bazar,Teknaf,Pouroshava,5,Sanoara Begum,,,Dailpara,,,,,575,200,0,0,0,0,0,0,0,0,0,0,0,0,0,0,0,,,,
1923,Bangladesh,Chattogram,Cox's Bazar,Teknaf,Pouroshava,5,Sanoara Begum,,,Owliabad,,,,,2281,451,0,0,0,0,0,0,0,0,0,0,0,0,0,0,0,,,,
1924,Bangladesh,Chattogram,Cox's Bazar,Teknaf,Pouroshava,6,Sanoara Begum,,,Kulalpara,,,,,2802,604,0,0,0,0,0,0,0,0,0,0,0,0,0,0,0,,,,
1925,Bangladesh,Chattogram,Cox's Bazar,Teknaf,Pouroshava,7,Sanoara Begum,,,Chowdhuripara,,,,,2741,577,0,0,0,0,0,0,0,0,0,0,0,0,0,0,0,,,,
1926,Bangladesh,Chattogram,Cox's Bazar,Teknaf,Pouroshava,7,Sanoara Begum,,,Uttar Jaliapara,,,,,982,223,0,0,0,0,0,0,0,0,0,0,0,0,0,0,0,,,,
1927,Bangladesh,Chattogram,Cox's Bazar,Teknaf,Pouroshava,8,Sanoara Begum,,,Bazarpara,,,,,539,176,0,0,0,0,0,0,0,0,0,0,0,0,0,0,0,,,,
1928,Bangladesh,Chattogram,Cox's Bazar,Teknaf,Pouroshava,8,Sanoara Begum,,,Madyam Jaliapara,,,,,1350,335,0,0,0,0,0,0,0,0,0,0,0,0,0,0,0,,,,
1929,Bangladesh,Chattogram,Cox's Bazar,Teknaf,Pouroshava,9,Sanoara Begum,,,Dakkin Jaliapara,,,,,2012,488,0,0,0,0,0,0,0,0,0,0,0,0,0,0,0,,,,
1930,Bangladesh,Chattogram,Cox's Bazar,Teknaf,Pouroshava,9,Sanoara Begum,,,Hangarpara,,,,,473,179,0,0,0,0,0,0,0,0,0,0,0,0,0,0,0,,,,
1931,Bangladesh,Chattogram,Cox's Bazar,Teknaf,Pouroshava,9,Sanoara Begum,,,Kulalpara part,,,,,1263,295,0,0,0,0,0,0,0,0,0,0,0,0,0,0,0,,,,
1932,Bangladesh,Chattogram,Cox's Bazar,Teknaf,Sabrang,1,Saleha Akter,,,Baharchara,,,,,659,141,0,0,0,0,0,0,0,0,0,0,0,0,0,0,0,,,,
1933,Bangladesh,Chattogram,Cox's Bazar,Teknaf,Sabrang,1,Saleha Akter,,,Bangapara,,,,,323,87,0,0,0,0,0,0,0,0,0,0,0,0,0,0,0,,,,
1934,Bangladesh,Chattogram,Cox's Bazar,Teknaf,Sabrang,1,Saleha Akter,,,Chandulipara,,,,,1302,410,0,0,0,0,0,0,0,0,0,0,0,0,0,0,0,,,,
1935,Bangladesh,Chattogram,Cox's Bazar,Teknaf,Sabrang,1,Saleha Akter,,,Fateralipara,,,,,1059,285,0,0,0,0,0,0,0,0,0,0,0,0,0,0,0,,,,
1936,Bangladesh,Chattogram,Cox's Bazar,Teknaf,Sabrang,1,Saleha Akter,,,kyurabujja para,,,,,1427,480,0,0,0,0,0,0,0,0,0,0,0,0,0,0,0,,,,
1937,Bangladesh,Chattogram,Cox's Bazar,Teknaf,Sabrang,1,Saleha Akter,,,Munderdail,,,,,3477,987,0,0,0,0,0,0,0,0,0,0,0,0,0,0,0,,,,
1938,Bangladesh,Chattogram,Cox's Bazar,Teknaf,Sabrang,1,Saleha Akter,,,Uttar Nayapara,,,,,1014,350,0,0,0,0,0,0,0,0,0,0,0,0,0,0,0,,,,
1939,Bangladesh,Chattogram,Cox's Bazar,Teknaf,Sabrang,2,Saleha Akter,,,Alirdail,,,,,1831,677,0,0,0,0,0,0,0,0,0,0,0,0,0,0,0,,,,
1940,Bangladesh,Chattogram,Cox's Bazar,Teknaf,Sabrang,2,Saleha Akter,,,Guschagram,,,,,1473,490,0,0,0,0,0,0,0,0,0,0,0,0,0,0,0,,,,
1941,Bangladesh,Chattogram,Cox's Bazar,Teknaf,Sabrang,2,Saleha Akter,,,Hadurchara,,,,,1331,480,0,0,0,0,0,0,0,0,0,0,0,0,0,0,0,,,,
1942,Bangladesh,Chattogram,Cox's Bazar,Teknaf,Sabrang,2,Saleha Akter,,,Karachipara,,,,,1600,510,0,0,0,0,0,0,0,0,0,0,0,0,0,0,0,,,,
1943,Bangladesh,Chattogram,Cox's Bazar,Teknaf,Sabrang,2,Saleha Akter,,,Karachipara(Part),,,,,494,105,0,0,0,0,0,0,0,0,0,0,0,0,0,0,0,,,,
1944,Bangladesh,Chattogram,Cox's Bazar,Teknaf,Sabrang,2,Saleha Akter,,,Koeinshoripara,,,,,2860,986,0,0,0,0,0,0,0,0,0,0,0,0,0,0,0,,,,
1945,Bangladesh,Chattogram,Cox's Bazar,Teknaf,Sabrang,2,Saleha Akter,,,Kurermukh,,,,,1006,390,0,0,0,0,0,0,0,0,0,0,0,0,0,0,0,,,,
1946,Bangladesh,Chattogram,Cox's Bazar,Teknaf,Sabrang,2,Saleha Akter,,,Rahuler depa,,,,,352,92,0,0,0,0,0,0,0,0,0,0,0,0,0,0,0,,,,
1947,Bangladesh,Chattogram,Cox's Bazar,Teknaf,Sabrang,3,Somira Akter,,,Hariakhali,,,,,2321,710,0,0,0,0,0,0,0,0,0,0,0,0,0,0,0,,,,
1948,Bangladesh,Chattogram,Cox's Bazar,Teknaf,Sabrang,3,Somira Akter,,,Kachubunia,,,,,2537,552,0,0,0,0,0,0,0,0,0,0,0,0,0,0,0,,,,
1949,Bangladesh,Chattogram,Cox's Bazar,Teknaf,Sabrang,3,Somira Akter,,,Katabunia,,,,,2917,995,0,0,0,0,0,0,0,0,0,0,0,0,0,0,0,,,,
1950,Bangladesh,Chattogram,Cox's Bazar,Teknaf,Sabrang,4,Saleha Akter,,,Khairatipara,,,,,472,129,0,0,0,0,0,0,0,0,0,0,0,0,0,0,0,,,,
1951,Bangladesh,Chattogram,Cox's Bazar,Teknaf,Sabrang,4,Saleha Akter,,,Mandal para,,,,,1848,412,0,0,0,0,0,0,0,0,0,0,0,0,0,0,0,,,,
1952,Bangladesh,Chattogram,Cox's Bazar,Teknaf,Sabrang,4,Saleha Akter,,,Mogpara,,,,,328,82,0,0,0,0,0,0,0,0,0,0,0,0,0,0,0,,,,
1953,Bangladesh,Chattogram,Cox's Bazar,Teknaf,Sabrang,4,Saleha Akter,,,Pancharipara,,,,,1525,331,0,0,0,0,0,0,0,0,0,0,0,0,0,0,0,,,,
1954,Bangladesh,Chattogram,Cox's Bazar,Teknaf,Sabrang,4,Saleha Akter,,,Shikderpara,,,,,1588,366,0,0,0,0,0,0,0,0,0,0,0,0,0,0,0,,,,
1955,Bangladesh,Chattogram,Cox's Bazar,Teknaf,Sabrang,5,Saleha Akter,,,Acharbunia,,,,,1115,236,0,0,0,0,0,0,0,0,0,0,0,0,0,0,0,,,,
1956,Bangladesh,Chattogram,Cox's Bazar,Teknaf,Sabrang,5,Saleha Akter,,,Dailpara(part),,,,,1162,305,0,0,0,0,0,0,0,0,0,0,0,0,0,0,0,,,,
1957,Bangladesh,Chattogram,Cox's Bazar,Teknaf,Sabrang,5,Saleha Akter,,,Degillarbil,,,,,2023,701,0,0,0,0,0,0,0,0,0,0,0,0,0,0,0,,,,
1958,Bangladesh,Chattogram,Cox's Bazar,Teknaf,Sabrang,5,Saleha Akter,,,Gulapara,,,,,602,117,0,0,0,0,0,0,0,0,0,0,0,0,0,0,0,,,,
1959,Bangladesh,Chattogram,Cox's Bazar,Teknaf,Sabrang,5,Saleha Akter,,,Lezirpara,,,,,650,139,0,0,0,0,0,0,0,0,0,0,0,0,0,0,0,,,,
1960,Bangladesh,Chattogram,Cox's Bazar,Teknaf,Sabrang,5,Saleha Akter,,,Pendalpara,,,,,589,126,0,0,0,0,0,0,0,0,0,0,0,0,0,0,0,,,,
1961,Bangladesh,Chattogram,Cox's Bazar,Teknaf,Sabrang,6,Somira Akter,,,Dakkin Nayapara,,,,,2297,602,0,0,0,0,0,0,0,0,0,0,0,0,0,0,0,,,,
1962,Bangladesh,Chattogram,Cox's Bazar,Teknaf,Sabrang,6,Somira Akter,,,Lafarguna,,,,,1278,315,0,0,0,0,0,0,0,0,0,0,0,0,0,0,0,,,,
1963,Bangladesh,Chattogram,Cox's Bazar,Teknaf,Sabrang,6,Somira Akter,,,Puranpara,,,,,1691,445,0,0,0,0,0,0,0,0,0,0,0,0,0,0,0,,,,
1964,Bangladesh,Chattogram,Cox's Bazar,Teknaf,Sabrang,6,Somira Akter,,,Zinnahpara,,,,,2100,790,0,0,0,0,0,0,0,0,0,0,0,0,0,0,0,,,,
1965,Bangladesh,Chattogram,Cox's Bazar,Teknaf,Sabrang,7,Somira Akter,,,Dakkinpara,,,,,2246,603,0,0,0,0,0,0,0,0,0,0,0,0,0,0,0,,,,
1966,Bangladesh,Chattogram,Cox's Bazar,Teknaf,Sabrang,7,Somira Akter,,,Hazipara,,,,,925,243,0,0,0,0,0,0,0,0,0,0,0,0,0,0,0,,,,
1967,Bangladesh,Chattogram,Cox's Bazar,Teknaf,Sabrang,7,Somira Akter,,,Majerpara,,,,,3225,886,0,0,0,0,0,0,0,0,0,0,0,0,0,0,0,,,,
1968,Bangladesh,Chattogram,Cox's Bazar,Teknaf,Sabrang,8,Somira Akter,,,Dailpara,,,,,1300,236,0,0,0,0,0,0,0,0,0,0,0,0,0,0,0,,,,
1969,Bangladesh,Chattogram,Cox's Bazar,Teknaf,Sabrang,8,Somira Akter,,,Dangorpara/Jaliagota,,,,,3139,806,0,0,0,0,0,0,0,0,0,0,0,0,0,0,0,,,,
1970,Bangladesh,Chattogram,Cox's Bazar,Teknaf,Sabrang,8,Somira Akter,,,Konapara,,,,,2458,646,0,0,0,0,0,0,0,0,0,0,0,0,0,0,0,,,,
1971,Bangladesh,Chattogram,Cox's Bazar,Teknaf,Sabrang,8,Somira Akter,,,Majerdail,,,,,3356,883,0,0,0,0,0,0,0,0,0,0,0,0,0,0,0,,,,
1972,Bangladesh,Chattogram,Cox's Bazar,Teknaf,Sabrang,8,Somira Akter,,,Poschim Uttarpara,,,,,2760,711,0,0,0,0,0,0,0,0,0,0,0,0,0,0,0,,,,
1973,Bangladesh,Chattogram,Cox's Bazar,Teknaf,Sabrang,8,Somira Akter,,,Purba Uttarpara/P.para,,,,,2255,593,0,0,0,0,0,0,0,0,0,0,0,0,0,0,0,,,,
1974,Bangladesh,Chattogram,Cox's Bazar,Teknaf,Sabrang,9,Somira Akter,,,Bazarpara,,,,,1539,374,0,0,0,0,0,0,0,0,0,0,0,0,0,0,0,,,,
1975,Bangladesh,Chattogram,Cox's Bazar,Teknaf,Sabrang,9,Somira Akter,,,Jaliapara,,,,,2097,396,0,0,0,0,0,0,0,0,0,0,0,0,0,0,0,,,,
1976,Bangladesh,Chattogram,Cox's Bazar,Teknaf,Sabrang,9,Somira Akter,,,Kamppara,,,,,385,75,0,0,0,0,0,0,0,0,0,0,0,0,0,0,0,,,,
1977,Bangladesh,Chattogram,Cox's Bazar,Teknaf,Sabrang,9,Somira Akter,,,Mistripara,,,,,2537,432,0,0,0,0,0,0,0,0,0,0,0,0,0,0,0,,,,
1978,Bangladesh,Chattogram,Cox's Bazar,Teknaf,Saintmartin,1,Fatema Khatun,,,Poschimpara,,,,,769,179,0,0,0,0,0,0,0,0,0,0,0,0,0,0,0,,,,
1979,Bangladesh,Chattogram,Cox's Bazar,Teknaf,Saintmartin,2,Fatema Khatun,,,Uttarpara,,,,,693,181,0,0,0,0,0,0,0,0,0,0,0,0,0,0,0,,,,
1980,Bangladesh,Chattogram,Cox's Bazar,Teknaf,Saintmartin,3,Fatema Khatun,,,Dailpara,,,,,661,177,0,0,0,0,0,0,0,0,0,0,0,0,0,0,0,,,,
1981,Bangladesh,Chattogram,Cox's Bazar,Teknaf,Saintmartin,4,Fatema Khatun,,,Majerpara,,,,,1273,333,0,0,0,0,0,0,0,0,0,0,0,0,0,0,0,,,,
1982,Bangladesh,Chattogram,Cox's Bazar,Teknaf,Saintmartin,5,Fatema Khatun,,,Zinzira,,,,,836,219,0,0,0,0,0,0,0,0,0,0,0,0,0,0,0,,,,
1983,Bangladesh,Chattogram,Cox's Bazar,Teknaf,Saintmartin,6,Fatema Khatun,,,Purbopara,,,,,1530,402,0,0,0,0,0,0,0,0,0,0,0,0,0,0,0,,,,
1984,Bangladesh,Chattogram,Cox's Bazar,Teknaf,Saintmartin,7,Fatema Khatun,,,Nazrulpara,,,,,1065,282,0,0,0,0,0,0,0,0,0,0,0,0,0,0,0,,,,
1985,Bangladesh,Chattogram,Cox's Bazar,Teknaf,Saintmartin,8,Fatema Khatun,,,Konapara,,,,,1258,331,0,0,0,0,0,0,0,0,0,0,0,0,0,0,0,,,,
1986,Bangladesh,Chattogram,Cox's Bazar,Teknaf,Saintmartin,9,Fatema Khatun,,,Dakkhinpara,,,,,1526,404,0,0,0,0,0,0,0,0,0,0,0,0,0,0,0,,,,
1987,Bangladesh,Chattogram,Cox's Bazar,Teknaf,Teknaf Sadar,,Hasina Akter,,,Habirchara,,,,,2266,495,0,0,0,0,0,0,0,0,0,0,0,0,0,0,0,,,,
1988,Bangladesh,Chattogram,Cox's Bazar,Teknaf,Teknaf Sadar,1,Hasina Akter,,,Mitapanir chara,,,,,936,220,0,0,0,0,0,0,0,0,0,0,0,0,0,0,0,,,,
1989,Bangladesh,Chattogram,Cox's Bazar,Teknaf,Teknaf Sadar,1,Hasina Akter,,,Razarchara,,,,,2808,567,0,0,0,0,0,0,0,0,0,0,0,0,0,0,0,,,,
1990,Bangladesh,Chattogram,Cox's Bazar,Teknaf,Teknaf Sadar,2,Hasina Akter,,,Dargachara,,,,,802,177,0,0,0,0,0,0,0,0,0,0,0,0,0,0,0,,,,
1991,Bangladesh,Chattogram,Cox's Bazar,Teknaf,Teknaf Sadar,2,Hasina Akter,,,Hatiar ghuna,,,,,2261,420,0,0,0,0,0,0,0,0,0,0,0,0,0,0,0,,,,
1992,Bangladesh,Chattogram,Cox's Bazar,Teknaf,Teknaf Sadar,2,Hasina Akter,,,Jahaliapara,,,,,2380,500,0,0,0,0,0,0,0,0,0,0,0,0,0,0,0,,,,
1993,Bangladesh,Chattogram,Cox's Bazar,Teknaf,Teknaf Sadar,3,Hasina Akter,,,Gomtoli,,,,,1100,266,0,0,0,0,0,0,0,0,0,0,0,0,0,0,0,,,,
1994,Bangladesh,Chattogram,Cox's Bazar,Teknaf,Teknaf Sadar,3,Hasina Akter,,,Lambori,,,,,3078,696,0,0,0,0,0,0,0,0,0,0,0,0,0,0,0,,,,
1995,Bangladesh,Chattogram,Cox's Bazar,Teknaf,Teknaf Sadar,3,Hasina Akter,,,Lengurbil,,,,,3425,720,0,0,0,0,0,0,0,0,0,0,0,0,0,0,0,,,,
1996,Bangladesh,Chattogram,Cox's Bazar,Teknaf,Teknaf Sadar,3,Hasina Akter,,,Tula tuli,,,,,912,240,0,0,0,0,0,0,0,0,0,0,0,0,0,0,0,,,,
1997,Bangladesh,Chattogram,Cox's Bazar,Teknaf,Teknaf Sadar,4,Hasina Akter,,,Natun pollanpara/RF,,,,,5819,1380,0,0,0,0,0,0,0,0,0,0,0,0,0,0,0,,,,
1998,Bangladesh,Chattogram,Cox's Bazar,Teknaf,Teknaf Sadar,5,Rahima Begum,,,Moheskhaliapara,,,,,4394,925,0,0,0,0,0,0,0,0,0,0,0,0,0,0,0,,,,
1999,Bangladesh,Chattogram,Cox's Bazar,Teknaf,Teknaf Sadar,5,Rahima Begum,,,Shilbuniapara,,,,,1501,316,0,0,0,0,0,0,0,0,0,0,0,0,0,0,0,,,,
2000,Bangladesh,Chattogram,Cox's Bazar,Teknaf,Teknaf Sadar,6,Rahima Begum,,,Dailpara,,,,,3508,735,0,0,0,0,0,0,0,0,0,0,0,0,0,0,0,,,,
2001,Bangladesh,Chattogram,Cox's Bazar,Teknaf,Teknaf Sadar,6,Rahima Begum,,,Godarbil,,,,,8436,1020,0,0,0,0,0,0,0,0,0,0,0,0,0,0,0,,,,
2002,Bangladesh,Chattogram,Cox's Bazar,Teknaf,Teknaf Sadar,7,Rahima Begum,,,Borohabibpara,,,,,2261,409,0,0,0,0,0,0,0,0,0,0,0,0,0,0,0,,,,
2003,Bangladesh,Chattogram,Cox's Bazar,Teknaf,Teknaf Sadar,7,Rahima Begum,,,Chotohabibpara,,,,,1418,311,0,0,0,0,0,0,0,0,0,0,0,0,0,0,0,,,,
2004,Bangladesh,Chattogram,Cox's Bazar,Teknaf,Teknaf Sadar,7,Rahima Begum,,,Hajompara,,,,,703,185,0,0,0,0,0,0,0,0,0,0,0,0,0,0,0,,,,
2005,Bangladesh,Chattogram,Cox's Bazar,Teknaf,Teknaf Sadar,7,Rahima Begum,,,Kachubunia,,,,,1572,312,0,0,0,0,0,0,0,0,0,0,0,0,0,0,0,,,,
2006,Bangladesh,Chattogram,Cox's Bazar,Teknaf,Teknaf Sadar,8,Rahima Begum,,,Hankarpara Part,,,,,463,105,0,0,0,0,0,0,0,0,0,0,0,0,0,0,0,,,,
2007,Bangladesh,Chattogram,Cox's Bazar,Teknaf,Teknaf Sadar,8,Rahima Begum,,,Khongkarpara,,,,,1254,330,0,0,0,0,0,0,0,0,0,0,0,0,0,0,0,,,,
2008,Bangladesh,Chattogram,Cox's Bazar,Teknaf,Teknaf Sadar,8,Rahima Begum,,,Moulovipara,,,,,1587,331,0,0,0,0,0,0,0,0,0,0,0,0,0,0,0,,,,
2009,Bangladesh,Chattogram,Cox's Bazar,Teknaf,Teknaf Sadar,8,Rahima Begum,,,Nazirpara,,,,,2044,435,0,0,0,0,0,0,0,0,0,0,0,0,0,0,0,,,,
2010,Bangladesh,Chattogram,Cox's Bazar,Teknaf,Teknaf Sadar,9,Rahima Begum,,,Baraitali,,,,,770,155,0,0,0,0,0,0,0,0,0,0,0,0,0,0,0,,,,
2011,Bangladesh,Chattogram,Cox's Bazar,Teknaf,Teknaf Sadar,9,Rahima Begum,,,Keruntoli,,,,,836,207,0,0,0,0,0,0,0,0,0,0,0,0,0,0,0,,,,
2012,Bangladesh,Chattogram,Cox's Bazar,Teknaf,Whykong,1,Kohinur,,,Gilatoli,,,,,1468,344,0,0,0,0,0,0,0,0,0,0,0,0,0,0,0,,,,
2013,Bangladesh,Chattogram,Cox's Bazar,Teknaf,Whykong,1,Kohinur,,,Katakhali,,,,,3171,677,0,0,0,0,0,0,0,0,0,0,0,0,0,0,0,,,,
2014,Bangladesh,Chattogram,Cox's Bazar,Teknaf,Whykong,1,Kohinur,,,Keruntoli,,,,,3731,749,0,0,0,0,0,0,0,0,0,0,0,0,0,0,0,,,,
2015,Bangladesh,Chattogram,Cox's Bazar,Teknaf,Whykong,1,Kohinur,,,Ulubonia,,,,,1158,231,0,0,0,0,0,0,0,0,0,0,0,0,0,0,0,,,,
2016,Bangladesh,Chattogram,Cox's Bazar,Teknaf,Whykong,2,Hajera Akter,,,Amtali,,,,,2100,441,0,0,0,0,0,0,0,0,0,0,0,0,0,0,0,,,,
2017,Bangladesh,Chattogram,Cox's Bazar,Teknaf,Whykong,2,Kohinur,,,Balukhali,,,,,5908,1334,0,0,0,0,0,0,0,0,0,0,0,0,0,0,0,,,,
2018,Bangladesh,Chattogram,Cox's Bazar,Teknaf,Whykong,2,Hajera Akter,,,Whykong,,,,,3694,883,0,0,0,0,0,0,0,0,0,0,0,0,0,0,0,,,,
2019,Bangladesh,Chattogram,Cox's Bazar,Teknaf,Whykong,3,Ismotara,,,Kutubdia para,,,,,1286,272,0,0,0,0,0,0,0,0,0,0,0,0,0,0,0,,,,
2020,Bangladesh,Chattogram,Cox's Bazar,Teknaf,Whykong,3,Hajera Akter,,,Lambabill,,,,,4860,1059,0,0,0,0,0,0,0,0,0,0,0,0,0,0,0,,,,
2021,Bangladesh,Chattogram,Cox's Bazar,Teknaf,Whykong,3,Hajera Akter,,,Raikong,,,,,3217,647,0,0,0,0,0,0,0,0,0,0,0,0,0,0,0,,,,
2022,Bangladesh,Chattogram,Cox's Bazar,Teknaf,Whykong,3,Hajera Akter,,,Unchiprang,,,,,2481,500,0,0,0,0,0,0,0,0,0,0,0,0,0,0,0,,,,
2023,Bangladesh,Chattogram,Cox's Bazar,Teknaf,Whykong,4,Hajera Akter,,,Doingakata,,,,,2634,565,0,0,0,0,0,0,0,0,0,0,0,0,0,0,0,,,,
2024,Bangladesh,Chattogram,Cox's Bazar,Teknaf,Whykong,4,Hajera Akter,,,Horikhola,,,,,1054,229,0,0,0,0,0,0,0,0,0,0,0,0,0,0,0,,,,
2025,Bangladesh,Chattogram,Cox's Bazar,Teknaf,Whykong,4,Hajera Akter,,,Lambagona,,,,,889,179,0,0,0,0,0,0,0,0,0,0,0,0,0,0,0,,,,
2026,Bangladesh,Chattogram,Cox's Bazar,Teknaf,Whykong,4,Hajera Akter,,,Laturikhola,,,,,1454,281,0,0,0,0,0,0,0,0,0,0,0,0,0,0,0,,,,
2027,Bangladesh,Chattogram,Cox's Bazar,Teknaf,Whykong,5,Ismotara,,,Kanjorpara,,,,,6317,1279,0,0,0,0,0,0,0,0,0,0,0,0,0,0,0,,,,
2028,Bangladesh,Chattogram,Cox's Bazar,Teknaf,Whykong,5,Ismotara,,,Korachipara,,,,,1888,410,0,0,0,0,0,0,0,0,0,0,0,0,0,0,0,,,,
2029,Bangladesh,Chattogram,Cox's Bazar,Teknaf,Whykong,5,Ismotara,,,Nayapara,,,,,5064,1058,0,0,0,0,0,0,0,0,0,0,0,0,0,0,0,,,,
2030,Bangladesh,Chattogram,Cox's Bazar,Teknaf,Whykong,6,Aziza Akter-2,,,Jhimongkhali,,,,,6995,1539,0,0,0,0,0,0,0,0,0,0,0,0,0,0,0,,,,
2031,Bangladesh,Chattogram,Cox's Bazar,Teknaf,Whykong,7,Aziza Akter-2,,,Satghoriapara,,,,,4948,1090,0,0,0,0,0,0,0,0,0,0,0,0,0,0,0,,,,
2032,Bangladesh,Chattogram,Cox's Bazar,Teknaf,Whykong,8,Aziza Akter-1,,,Kharangkhali,,,,,308,69,0,0,0,0,0,0,0,0,0,0,0,0,0,0,0,,,,
2033,Bangladesh,Chattogram,Cox's Bazar,Teknaf,Whykong,8,Aziza Akter-1,,,Nasorpara,,,,,1876,407,0,0,0,0,0,0,0,0,0,0,0,0,0,0,0,,,,
2034,Bangladesh,Chattogram,Cox's Bazar,Teknaf,Whykong,9,Aziza Akter-1,,,Comboniapara,,,,,1078,384,0,0,0,0,0,0,0,0,0,0,0,0,0,0,0,,,,
2035,Bangladesh,Chattogram,Cox's Bazar,Teknaf,Whykong,9,Aziza Akter-1,,,Moheskhaliapara,,,,,7440,1129,0,0,0,0,0,0,0,0,0,0,0,0,0,0,0,,,,
2036,Bangladesh,Chattogram,Cox's Bazar,Teknaf,Whykong,9,Aziza Akter-1,,,Rojargona,,,,,698,145,0,0,0,0,0,0,0,0,0,0,0,0,0,0,0,,,,
2037,Bangladesh,Chattogram,Cox's Bazar,Ukhia,Haldia Palang,01,,,,Pashchim Marichya Goraiyar Dwip,পশ্চিম মরিচ্যা গোরাইয়ার দ্বীপ,HAL101,21.298858,92.084368,1500,0,0,0,0,0,0,0,0,0,0,0,0,0,0,0,0,,,,
2038,Bangladesh,Chattogram,Cox's Bazar,Ukhia,Haldia Palang,01,,,,Pashchim Marichya Barua Para,পশ্চিম মরিচ্যা বড়ুয়া পাড়া,HAL102,21.303038,92.089252,1500,0,0,0,0,0,0,0,0,0,0,0,0,0,0,0,0,,,,
2039,Bangladesh,Chattogram,Cox's Bazar,Ukhia,Haldia Palang,01,,,,Pashchim And Dakkhin Marichya Setuni Para,পশ্চিম ও দক্ষিণ মরিচ্যা সেতুনি পাড়া,HAL103,21.301596,92.094504,2500,0,0,0,0,0,0,0,0,0,0,0,0,0,0,0,0,,,,
2040,Bangladesh,Chattogram,Cox's Bazar,Ukhia,Haldia Palang,01,,,,Pashchim Marichya,পশ্চিম মরিচ্যা,HAL104,21.308538,92.093548,2000,0,0,0,0,0,0,0,0,0,0,0,0,0,0,0,0,,,,
2041,Bangladesh,Chattogram,Cox's Bazar,Ukhia,Haldia Palang,01,,,,Purba Marichya Madhu Ghona,পূর্ব মরিচ্যা মধু ঘোনা,HAL105,21.302576,92.10017,2500,0,0,0,0,0,0,0,0,0,0,0,0,0,0,0,0,,,,
2042,Bangladesh,Chattogram,Cox's Bazar,Ukhia,Haldia Palang,01,,,,Purba and Maddhyam Marichya,পূর্ব ও মধ্যম মরিচ্যা,HAL106,21.308915,92.099412,3000,0,0,0,0,0,0,0,0,0,0,0,0,0,0,0,0,,,,
2043,Bangladesh,Chattogram,Cox's Bazar,Ukhia,Haldia Palang,01,,,,Purba Marichya Kathaliya,পূর্ব মরিচ্যা কাঠালিয়া,HAL107,21.313897,92.102431,2000,0,0,0,0,0,0,0,0,0,0,0,0,0,0,0,0,,,,
2044,Bangladesh,Chattogram,Cox's Bazar,Ukhia,Haldia Palang,02,,,,Halukiya Para,হালুকিয়া পাড়া,HAL201,21.322702,92.109257,1200,0,0,0,0,0,0,0,0,0,0,0,0,0,0,0,0,,,,
2045,Bangladesh,Chattogram,Cox's Bazar,Ukhia,Haldia Palang,02,,,,Rubberdrem Para,রাবারড্রেম পাড়া,HAL202,21.328046,92.113198,500,0,0,0,0,0,0,0,0,0,0,0,0,0,0,0,0,,,,
2046,Bangladesh,Chattogram,Cox's Bazar,Ukhia,Haldia Palang,02,,,,Sikder Para,সিকদার পাড়া,HAL203,21.322442,92.119008,1200,0,0,0,0,0,0,0,0,0,0,0,0,0,0,0,0,,,,
2047,Bangladesh,Chattogram,Cox's Bazar,Ukhia,Haldia Palang,02,,,,Pashchim Chayakhola,পশ্চিম ছায়াখোলা,HAL204,21.32725,92.122067,1300,0,0,0,0,0,0,0,0,0,0,0,0,0,0,0,0,,,,
2048,Bangladesh,Chattogram,Cox's Bazar,Ukhia,Haldia Palang,02,,,,Bandojya Para,বান্দজ্যা পাড়া,HAL205,21.314396,92.118463,1400,0,0,0,0,0,0,0,0,0,0,0,0,0,0,0,0,,,,
2049,Bangladesh,Chattogram,Cox's Bazar,Ukhia,Haldia Palang,02,,,,Ghonar Para,ঘোনার পাড়া,HAL206,21.31264,92.10912,1500,0,0,0,0,0,0,0,0,0,0,0,0,0,0,0,0,,,,
2050,Bangladesh,Chattogram,Cox's Bazar,Ukhia,Haldia Palang,02,,,,Pashchim Paglir Bil Para,পশ্চিম পাগলির বিল পাড়া,HAL207,21.315252,92.110813,700,0,0,0,0,0,0,0,0,0,0,0,0,0,0,0,0,,,,
2051,Bangladesh,Chattogram,Cox's Bazar,Ukhia,Haldia Palang,03,,,,Bakta Tali,বক্তা তলী,HAL301,21.318816,92.128122,3000,0,0,0,0,0,0,0,0,0,0,0,0,0,0,0,0,,,,
2052,Bangladesh,Chattogram,Cox's Bazar,Ukhia,Haldia Palang,03,,,,Lengur Bil,লেঙ্গুর বিল,HAL302,21.327288,92.132689,2500,0,0,0,0,0,0,0,0,0,0,0,0,0,0,0,0,,,,
2053,Bangladesh,Chattogram,Cox's Bazar,Ukhia,Haldia Palang,03,,,,Uttar Boro Bil,উত্তর বড় বিল,HAL303,21.337736,92.134547,4700,0,0,0,0,0,0,0,0,0,0,0,0,0,0,0,0,,,,
2054,Bangladesh,Chattogram,Cox's Bazar,Ukhia,Haldia Palang,03,,,,Chayakhola,ছায়াখোলা,HAL304,21.333201,92.127757,1000,0,0,0,0,0,0,0,0,0,0,0,0,0,0,0,0,,,,
2055,Bangladesh,Chattogram,Cox's Bazar,Ukhia,Haldia Palang,03,,,,Bauddha Camp,বৌদ্ধ ক্যাম্প,HAL305,21.331467,92.13838,300,0,0,0,0,0,0,0,0,0,0,0,0,0,0,0,0,,,,
2056,Bangladesh,Chattogram,Cox's Bazar,Ukhia,Haldia Palang,03,,,,Ashrayon Prokolpo,আশ্রয়ন প্রকল্প,HAL306,21.342817,92.138765,500,0,0,0,0,0,0,0,0,0,0,0,0,0,0,0,0,,,,
2057,Bangladesh,Chattogram,Cox's Bazar,Ukhia,Haldia Palang,03,,,,Sattar Baper Para,সাত্তার বাপের পাড়া,HAL307,21.3417,92.130423,1000,0,0,0,0,0,0,0,0,0,0,0,0,0,0,0,0,,,,
2058,Bangladesh,Chattogram,Cox's Bazar,Ukhia,Haldia Palang,04,,,,Baluchhara Para,বালুছড়া পাড়া,HAL401,21.310622,92.152068,800,0,0,0,0,0,0,0,0,0,0,0,0,0,0,0,0,,,,
2059,Bangladesh,Chattogram,Cox's Bazar,Ukhia,Haldia Palang,04,,,,Jahaliyamora Para,জাহালিয়ামোরা পাড়া,HAL402,21.319638,92.135063,1500,0,0,0,0,0,0,0,0,0,0,0,0,0,0,0,0,,,,
2060,Bangladesh,Chattogram,Cox's Bazar,Ukhia,Haldia Palang,04,,,,Uttarkul Noya Para,উত্তরকুল নয়া পাড়া,HAL403,21.321891,92.144852,1500,0,0,0,0,0,0,0,0,0,0,0,0,0,0,0,0,,,,
2061,Bangladesh,Chattogram,Cox's Bazar,Ukhia,Haldia Palang,04,,,,Patabari Para,পাতাবাড়ী পাড়া,HAL404,21.311473,92.143105,2500,0,0,0,0,0,0,0,0,0,0,0,0,0,0,0,0,,,,
2062,Bangladesh,Chattogram,Cox's Bazar,Ukhia,Haldia Palang,04,,,,Konar Para,কোনার পাড়া,HAL405,21.312944,92.135459,1000,0,0,0,0,0,0,0,0,0,0,0,0,0,0,0,0,,,,
2063,Bangladesh,Chattogram,Cox's Bazar,Ukhia,Haldia Palang,04,,,,Mohammadiya Para,মোহাম্মদিয়া পাড়া,HAL406,21.315998,92.137726,1200,0,0,0,0,0,0,0,0,0,0,0,0,0,0,0,0,,,,
2064,Bangladesh,Chattogram,Cox's Bazar,Ukhia,Haldia Palang,04,,,,Jharnakumar Para,ঝর্ণারকুমার পাড়া,HAL407,21.317965,92.150109,600,0,0,0,0,0,0,0,0,0,0,0,0,0,0,0,0,,,,
2065,Bangladesh,Chattogram,Cox's Bazar,Ukhia,Haldia Palang,04,,,,Patabari Kheoachhari Lombabil,পাতাবাড়ী খেওয়াছড়ি লম্বাবিল,HAL408,21.303904,92.14142,1500,0,0,0,0,0,0,0,0,0,0,0,0,0,0,0,0,,,,
2066,Bangladesh,Chattogram,Cox's Bazar,Ukhia,Haldia Palang,04,,,,Patabari Kheoachhari Para,পাতাবাড়ী খেওয়াছড়ি পাড়া,HAL409,21.30099,92.147549,1800,0,0,0,0,0,0,0,0,0,0,0,0,0,0,0,0,,,,
2067,Bangladesh,Chattogram,Cox's Bazar,Ukhia,Haldia Palang,04,,,,Purba Kheoachhari Para,পূর্ব খেওয়াছড়ি পাড়া,HAL410,21.303698,92.152442,1800,0,0,0,0,0,0,0,0,0,0,0,0,0,0,0,0,,,,
2068,Bangladesh,Chattogram,Cox's Bazar,Ukhia,Haldia Palang,04,,,,Pashchim Patabari,পশ্চিম পাতাবাড়ী,HAL411,21.310712,92.13542,600,0,0,0,0,0,0,0,0,0,0,0,0,0,0,0,0,,,,
2069,Bangladesh,Chattogram,Cox's Bazar,Ukhia,Haldia Palang,05,,,,Madhyam Haldia Maolana Para,মধ্যম হলদিয়া মাওলানা পাড়া,HAL501,21.306132,92.11938,2000,0,0,0,0,0,0,0,0,0,0,0,0,0,0,0,0,,,,
2070,Bangladesh,Chattogram,Cox's Bazar,Ukhia,Haldia Palang,05,,,,Madhyam Haldia Sikder Para,মধ্যম হলদিয়া সিকদার পাড়া,HAL502,21.305819,92.124327,2500,0,0,0,0,0,0,0,0,0,0,0,0,0,0,0,0,,,,
2071,Bangladesh,Chattogram,Cox's Bazar,Ukhia,Haldia Palang,05,,,,Haludbania Para,হলুদবনিয়া পাড়া,HAL503,21.31092,92.12431,2000,0,0,0,0,0,0,0,0,0,0,0,0,0,0,0,0,,,,
2072,Bangladesh,Chattogram,Cox's Bazar,Ukhia,Haldia Palang,05,,,,Nalbania Para,নলবনিয়া পাড়া,HAL504,21.305531,92.134892,3000,0,0,0,0,0,0,0,0,0,0,0,0,0,0,0,0,,,,
2073,Bangladesh,Chattogram,Cox's Bazar,Ukhia,Haldia Palang,05,,,,Nalbania Para (Part),আংশিক নলবনিয়া পাড়া,HAL505,21.310597,92.130437,2000,0,0,0,0,0,0,0,0,0,0,0,0,0,0,0,0,,,,
2074,Bangladesh,Chattogram,Cox's Bazar,Ukhia,Haldia Palang,05,,,,Nalbania Mistri Baper Para,নলবনিয়া মিস্ত্রি বাপের পাড়া,HAL506,21.300009,92.136656,2000,0,0,0,0,0,0,0,0,0,0,0,0,0,0,0,0,,,,
2075,Bangladesh,Chattogram,Cox's Bazar,Ukhia,Haldia Palang,05,,,,Ghatir Para,ঘাটির পাড়া,HAL507,21.29582,92.130127,2000,0,0,0,0,0,0,0,0,0,0,0,0,0,0,0,0,,,,
2076,Bangladesh,Chattogram,Cox's Bazar,Ukhia,Haldia Palang,05,,,,Nasir Para,নাসির পাড়া,HAL508,21.295489,92.122163,1500,0,0,0,0,0,0,0,0,0,0,0,0,0,0,0,0,,,,
2077,Bangladesh,Chattogram,Cox's Bazar,Ukhia,Haldia Palang,05,,,,Hajir Para,হাজীর পাড়া,HAL509,21.305329,92.12735,500,0,0,0,0,0,0,0,0,0,0,0,0,0,0,0,0,,,,
2078,Bangladesh,Chattogram,Cox's Bazar,Ukhia,Haldia Palang,06,,,,Madhyam Haldia Para (Part),মধ্যম হলদিয়া পাড়া (আংশিক),HAL601,21.303802,92.115111,800,0,0,0,0,0,0,0,0,0,0,0,0,0,0,0,0,,,,
2079,Bangladesh,Chattogram,Cox's Bazar,Ukhia,Haldia Palang,06,,,,Pashchim Haldia Palong,পশ্চিম হলদিয়া পালং,HAL602,21.305945,92.107967,4000,0,0,0,0,0,0,0,0,0,0,0,0,0,0,0,0,,,,
2080,Bangladesh,Chattogram,Cox's Bazar,Ukhia,Haldia Palang,06,,,,Pashchim Haldia Dakua Para,পশ্চিম হলদিয়া ডাকুয়া পাড়া,HAL603,21.299723,92.104406,1000,0,0,0,0,0,0,0,0,0,0,0,0,0,0,0,0,,,,
2081,Bangladesh,Chattogram,Cox's Bazar,Ukhia,Haldia Palang,06,,,,Maulavi Para,মৌলভী পাড়া,HAL604,21.295799,92.113363,2000,0,0,0,0,0,0,0,0,0,0,0,0,0,0,0,0,,,,
2082,Bangladesh,Chattogram,Cox's Bazar,Ukhia,Haldia Palang,06,,,,Pallan Para,পল্লান পাড়া,HAL605,21.293665,92.113218,1000,0,0,0,0,0,0,0,0,0,0,0,0,0,0,0,0,,,,
2083,Bangladesh,Chattogram,Cox's Bazar,Ukhia,Haldia Palang,07,,,,Dakkhin Class Para,দক্ষিণ ক্লাস পাড়া,HAL701,21.283239,92.103719,1000,0,0,0,0,0,0,0,0,0,0,0,0,0,0,0,0,,,,
2084,Bangladesh,Chattogram,Cox's Bazar,Ukhia,Haldia Palang,07,,,,Maddhyam Class Para,মধ্যম ক্লাস পাড়া,HAL702,21.287118,92.104647,1000,0,0,0,0,0,0,0,0,0,0,0,0,0,0,0,0,,,,
2085,Bangladesh,Chattogram,Cox's Bazar,Ukhia,Haldia Palang,07,,,,Rumkha Maulovi Para,রুঁমখা মৌলভী পাড়া,HAL703,21.289923,92.111426,800,0,0,0,0,0,0,0,0,0,0,0,0,0,0,0,0,,,,
2086,Bangladesh,Chattogram,Cox's Bazar,Ukhia,Haldia Palang,07,,,,Pashchim Boro Bil Para,পশ্চিম বড় বিল পাড়া,HAL704,21.28404,92.10897,1500,0,0,0,0,0,0,0,0,0,0,0,0,0,0,0,0,,,,
2087,Bangladesh,Chattogram,Cox's Bazar,Ukhia,Haldia Palang,07,,,,Madhyam Bara Bil Para,মধ্যম বড় বিল পাড়া,HAL705,21.285047,92.114458,2000,0,0,0,0,0,0,0,0,0,0,0,0,0,0,0,0,,,,
2088,Bangladesh,Chattogram,Cox's Bazar,Ukhia,Haldia Palang,07,,,,Hatir Ghona Para,হাতির ঘোনা পাড়া,HAL706,21.2844,92.121055,2000,0,0,0,0,0,0,0,0,0,0,0,0,0,0,0,0,,,,
2089,Bangladesh,Chattogram,Cox's Bazar,Ukhia,Haldia Palang,07,,,,Asot Alir Para,আসত আলীর পাড়া,HAL707,21.287995,92.118608,800,0,0,0,0,0,0,0,0,0,0,0,0,0,0,0,0,,,,
2090,Bangladesh,Chattogram,Cox's Bazar,Ukhia,Haldia Palang,07,,,,Uttar Khondokar Para,উত্তর খোন্দকার পাড়া,HAL708,21.280736,92.107803,300,0,0,0,0,0,0,0,0,0,0,0,0,0,0,0,0,,,,
2091,Bangladesh,Chattogram,Cox's Bazar,Ukhia,Haldia Palang,08,,,,Jonab Alir Para,জনাব আলীর পাড়া,HAL801,21.294028,92.102248,1500,0,0,0,0,0,0,0,0,0,0,0,0,0,0,0,0,,,,
2092,Bangladesh,Chattogram,Cox's Bazar,Ukhia,Haldia Palang,08,,,,Rumkha Hajir Para,রুঁমখা হাজির পাড়া,HAL802,21.291619,92.097989,700,0,0,0,0,0,0,0,0,0,0,0,0,0,0,0,0,,,,
2093,Bangladesh,Chattogram,Cox's Bazar,Ukhia,Haldia Palang,08,,,,Rumkha Natun Para,রুঁমখা নতুন পাড়া,HAL803,21.29097,92.095547,800,0,0,0,0,0,0,0,0,0,0,0,0,0,0,0,0,,,,
2094,Bangladesh,Chattogram,Cox's Bazar,Ukhia,Haldia Palang,08,,,,Mahajan Para,মহাজন পাড়া,HAL804,21.295744,92.096021,1200,0,0,0,0,0,0,0,0,0,0,0,0,0,0,0,0,,,,
2095,Bangladesh,Chattogram,Cox's Bazar,Ukhia,Haldia Palang,08,,,,Rumkha Napit Para,রুঁমখা নাপিত পাড়া,HAL805,21.296772,92.089219,3500,0,0,0,0,0,0,0,0,0,0,0,0,0,0,0,0,,,,
2096,Bangladesh,Chattogram,Cox's Bazar,Ukhia,Haldia Palang,08,,,,Rumkha Pashchim Barua Para,রুঁমখা পশ্চিম বড়ুয়া পাড়া,HAL806,21.291778,92.091696,2500,0,0,0,0,0,0,0,0,0,0,0,0,0,0,0,0,,,,
2097,Bangladesh,Chattogram,Cox's Bazar,Ukhia,Haldia Palang,09,,,,Chowdhury Para,চৌধুরী পাড়া,HAL901,21.286226,92.09446,3000,0,0,0,0,0,0,0,0,0,0,0,0,0,0,0,0,,,,
2098,Bangladesh,Chattogram,Cox's Bazar,Ukhia,Haldia Palang,09,,,,Gorachan Matbor Para,গুরাচান মাতবর পাড়া,HAL902,21.282485,92.090413,1200,0,0,0,0,0,0,0,0,0,0,0,0,0,0,0,0,,,,
2099,Bangladesh,Chattogram,Cox's Bazar,Ukhia,Haldia Palang,09,,,,Matabbar Para,মাতব্বর পাড়া,HAL903,21.279815,92.094306,1000,0,0,0,0,0,0,0,0,0,0,0,0,0,0,0,0,,,,
2100,Bangladesh,Chattogram,Cox's Bazar,Ukhia,Haldia Palang,09,,,,Teli Para,তেলী পাড়া,HAL904,21.28034,92.090591,800,0,0,0,0,0,0,0,0,0,0,0,0,0,0,0,0,,,,
2101,Bangladesh,Chattogram,Cox's Bazar,Ukhia,Haldia Palang,09,,,,Kolal Para,কোলাল পাড়া,HAL905,21.277829,92.095295,1500,0,0,0,0,0,0,0,0,0,0,0,0,0,0,0,0,,,,
2102,Bangladesh,Chattogram,Cox's Bazar,Ukhia,Haldia Palang,09,,,,Bazar Para,বাজার পাড়া,HAL906,21.276011,92.097766,1500,0,0,0,0,0,0,0,0,0,0,0,0,0,0,0,0,,,,
2103,Bangladesh,Chattogram,Cox's Bazar,Ukhia,Jalia Palang,01,,,,Pashchim Painyashia Beat Office Para,পশ্চিম পাইন্যাশিয়া বিট অফিস পাড়া,JAL101,21.278017,92.076794,1600,0,0,0,0,0,0,0,0,0,0,0,0,0,0,0,0,,,,
2104,Bangladesh,Chattogram,Cox's Bazar,Ukhia,Jalia Palang,01,,,,Cakkata Kala Chandar Khola Para,চাককাটা কালা চান্দার খুলা পাড়া,JAL102,21.272997,92.077232,1200,0,0,0,0,0,0,0,0,0,0,0,0,0,0,0,0,,,,
2105,Bangladesh,Chattogram,Cox's Bazar,Ukhia,Jalia Palang,01,,,,Painyashiya Jumma Para,পাইন্যাশিয়া জুম্মা পাড়া,JAL103,21.269958,92.081282,1800,0,0,0,0,0,0,0,0,0,0,0,0,0,0,0,0,,,,
2106,Bangladesh,Chattogram,Cox's Bazar,Ukhia,Jalia Palang,01,,,,Dakkhin Painyashiya Para,দক্ষিণ পাইন্যাশিয়া পাড়া,JAL104,21.268793,92.088844,2000,0,0,0,0,0,0,0,0,0,0,0,0,0,0,0,0,,,,
2107,Bangladesh,Chattogram,Cox's Bazar,Ukhia,Jalia Palang,01,,,,Purba Painyashiya Miyaji Para,পূর্ব পাইন্যাশিয়া মিয়াজী পাড়া,JAL105,21.274786,92.085061,1500,0,0,0,0,0,0,0,0,0,0,0,0,0,0,0,0,,,,
2108,Bangladesh,Chattogram,Cox's Bazar,Ukhia,Jalia Palang,01,,,,Purba Painyashiya Barua Para,পূর্ব পাইন্যাশিয়া বড়ুয়া পাড়া,JAL106,21.273815,92.095346,1500,0,0,0,0,0,0,0,0,0,0,0,0,0,0,0,0,,,,
2109,Bangladesh,Chattogram,Cox's Bazar,Ukhia,Jalia Palang,01,,,,Purba Painyashiya Char Para,পূর্ব পাইন্যাশিয়াচর পাড়া,JAL107,21.276478,92.092455,1900,0,0,0,0,0,0,0,0,0,0,0,0,0,0,0,0,,,,
2110,Bangladesh,Chattogram,Cox's Bazar,Ukhia,Jalia Palang,01,,,,Purba Painyashiya Khiara Para,পূর্ব পাইন্যাশিয়া খইরা পাড়া,JAL108,21.277921,92.089292,1500,0,0,0,0,0,0,0,0,0,0,0,0,0,0,0,0,,,,
2111,Bangladesh,Chattogram,Cox's Bazar,Ukhia,Jalia Palang,01,,,,Madhyam Painnashiya Anair Para,মধ্যম পাইন্যাশিয়া আনাইর পাড়া,JAL109,21.279568,92.084513,1500,0,0,0,0,0,0,0,0,0,0,0,0,0,0,0,0,,,,
2112,Bangladesh,Chattogram,Cox's Bazar,Ukhia,Jalia Palang,01,,,,Dakkhin Jumma Para,দক্ষিণ জুম্মা পাড়া,JAL110,21.262628,92.075238,1200,0,0,0,0,0,0,0,0,0,0,0,0,0,0,0,0,,,,
2113,Bangladesh,Chattogram,Cox's Bazar,Ukhia,Jalia Palang,01,,,,Painyashiya Fakir Baper Para,পাইন্যাশিয়া ফকির বাপের পাড়া,JAL111,21.271136,92.093036,400,0,0,0,0,0,0,0,0,0,0,0,0,0,0,0,0,,,,
2114,Bangladesh,Chattogram,Cox's Bazar,Ukhia,Jalia Palang,02,,,,Lambari Para,লম্বরী পাড়া,JAL201,21.288476,92.081743,3000,0,0,0,0,0,0,0,0,0,0,0,0,0,0,0,0,,,,
2115,Bangladesh,Chattogram,Cox's Bazar,Ukhia,Jalia Palang,02,,,,Uttar Sonaichari Para,উত্তর সোনাইছড়ি পাড়া,JAL202,21.286247,92.069004,2000,0,0,0,0,0,0,0,0,0,0,0,0,0,0,0,0,,,,
2116,Bangladesh,Chattogram,Cox's Bazar,Ukhia,Jalia Palang,02,,,,Pashchim Sonaichari,পশ্চিম সোনাইছড়ি,JAL203,21.286929,92.064367,1500,0,0,0,0,0,0,0,0,0,0,0,0,0,0,0,0,,,,
2117,Bangladesh,Chattogram,Cox's Bazar,Ukhia,Jalia Palang,02,,,,Dakkhin Pashchim Sonaichari,দক্ষিণ পশ্চিম সোনাইছড়ি,JAL204,21.283694,92.064456,3000,0,0,0,0,0,0,0,0,0,0,0,0,0,0,0,0,,,,
2118,Bangladesh,Chattogram,Cox's Bazar,Ukhia,Jalia Palang,02,,,,Samiti Ghona Para,সমিতি ঘোনা পাড়া,JAL205,21.276655,92.069696,3000,0,0,0,0,0,0,0,0,0,0,0,0,0,0,0,0,,,,
2119,Bangladesh,Chattogram,Cox's Bazar,Ukhia,Jalia Palang,02,,,,Dakkhin Purba Sonaichari Beat Office Para,দক্ষিণ পূর্ব সোনাইছড়ি বিট অফিস পাড়া,JAL206,21.281932,92.077201,1000,0,0,0,0,0,0,0,0,0,0,0,0,0,0,0,0,,,,
2120,Bangladesh,Chattogram,Cox's Bazar,Ukhia,Jalia Palang,02,,,,Dighir Bil Para,দীঘির বিল পাড়া,JAL207,21.287612,92.075193,2000,0,0,0,0,0,0,0,0,0,0,0,0,0,0,0,0,,,,
2121,Bangladesh,Chattogram,Cox's Bazar,Ukhia,Jalia Palang,02,,,,Sawdagar Para,সওদাগর পাড়া,JAL208,21.282342,92.082618,500,0,0,0,0,0,0,0,0,0,0,0,0,0,0,0,0,,,,
2122,Bangladesh,Chattogram,Cox's Bazar,Ukhia,Jalia Palang,02,,,,Goraiyar Dwip Para,গোরাইয়ার দ্বীপ পাড়া,JAL209,21.297383,92.08072,2200,0,0,0,0,0,0,0,0,0,0,0,0,0,0,0,0,,,,
2123,Bangladesh,Chattogram,Cox's Bazar,Ukhia,Jalia Palang,02,,,,Dakkhin Sonaichari Para,দক্ষিণ সোনাইছড়ি পাড়া,JAL210,21.282785,92.070156,2000,0,0,0,0,0,0,0,0,0,0,0,0,0,0,0,0,,,,
2124,Bangladesh,Chattogram,Cox's Bazar,Ukhia,Jalia Palang,03,,,,Union Parishod Para,ইউনিয়ন পরিষদ পাড়া,JAL301,21.286002,92.0605,500,0,0,0,0,0,0,0,0,0,0,0,0,0,0,0,0,,,,
2125,Bangladesh,Chattogram,Cox's Bazar,Ukhia,Jalia Palang,03,,,,Ghonar Para,ঘোনার পাড়া,JAL302,21.286305,92.05675,800,0,0,0,0,0,0,0,0,0,0,0,0,0,0,0,0,,,,
2126,Bangladesh,Chattogram,Cox's Bazar,Ukhia,Jalia Palang,03,,,,Uttar Pashchim Sonar Para,উত্তর পশ্চিম সোনার পাড়া,JAL303,21.287984,92.050582,850,0,0,0,0,0,0,0,0,0,0,0,0,0,0,0,0,,,,
2127,Bangladesh,Chattogram,Cox's Bazar,Ukhia,Jalia Palang,03,,,,Ghat Ghor Para,ঘাট ঘর পাড়া,JAL304,21.293464,92.048971,800,0,0,0,0,0,0,0,0,0,0,0,0,0,0,0,0,,,,
2128,Bangladesh,Chattogram,Cox's Bazar,Ukhia,Jalia Palang,03,,,,Jhau Bagan (Char Para),ঝাউ বাগান (চর পাড়া),JAL305,21.286015,92.048159,700,0,0,0,0,0,0,0,0,0,0,0,0,0,0,0,0,,,,
2129,Bangladesh,Chattogram,Cox's Bazar,Ukhia,Jalia Palang,03,,,,Purba Sonar Para,পূর্ব সোনার পাড়া,JAL306,21.28266,92.057677,1000,0,0,0,0,0,0,0,0,0,0,0,0,0,0,0,0,,,,
2130,Bangladesh,Chattogram,Cox's Bazar,Ukhia,Jalia Palang,03,,,,Dakkhin Pashchim Ghonar Para,দক্ষিণ পশ্চিম ঘোনার পাড়া,JAL307,21.282716,92.050771,700,0,0,0,0,0,0,0,0,0,0,0,0,0,0,0,0,,,,
2131,Bangladesh,Chattogram,Cox's Bazar,Ukhia,Jalia Palang,03,,,,Bara Para,বড় পাড়া,JAL308,21.283292,92.054963,1000,0,0,0,0,0,0,0,0,0,0,0,0,0,0,0,0,,,,
2132,Bangladesh,Chattogram,Cox's Bazar,Ukhia,Jalia Palang,03,,,,Purbo Sonar Para Moulovir Jum,পূর্ব সোনারপাড়া মৌলভীর জুম,JAL309,21.283677,92.05938,400,0,0,0,0,0,0,0,0,0,0,0,0,0,0,0,0,,,,
2133,Bangladesh,Chattogram,Cox's Bazar,Ukhia,Jalia Palang,04,,,,Jagirar Tek,জাগিরার টেক,JAL401,21.278255,92.056845,2000,0,0,0,0,0,0,0,0,0,0,0,0,0,0,0,0,,,,
2134,Bangladesh,Chattogram,Cox's Bazar,Ukhia,Jalia Palang,04,,,,Purbo Dail Para,পূর্ব ডেইল পাড়া,JAL402,21.274272,92.058536,3000,0,0,0,0,0,0,0,0,0,0,0,0,0,0,0,0,,,,
2135,Bangladesh,Chattogram,Cox's Bazar,Ukhia,Jalia Palang,04,,,,Pashchim Dail Para,পশ্চিম ডেইল পাড়া,JAL403,21.27335,92.050481,5000,0,0,0,0,0,0,0,0,0,0,0,0,0,0,0,0,,,,
2136,Bangladesh,Chattogram,Cox's Bazar,Ukhia,Jalia Palang,04,,,,Tetoltala Pahar Kata,তেঁতুলতলা পাহাড় কাটা,JAL404,21.267548,92.058225,3000,0,0,0,0,0,0,0,0,0,0,0,0,0,0,0,0,,,,
2137,Bangladesh,Chattogram,Cox's Bazar,Ukhia,Jalia Palang,04,,,,Dail Para Asroyan Prokolpo,ডেইল পাড়া আশ্রয়ন প্রকল্প,JAL405,21.271508,92.049105,1500,0,0,0,0,0,0,0,0,0,0,0,0,0,0,0,0,,,,
2138,Bangladesh,Chattogram,Cox's Bazar,Ukhia,Jalia Palang,04,,,,Dail Para,ডেইল পাড়া,JAL406,21.273773,92.053816,4000,0,0,0,0,0,0,0,0,0,0,0,0,0,0,0,0,,,,
2139,Bangladesh,Chattogram,Cox's Bazar,Ukhia,Jalia Palang,04,,,,Madhyam Nidania,মধ্যম নিধানিয়া,JAL407,21.258661,92.053795,4000,0,0,0,0,0,0,0,0,0,0,0,0,0,0,0,0,,,,
2140,Bangladesh,Chattogram,Cox's Bazar,Ukhia,Jalia Palang,04,,,,Uttar Nidania,উত্তর নিধানিয়া,JAL408,21.264922,92.055706,3000,0,0,0,0,0,0,0,0,0,0,0,0,0,0,0,0,,,,
2141,Bangladesh,Chattogram,Cox's Bazar,Ukhia,Jalia Palang,05,,,,Purba Nurar Dail Para,পূর্ব নুরার ডেইল পাড়া,JAL501,21.245847,92.055526,2000,0,0,0,0,0,0,0,0,0,0,0,0,0,0,0,0,,,,
2142,Bangladesh,Chattogram,Cox's Bazar,Ukhia,Jalia Palang,05,,,,Madhyam Nidania Para,মধ্যম নিদানিয়া পাড়া,JAL502,21.252967,92.058429,3000,0,0,0,0,0,0,0,0,0,0,0,0,0,0,0,0,,,,
2143,Bangladesh,Chattogram,Cox's Bazar,Ukhia,Jalia Palang,05,,,,Dakkhin Nidania Para,দক্ষিণ নিদানিয়া পাড়া,JAL503,21.252948,92.053058,3000,0,0,0,0,0,0,0,0,0,0,0,0,0,0,0,0,,,,
2144,Bangladesh,Chattogram,Cox's Bazar,Ukhia,Jalia Palang,06,,,,Bara Inani Battali Para,বড় ইনানী বটতলী পাড়া,JAL601,21.244591,92.050331,400,0,0,0,0,0,0,0,0,0,0,0,0,0,0,0,0,,,,
2145,Bangladesh,Chattogram,Cox's Bazar,Ukhia,Jalia Palang,06,,,,Bara Inani,বড় ইনানী,JAL602,21.239487,92.052534,1800,0,0,0,0,0,0,0,0,0,0,0,0,0,0,0,0,,,,
2146,Bangladesh,Chattogram,Cox's Bazar,Ukhia,Jalia Palang,06,,,,Bara Inani Ghonar Mor,বড় ইনানী ঘোনার মোড়,JAL603,21.234169,92.055061,300,0,0,0,0,0,0,0,0,0,0,0,0,0,0,0,0,,,,
2147,Bangladesh,Chattogram,Cox's Bazar,Ukhia,Jalia Palang,06,,,,Choto Inani Para,ছোট ইনানী পাড়া,JAL604,21.229297,92.051384,1000,0,0,0,0,0,0,0,0,0,0,0,0,0,0,0,0,,,,
2148,Bangladesh,Chattogram,Cox's Bazar,Ukhia,Jalia Palang,06,,,,Choto Inani Tek Para,ছোট ইনানী টেক পাড়া,JAL605,21.217282,92.057048,400,0,0,0,0,0,0,0,0,0,0,0,0,0,0,0,0,,,,
2149,Bangladesh,Chattogram,Cox's Bazar,Ukhia,Jalia Palang,06,,,,Coast Guard,কোস্ট গার্ড,JAL606,21.234623,92.050079,50,0,0,0,0,0,0,0,0,0,0,0,0,0,0,0,0,,,,
2150,Bangladesh,Chattogram,Cox's Bazar,Ukhia,Jalia Palang,07,,,,Md. Shofir Bill,মোঃ শফির বিল,JAL701,21.213882,92.050724,4000,0,0,0,0,0,0,0,0,0,0,0,0,0,0,0,0,,,,
2151,Bangladesh,Chattogram,Cox's Bazar,Ukhia,Jalia Palang,07,,,,Patuartek,পাটুয়ারটেক,JAL702,21.180971,92.050426,1200,0,0,0,0,0,0,0,0,0,0,0,0,0,0,0,0,,,,
2152,Bangladesh,Chattogram,Cox's Bazar,Ukhia,Jalia Palang,07,,,,Chengchhari Para,চেংছড়ি পাড়া,JAL703,21.177102,92.053116,700,0,0,0,0,0,0,0,0,0,0,0,0,0,0,0,0,,,,
2153,Bangladesh,Chattogram,Cox's Bazar,Ukhia,Jalia Palang,07,,,,Ruppati,রূপপতি,JAL704,21.170156,92.05975,2000,0,0,0,0,0,0,0,0,0,0,0,0,0,0,0,0,,,,
2154,Bangladesh,Chattogram,Cox's Bazar,Ukhia,Jalia Palang,07,,,,Chengchari Chakma Para,চেংছড়ি চাকমা পাড়া,JAL705,21.176851,92.054797,150,0,0,0,0,0,0,0,0,0,0,0,0,0,0,0,0,,,,
2155,Bangladesh,Chattogram,Cox's Bazar,Ukhia,Jalia Palang,07,,,,Bailla Khali,বাইল্ল্যা খালি,JAL706,21.156906,92.071445,1200,0,0,0,0,0,0,0,0,0,0,0,0,0,0,0,0,,,,
2156,Bangladesh,Chattogram,Cox's Bazar,Ukhia,Jalia Palang,07,,,,Imamer Dail,ইমামের ডেইল,JAL707,21.144917,92.080896,3500,0,0,0,0,0,0,0,0,0,0,0,0,0,0,0,0,,,,
2157,Bangladesh,Chattogram,Cox's Bazar,Ukhia,Jalia Palang,08,,,,Chepotkhali Purba Para,ছেপটখালি পূর্ব পাড়া,JAL801,21.111624,92.117536,1000,0,0,0,0,0,0,0,0,0,0,0,0,0,0,0,0,,,,
2158,Bangladesh,Chattogram,Cox's Bazar,Ukhia,Jalia Palang,08,,,,Chepotkhali Pashchim Para,ছেপটখালি পশ্চিম পাড়া,JAL802,21.10874,92.113312,2000,0,0,0,0,0,0,0,0,0,0,0,0,0,0,0,0,,,,
2159,Bangladesh,Chattogram,Cox's Bazar,Ukhia,Jalia Palang,08,,,,Madar Bonia Pashchim Para,মাদার বনিয়া পশ্চিম পাড়া,JAL803,21.120086,92.101068,1500,0,0,0,0,0,0,0,0,0,0,0,0,0,0,0,0,,,,
2160,Bangladesh,Chattogram,Cox's Bazar,Ukhia,Jalia Palang,08,,,,Choangkhali,চোয়াংখালী,JAL804,21.129365,92.094138,2000,0,0,0,0,0,0,0,0,0,0,0,0,0,0,0,0,,,,
2161,Bangladesh,Chattogram,Cox's Bazar,Ukhia,Jalia Palang,08,,,,Boyangkhali,বোয়াংখালী,JAL805,21.135808,92.089562,500,0,0,0,0,0,0,0,0,0,0,0,0,0,0,0,0,,,,
2162,Bangladesh,Chattogram,Cox's Bazar,Ukhia,Jalia Palang,08,,,,Madar Bonia Chakma Para,মাদার বনিয়া চাকমা পাড়া,JAL806,21.120455,92.105143,200,0,0,0,0,0,0,0,0,0,0,0,0,0,0,0,0,,,,
2163,Bangladesh,Chattogram,Cox's Bazar,Ukhia,Jalia Palang,09,,,,Chepotkhali Purba Para,ছেপটখালি পূর্ব পাড়া,JAL901,21.10379,92.1226,1500,0,0,0,0,0,0,0,0,0,0,0,0,0,0,0,0,,,,
2164,Bangladesh,Chattogram,Cox's Bazar,Ukhia,Jalia Palang,09,,,,Chepotkhali Sikdar Para,ছেপটখালি সিকদার পাড়া,JAL902,21.101607,92.11829,500,0,0,0,0,0,0,0,0,0,0,0,0,0,0,0,0,,,,
2165,Bangladesh,Chattogram,Cox's Bazar,Ukhia,Jalia Palang,09,,,,Monkhali,মনখালি,JAL903,21.097448,92.130123,3000,0,0,0,0,0,0,0,0,0,0,0,0,0,0,0,0,,,,
2166,Bangladesh,Chattogram,Cox's Bazar,Ukhia,Jalia Palang,09,,,,Monkhali Bottali,মনখালি বটতলি,JAL904,21.091862,92.129451,1000,0,0,0,0,0,0,0,0,0,0,0,0,0,0,0,0,,,,
2167,Bangladesh,Chattogram,Cox's Bazar,Ukhia,Jalia Palang,09,,,,Monkhali Konar Para,মনখালি কোনার পাড়া,JAL905,21.091568,92.13546,800,0,0,0,0,0,0,0,0,0,0,0,0,0,0,0,0,,,,
2168,Bangladesh,Chattogram,Cox's Bazar,Ukhia,Jalia Palang,09,,,,Monkhali Jum Para,মনখালি জুম পাড়া,JAL906,21.094133,92.14022,600,0,0,0,0,0,0,0,0,0,0,0,0,0,0,0,0,,,,
2169,Bangladesh,Chattogram,Cox's Bazar,Ukhia,Jalia Palang,09,,,,Chepotkhali Natun Cakma Para,ছেপটখালি নতুন চাকমা পাড়া,JAL907,21.114926,92.13808,400,0,0,0,0,0,0,0,0,0,0,0,0,0,0,0,0,,,,
2170,Bangladesh,Chattogram,Cox's Bazar,Ukhia,Jalia Palang,09,,,,Monkhali Chakma Para,মনখালি চাকমা পাড়া,JAL908,21.090163,92.143368,1500,0,0,0,0,0,0,0,0,0,0,0,0,0,0,0,0,,,,
2171,Bangladesh,Chattogram,Cox's Bazar,Ukhia,Palangkhali,01,,,,Balukhali Ukhiyar Ghat,বালুখালি উখিয়ার ঘাট,PAL101,21.196773,92.172555,450,0,0,0,0,0,0,0,0,0,0,0,0,0,0,0,0,,,,
2172,Bangladesh,Chattogram,Cox's Bazar,Ukhia,Palangkhali,01,,,,Purba Balukhali Puraton Bazar,পূর্ব বালুখালি পুরাতন বাজার,PAL102,21.190109,92.168603,150,0,0,0,0,0,0,0,0,0,0,0,0,0,0,0,0,,,,
2173,Bangladesh,Chattogram,Cox's Bazar,Ukhia,Palangkhali,01,,,,Camp 10,ক্যাম্প ১০,PAL103,21.189743,92.154259,0,0,0,0,0,0,0,0,0,0,0,0,0,0,0,0,0,,,,
2174,Bangladesh,Chattogram,Cox's Bazar,Ukhia,Palangkhali,01,,,,Camp 17,ক্যাম্প ১৭,PAL104,21.197513,92.142851,0,0,0,0,0,0,0,0,0,0,0,0,0,0,0,0,0,,,,
2175,Bangladesh,Chattogram,Cox's Bazar,Ukhia,Palangkhali,01,,,,Camp 18,ক্যাম্প ১৮,PAL105,21.188976,92.14759,0,0,0,0,0,0,0,0,0,0,0,0,0,0,0,0,0,,,,
2176,Bangladesh,Chattogram,Cox's Bazar,Ukhia,Palangkhali,01,,,,Camp 20,ক্যাম্প ২০,PAL106,21.190871,92.140296,0,0,0,0,0,0,0,0,0,0,0,0,0,0,0,0,0,,,,
2177,Bangladesh,Chattogram,Cox's Bazar,Ukhia,Palangkhali,01,,,,Camp 20 Extension,ক্যাম্প ২০ বর্ধিত,PAL107,21.194585,92.134365,0,0,0,0,0,0,0,0,0,0,0,0,0,0,0,0,0,,,,
2178,Bangladesh,Chattogram,Cox's Bazar,Ukhia,Palangkhali,01,,,,Camp 7,ক্যাম্প ৭,PAL108,21.203122,92.165297,0,0,0,0,0,0,0,0,0,0,0,0,0,0,0,0,0,,,,
2179,Bangladesh,Chattogram,Cox's Bazar,Ukhia,Palangkhali,01,,,,Camp 8E,ক্যাম্প ৮ই,PAL109,21.195558,92.164966,0,0,0,0,0,0,0,0,0,0,0,0,0,0,0,0,0,,,,
2180,Bangladesh,Chattogram,Cox's Bazar,Ukhia,Palangkhali,01,,,,Camp 8W,ক্যাম্প ৮ডাব্লউ,PAL110,21.19679,92.154084,0,0,0,0,0,0,0,0,0,0,0,0,0,0,0,0,0,,,,
2181,Bangladesh,Chattogram,Cox's Bazar,Ukhia,Palangkhali,01,,,,Camp 9,ক্যাম্প ৯,PAL111,21.189991,92.160313,0,0,0,0,0,0,0,0,0,0,0,0,0,0,0,0,0,,,,
2182,Bangladesh,Chattogram,Cox's Bazar,Ukhia,Palangkhali,02,,,,Bhanu Baper Khil,বানু বাপের খীল,PAL201,21.188998,92.16853,300,0,0,0,0,0,0,0,0,0,0,0,0,0,0,0,0,,,,
2183,Bangladesh,Chattogram,Cox's Bazar,Ukhia,Palangkhali,02,,,,Jomidar Para,জমিদার পাড়া,PAL202,21.184964,92.168507,500,0,0,0,0,0,0,0,0,0,0,0,0,0,0,0,0,,,,
2184,Bangladesh,Chattogram,Cox's Bazar,Ukhia,Palangkhali,02,,,,Shialia Para,শিয়ালীয়া পাড়া,PAL203,21.182511,92.160864,250,0,0,0,0,0,0,0,0,0,0,0,0,0,0,0,0,,,,
2185,Bangladesh,Chattogram,Cox's Bazar,Ukhia,Palangkhali,02,,,,Balukhalir Chara,বালুখালির ছড়া,PAL204,21.187016,92.165746,500,0,0,0,0,0,0,0,0,0,0,0,0,0,0,0,0,,,,
2186,Bangladesh,Chattogram,Cox's Bazar,Ukhia,Palangkhali,02,,,,Dhamonkhali,ধামনখালী,PAL205,21.174541,92.163977,600,0,0,0,0,0,0,0,0,0,0,0,0,0,0,0,0,,,,
2187,Bangladesh,Chattogram,Cox's Bazar,Ukhia,Palangkhali,03,,,,Uttar Rohmoter Bill,উত্তর রহমতের বিল,PAL301,21.167219,92.163643,1000,0,0,0,0,0,0,0,0,0,0,0,0,0,0,0,0,,,,
2188,Bangladesh,Chattogram,Cox's Bazar,Ukhia,Palangkhali,03,,,,Dakkhin Rohmoter Bill,দক্ষিণ রহমতের বিল,PAL302,21.163542,92.162907,300,0,0,0,0,0,0,0,0,0,0,0,0,0,0,0,0,,,,
2189,Bangladesh,Chattogram,Cox's Bazar,Ukhia,Palangkhali,03,,,,Pashchim Rohmoter Bill Citakhola,পশ্চিম রহমতের বিল চিতাখোলা,PAL303,21.167954,92.160594,500,0,0,0,0,0,0,0,0,0,0,0,0,0,0,0,0,,,,
2190,Bangladesh,Chattogram,Cox's Bazar,Ukhia,Palangkhali,04,,,,Churakhola,চুরাখোলা,PAL401,21.172766,92.144304,350,0,0,0,0,0,0,0,0,0,0,0,0,0,0,0,0,,,,
2191,Bangladesh,Chattogram,Cox's Bazar,Ukhia,Palangkhali,04,,,,Tajnimar Khola,তাজনিমার খোলা,PAL402,21.171694,92.139813,650,0,0,0,0,0,0,0,0,0,0,0,0,0,0,0,0,,,,
2192,Bangladesh,Chattogram,Cox's Bazar,Ukhia,Palangkhali,04,,,,Pashchim Thaingkhali,পশ্চিম থাইংখালী,PAL404,21.174831,92.151776,300,0,0,0,0,0,0,0,0,0,0,0,0,0,0,0,0,,,,
2193,Bangladesh,Chattogram,Cox's Bazar,Ukhia,Palangkhali,04,,,,Gouwj Ghona Para,গৌজ ঘোনা পাড়া,PAL405,21.174158,92.157885,555,0,0,0,0,0,0,0,0,0,0,0,0,0,0,0,0,,,,
2194,Bangladesh,Chattogram,Cox's Bazar,Ukhia,Palangkhali,04,,,,Camp 11,ক্যাম্প ১১,PAL406,21.18276,92.155749,0,0,0,0,0,0,0,0,0,0,0,0,0,0,0,0,0,,,,
2195,Bangladesh,Chattogram,Cox's Bazar,Ukhia,Palangkhali,04,,,,Camp 12,ক্যাম্প ১২,PAL407,21.179848,92.151807,0,0,0,0,0,0,0,0,0,0,0,0,0,0,0,0,0,,,,
2196,Bangladesh,Chattogram,Cox's Bazar,Ukhia,Palangkhali,04,,,,Camp 13,ক্যাম্প ১৩,PAL408,21.178584,92.139856,0,0,0,0,0,0,0,0,0,0,0,0,0,0,0,0,0,,,,
2197,Bangladesh,Chattogram,Cox's Bazar,Ukhia,Palangkhali,04,,,,Camp 19,ক্যাম্প ১৯,PAL409,21.183284,92.142385,0,0,0,0,0,0,0,0,0,0,0,0,0,0,0,0,0,,,,
2198,Bangladesh,Chattogram,Cox's Bazar,Ukhia,Palangkhali,05,,,,Thaingkhali Pondit Para,থাইংখালী পন্ডিত পাড়া,PAL501,21.167666,92.156081,700,0,0,0,0,0,0,0,0,0,0,0,0,0,0,0,0,,,,
2199,Bangladesh,Chattogram,Cox's Bazar,Ukhia,Palangkhali,05,,,,Thaingkhali Asar Para,থাইংখালী আসার পাড়া,PAL502,21.16393,92.157095,250,0,0,0,0,0,0,0,0,0,0,0,0,0,0,0,0,,,,
2200,Bangladesh,Chattogram,Cox's Bazar,Ukhia,Palangkhali,05,,,,Dakkhin Thaingkhali Putibania,দক্ষিণ থাইংখালী পুটিবনিয়া,PAL503,21.155697,92.155488,200,0,0,0,0,0,0,0,0,0,0,0,0,0,0,0,0,,,,
2201,Bangladesh,Chattogram,Cox's Bazar,Ukhia,Palangkhali,05,,,,Thaingkhali Jamtoli,থাইংখালী জামতলী,PAL504,21.162553,92.152509,600,0,0,0,0,0,0,0,0,0,0,0,0,0,0,0,0,,,,
2202,Bangladesh,Chattogram,Cox's Bazar,Ukhia,Palangkhali,05,,,,Thaingkhali Hakim Para,থাইংখালী হাকিম পাড়া,PAL506,21.168427,92.151522,700,0,0,0,0,0,0,0,0,0,0,0,0,0,0,0,0,,,,
2203,Bangladesh,Chattogram,Cox's Bazar,Ukhia,Palangkhali,05,,,,Camp 14,ক্যাম্প ১৪,PAL507,21.167026,92.144114,0,0,0,0,0,0,0,0,0,0,0,0,0,0,0,0,0,,,,
2204,Bangladesh,Chattogram,Cox's Bazar,Ukhia,Palangkhali,05,,,,Camp 15,ক্যাম্প ১৫,PAL508,21.16064,92.142896,0,0,0,0,0,0,0,0,0,0,0,0,0,0,0,0,0,,,,
2205,Bangladesh,Chattogram,Cox's Bazar,Ukhia,Palangkhali,05,,,,Camp 16,ক্যাম্প ১৬,PAL509,21.156381,92.149069,0,0,0,0,0,0,0,0,0,0,0,0,0,0,0,0,0,,,,
2206,Bangladesh,Chattogram,Cox's Bazar,Ukhia,Palangkhali,06,,,,Telkhola,তেলখোলা,PAL601,21.175825,92.107783,1500,0,0,0,0,0,0,0,0,0,0,0,0,0,0,0,0,,,,
2207,Bangladesh,Chattogram,Cox's Bazar,Ukhia,Palangkhali,06,,,,Telkhola Battali,তেলখোলা বটতলী,PAL602,21.169519,92.121934,250,0,0,0,0,0,0,0,0,0,0,0,0,0,0,0,0,,,,
2208,Bangladesh,Chattogram,Cox's Bazar,Ukhia,Palangkhali,06,,,,Mochharkhola,মোছারখোলা,PAL603,21.153983,92.135041,200,0,0,0,0,0,0,0,0,0,0,0,0,0,0,0,0,,,,
2209,Bangladesh,Chattogram,Cox's Bazar,Ukhia,Palangkhali,06,,,,Mochharkhola Barotoli,মোছারখোলা বড়তলী,PAL604,21.164694,92.118034,300,0,0,0,0,0,0,0,0,0,0,0,0,0,0,0,0,,,,
2210,Bangladesh,Chattogram,Cox's Bazar,Ukhia,Palangkhali,06,,,,Jambonia Mosarkhola,জাম্বুনিয়া মোছারখোলা,PAL605,21.156667,92.117131,200,0,0,0,0,0,0,0,0,0,0,0,0,0,0,0,0,,,,
2211,Bangladesh,Chattogram,Cox's Bazar,Ukhia,Palangkhali,07,,,,Pashchim Palangkhali,পশ্চিম পালংখালী,PAL701,21.142903,92.150982,500,0,0,0,0,0,0,0,0,0,0,0,0,0,0,0,0,,,,
2212,Bangladesh,Chattogram,Cox's Bazar,Ukhia,Palangkhali,07,,,,Palangkhali Goiyalmara,পালংখালী গয়ালমারা,PAL702,21.149174,92.148628,700,0,0,0,0,0,0,0,0,0,0,0,0,0,0,0,0,,,,
2213,Bangladesh,Chattogram,Cox's Bazar,Ukhia,Palangkhali,07,,,,Purbo Palangkhali,পূর্ব পালংখালী,PAL703,21.146474,92.159649,800,0,0,0,0,0,0,0,0,0,0,0,0,0,0,0,0,,,,
2214,Bangladesh,Chattogram,Cox's Bazar,Ukhia,Palangkhali,07,,,,Chowkhali,চৌখালী,PAL704,21.142964,92.145608,850,0,0,0,0,0,0,0,0,0,0,0,0,0,0,0,0,,,,
2215,Bangladesh,Chattogram,Cox's Bazar,Ukhia,Palangkhali,07,,,,Palangkhali Kedar Khola,পালংখালী কেদার খোলা,PAL705,21.146437,92.156427,250,0,0,0,0,0,0,0,0,0,0,0,0,0,0,0,0,,,,
2216,Bangladesh,Chattogram,Cox's Bazar,Ukhia,Palangkhali,07,,,,Purbo Palangkhali Ghonar Para,পূর্ব পালংখালী ঘোনার পাড়া,PAL706,21.151759,92.15617,950,0,0,0,0,0,0,0,0,0,0,0,0,0,0,0,0,,,,
2217,Bangladesh,Chattogram,Cox's Bazar,Ukhia,Palangkhali,08,,,,Madhyam Farirbill,মধ্যম ফারিরবিল,PAL801,21.146567,92.170492,800,0,0,0,0,0,0,0,0,0,0,0,0,0,0,0,0,,,,
2218,Bangladesh,Chattogram,Cox's Bazar,Ukhia,Palangkhali,08,,,,Nalbania,নলবনিয়া,PAL802,21.149818,92.168531,900,0,0,0,0,0,0,0,0,0,0,0,0,0,0,0,0,,,,
2219,Bangladesh,Chattogram,Cox's Bazar,Ukhia,Palangkhali,08,,,,Pashchim Farirbill,পশ্চিম ফারিরবিল,PAL803,21.146994,92.16617,200,0,0,0,0,0,0,0,0,0,0,0,0,0,0,0,0,,,,
2220,Bangladesh,Chattogram,Cox's Bazar,Ukhia,Palangkhali,08,,,,Bochar Ghona,বুচার ঘোনা,PAL804,21.149239,92.162698,200,0,0,0,0,0,0,0,0,0,0,0,0,0,0,0,0,,,,
2221,Bangladesh,Chattogram,Cox's Bazar,Ukhia,Palangkhali,08,,,,Bhaditala,ভাদীতলা,PAL805,21.151777,92.160563,100,0,0,0,0,0,0,0,0,0,0,0,0,0,0,0,0,,,,
2222,Bangladesh,Chattogram,Cox's Bazar,Ukhia,Palangkhali,09,,,,Purbo Farirbill,পূর্ব ফারিরবিল,PAL901,21.14689,92.178957,600,0,0,0,0,0,0,0,0,0,0,0,0,0,0,0,0,,,,
2223,Bangladesh,Chattogram,Cox's Bazar,Ukhia,Palangkhali,09,,,,Purbo Farirbill Koraci Para,পূর্ব ফারিরবিল করাচি পাড়া,PAL902,21.148649,92.173214,400,0,0,0,0,0,0,0,0,0,0,0,0,0,0,0,0,,,,
2224,Bangladesh,Chattogram,Cox's Bazar,Ukhia,Palangkhali,09,,,,Purbo Farirbill Bakkol Ghona,পূর্ব ফারিরবিল বাক্কল ঘোনা,PAL903,21.147554,92.175864,600,0,0,0,0,0,0,0,0,0,0,0,0,0,0,0,0,,,,
2225,Bangladesh,Chattogram,Cox's Bazar,Ukhia,Palangkhali,09,,,,Purbo Farirbill Chowdhary Para,পূর্ব ফারিরবিল চৌধুরী পাড়া,PAL904,21.145137,92.176304,300,0,0,0,0,0,0,0,0,0,0,0,0,0,0,0,0,,,,
2226,Bangladesh,Chattogram,Cox's Bazar,Ukhia,Palangkhali,09,,,,Purbo Farirbill Yunus Baro Para,পূর্ব ফারিরবিল ইউনুস বড় পাড়া,PAL905,21.144732,92.180455,400,0,0,0,0,0,0,0,0,0,0,0,0,0,0,0,0,,,,
2227,Bangladesh,Chattogram,Cox's Bazar,Ukhia,Palangkhali,09,,,,Anjuman Para,আনজুমান পাড়া,PAL906,21.150817,92.17566,100,0,0,0,0,0,0,0,0,0,0,0,0,0,0,0,0,,,,
2228,Bangladesh,Chattogram,Cox's Bazar,Ukhia,Rajapalang,01,,,,Tuturbill Para,তুতুরবিল পাড়া,RAP101,21.256435,92.101871,2700,0,0,0,0,0,0,0,0,0,0,0,0,0,0,0,0,,,,
2229,Bangladesh,Chattogram,Cox's Bazar,Ukhia,Rajapalang,01,,,,Rejurkul Para,রেজুরকুল পাড়া,RAP102,21.267422,92.099077,400,0,0,0,0,0,0,0,0,0,0,0,0,0,0,0,0,,,,
2230,Bangladesh,Chattogram,Cox's Bazar,Ukhia,Rajapalang,01,,,,Pingirkul Para,পিঞ্জিরকুল পাড়া,RAP103,21.26359,92.094066,1000,0,0,0,0,0,0,0,0,0,0,0,0,0,0,0,0,,,,
2231,Bangladesh,Chattogram,Cox's Bazar,Ukhia,Rajapalang,02,,,,Kamarial Bill Para,কামারিয়াল বিল পাড়া,RAP201,21.272521,92.138138,200,0,0,0,0,0,0,0,0,0,0,0,0,0,0,0,0,,,,
2232,Bangladesh,Chattogram,Cox's Bazar,Ukhia,Rajapalang,02,,,,Uttar Pukuria,উত্তর পুকুরিয়া,RAP202,21.268573,92.127968,2200,0,0,0,0,0,0,0,0,0,0,0,0,0,0,0,0,,,,
2233,Bangladesh,Chattogram,Cox's Bazar,Ukhia,Rajapalang,02,,,,Uttar Pukuria Teli Para,উত্তর পুকুরিয়া তেলি পাড়া,RAP203,21.267661,92.118426,275,0,0,0,0,0,0,0,0,0,0,0,0,0,0,0,0,,,,
2234,Bangladesh,Chattogram,Cox's Bazar,Ukhia,Rajapalang,02,,,,Madhya Rajapalang,মধ্য রাজাপালং,RAP204,21.260504,92.114707,250,0,0,0,0,0,0,0,0,0,0,0,0,0,0,0,0,,,,
2235,Bangladesh,Chattogram,Cox's Bazar,Ukhia,Rajapalang,02,,,,Kashiyar Bill,কাশিয়ার বিল,RAP205,21.257144,92.118898,300,0,0,0,0,0,0,0,0,0,0,0,0,0,0,0,0,,,,
2236,Bangladesh,Chattogram,Cox's Bazar,Ukhia,Rajapalang,02,,,,Rajapalang,রাজাপালং,RAP206,21.25143,92.124056,300,0,0,0,0,0,0,0,0,0,0,0,0,0,0,0,0,,,,
2237,Bangladesh,Chattogram,Cox's Bazar,Ukhia,Rajapalang,02,,,,Rajapalang Jadi Mora,রাজাপালং জাদি মোরা,RAP207,21.257247,92.124714,300,0,0,0,0,0,0,0,0,0,0,0,0,0,0,0,0,,,,
2238,Bangladesh,Chattogram,Cox's Bazar,Ukhia,Rajapalang,02,,,,Dakkhin Pukuria,দক্ষিণ পুকুরিয়া,RAP208,21.258365,92.130393,350,0,0,0,0,0,0,0,0,0,0,0,0,0,0,0,0,,,,
2239,Bangladesh,Chattogram,Cox's Bazar,Ukhia,Rajapalang,02,,,,Dakkhin Pukuria Gayalmara,দক্ষিণ পুকুরিয়া গয়ালমারা,RAP209,21.266124,92.134834,150,0,0,0,0,0,0,0,0,0,0,0,0,0,0,0,0,,,,
2240,Bangladesh,Chattogram,Cox's Bazar,Ukhia,Rajapalang,02,,,,Rajapalang Hizlia,রাজাপালং হিজলিয়া,RAP210,21.261671,92.120714,280,0,0,0,0,0,0,0,0,0,0,0,0,0,0,0,0,,,,
2241,Bangladesh,Chattogram,Cox's Bazar,Ukhia,Rajapalang,03,,,,Bagan Pahar Para,বাগান পাহার পাড়া,RAP301,21.253639,92.110462,1000,0,0,0,0,0,0,0,0,0,0,0,0,0,0,0,0,,,,
2242,Bangladesh,Chattogram,Cox's Bazar,Ukhia,Rajapalang,03,,,,Harin Mara,হরিণ মারা,RAP302,21.244104,92.110123,1000,0,0,0,0,0,0,0,0,0,0,0,0,0,0,0,0,,,,
2243,Bangladesh,Chattogram,Cox's Bazar,Ukhia,Rajapalang,03,,,,Harasiya,হারাশিয়া,RAP303,21.249639,92.123494,800,0,0,0,0,0,0,0,0,0,0,0,0,0,0,0,0,,,,
2244,Bangladesh,Chattogram,Cox's Bazar,Ukhia,Rajapalang,03,,,,Amin Para,আমিন পাড়া,RAP304,21.244677,92.121212,300,0,0,0,0,0,0,0,0,0,0,0,0,0,0,0,0,,,,
2245,Bangladesh,Chattogram,Cox's Bazar,Ukhia,Rajapalang,03,,,,Khairati Para,খয়রাতি পাড়া,RAP305,21.23896,92.123218,800,0,0,0,0,0,0,0,0,0,0,0,0,0,0,0,0,,,,
2246,Bangladesh,Chattogram,Cox's Bazar,Ukhia,Rajapalang,03,,,,Cengkhola,চেংখোলা,RAP306,21.231268,92.126863,600,0,0,0,0,0,0,0,0,0,0,0,0,0,0,0,0,,,,
2247,Bangladesh,Chattogram,Cox's Bazar,Ukhia,Rajapalang,03,,,,Dochhari,দোছড়ি,RAP307,21.218905,92.119299,1000,0,0,0,0,0,0,0,0,0,0,0,0,0,0,0,0,,,,
2248,Bangladesh,Chattogram,Cox's Bazar,Ukhia,Rajapalang,03,,,,Jarailtoli Narsary,জারাইতলি নার্সারি,RAP308,21.218651,92.131502,200,0,0,0,0,0,0,0,0,0,0,0,0,0,0,0,0,,,,
2249,Bangladesh,Chattogram,Cox's Bazar,Ukhia,Rajapalang,03,,,,Techori Para,তেছরী পাড়া,RAP309,21.205233,92.120994,200,0,0,0,0,0,0,0,0,0,0,0,0,0,0,0,0,,,,
2250,Bangladesh,Chattogram,Cox's Bazar,Ukhia,Rajapalang,04,,,,Pashchim Diglia,পশ্চিম ডিগলিয়া,RAP401,21.263094,92.147199,1500,0,0,0,0,0,0,0,0,0,0,0,0,0,0,0,0,,,,
2251,Bangladesh,Chattogram,Cox's Bazar,Ukhia,Rajapalang,04,,,,Purbo Diglia,পূর্ব ডিগলিয়া,RAP402,21.264344,92.159709,2350,0,0,0,0,0,0,0,0,0,0,0,0,0,0,0,0,,,,
2252,Bangladesh,Chattogram,Cox's Bazar,Ukhia,Rajapalang,04,,,,Chakboitha,চাকবৈঠা,RAP403,21.269292,92.155862,850,0,0,0,0,0,0,0,0,0,0,0,0,0,0,0,0,,,,
2253,Bangladesh,Chattogram,Cox's Bazar,Ukhia,Rajapalang,05,,,,Pashchim Sikdar Bill,পশ্চিম সিকদার বিল,RAP501,21.254774,92.1319,400,0,0,0,0,0,0,0,0,0,0,0,0,0,0,0,0,,,,
2254,Bangladesh,Chattogram,Cox's Bazar,Ukhia,Rajapalang,05,,,,Purbo Sikdar Bill,পূর্ব সিকদার বিল,RAP502,21.250049,92.144787,700,0,0,0,0,0,0,0,0,0,0,0,0,0,0,0,0,,,,
2255,Bangladesh,Chattogram,Cox's Bazar,Ukhia,Rajapalang,05,,,,Madhyam Sikdar Bill,মধ্যম সিকদার বিল,RAP503,21.251015,92.139464,1000,0,0,0,0,0,0,0,0,0,0,0,0,0,0,0,0,,,,
2256,Bangladesh,Chattogram,Cox's Bazar,Ukhia,Rajapalang,05,,,,Pashchim Sikdar Bill Battoli,পশ্চিম সিকদার বিল বটতলী,RAP504,21.250792,92.131378,200,0,0,0,0,0,0,0,0,0,0,0,0,0,0,0,0,,,,
2257,Bangladesh,Chattogram,Cox's Bazar,Ukhia,Rajapalang,05,,,,Haspatal Sorok,হাসপাতাল সড়ক,RAP505,21.254331,92.128302,200,0,0,0,0,0,0,0,0,0,0,0,0,0,0,0,0,,,,
2258,Bangladesh,Chattogram,Cox's Bazar,Ukhia,Rajapalang,05,,,,Gilatoli,ঘিলাতলী,RAP506,21.245634,92.140917,500,0,0,0,0,0,0,0,0,0,0,0,0,0,0,0,0,,,,
2259,Bangladesh,Chattogram,Cox's Bazar,Ukhia,Rajapalang,05,,,,Patabari,পাতাবাড়ী,RAP507,21.248227,92.147758,500,0,0,0,0,0,0,0,0,0,0,0,0,0,0,0,0,,,,
2260,Bangladesh,Chattogram,Cox's Bazar,Ukhia,Rajapalang,05,,,,Sikdar Bill Moulovi Para,সিকদার বিল মৌলভী পাড়া,RAP508,21.257656,92.141097,500,0,0,0,0,0,0,0,0,0,0,0,0,0,0,0,0,,,,
2261,Bangladesh,Chattogram,Cox's Bazar,Ukhia,Rajapalang,05,,,,Bhuiyanpara,ভূঁইয়াপাড়া,RAP509,21.256458,92.145244,250,0,0,0,0,0,0,0,0,0,0,0,0,0,0,0,0,,,,
2262,Bangladesh,Chattogram,Cox's Bazar,Ukhia,Rajapalang,05,,,,Malvita,মালভিটা,RAP510,21.247422,92.136754,500,0,0,0,0,0,0,0,0,0,0,0,0,0,0,0,0,,,,
2263,Bangladesh,Chattogram,Cox's Bazar,Ukhia,Rajapalang,06,,,,Falia Para,ফলিয়া পাড়া,RAP601,21.233235,92.13556,1800,0,0,0,0,0,0,0,0,0,0,0,0,0,0,0,0,,,,
2264,Bangladesh,Chattogram,Cox's Bazar,Ukhia,Rajapalang,06,,,,Madhur Chara,মধুর ছড়া,RAP602,21.22062,92.143359,300,0,0,0,0,0,0,0,0,0,0,0,0,0,0,0,0,,,,
2265,Bangladesh,Chattogram,Cox's Bazar,Ukhia,Rajapalang,06,,,,Hajir Para,হাজীর পাড়া,RAP603,21.240908,92.131847,1800,0,0,0,0,0,0,0,0,0,0,0,0,0,0,0,0,,,,
2266,Bangladesh,Chattogram,Cox's Bazar,Ukhia,Rajapalang,06,,,,Muhuri Para,মুহুরী পাড়া,RAP604,21.238951,92.143339,800,0,0,0,0,0,0,0,0,0,0,0,0,0,0,0,0,,,,
2267,Bangladesh,Chattogram,Cox's Bazar,Ukhia,Rajapalang,06,,,,Ukhiya Sadar (Gilatoli),উখিয়া সদর (ঘিলাতলী),RAP605,21.244097,92.137654,600,0,0,0,0,0,0,0,0,0,0,0,0,0,0,0,0,,,,
2268,Bangladesh,Chattogram,Cox's Bazar,Ukhia,Rajapalang,06,,,,Shiler Chara,শীলের ছড়া,RAP606,21.235047,92.152797,800,0,0,0,0,0,0,0,0,0,0,0,0,0,0,0,0,,,,
2269,Bangladesh,Chattogram,Cox's Bazar,Ukhia,Rajapalang,06,,,,Maliarkul Para,মালিয়ারকুল পাড়া,RAP607,21.234435,92.127727,200,0,0,0,0,0,0,0,0,0,0,0,0,0,0,0,0,,,,
2270,Bangladesh,Chattogram,Cox's Bazar,Ukhia,Rajapalang,06,,,,Machkharia,মাছকারিয়া,RAP608,21.224725,92.140492,400,0,0,0,0,0,0,0,0,0,0,0,0,0,0,0,0,,,,
2271,Bangladesh,Chattogram,Cox's Bazar,Ukhia,Rajapalang,06,,,,Maulavi Para,মৌলভী পাড়া,RAP609,21.239698,92.136039,300,0,0,0,0,0,0,0,0,0,0,0,0,0,0,0,0,,,,
2272,Bangladesh,Chattogram,Cox's Bazar,Ukhia,Rajapalang,06,,,,Mohammad Ali Vita,মোহাম্মদ আলী ভিটা,RAP610,21.233957,92.144973,680,0,0,0,0,0,0,0,0,0,0,0,0,0,0,0,0,,,,
2273,Bangladesh,Chattogram,Cox's Bazar,Ukhia,Rajapalang,06,,,,Konar Para,কোনার পাড়া,RAP612,21.24984,92.130236,80,0,0,0,0,0,0,0,0,0,0,0,0,0,0,0,0,,,,
2274,Bangladesh,Chattogram,Cox's Bazar,Ukhia,Rajapalang,06,,,,Ukhiya Army Camp,উখিয়া আর্মি ক্যাম্প,RAP613,21.236945,92.157783,100,0,0,0,0,0,0,0,0,0,0,0,0,0,0,0,0,,,,
2275,Bangladesh,Chattogram,Cox's Bazar,Ukhia,Rajapalang,07,,,,Taipalang,টাইপালং,RAP701,21.255099,92.151267,450,0,0,0,0,0,0,0,0,0,0,0,0,0,0,0,0,,,,
2276,Bangladesh,Chattogram,Cox's Bazar,Ukhia,Rajapalang,07,,,,Purbo Taipalang,পূর্ব টাইপালং,RAP702,21.253896,92.159087,1100,0,0,0,0,0,0,0,0,0,0,0,0,0,0,0,0,,,,
2277,Bangladesh,Chattogram,Cox's Bazar,Ukhia,Rajapalang,07,,,,Dail Para,ডেইল পাড়া,RAP703,21.259744,92.1685,1000,0,0,0,0,0,0,0,0,0,0,0,0,0,0,0,0,,,,
2278,Bangladesh,Chattogram,Cox's Bazar,Ukhia,Rajapalang,07,,,,Karaybaniya,করইবনিয়া,RAP704,21.264762,92.168661,200,0,0,0,0,0,0,0,0,0,0,0,0,0,0,0,0,,,,
2279,Bangladesh,Chattogram,Cox's Bazar,Ukhia,Rajapalang,07,,,,Tulatali Para,তুলাতলী পাড়া,RAP705,21.255773,92.177406,500,0,0,0,0,0,0,0,0,0,0,0,0,0,0,0,0,,,,
2280,Bangladesh,Chattogram,Cox's Bazar,Ukhia,Rajapalang,08,,,,Purbo Dargahbill,পূর্ব দরগাহবিল,RAP801,21.246254,92.173281,1200,0,0,0,0,0,0,0,0,0,0,0,0,0,0,0,0,,,,
2281,Bangladesh,Chattogram,Cox's Bazar,Ukhia,Rajapalang,08,,,,Pashchim Dargahbill,পশ্চিম দরগাবিল,RAP802,21.248909,92.160328,1100,0,0,0,0,0,0,0,0,0,0,0,0,0,0,0,0,,,,
2282,Bangladesh,Chattogram,Cox's Bazar,Ukhia,Rajapalang,08,,,,Lombaghona,লম্বাগোনা,RAP803,21.241371,92.165739,700,0,0,0,0,0,0,0,0,0,0,0,0,0,0,0,0,,,,
2283,Bangladesh,Chattogram,Cox's Bazar,Ukhia,Rajapalang,08,,,,T&T Lombaghona,টি এন্ড টি লম্বাগোনা,RAP804,21.239909,92.15987,200,0,0,0,0,0,0,0,0,0,0,0,0,0,0,0,0,,,,
2284,Bangladesh,Chattogram,Cox's Bazar,Ukhia,Rajapalang,08,,,,Shailer Deva,শৈলের ডেবা,RAP805,21.243454,92.157838,150,0,0,0,0,0,0,0,0,0,0,0,0,0,0,0,0,,,,
2285,Bangladesh,Chattogram,Cox's Bazar,Ukhia,Rajapalang,08,,,,Guchha Gram,গুচ্ছ গ্রাম,RAP806,21.235554,92.161785,350,0,0,0,0,0,0,0,0,0,0,0,0,0,0,0,0,,,,
2286,Bangladesh,Chattogram,Cox's Bazar,Ukhia,Rajapalang,08,,,,Hazam Road Para,হাজাম রোড পাড়া,RAP807,21.234503,92.16389,200,0,0,0,0,0,0,0,0,0,0,0,0,0,0,0,0,,,,
2287,Bangladesh,Chattogram,Cox's Bazar,Ukhia,Rajapalang,09,,,,Kutupalang Purbo Para,কুতুপালং পূর্ব পাড়া,RAP901,21.226368,92.164954,1500,0,0,0,0,0,0,0,0,0,0,0,0,0,0,0,0,,,,
2288,Bangladesh,Chattogram,Cox's Bazar,Ukhia,Rajapalang,09,,,,Kutupalang Pashchim Para,কুতুপালং পশ্চিম পাড়া,RAP902,21.223902,92.159301,1000,0,0,0,0,0,0,0,0,0,0,0,0,0,0,0,0,,,,
2289,Bangladesh,Chattogram,Cox's Bazar,Ukhia,Rajapalang,09,,,,Dhoilla Ghona,ধইল্ল্যা ঘোনা,RAP903,21.232296,92.159212,500,0,0,0,0,0,0,0,0,0,0,0,0,0,0,0,0,,,,
2290,Bangladesh,Chattogram,Cox's Bazar,Ukhia,Rajapalang,09,,,,Hangar Ghona,হাঙ্গার ঘোনা,RAP904,21.233541,92.17163,500,0,0,0,0,0,0,0,0,0,0,0,0,0,0,0,0,,,,
2291,Bangladesh,Chattogram,Cox's Bazar,Ukhia,Rajapalang,09,,,,Patabari,পাতাবাড়ী,RAP905,21.242673,92.149509,1000,0,0,0,0,0,0,0,0,0,0,0,0,0,0,0,0,,,,
2292,Bangladesh,Chattogram,Cox's Bazar,Ukhia,Rajapalang,09,,,,Shailer Deva,শৈলের ডেবা,RAP906,21.243993,92.154877,1000,0,0,0,0,0,0,0,0,0,0,0,0,0,0,0,0,,,,
2293,Bangladesh,Chattogram,Cox's Bazar,Ukhia,Rajapalang,09,,,,Camp 1E,ক্যাম্প ১ই,RAP907,21.216342,92.155903,0,0,0,0,0,0,0,0,0,0,0,0,0,0,0,0,0,,,,
2294,Bangladesh,Chattogram,Cox's Bazar,Ukhia,Rajapalang,09,,,,Camp 1W,ক্যাম্প ১ ডাব্লউ,RAP908,21.21342,92.152348,0,0,0,0,0,0,0,0,0,0,0,0,0,0,0,0,0,,,,
2295,Bangladesh,Chattogram,Cox's Bazar,Ukhia,Rajapalang,09,,,,Camp 2E,ক্যাম্প ২ই,RAP909,21.207808,92.164336,0,0,0,0,0,0,0,0,0,0,0,0,0,0,0,0,0,,,,
2296,Bangladesh,Chattogram,Cox's Bazar,Ukhia,Rajapalang,09,,,,Camp 2W,ক্যাম্প ২ ডাব্লউ,RAP910,21.208917,92.158198,0,0,0,0,0,0,0,0,0,0,0,0,0,0,0,0,0,,,,
2297,Bangladesh,Chattogram,Cox's Bazar,Ukhia,Rajapalang,09,,,,Camp 3,ক্যাম্প ৩,RAP911,21.209166,92.149164,0,0,0,0,0,0,0,0,0,0,0,0,0,0,0,0,0,,,,
2298,Bangladesh,Chattogram,Cox's Bazar,Ukhia,Rajapalang,09,,,,Camp 4,ক্যাম্প ৪,RAP912,21.208249,92.142885,0,0,0,0,0,0,0,0,0,0,0,0,0,0,0,0,0,,,,
2299,Bangladesh,Chattogram,Cox's Bazar,Ukhia,Rajapalang,09,,,,Camp 4 Extension,ক্যাম্প ৪ বর্ধিত,RAP913,21.206272,92.136679,0,0,0,0,0,0,0,0,0,0,0,0,0,0,0,0,0,,,,
2300,Bangladesh,Chattogram,Cox's Bazar,Ukhia,Rajapalang,09,,,,Camp 5,ক্যাম্প ৫,RAP914,21.2022,92.150814,0,0,0,0,0,0,0,0,0,0,0,0,0,0,0,0,0,,,,
2301,Bangladesh,Chattogram,Cox's Bazar,Ukhia,Rajapalang,09,,,,Camp 6,ক্যাম্প ৬,RAP915,21.203942,92.156859,0,0,0,0,0,0,0,0,0,0,0,0,0,0,0,0,0,,,,
2302,Bangladesh,Chattogram,Cox's Bazar,Ukhia,Rajapalang,09,,,,Kutupalong RC,কুটুপালং আরসি,RAP916,21.212011,92.164021,0,0,0,0,0,0,0,0,0,0,0,0,0,0,0,0,0,,,,
2303,Bangladesh,Chattogram,Cox's Bazar,Ukhia,Ratnapalang,01,,,,Court Bajar,কোর্ট বাজার,RAT101,21.278004,92.10243,500,0,0,0,0,0,0,0,0,0,0,0,0,0,0,0,0,,,,
2304,Bangladesh,Chattogram,Cox's Bazar,Ukhia,Ratnapalang,01,,,,Khondoker Para,খোন্দকার পাড়া,RAT102,21.278135,92.106077,800,0,0,0,0,0,0,0,0,0,0,0,0,0,0,0,0,,,,
2305,Bangladesh,Chattogram,Cox's Bazar,Ukhia,Ratnapalang,01,,,,Madhya Ratna Palong,মধ্য রত্না পালং,RAT103,21.278729,92.112224,800,0,0,0,0,0,0,0,0,0,0,0,0,0,0,0,0,,,,
2306,Bangladesh,Chattogram,Cox's Bazar,Ukhia,Ratnapalang,01,,,,Purba Ratnapalong,পূর্ব রত্নাপালং,RAT104,21.280481,92.120177,600,0,0,0,0,0,0,0,0,0,0,0,0,0,0,0,0,,,,
2307,Bangladesh,Chattogram,Cox's Bazar,Ukhia,Ratnapalang,01,,,,Amir Jan Baper Para,আমির জান বাপের পাড়া,RAT105,21.283386,92.123997,300,0,0,0,0,0,0,0,0,0,0,0,0,0,0,0,0,,,,
2308,Bangladesh,Chattogram,Cox's Bazar,Ukhia,Ratnapalang,01,,,,Matabbar Para,মাতব্বর পাড়া,RAT106,21.28351,92.128671,400,0,0,0,0,0,0,0,0,0,0,0,0,0,0,0,0,,,,
2309,Bangladesh,Chattogram,Cox's Bazar,Ukhia,Ratnapalang,01,,,,Hakim Ali Matobbor Para,হাকিম আলী মাতবর পাড়া,RAT107,21.290164,92.127536,500,0,0,0,0,0,0,0,0,0,0,0,0,0,0,0,0,,,,
2310,Bangladesh,Chattogram,Cox's Bazar,Ukhia,Ratnapalang,01,,,,Sardar Para,সর্দার পাড়া,RAT108,21.290314,92.129719,600,0,0,0,0,0,0,0,0,0,0,0,0,0,0,0,0,,,,
2311,Bangladesh,Chattogram,Cox's Bazar,Ukhia,Ratnapalang,02,,,,Matabbar Para,মাতব্বর পাড়া,RAT201,21.285186,92.137116,2500,0,0,0,0,0,0,0,0,0,0,0,0,0,0,0,0,,,,
2312,Bangladesh,Chattogram,Cox's Bazar,Ukhia,Ratnapalang,02,,,,Bazar Para,বাজার পাড়া,RAT202,21.288699,92.141841,250,0,0,0,0,0,0,0,0,0,0,0,0,0,0,0,0,,,,
2313,Bangladesh,Chattogram,Cox's Bazar,Ukhia,Ratnapalang,02,,,,Majher Para,মাঝের পাড়া,RAT203,21.292504,92.13924,800,0,0,0,0,0,0,0,0,0,0,0,0,0,0,0,0,,,,
2314,Bangladesh,Chattogram,Cox's Bazar,Ukhia,Ratnapalang,02,,,,Thimchhari Para,থিমছড়ি পাড়া,RAT204,21.296555,92.14026,1200,0,0,0,0,0,0,0,0,0,0,0,0,0,0,0,0,,,,
2315,Bangladesh,Chattogram,Cox's Bazar,Ukhia,Ratnapalang,02,,,,Absar Baper Para,আবছার বাপের পাড়া,RAT205,21.293264,92.133917,500,0,0,0,0,0,0,0,0,0,0,0,0,0,0,0,0,,,,
2316,Bangladesh,Chattogram,Cox's Bazar,Ukhia,Ratnapalang,02,,,,Uttar Sardar Para,উত্তর সর্দার পাড়া,RAT206,21.293605,92.130697,500,0,0,0,0,0,0,0,0,0,0,0,0,0,0,0,0,,,,
2317,Bangladesh,Chattogram,Cox's Bazar,Ukhia,Ratnapalang,02,,,,Sardar Para,সর্দার পাড়া,RAT207,21.289697,92.130706,400,0,0,0,0,0,0,0,0,0,0,0,0,0,0,0,0,,,,
2318,Bangladesh,Chattogram,Cox's Bazar,Ukhia,Ratnapalang,02,,,,Kalar Para,কালার পাড়া,RAT208,21.290783,92.133054,500,0,0,0,0,0,0,0,0,0,0,0,0,0,0,0,0,,,,
2319,Bangladesh,Chattogram,Cox's Bazar,Ukhia,Ratnapalang,03,,,,Thimchhari Para,থিমছড়ি পাড়া,RAT301,21.295142,92.149271,1000,0,0,0,0,0,0,0,0,0,0,0,0,0,0,0,0,,,,
2320,Bangladesh,Chattogram,Cox's Bazar,Ukhia,Ratnapalang,03,,,,Majher Para,মাঝের পাড়া,RAT302,21.292433,92.145788,800,0,0,0,0,0,0,0,0,0,0,0,0,0,0,0,0,,,,
2321,Bangladesh,Chattogram,Cox's Bazar,Ukhia,Ratnapalang,03,,,,Khalur Baper Para,খলুর বাপের পাড়া,RAT303,21.286632,92.14625,400,0,0,0,0,0,0,0,0,0,0,0,0,0,0,0,0,,,,
2322,Bangladesh,Chattogram,Cox's Bazar,Ukhia,Ratnapalang,03,,,,Tulatali,তুলাতলী,RAT304,21.289145,92.15661,1000,0,0,0,0,0,0,0,0,0,0,0,0,0,0,0,0,,,,
2323,Bangladesh,Chattogram,Cox's Bazar,Ukhia,Ratnapalang,03,,,,Tulatali Purbakul,তুলাতলী পূর্বকূল,RAT305,21.292161,92.159696,1000,0,0,0,0,0,0,0,0,0,0,0,0,0,0,0,0,,,,
2324,Bangladesh,Chattogram,Cox's Bazar,Ukhia,Ratnapalang,03,,,,Purba Thimchari Para,পূর্ব থিমছড়ি পাড়া,RAT306,21.297224,92.1568,1400,0,0,0,0,0,0,0,0,0,0,0,0,0,0,0,0,,,,
2325,Bangladesh,Chattogram,Cox's Bazar,Ukhia,Ratnapalang,04,,,,Faiza Baper Para,ফৈজা বাপের পাড়া,RAT401,21.284383,92.14786,1500,0,0,0,0,0,0,0,0,0,0,0,0,0,0,0,0,,,,
2326,Bangladesh,Chattogram,Cox's Bazar,Ukhia,Ratnapalang,04,,,,Tulatali Para,তুলাতলী পাড়া,RAT402,21.285137,92.157128,1000,0,0,0,0,0,0,0,0,0,0,0,0,0,0,0,0,,,,
2327,Bangladesh,Chattogram,Cox's Bazar,Ukhia,Ratnapalang,04,,,,Amtali Para,আমতলী পাড়া,RAT403,21.280043,92.143879,1200,0,0,0,0,0,0,0,0,0,0,0,0,0,0,0,0,,,,
2328,Bangladesh,Chattogram,Cox's Bazar,Ukhia,Ratnapalang,04,,,,Haru Fakir Para,হারু ফকির পাড়া,RAT404,21.280651,92.137673,1500,0,0,0,0,0,0,0,0,0,0,0,0,0,0,0,0,,,,
2329,Bangladesh,Chattogram,Cox's Bazar,Ukhia,Ratnapalang,05,,,,Chakboitha,চাকবৈঠা,RAT501,21.274105,92.157151,4000,0,0,0,0,0,0,0,0,0,0,0,0,0,0,0,0,,,,
2330,Bangladesh,Chattogram,Cox's Bazar,Ukhia,Ratnapalang,05,,,,Koroibonia Para,করইবনিয়া পাড়া,RAT502,21.270898,92.166883,2500,0,0,0,0,0,0,0,0,0,0,0,0,0,0,0,0,,,,
2331,Bangladesh,Chattogram,Cox's Bazar,Ukhia,Ratnapalang,05,,,,Chakboitha Natun Para,চাকবৈঠা নতুন পাড়া,RAT503,21.279177,92.151092,400,0,0,0,0,0,0,0,0,0,0,0,0,0,0,0,0,,,,
2332,Bangladesh,Chattogram,Cox's Bazar,Ukhia,Ratnapalang,06,,,,Goyalmara,গয়ালমারা,RAT601,21.271757,92.143307,2000,0,0,0,0,0,0,0,0,0,0,0,0,0,0,0,0,,,,
2333,Bangladesh,Chattogram,Cox's Bazar,Ukhia,Ratnapalang,06,,,,Kamriyarbil,কামরিয়ারবিল,RAT602,21.276151,92.133456,1000,0,0,0,0,0,0,0,0,0,0,0,0,0,0,0,0,,,,
2334,Bangladesh,Chattogram,Cox's Bazar,Ukhia,Ratnapalang,06,,,,Jafar Fallan Para,জাফর ফল্লান পাড়া,RAT603,21.27904,92.128782,1300,0,0,0,0,0,0,0,0,0,0,0,0,0,0,0,0,,,,
2335,Bangladesh,Chattogram,Cox's Bazar,Ukhia,Ratnapalang,07,,,,Teli Para,তেলী পাড়া,RAT701,21.270264,92.114942,3500,0,0,0,0,0,0,0,0,0,0,0,0,0,0,0,0,,,,
2336,Bangladesh,Chattogram,Cox's Bazar,Ukhia,Ratnapalang,07,,,,Dakkhin Ruhullar Deba Para,দক্ষিণ রুহুল্লার ডেবা পাড়া,RAT702,21.272384,92.118771,1300,0,0,0,0,0,0,0,0,0,0,0,0,0,0,0,0,,,,
2337,Bangladesh,Chattogram,Cox's Bazar,Ukhia,Ratnapalang,08,,,,Tek Para,টেক পাড়া,RAT801,21.273832,92.107658,2000,0,0,0,0,0,0,0,0,0,0,0,0,0,0,0,0,,,,
2338,Bangladesh,Chattogram,Cox's Bazar,Ukhia,Ratnapalang,08,,,,Uttar Ruhullar Deba Para,উত্তর রুহুল্লার ডেবা পাড়া,RAT802,21.276077,92.121998,1500,0,0,0,0,0,0,0,0,0,0,0,0,0,0,0,0,,,,
2339,Bangladesh,Chattogram,Cox's Bazar,Ukhia,Ratnapalang,09,,,,Pashchim Ratnapalong,পশ্চিম রত্নাপালং,RAT901,21.27361,92.101785,400,0,0,0,0,0,0,0,0,0,0,0,0,0,0,0,0,,,,
2340,Bangladesh,Chattogram,Cox's Bazar,Ukhia,Ratnapalang,09,,,,Sadrikata,সাদৃকাটা,RAT902,21.266748,92.108424,1500,0,0,0,0,0,0,0,0,0,0,0,0,0,0,0,0,,,,
