SL,Country,Division,District,Upazila,Union,Ward No,Name of SK/SHW,Desig.,Name of SS,Village Name (English),"Village Name 
(Bangla)","Village 
Code",Latitude,Longitute,Population,HH Number,"2026 
(Active LLINs)","2025
(Active LLINs)","2024
(Active LLINs)",January,February,March,April,May,June,July,August,September,October,November,December,"Name of
 MMW, 
Health 
post &
CHW(C)","Village 
Distance
 from 
upazila office (KM)","Name of Border
 with others
 country","Others
 Activities
(TDA/Dev care)"
1,Bangladesh,Chattogram,Khagrachhari,Dighinala,Babuchhara,01,,,,Dadan Karbari Para,দাদন কারবারি পাড়া,BAB101,23.330325,92.037638,950,0,0,0,0,0,0,0,0,0,0,0,0,0,0,0,0,,,,
2,Bangladesh,Chattogram,Khagrachhari,Dighinala,Babuchhara,01,,,,Babuchhara Bazar,বাবুছড়া বাজার,BAB102,23.337163,92.035917,1150,0,0,0,0,0,0,0,0,0,0,0,0,0,0,0,0,,,,
3,Bangladesh,Chattogram,Khagrachhari,Dighinala,Babuchhara,02,,,,Moggya Karbari Para,মগ্যা কারবারি পাড়া,BAB201,23.343573,92.035029,750,0,0,0,0,0,0,0,0,0,0,0,0,0,0,0,0,,,,
4,Bangladesh,Chattogram,Khagrachhari,Dighinala,Babuchhara,02,,,,Sahadeb Karbari Para,সহদেব কারবারি পাড়া,BAB202,23.352687,92.031294,500,0,0,0,0,0,0,0,0,0,0,0,0,0,0,0,0,,,,
5,Bangladesh,Chattogram,Khagrachhari,Dighinala,Babuchhara,02,,,,Rokchandra Mahajon Para,রোকচন্দ্র মহাজন পাড়া,BAB203,23.357357,92.033806,650,0,0,0,0,0,0,0,0,0,0,0,0,0,0,0,0,,,,
6,Bangladesh,Chattogram,Khagrachhari,Dighinala,Babuchhara,02,,,,Kandara Karbari Para,কান্দারা কারবারি পাড়া,BAB204,23.363766,92.03811,300,0,0,0,0,0,0,0,0,0,0,0,0,0,0,0,0,,,,
7,Bangladesh,Chattogram,Khagrachhari,Dighinala,Babuchhara,03,,,,Shachindra Karbari Para,শচীন্দ্র কারবারি পাড়া,BAB301,23.3642,92.028344,400,0,0,0,0,0,0,0,0,0,0,0,0,0,0,0,0,,,,
8,Bangladesh,Chattogram,Khagrachhari,Dighinala,Babuchhara,03,,,,Rabichandra Karbari Para,রবিচন্দ্র কারবারি পাড়া,BAB302,23.383899,92.034815,250,0,0,0,0,0,0,0,0,0,0,0,0,0,0,0,0,,,,
9,Bangladesh,Chattogram,Khagrachhari,Dighinala,Babuchhara,03,,,,Natun Chandra Karbari Para,নতুন চন্দ্র কারবারি পাড়া,BAB303,23.382502,92.023296,646,0,0,0,0,0,0,0,0,0,0,0,0,0,0,0,0,,,,
10,Bangladesh,Chattogram,Khagrachhari,Dighinala,Babuchhara,04,,,,Badan Kumar Karbari Para,বদন কুমার কারবারি পাড়া,BAB401,23.330321,92.006932,210,0,0,0,0,0,0,0,0,0,0,0,0,0,0,0,0,,,,
11,Bangladesh,Chattogram,Khagrachhari,Dighinala,Babuchhara,04,,,,Khonsing Karbari Para,খনসিং কারবারি পাড়া,BAB402,23.340529,92.007042,40,0,0,0,0,0,0,0,0,0,0,0,0,0,0,0,0,,,,
12,Bangladesh,Chattogram,Khagrachhari,Dighinala,Babuchhara,04,,,,Biddya Kumar Karbari Para,বিদ্যা কুমার কারবারি পাড়া,BAB403,23.324688,92.008781,15,0,0,0,0,0,0,0,0,0,0,0,0,0,0,0,0,,,,
13,Bangladesh,Chattogram,Khagrachhari,Dighinala,Babuchhara,04,,,,Ketuchandra Karbari Para,কেতুচন্দ্র কারবারি পাড়া,BAB404,23.344548,92.031802,260,0,0,0,0,0,0,0,0,0,0,0,0,0,0,0,0,,,,
14,Bangladesh,Chattogram,Khagrachhari,Dighinala,Babuchhara,04,,,,Nunchhari DP Para,নুনছড়ি ডিপি পাড়া,BAB405,23.326712,92.028874,520,0,0,0,0,0,0,0,0,0,0,0,0,0,0,0,0,,,,
15,Bangladesh,Chattogram,Khagrachhari,Dighinala,Babuchhara,04,,,,Nunchhari Chowdhury Para,নুনছড়ি চৌধুরী পাড়া,BAB406,23.3386,92.02851,445,0,0,0,0,0,0,0,0,0,0,0,0,0,0,0,0,,,,
16,Bangladesh,Chattogram,Khagrachhari,Dighinala,Babuchhara,05,,,,Tarit Kanti Karbari Para,তড়িত কান্তি কারবারি পাড়া,BAB501,23.345201,92.027419,285,0,0,0,0,0,0,0,0,0,0,0,0,0,0,0,0,,,,
17,Bangladesh,Chattogram,Khagrachhari,Dighinala,Babuchhara,05,,,,Sursen Karbari Para,সুরসেন কারবারি পাড়া,BAB502,23.350012,92.023066,405,0,0,0,0,0,0,0,0,0,0,0,0,0,0,0,0,,,,
18,Bangladesh,Chattogram,Khagrachhari,Dighinala,Babuchhara,05,,,,Indramoni Karbari Para,ইন্দ্রমণি কারবারি পাড়া,BAB503,23.356685,92.02498,220,0,0,0,0,0,0,0,0,0,0,0,0,0,0,0,0,,,,
19,Bangladesh,Chattogram,Khagrachhari,Dighinala,Babuchhara,05,,,,Sadhanchandra Karbari Para,সাধনচন্দ্র কারবারি পাড়া,BAB504,23.365345,92.016378,84,0,0,0,0,0,0,0,0,0,0,0,0,0,0,0,0,,,,
20,Bangladesh,Chattogram,Khagrachhari,Dighinala,Babuchhara,05,,,,Kiron Kumar Karbari Para,কিরণ কুমার কারবারি পাড়া,BAB505,23.364732,92.009121,280,0,0,0,0,0,0,0,0,0,0,0,0,0,0,0,0,,,,
21,Bangladesh,Chattogram,Khagrachhari,Dighinala,Babuchhara,06,,,,Bagan Kumar Karbari Para,বাগান কুমার কারবারি পাড়া,BAB601,23.377713,91.999218,13,0,0,0,0,0,0,0,0,0,0,0,0,0,0,0,0,,,,
22,Bangladesh,Chattogram,Khagrachhari,Dighinala,Babuchhara,06,,,,Gandhi Kumar Karbari Para,গান্ধী কুমার কারবারি পাড়া,BAB602,23.375697,91.997651,70,0,0,0,0,0,0,0,0,0,0,0,0,0,0,0,0,,,,
23,Bangladesh,Chattogram,Khagrachhari,Dighinala,Babuchhara,06,,,,Gadachan Karbarei Para,গদাচান কারবারি পাড়া,BAB603,23.372353,92.007035,135,0,0,0,0,0,0,0,0,0,0,0,0,0,0,0,0,,,,
24,Bangladesh,Chattogram,Khagrachhari,Dighinala,Babuchhara,06,,,,Birendra Headman Para,বীরেন্দ্র হেডম্যান পাড়া,BAB604,23.386563,92.014459,125,0,0,0,0,0,0,0,0,0,0,0,0,0,0,0,0,,,,
25,Bangladesh,Chattogram,Khagrachhari,Dighinala,Babuchhara,06,,,,Bangali Chan Karbari Para,বাঙালি চান কারবারি পাড়া,BAB605,23.378688,92.01292,140,0,0,0,0,0,0,0,0,0,0,0,0,0,0,0,0,,,,
26,Bangladesh,Chattogram,Khagrachhari,Dighinala,Babuchhara,06,,,,Nandalal Karbari Para,নন্দলাল কারবারি পাড়া,BAB606,23.395647,92.018377,150,0,0,0,0,0,0,0,0,0,0,0,0,0,0,0,0,,,,
27,Bangladesh,Chattogram,Khagrachhari,Dighinala,Babuchhara,07,,,,Jogesh Chandra Karbari Para,যোগেশ চন্দ্র কারবারি পাড়া,BAB701,23.405706,92.004454,330,0,0,0,0,0,0,0,0,0,0,0,0,0,0,0,0,,,,
28,Bangladesh,Chattogram,Khagrachhari,Dighinala,Babuchhara,07,,,,Bhuddhadhan Karbari Para,বুদ্ধধান কারবারি পাড়া,BAB702,23.424757,92.003296,60,0,0,0,0,0,0,0,0,0,0,0,0,0,0,0,0,,,,
29,Bangladesh,Chattogram,Khagrachhari,Dighinala,Babuchhara,07,,,,Sadhanchandra Karbari Para,সাধনচন্দ্র কারবারি পাড়া,BAB703,23.426988,91.999746,50,0,0,0,0,0,0,0,0,0,0,0,0,0,0,0,0,,,,
30,Bangladesh,Chattogram,Khagrachhari,Dighinala,Babuchhara,07,,,,Purnojoy Karbari Para,পূর্ণজয় কারবারি পাড়া,BAB704,23.386422,91.992418,75,0,0,0,0,0,0,0,0,0,0,0,0,0,0,0,0,,,,
31,Bangladesh,Chattogram,Khagrachhari,Dighinala,Babuchhara,07,,,,Kalendra Karbari Para,কালেন্দ্র কারবারি পাড়া,BAB705,23.451854,91.999464,260,0,0,0,0,0,0,0,0,0,0,0,0,0,0,0,0,,,,
32,Bangladesh,Chattogram,Khagrachhari,Dighinala,Babuchhara,07,,,,Shaluya Karbari Para,শালুয়া কারবারি পাড়া,BAB706,23.434997,92.005984,180,0,0,0,0,0,0,0,0,0,0,0,0,0,0,0,0,,,,
33,Bangladesh,Chattogram,Khagrachhari,Dighinala,Babuchhara,07,,,,Binanda Kumar Karbari Para,বিনন্দ কুমার কারবারি পাড়া,BAB707,23.418142,92.004078,240,0,0,0,0,0,0,0,0,0,0,0,0,0,0,0,0,,,,
34,Bangladesh,Chattogram,Khagrachhari,Dighinala,Babuchhara,08,,,,Ashwini Karbari Para,অশ্বিনী কারবারি পাড়া,BAB801,23.45571,91.998664,130,0,0,0,0,0,0,0,0,0,0,0,0,0,0,0,0,,,,
35,Bangladesh,Chattogram,Khagrachhari,Dighinala,Babuchhara,08,,,,Manorath Talukdar Para,মনোরথ তালুকদার পাড়া,BAB802,23.470982,91.997052,335,0,0,0,0,0,0,0,0,0,0,0,0,0,0,0,0,,,,
36,Bangladesh,Chattogram,Khagrachhari,Dighinala,Babuchhara,08,,,,Ashwini Kumar Karbari Para,অশ্বিনী কুমার কারবারি পাড়া,BAB803,23.473645,91.986875,140,0,0,0,0,0,0,0,0,0,0,0,0,0,0,0,0,,,,
37,Bangladesh,Chattogram,Khagrachhari,Dighinala,Babuchhara,08,,,,Shyamachharan Karbari Para,শ্যামাচরণ কারবারি পাড়া,BAB804,23.444542,91.990275,332,0,0,0,0,0,0,0,0,0,0,0,0,0,0,0,0,,,,
38,Bangladesh,Chattogram,Khagrachhari,Dighinala,Babuchhara,08,,,,Chandra Mohan Karbari Parea,চন্দ্র মোহন কারবারি পাড়া,BAB805,23.411799,91.996829,168,0,0,0,0,0,0,0,0,0,0,0,0,0,0,0,0,,,,
39,Bangladesh,Chattogram,Khagrachhari,Dighinala,Babuchhara,09,,,,Akasya Karbari Para,অকস্যা কারবারি পাড়া,BAB901,23.496484,91.992363,375,0,0,0,0,0,0,0,0,0,0,0,0,0,0,0,0,,,,
40,Bangladesh,Chattogram,Khagrachhari,Dighinala,Babuchhara,09,,,,Aralya Karbari Para,আরাল্যা কারবারি পাড়া,BAB902,23.485984,91.992581,321,0,0,0,0,0,0,0,0,0,0,0,0,0,0,0,0,,,,
41,Bangladesh,Chattogram,Khagrachhari,Dighinala,Babuchhara,09,,,,Dewan Para,দেওয়ান পাড়া,BAB903,23.520961,91.986756,315,0,0,0,0,0,0,0,0,0,0,0,0,0,0,0,0,,,,
42,Bangladesh,Chattogram,Khagrachhari,Dighinala,Babuchhara,09,,,,Usharam Karbari Para,ঊষারাম কারবারি পাড়া,BAB904,23.547389,91.978643,300,0,0,0,0,0,0,0,0,0,0,0,0,0,0,0,0,,,,
43,Bangladesh,Chattogram,Khagrachhari,Dighinala,Babuchhara,09,,,,Dharash Chandra Karbari Para,ধারাস চন্দ্র কারবারি পাড়া,BAB905,23.509286,91.991151,270,0,0,0,0,0,0,0,0,0,0,0,0,0,0,0,0,,,,
44,Bangladesh,Chattogram,Khagrachhari,Dighinala,Babuchhara,09,,,,Kukiya Tali Camp,কুকিয়া তলি ক্যাম্প,BAB906,23.577887,91.967528,0,0,0,0,0,0,0,0,0,0,0,0,0,0,0,0,0,,,,
45,Bangladesh,Chattogram,Khagrachhari,Dighinala,Babuchhara,09,,,,Uttar Lakkachhari BGB Camp,উত্তর লক্কাছড়ি বিজিবি ক্যাম্প,BAB907,23.722878,91.958411,0,0,0,0,0,0,0,0,0,0,0,0,0,0,0,0,0,,,,
46,Bangladesh,Chattogram,Khagrachhari,Dighinala,Babuchhara,09,,,,BGB Camp,বিজিবি ক্যাম্প,BAB909,23.627889,91.962069,0,0,0,0,0,0,0,0,0,0,0,0,0,0,0,0,0,,,,
47,Bangladesh,Chattogram,Khagrachhari,Dighinala,Babuchhara,09,,,,Kukiyatali Para,কুকিয়াতলি পাড়া,BAB910,23.619043,91.960829,200,0,0,0,0,0,0,0,0,0,0,0,0,0,0,0,0,,,,
48,Bangladesh,Chattogram,Khagrachhari,Dighinala,Babuchhara,09,,,,Shamukchhari,শামুকছড়ি,BAB911,23.497887,92.059523,300,0,0,0,0,0,0,0,0,0,0,0,0,0,0,0,0,,,,
49,Bangladesh,Chattogram,Khagrachhari,Dighinala,Babuchhara,09,,,,Babuchhara BGB Camp,বাবুছড়া বিজিবি ক্যাম্প,BAB915,23.671901,91.946168,0,0,0,0,0,0,0,0,0,0,0,0,0,0,0,0,0,,,,
50,Bangladesh,Chattogram,Khagrachhari,Dighinala,Boalkhali,01,,,,Battali,বটতলী,BOA101,23.307667,92.044248,150,0,0,0,0,0,0,0,0,0,0,0,0,0,0,0,0,,,,
51,Bangladesh,Chattogram,Khagrachhari,Dighinala,Boalkhali,01,,,,Dakkhin Katarung,দক্ষিণ কাটারুং,BOA102,23.314011,92.040471,230,0,0,0,0,0,0,0,0,0,0,0,0,0,0,0,0,,,,
52,Bangladesh,Chattogram,Khagrachhari,Dighinala,Boalkhali,01,,,,Uttar Katarong,উত্তর কাটারঙ,BOA103,23.319014,92.039631,180,0,0,0,0,0,0,0,0,0,0,0,0,0,0,0,0,,,,
53,Bangladesh,Chattogram,Khagrachhari,Dighinala,Boalkhali,01,,,,4 No. Joutha Khamar,৪ নং যৌথ খামার,BOA104,23.310116,92.035348,310,0,0,0,0,0,0,0,0,0,0,0,0,0,0,0,0,,,,
54,Bangladesh,Chattogram,Khagrachhari,Dighinala,Boalkhali,01,,,,Ramratan Para,রামরতন পাড়া,BOA105,23.313176,92.027883,350,0,0,0,0,0,0,0,0,0,0,0,0,0,0,0,0,,,,
55,Bangladesh,Chattogram,Khagrachhari,Dighinala,Boalkhali,02,,,,Tevanchhara,তেভানছড়া,BOA201,23.301862,92.040157,800,0,0,0,0,0,0,0,0,0,0,0,0,0,0,0,0,,,,
56,Bangladesh,Chattogram,Khagrachhari,Dighinala,Boalkhali,02,,,,Nil Para,নীল পাড়া,BOA202,23.301647,92.028514,350,0,0,0,0,0,0,0,0,0,0,0,0,0,0,0,0,,,,
57,Bangladesh,Chattogram,Khagrachhari,Dighinala,Boalkhali,02,,,,Uttar Chatok Chhara,উত্তর ছাতক ছড়া,BOA203,23.282043,92.045948,250,0,0,0,0,0,0,0,0,0,0,0,0,0,0,0,0,,,,
58,Bangladesh,Chattogram,Khagrachhari,Dighinala,Boalkhali,02,,,,Karaitali Para,কড়ইতলি পাড়া,BOA204,23.270667,92.038123,120,0,0,0,0,0,0,0,0,0,0,0,0,0,0,0,0,,,,
59,Bangladesh,Chattogram,Khagrachhari,Dighinala,Boalkhali,03,,,,Rangi Para,রাঙ্গি পাড়া,BOA301,23.277227,92.051038,280,0,0,0,0,0,0,0,0,0,0,0,0,0,0,0,0,,,,
60,Bangladesh,Chattogram,Khagrachhari,Dighinala,Boalkhali,03,,,,Birbahu Karbari Para,বীরবাহু কারবারি পাড়া,BOA302,23.278878,92.045431,80,0,0,0,0,0,0,0,0,0,0,0,0,0,0,0,0,,,,
61,Bangladesh,Chattogram,Khagrachhari,Dighinala,Boalkhali,03,,,,1 No. Katarung Joutha Khamar,১ নং কাটারুং যৌথ খামার,BOA303,23.276738,92.036843,400,0,0,0,0,0,0,0,0,0,0,0,0,0,0,0,0,,,,
62,Bangladesh,Chattogram,Khagrachhari,Dighinala,Boalkhali,03,,,,2 No.Katarung Joutha Khamar,২ নং কাটারুং যৌথ খামার,BOA304,23.281604,92.033105,250,0,0,0,0,0,0,0,0,0,0,0,0,0,0,0,0,,,,
63,Bangladesh,Chattogram,Khagrachhari,Dighinala,Boalkhali,03,,,,3 No. Katarung Joutha Khamar,৩ নং কাটারুং যৌথ খামার,BOA305,23.283504,92.036922,250,0,0,0,0,0,0,0,0,0,0,0,0,0,0,0,0,,,,
64,Bangladesh,Chattogram,Khagrachhari,Dighinala,Boalkhali,03,,,,Babhrubahan Headman Para,বভ্রুবাহন হেডম্যান পাড়া,BOA306,23.286443,92.031256,250,0,0,0,0,0,0,0,0,0,0,0,0,0,0,0,0,,,,
65,Bangladesh,Chattogram,Khagrachhari,Dighinala,Boalkhali,03,,,,Dakkhin Nowka chhara,দক্ষিণ নৌকা ছড়া,BOA307,23.287388,92.045944,250,0,0,0,0,0,0,0,0,0,0,0,0,0,0,0,0,,,,
66,Bangladesh,Chattogram,Khagrachhari,Dighinala,Boalkhali,03,,,,Uttar Nowka chhara Para,উত্তর নৌকা ছড়া পাড়া,BOA308,23.292783,92.042058,300,0,0,0,0,0,0,0,0,0,0,0,0,0,0,0,0,,,,
67,Bangladesh,Chattogram,Khagrachhari,Dighinala,Boalkhali,03,,,,Nouka chhara Master Para,নৌকা ছড়া মাস্টার পাড়া,BOA309,23.292562,92.03182,400,0,0,0,0,0,0,0,0,0,0,0,0,0,0,0,0,,,,
68,Bangladesh,Chattogram,Khagrachhari,Dighinala,Boalkhali,03,,,,Bhitar Boalkhali,ভিতর বোয়ালখালী,BOA310,23.28696,92.007649,200,0,0,0,0,0,0,0,0,0,0,0,0,0,0,0,0,,,,
69,Bangladesh,Chattogram,Khagrachhari,Dighinala,Boalkhali,04,,,,Thana Bazar,থানা বাজার,BOA401,23.253731,92.066162,300,0,0,0,0,0,0,0,0,0,0,0,0,0,0,0,0,,,,
70,Bangladesh,Chattogram,Khagrachhari,Dighinala,Boalkhali,04,,,,Uttar Thana Para,উত্তর থানা পাড়া,BOA402,23.254885,92.061858,400,0,0,0,0,0,0,0,0,0,0,0,0,0,0,0,0,,,,
71,Bangladesh,Chattogram,Khagrachhari,Dighinala,Boalkhali,04,,,,Pashchim Thana Para,পশ্চিম থানা পাড়া,BOA403,23.252738,92.06184,5000,0,0,0,0,0,0,0,0,0,0,0,0,0,0,0,0,,,,
72,Bangladesh,Chattogram,Khagrachhari,Dighinala,Boalkhali,04,,,,Madhya Thana Para,মধ্য থানা পাড়া,BOA404,23.249454,92.064231,700,0,0,0,0,0,0,0,0,0,0,0,0,0,0,0,0,,,,
73,Bangladesh,Chattogram,Khagrachhari,Dighinala,Boalkhali,04,,,,College Tila,কলেজ টিলা,BOA405,23.241811,92.065382,1000,0,0,0,0,0,0,0,0,0,0,0,0,0,0,0,0,,,,
74,Bangladesh,Chattogram,Khagrachhari,Dighinala,Boalkhali,04,,,,Purba Thana Para,পূর্ব থানা পাড়া,BOA406,23.247795,92.068316,500,0,0,0,0,0,0,0,0,0,0,0,0,0,0,0,0,,,,
75,Bangladesh,Chattogram,Khagrachhari,Dighinala,Boalkhali,05,,,,Pomangpara,পোমাংপাড়া,BOA501,23.250509,92.056892,350,0,0,0,0,0,0,0,0,0,0,0,0,0,0,0,0,,,,
76,Bangladesh,Chattogram,Khagrachhari,Dighinala,Boalkhali,05,,,,Chappa Para,চাপ্পা পাড়া,BOA502,23.250151,92.042396,280,0,0,0,0,0,0,0,0,0,0,0,0,0,0,0,0,,,,
77,Bangladesh,Chattogram,Khagrachhari,Dighinala,Boalkhali,05,,,,Ashwini Mahajan Para,অশ্বিনী মহাজন পাড়া,BOA503,23.263774,92.043441,500,0,0,0,0,0,0,0,0,0,0,0,0,0,0,0,0,,,,
78,Bangladesh,Chattogram,Khagrachhari,Dighinala,Boalkhali,05,,,,Chitta Membar Para,চিত্ত মেম্বার পাড়া,BOA504,23.259837,92.041477,250,0,0,0,0,0,0,0,0,0,0,0,0,0,0,0,0,,,,
79,Bangladesh,Chattogram,Khagrachhari,Dighinala,Boalkhali,06,,,,Vogirath Para,ভগীরথ পাড়া,BOA601,23.242343,92.059451,219,0,0,0,0,0,0,0,0,0,0,0,0,0,0,0,0,,,,
80,Bangladesh,Chattogram,Khagrachhari,Dighinala,Boalkhali,06,,,,Kurighar Para,কুড়িঘর পাড়া,BOA602,23.246327,92.043858,230,0,0,0,0,0,0,0,0,0,0,0,0,0,0,0,0,,,,
81,Bangladesh,Chattogram,Khagrachhari,Dighinala,Boalkhali,06,,,,3 No. Joutha Khamar,৩ নং যৌথ খামার,BOA603,23.274068,92.043789,250,0,0,0,0,0,0,0,0,0,0,0,0,0,0,0,0,,,,
82,Bangladesh,Chattogram,Khagrachhari,Dighinala,Boalkhali,06,,,,Nilbaron Karbari Para,নীলবরন কারবারি পাড়া,BOA604,23.266632,92.049897,716,0,0,0,0,0,0,0,0,0,0,0,0,0,0,0,0,,,,
83,Bangladesh,Chattogram,Khagrachhari,Dighinala,Boalkhali,06,,,,Chandrajoi Mastar Para,চন্দ্রজয় মাস্টার পাড়া,BOA605,23.267246,92.055221,542,0,0,0,0,0,0,0,0,0,0,0,0,0,0,0,0,,,,
84,Bangladesh,Chattogram,Khagrachhari,Dighinala,Boalkhali,06,,,,Tula Para,তুলা পাড়া,BOA606,23.258826,92.055137,142,0,0,0,0,0,0,0,0,0,0,0,0,0,0,0,0,,,,
85,Bangladesh,Chattogram,Khagrachhari,Dighinala,Boalkhali,07,,,,Boalkhali Puratan Bazar,বোয়ালখালী পুরাতন বাজার,BOA701,23.230157,92.072268,1000,0,0,0,0,0,0,0,0,0,0,0,0,0,0,0,0,,,,
86,Bangladesh,Chattogram,Khagrachhari,Dighinala,Boalkhali,07,,,,Boalkhali Natun Bazar,বোয়ালখালী নতুন বাজার,BOA702,23.238494,92.067962,850,0,0,0,0,0,0,0,0,0,0,0,0,0,0,0,0,,,,
87,Bangladesh,Chattogram,Khagrachhari,Dighinala,Boalkhali,07,,,,Purba Kanthaltali,পূর্ব কাঁঠালতলী,BOA703,23.237853,92.070446,800,0,0,0,0,0,0,0,0,0,0,0,0,0,0,0,0,,,,
88,Bangladesh,Chattogram,Khagrachhari,Dighinala,Boalkhali,07,,,,Babu Para,বাবু পাড়া,BOA704,23.242476,92.068426,800,0,0,0,0,0,0,0,0,0,0,0,0,0,0,0,0,,,,
89,Bangladesh,Chattogram,Khagrachhari,Dighinala,Boalkhali,08,,,,Suresh Headman Para,সুরেশ হেডম্যান পাড়া,BOA801,23.231407,92.055744,800,0,0,0,0,0,0,0,0,0,0,0,0,0,0,0,0,,,,
90,Bangladesh,Chattogram,Khagrachhari,Dighinala,Boalkhali,08,,,,Islam Shibir,ইসলাম শিবির,BOA802,23.233824,92.057182,200,0,0,0,0,0,0,0,0,0,0,0,0,0,0,0,0,,,,
91,Bangladesh,Chattogram,Khagrachhari,Dighinala,Boalkhali,08,,,,Sudhir Member Para,সুধীর মেম্বার পাড়া,BOA803,23.232619,92.061696,1000,0,0,0,0,0,0,0,0,0,0,0,0,0,0,0,0,,,,
92,Bangladesh,Chattogram,Khagrachhari,Dighinala,Boalkhali,08,,,,Pashchim Kanthaltali,পশ্চিম কাঁঠালতলী,BOA804,23.23721,92.065301,1000,0,0,0,0,0,0,0,0,0,0,0,0,0,0,0,0,,,,
93,Bangladesh,Chattogram,Khagrachhari,Dighinala,Boalkhali,09,,,,Purna Kumar Karbari Para,পূর্ণ কুমার কারবারি পাড়া,BOA901,23.235804,92.039879,550,0,0,0,0,0,0,0,0,0,0,0,0,0,0,0,0,,,,
94,Bangladesh,Chattogram,Khagrachhari,Dighinala,Boalkhali,09,,,,Rajendra Karbari Para,রাজেন্দ্র কারবারি পাড়া,BOA902,23.235243,92.050422,430,0,0,0,0,0,0,0,0,0,0,0,0,0,0,0,0,,,,
95,Bangladesh,Chattogram,Khagrachhari,Dighinala,Boalkhali,09,,,,1 No. Joutha Kahamar,১ নং যৌথ খামার,BOA903,23.237574,92.053989,315,0,0,0,0,0,0,0,0,0,0,0,0,0,0,0,0,,,,
96,Bangladesh,Chattogram,Khagrachhari,Dighinala,Boalkhali,09,,,,Jamtali Ansar Camp Para,জামতলী আনসার ক্যাম্প পাড়া,BOA904,23.234868,92.054051,111,0,0,0,0,0,0,0,0,0,0,0,0,0,0,0,0,,,,
97,Bangladesh,Chattogram,Khagrachhari,Dighinala,Boalkhali,09,,,,Ansar Camp,আনসার ক্যাম্প,BOA905,23.23371,92.054306,0,0,0,0,0,0,0,0,0,0,0,0,0,0,0,0,0,,,,
98,Bangladesh,Chattogram,Khagrachhari,Dighinala,Dighinala,01,,,,Bagan Para,বাগান পাড়া,DIG101,23.37758,92.039784,180,0,0,0,0,0,0,0,0,0,0,0,0,0,0,0,0,,,,
99,Bangladesh,Chattogram,Khagrachhari,Dighinala,Dighinala,01,,,,Chinal chhara,চিনাল ছড়া,DIG102,23.370602,92.043761,420,0,0,0,0,0,0,0,0,0,0,0,0,0,0,0,0,,,,
100,Bangladesh,Chattogram,Khagrachhari,Dighinala,Dighinala,01,,,,Thali Para,থলি পাড়া,DIG103,23.363418,92.04537,320,0,0,0,0,0,0,0,0,0,0,0,0,0,0,0,0,,,,
101,Bangladesh,Chattogram,Khagrachhari,Dighinala,Dighinala,01,,,,Dhanuddar Karbari Para,ধনুদ্দর কারবারি পাড়া,DIG104,23.356251,92.044893,1100,0,0,0,0,0,0,0,0,0,0,0,0,0,0,0,0,,,,
102,Bangladesh,Chattogram,Khagrachhari,Dighinala,Dighinala,01,,,,Jatna Kumar Karbari Para,যত্ন কুমার কারবারি পাড়া,DIG105,23.349683,92.047091,300,0,0,0,0,0,0,0,0,0,0,0,0,0,0,0,0,,,,
103,Bangladesh,Chattogram,Khagrachhari,Dighinala,Dighinala,01,,,,Gobinda Karbari Para,গোবিন্দ কারবারি পাড়া,DIG106,23.343254,92.052646,340,0,0,0,0,0,0,0,0,0,0,0,0,0,0,0,0,,,,
104,Bangladesh,Chattogram,Khagrachhari,Dighinala,Dighinala,01,,,,Sontosh Karbari Para,সন্তোষ কারবারি পাড়া,DIG107,23.339684,92.044075,120,0,0,0,0,0,0,0,0,0,0,0,0,0,0,0,0,,,,
105,Bangladesh,Chattogram,Khagrachhari,Dighinala,Dighinala,01,,,,Babuchhara BGB Camp,বাবুছড়া বিজিবি ক্যাম্প,DIG108,23.342419,92.044432,0,0,0,0,0,0,0,0,0,0,0,0,0,0,0,0,0,,,,
106,Bangladesh,Chattogram,Khagrachhari,Dighinala,Dighinala,02,,,,Jamini Mohan Karbari Para,যামিনী মোহন কারবারি পাড়া,DIG201,23.336553,92.052092,400,0,0,0,0,0,0,0,0,0,0,0,0,0,0,0,0,,,,
107,Bangladesh,Chattogram,Khagrachhari,Dighinala,Dighinala,02,,,,Baghaichhari Mukh,বাঘাইছড়ি মুখ,DIG202,23.325893,92.046536,1300,0,0,0,0,0,0,0,0,0,0,0,0,0,0,0,0,,,,
108,Bangladesh,Chattogram,Khagrachhari,Dighinala,Dighinala,03,,,,Dakkhin Udal Bagan,দক্ষিণ উদাল বাগান,DIG301,23.30823,92.049015,750,0,0,0,0,0,0,0,0,0,0,0,0,0,0,0,0,,,,
109,Bangladesh,Chattogram,Khagrachhari,Dighinala,Dighinala,03,,,,Udal Bagan,উদাল বাগান,DIG302,23.318296,92.051266,950,0,0,0,0,0,0,0,0,0,0,0,0,0,0,0,0,,,,
110,Bangladesh,Chattogram,Khagrachhari,Dighinala,Dighinala,03,,,,Banchhara Dilchan Karbari Para,বানছড়া দিলচান কারবারি পাড়া,DIG303,23.323701,92.070921,100,0,0,0,0,0,0,0,0,0,0,0,0,0,0,0,0,,,,
111,Bangladesh,Chattogram,Khagrachhari,Dighinala,Dighinala,03,,,,Khamar Para,খামার পাড়া,DIG304,23.321542,92.058845,180,0,0,0,0,0,0,0,0,0,0,0,0,0,0,0,0,,,,
112,Bangladesh,Chattogram,Khagrachhari,Dighinala,Dighinala,04,,,,Rangapanirchhara Robichandra Karbari Para,রাঙাপানিরছড়া রবিচন্দ্র কারবারি পাড়া,DIG401,23.305469,92.052351,250,0,0,0,0,0,0,0,0,0,0,0,0,0,0,0,0,,,,
113,Bangladesh,Chattogram,Khagrachhari,Dighinala,Dighinala,04,,,,Rangapanirchhara Chandra Mohan Karbari Para,রাঙাপানিরছড়া চন্দ্র মোহন কারবারি পাড়া,DIG402,23.307146,92.050268,210,0,0,0,0,0,0,0,0,0,0,0,0,0,0,0,0,,,,
114,Bangladesh,Chattogram,Khagrachhari,Dighinala,Dighinala,04,,,,Rangapanirchhara Munindra Karbari Para,রাঙাপানিরছড়া মুনীন্দ্র কারবারি পাড়া,DIG403,23.308536,92.051791,400,0,0,0,0,0,0,0,0,0,0,0,0,0,0,0,0,,,,
115,Bangladesh,Chattogram,Khagrachhari,Dighinala,Dighinala,04,,,,Kathal Bagan,কাঁঠাল বাগান,DIG404,23.309533,92.060101,180,0,0,0,0,0,0,0,0,0,0,0,0,0,0,0,0,,,,
116,Bangladesh,Chattogram,Khagrachhari,Dighinala,Dighinala,04,,,,Bhitar Banchhara,ভিতর বানছড়া,DIG405,23.310147,92.068755,300,0,0,0,0,0,0,0,0,0,0,0,0,0,0,0,0,,,,
117,Bangladesh,Chattogram,Khagrachhari,Dighinala,Dighinala,05,,,,Uttar Pukur Ghat,উত্তর পুকুর ঘাট,DIG501,23.300915,92.052399,580,0,0,0,0,0,0,0,0,0,0,0,0,0,0,0,0,,,,
118,Bangladesh,Chattogram,Khagrachhari,Dighinala,Dighinala,05,,,,1 No. Noa Para,১ নং নোয়া পাড়া,DIG502,23.29782,92.055416,500,0,0,0,0,0,0,0,0,0,0,0,0,0,0,0,0,,,,
119,Bangladesh,Chattogram,Khagrachhari,Dighinala,Dighinala,05,,,,2 No. Noa Para,২ নং নোয়া পাড়া,DIG503,23.300258,92.057183,180,0,0,0,0,0,0,0,0,0,0,0,0,0,0,0,0,,,,
120,Bangladesh,Chattogram,Khagrachhari,Dighinala,Dighinala,05,,,,Uttar Banchhara,উত্তর বানছড়া,DIG504,23.304946,92.059347,150,0,0,0,0,0,0,0,0,0,0,0,0,0,0,0,0,,,,
121,Bangladesh,Chattogram,Khagrachhari,Dighinala,Dighinala,06,,,,Baradom,বড়াদম,DIG601,23.289781,92.050321,1000,0,0,0,0,0,0,0,0,0,0,0,0,0,0,0,0,,,,
122,Bangladesh,Chattogram,Khagrachhari,Dighinala,Dighinala,06,,,,Dakkhin Baradom,দক্ষিণ বড়াদম,DIG602,23.282828,92.050207,780,0,0,0,0,0,0,0,0,0,0,0,0,0,0,0,0,,,,
123,Bangladesh,Chattogram,Khagrachhari,Dighinala,Dighinala,06,,,,Dakkhin Pukur Ghat,দক্ষিণ পুকুর ঘাট,DIG603,23.295054,92.050661,340,0,0,0,0,0,0,0,0,0,0,0,0,0,0,0,0,,,,
124,Bangladesh,Chattogram,Khagrachhari,Dighinala,Dighinala,07,,,,Dane Banchhara,ডানে বানছড়া,DIG701,23.291007,92.066035,375,0,0,0,0,0,0,0,0,0,0,0,0,0,0,0,0,,,,
125,Bangladesh,Chattogram,Khagrachhari,Dighinala,Dighinala,07,,,,Banchhara,বানছড়া,DIG702,23.302303,92.064357,280,0,0,0,0,0,0,0,0,0,0,0,0,0,0,0,0,,,,
126,Bangladesh,Chattogram,Khagrachhari,Dighinala,Dighinala,07,,,,Madhya Banchhara,মধ্য বানছড়া,DIG703,23.299337,92.066612,550,0,0,0,0,0,0,0,0,0,0,0,0,0,0,0,0,,,,
127,Bangladesh,Chattogram,Khagrachhari,Dighinala,Dighinala,08,,,,Indramoni Karbari Para,ইন্দ্রমণি কারবারি পাড়া,DIG801,23.281258,92.073945,450,0,0,0,0,0,0,0,0,0,0,0,0,0,0,0,0,,,,
128,Bangladesh,Chattogram,Khagrachhari,Dighinala,Dighinala,08,,,,Nondesshor Karbari Para,নন্দেশ্বর কারবারি পাড়া,DIG802,23.277011,92.071827,200,0,0,0,0,0,0,0,0,0,0,0,0,0,0,0,0,,,,
129,Bangladesh,Chattogram,Khagrachhari,Dighinala,Dighinala,08,,,,Shonkhola Para,শনখোলা পাড়া,DIG803,23.282455,92.064775,500,0,0,0,0,0,0,0,0,0,0,0,0,0,0,0,0,,,,
130,Bangladesh,Chattogram,Khagrachhari,Dighinala,Dighinala,09,,,,Tukk Karbaripara,টুক কারবারিপাড়া,DIG901,23.261382,92.063982,240,0,0,0,0,0,0,0,0,0,0,0,0,0,0,0,0,,,,
131,Bangladesh,Chattogram,Khagrachhari,Dighinala,Dighinala,09,,,,Headman Para,হেডম্যান পাড়া,DIG902,23.270853,92.060219,400,0,0,0,0,0,0,0,0,0,0,0,0,0,0,0,0,,,,
132,Bangladesh,Chattogram,Khagrachhari,Dighinala,Dighinala,09,,,,Shonkhola Para,শনখোলা পাড়া,DIG903,23.278323,92.061509,550,0,0,0,0,0,0,0,0,0,0,0,0,0,0,0,0,,,,
133,Bangladesh,Chattogram,Khagrachhari,Dighinala,Dighinala,09,,,,Baidya Para,বৈদ্য পাড়া,DIG904,23.275003,92.06771,380,0,0,0,0,0,0,0,0,0,0,0,0,0,0,0,0,,,,
134,Bangladesh,Chattogram,Khagrachhari,Dighinala,Dighinala,09,,,,Banchhara Mukh,বানছড়া মুখ,DIG905,23.278834,92.055053,160,0,0,0,0,0,0,0,0,0,0,0,0,0,0,0,0,,,,
135,Bangladesh,Chattogram,Khagrachhari,Dighinala,Kabakhali,01,,,,Muslim Para,মুসলিম পাড়া,KAB101,23.238105,92.0829,29000,0,0,0,0,0,0,0,0,0,0,0,0,0,0,0,0,,,,
136,Bangladesh,Chattogram,Khagrachhari,Dighinala,Kabakhali,01,,,,Dighinala Army Camp,দীঘিনালা আর্মি ক্যাম্প,KAB102,23.237577,92.091141,0,0,0,0,0,0,0,0,0,0,0,0,0,0,0,0,0,,,,
137,Bangladesh,Chattogram,Khagrachhari,Dighinala,Kabakhali,02,,,,Joy Kumar Karbari Para,জয় কুমার কারবারি পাড়া,KAB201,23.243562,92.084339,400,0,0,0,0,0,0,0,0,0,0,0,0,0,0,0,0,,,,
138,Bangladesh,Chattogram,Khagrachhari,Dighinala,Kabakhali,02,,,,Durga Karbari Para,দুর্গা কারবারি পাড়া,KAB202,23.249599,92.087781,350,0,0,0,0,0,0,0,0,0,0,0,0,0,0,0,0,,,,
139,Bangladesh,Chattogram,Khagrachhari,Dighinala,Kabakhali,02,,,,Headman Para,হেডম্যান পাড়া,KAB203,23.243985,92.09255,1200,0,0,0,0,0,0,0,0,0,0,0,0,0,0,0,0,,,,
140,Bangladesh,Chattogram,Khagrachhari,Dighinala,Kabakhali,03,,,,Kangerima Chhara,কাঙেরীমা ছড়া,KAB301,23.240856,92.117282,300,0,0,0,0,0,0,0,0,0,0,0,0,0,0,0,0,,,,
141,Bangladesh,Chattogram,Khagrachhari,Dighinala,Kabakhali,03,,,,Hazachhara Jora Bridge,হাজাছড়া জোড়া ব্রীজ,KAB302,23.254662,92.113709,400,0,0,0,0,0,0,0,0,0,0,0,0,0,0,0,0,,,,
142,Bangladesh,Chattogram,Khagrachhari,Dighinala,Kabakhali,03,,,,Jambura Para,জাম্বুরা পাড়া,KAB303,23.259942,92.107429,260,0,0,0,0,0,0,0,0,0,0,0,0,0,0,0,0,,,,
143,Bangladesh,Chattogram,Khagrachhari,Dighinala,Kabakhali,03,,,,Ranashova Karbaripara (Dane Kabakhali),রণশোভা কারবারিপাড়া (ডানে কবাখালী),KAB304,23.276967,92.102126,250,0,0,0,0,0,0,0,0,0,0,0,0,0,0,0,0,,,,
144,Bangladesh,Chattogram,Khagrachhari,Dighinala,Kabakhali,03,,,,Kriparanjan Karbaripara (Bame Kabakhali),কৃপারঞ্জন কারবারিপাড়া ( বামে কবাখালী),KAB305,23.291854,92.108245,420,0,0,0,0,0,0,0,0,0,0,0,0,0,0,0,0,,,,
145,Bangladesh,Chattogram,Khagrachhari,Dighinala,Kabakhali,03,,,,Reserve Chhara,রিজার্ভ ছড়া,KAB306,23.253548,92.095403,290,0,0,0,0,0,0,0,0,0,0,0,0,0,0,0,0,,,,
146,Bangladesh,Chattogram,Khagrachhari,Dighinala,Kabakhali,03,,,,Shukna Bansh Daba Karbaripara,শুকনা বাঁশ দাবা কারবারিপাড়া,KAB307,23.267024,92.104717,100,0,0,0,0,0,0,0,0,0,0,0,0,0,0,0,0,,,,
147,Bangladesh,Chattogram,Khagrachhari,Dighinala,Kabakhali,03,,,,Nalkata Chhara Para,নালকাটা ছড়া পাড়া,KAB308,23.253404,92.103316,130,0,0,0,0,0,0,0,0,0,0,0,0,0,0,0,0,,,,
148,Bangladesh,Chattogram,Khagrachhari,Dighinala,Kabakhali,03,,,,Shukna Chhara Para,শুকনা ছড়া পাড়া,KAB309,23.273495,92.113721,250,0,0,0,0,0,0,0,0,0,0,0,0,0,0,0,0,,,,
149,Bangladesh,Chattogram,Khagrachhari,Dighinala,Kabakhali,03,,,,Noapara,নোয়াপাড়া,KAB310,23.30258,92.095981,200,0,0,0,0,0,0,0,0,0,0,0,0,0,0,0,0,,,,
150,Bangladesh,Chattogram,Khagrachhari,Dighinala,Kabakhali,04,,,,Uttar Hutchinsonpur,উত্তর হাচিনসনপুর,KAB401,23.233303,92.076488,1100,0,0,0,0,0,0,0,0,0,0,0,0,0,0,0,0,,,,
151,Bangladesh,Chattogram,Khagrachhari,Dighinala,Kabakhali,04,,,,Purba Hutchinsonpur,পুর্ব হাচিনসনপুর,KAB402,23.235504,92.081336,500,0,0,0,0,0,0,0,0,0,0,0,0,0,0,0,0,,,,
152,Bangladesh,Chattogram,Khagrachhari,Dighinala,Kabakhali,05,,,,Bhitar Tarabania,ভিতর তারাবনিয়া,KAB501,23.241073,92.102251,230,0,0,0,0,0,0,0,0,0,0,0,0,0,0,0,0,,,,
153,Bangladesh,Chattogram,Khagrachhari,Dighinala,Kabakhali,05,,,,Uttar Tarabania,উত্তর তারাবনিয়া,KAB502,23.229245,92.095355,500,0,0,0,0,0,0,0,0,0,0,0,0,0,0,0,0,,,,
154,Bangladesh,Chattogram,Khagrachhari,Dighinala,Kabakhali,05,,,,Uttar Tarabania Madhyavita Para,উত্তর তারাবনিয়া মধ্যভিটা পাড়া,KAB503,23.22837,92.088995,90,0,0,0,0,0,0,0,0,0,0,0,0,0,0,0,0,,,,
155,Bangladesh,Chattogram,Khagrachhari,Dighinala,Kabakhali,05,,,,Purba Hutchisonpur,পূর্ব হাচিসনপুর,KAB504,23.233045,92.082017,200,0,0,0,0,0,0,0,0,0,0,0,0,0,0,0,0,,,,
156,Bangladesh,Chattogram,Khagrachhari,Dighinala,Kabakhali,05,,,,Dakkhin Hutchinsonpur,দক্ষিণ হাচিসনপুর,KAB505,23.228807,92.077042,1200,0,0,0,0,0,0,0,0,0,0,0,0,0,0,0,0,,,,
157,Bangladesh,Chattogram,Khagrachhari,Dighinala,Kabakhali,06,,,,Dakkhin Tarabania,দক্ষিণ তারাবনিয়া,KAB601,23.224848,92.096742,500,0,0,0,0,0,0,0,0,0,0,0,0,0,0,0,0,,,,
158,Bangladesh,Chattogram,Khagrachhari,Dighinala,Kabakhali,06,,,,Duluchhari,দুলুছড়ি,KAB602,23.217105,92.100257,550,0,0,0,0,0,0,0,0,0,0,0,0,0,0,0,0,,,,
159,Bangladesh,Chattogram,Khagrachhari,Dighinala,Kabakhali,06,,,,Khalkulpara,খালকুলপাড়া,KAB603,23.223719,92.086668,350,0,0,0,0,0,0,0,0,0,0,0,0,0,0,0,0,,,,
160,Bangladesh,Chattogram,Khagrachhari,Dighinala,Kabakhali,06,,,,Pagujya Chharipara,পাগুজ্যা ছড়িপাড়া,KAB604,23.192827,92.130306,120,0,0,0,0,0,0,0,0,0,0,0,0,0,0,0,0,,,,
161,Bangladesh,Chattogram,Khagrachhari,Dighinala,Kabakhali,06,,,,Khetrapur,ক্ষেত্রপুর,KAB605,23.224713,92.12314,800,0,0,0,0,0,0,0,0,0,0,0,0,0,0,0,0,,,,
162,Bangladesh,Chattogram,Khagrachhari,Dighinala,Kabakhali,06,,,,Bajepata Chhara,বাজেপাতা ছড়া,KAB606,23.204249,92.129779,600,0,0,0,0,0,0,0,0,0,0,0,0,0,0,0,0,,,,
163,Bangladesh,Chattogram,Khagrachhari,Dighinala,Kabakhali,06,,,,Battala,বটতলা,KAB607,23.209527,92.141769,180,0,0,0,0,0,0,0,0,0,0,0,0,0,0,0,0,,,,
164,Bangladesh,Chattogram,Khagrachhari,Dighinala,Kabakhali,07,,,,Uttar Milanpur,উত্তর মিলনপুর,KAB701,23.253188,92.081881,200,0,0,0,0,0,0,0,0,0,0,0,0,0,0,0,0,,,,
165,Bangladesh,Chattogram,Khagrachhari,Dighinala,Kabakhali,08,,,,Dakkhin Milanpur,দক্ষিণ মিলনপুর,KAB801,23.246655,92.080517,1200,0,0,0,0,0,0,0,0,0,0,0,0,0,0,0,0,,,,
166,Bangladesh,Chattogram,Khagrachhari,Dighinala,Kabakhali,09,,,,Gubajoy Karbaripara,গুবজয় কারবারিপাড়া,KAB901,23.281149,92.094921,250,0,0,0,0,0,0,0,0,0,0,0,0,0,0,0,0,,,,
167,Bangladesh,Chattogram,Khagrachhari,Dighinala,Kabakhali,09,,,,Dajarpara,দজরপাড়া,KAB902,23.280394,92.089862,400,0,0,0,0,0,0,0,0,0,0,0,0,0,0,0,0,,,,
168,Bangladesh,Chattogram,Khagrachhari,Dighinala,Kabakhali,09,,,,Kripapur,কৃপাপুর,KAB903,23.269288,92.077254,1300,0,0,0,0,0,0,0,0,0,0,0,0,0,0,0,0,,,,
169,Bangladesh,Chattogram,Khagrachhari,Dighinala,Kabakhali,09,,,,Rasyamani Karbari Para,রস্যামণি কারবারি পাড়া,KAB904,23.267137,92.091269,700,0,0,0,0,0,0,0,0,0,0,0,0,0,0,0,0,,,,
170,Bangladesh,Chattogram,Khagrachhari,Dighinala,Kabakhali,09,,,,Battala Para,বটতলা পাড়া,KAB905,23.267584,92.08113,350,0,0,0,0,0,0,0,0,0,0,0,0,0,0,0,0,,,,
171,Bangladesh,Chattogram,Khagrachhari,Dighinala,Kabakhali,09,,,,Shantipur,শান্তিপুর,KAB906,23.255176,92.07468,1300,0,0,0,0,0,0,0,0,0,0,0,0,0,0,0,0,,,,
172,Bangladesh,Chattogram,Khagrachhari,Dighinala,Kabakhali,09,,,,Narikel Baganpara,নারিকেল বাগানপাড়া,KAB907,23.25756,92.067603,400,0,0,0,0,0,0,0,0,0,0,0,0,0,0,0,0,,,,
173,Bangladesh,Chattogram,Khagrachhari,Dighinala,Kabakhali,09,,,,Nalkata Chhara Para,নালকাটা ছড়া পাড়া,KAB908,23.274338,92.097008,200,0,0,0,0,0,0,0,0,0,0,0,0,0,0,0,0,,,,
174,Bangladesh,Chattogram,Khagrachhari,Dighinala,Merung,01,,,,Shadhan Moni Karbari Para,সাধন মনি কারবারি পাড়া,MER101,23.231492,92.05145,45,0,0,0,0,0,0,0,0,0,0,0,0,0,0,0,0,,,,
175,Bangladesh,Chattogram,Khagrachhari,Dighinala,Merung,01,,,,Mayafa Para,মায়াফা পাড়া,MER102,23.235234,92.038788,300,0,0,0,0,0,0,0,0,0,0,0,0,0,0,0,0,,,,
176,Bangladesh,Chattogram,Khagrachhari,Dighinala,Merung,01,,,,Puratan Bhairafa Para,পুরাতন ভৈরফা পাড়া,MER103,23.219589,92.046001,150,0,0,0,0,0,0,0,0,0,0,0,0,0,0,0,0,,,,
177,Bangladesh,Chattogram,Khagrachhari,Dighinala,Merung,01,,,,Bhairafa Bridge Para,ভৈরফা ব্রিজ পাড়া,MER104,23.210709,92.043924,50,0,0,0,0,0,0,0,0,0,0,0,0,0,0,0,0,,,,
178,Bangladesh,Chattogram,Khagrachhari,Dighinala,Merung,01,,,,9 Mile Joutha Khamar Para,৯ মাইল যৌথ খামার পাড়া,MER105,23.196981,92.037149,350,0,0,0,0,0,0,0,0,0,0,0,0,0,0,0,0,,,,
179,Bangladesh,Chattogram,Khagrachhari,Dighinala,Merung,01,,,,Milon Karbari Para,মিলন কারবারি পাড়া,MER106,23.202957,92.033347,150,0,0,0,0,0,0,0,0,0,0,0,0,0,0,0,0,,,,
180,Bangladesh,Chattogram,Khagrachhari,Dighinala,Merung,01,,,,Simana Para,সীমানা পাড়া,MER107,23.216854,92.015535,85,0,0,0,0,0,0,0,0,0,0,0,0,0,0,0,0,,,,
181,Bangladesh,Chattogram,Khagrachhari,Dighinala,Merung,01,,,,Rothichandra Karbari Para,রথিচন্দ্র কারবারি পাড়া,MER108,23.164074,92.05031,250,0,0,0,0,0,0,0,0,0,0,0,0,0,0,0,0,,,,
182,Bangladesh,Chattogram,Khagrachhari,Dighinala,Merung,01,,,,Toidu chhara Para,তৈদু ছড়া পাড়া,MER109,23.233908,92.014967,150,0,0,0,0,0,0,0,0,0,0,0,0,0,0,0,0,,,,
183,Bangladesh,Chattogram,Khagrachhari,Dighinala,Merung,01,,,,Bishnu Karbari Para,বিষ্ণু কারবারি পাড়া,MER110,23.271112,92.001538,300,0,0,0,0,0,0,0,0,0,0,0,0,0,0,0,0,,,,
184,Bangladesh,Chattogram,Khagrachhari,Dighinala,Merung,01,,,,10 Mile Beltoli Para,১০ মাইল বেলতলি পাড়া,MER111,23.202741,92.050072,65,0,0,0,0,0,0,0,0,0,0,0,0,0,0,0,0,,,,
185,Bangladesh,Chattogram,Khagrachhari,Dighinala,Merung,01,,,,Gonda Para,গণ্ডা পাড়া,MER112,23.252706,92.009681,65,0,0,0,0,0,0,0,0,0,0,0,0,0,0,0,0,,,,
186,Bangladesh,Chattogram,Khagrachhari,Dighinala,Merung,02,,,,Bhairafa Natun Para,ভৈরফা নতুন পাড়া,MER201,23.22648,92.054203,1200,0,0,0,0,0,0,0,0,0,0,0,0,0,0,0,0,,,,
187,Bangladesh,Chattogram,Khagrachhari,Dighinala,Merung,02,,,,Bhairafa Mukh Para,ভৈরফা মুখ পাড়া,MER202,23.227505,92.067431,1500,0,0,0,0,0,0,0,0,0,0,0,0,0,0,0,0,,,,
188,Bangladesh,Chattogram,Khagrachhari,Dighinala,Merung,02,,,,Jamtali Bangali Para,জামতলি বাঙালি পাড়া,MER203,23.224602,92.052006,1000,0,0,0,0,0,0,0,0,0,0,0,0,0,0,0,0,,,,
189,Bangladesh,Chattogram,Khagrachhari,Dighinala,Merung,02,,,,Madhya Boalkhali,মধ্য বোয়ালখালী,MER204,23.220435,92.077235,2500,0,0,0,0,0,0,0,0,0,0,0,0,0,0,0,0,,,,
190,Bangladesh,Chattogram,Khagrachhari,Dighinala,Merung,02,,,,Shanti Lakshmipur,শান্তি লক্ষ্মীপুর,MER205,23.219558,92.081488,800,0,0,0,0,0,0,0,0,0,0,0,0,0,0,0,0,,,,
191,Bangladesh,Chattogram,Khagrachhari,Dighinala,Merung,02,,,,Ratna Mohan Member Para,রত্ন মোহন মেম্বার পাড়া,MER206,23.222558,92.075063,250,0,0,0,0,0,0,0,0,0,0,0,0,0,0,0,0,,,,
192,Bangladesh,Chattogram,Khagrachhari,Dighinala,Merung,02,,,,Bindu Barua Para,বিন্দু বড়ুয়া পাড়া,MER207,23.223144,92.070397,150,0,0,0,0,0,0,0,0,0,0,0,0,0,0,0,0,,,,
193,Bangladesh,Chattogram,Khagrachhari,Dighinala,Merung,02,,,,Sudhir Member Para,সুধীর মেম্বার পাড়া,MER208,23.226666,92.058772,800,0,0,0,0,0,0,0,0,0,0,0,0,0,0,0,0,,,,
194,Bangladesh,Chattogram,Khagrachhari,Dighinala,Merung,02,,,,Anath Asrom Para,অনাথ আশ্রম পাড়া,MER209,23.219171,92.070285,1000,0,0,0,0,0,0,0,0,0,0,0,0,0,0,0,0,,,,
195,Bangladesh,Chattogram,Khagrachhari,Dighinala,Merung,02,,,,Gopal Member Para,গোপাল মেম্বার পাড়া,MER210,23.2224,92.080625,500,0,0,0,0,0,0,0,0,0,0,0,0,0,0,0,0,,,,
196,Bangladesh,Chattogram,Khagrachhari,Dighinala,Merung,03,,,,Tara Charon Karbari Para,তারা চরন কারবারি পাড়া,MER301,23.215833,92.054593,250,0,0,0,0,0,0,0,0,0,0,0,0,0,0,0,0,,,,
197,Bangladesh,Chattogram,Khagrachhari,Dighinala,Merung,03,,,,Gulchhari,গুলছড়ি,MER302,23.199728,92.06773,300,0,0,0,0,0,0,0,0,0,0,0,0,0,0,0,0,,,,
198,Bangladesh,Chattogram,Khagrachhari,Dighinala,Merung,03,,,,Rashidnagar,রশিদনগর,MER303,23.203363,92.078005,1000,0,0,0,0,0,0,0,0,0,0,0,0,0,0,0,0,,,,
199,Bangladesh,Chattogram,Khagrachhari,Dighinala,Merung,03,,,,Uttar Rashidnagar,উত্তর রশিদনগর,MER304,23.21372,92.076298,700,0,0,0,0,0,0,0,0,0,0,0,0,0,0,0,0,,,,
200,Bangladesh,Chattogram,Khagrachhari,Dighinala,Merung,03,,,,Madhya Betchhari,মধ্য বেতছড়ি,MER305,23.210606,92.084449,500,0,0,0,0,0,0,0,0,0,0,0,0,0,0,0,0,,,,
201,Bangladesh,Chattogram,Khagrachhari,Dighinala,Merung,03,,,,Gorasthan Para,গোরস্থান পাড়া,MER306,23.204312,92.087842,300,0,0,0,0,0,0,0,0,0,0,0,0,0,0,0,0,,,,
202,Bangladesh,Chattogram,Khagrachhari,Dighinala,Merung,04,,,,Belchhari Kalachad Mohajon Para,বেলছড়ি কালাচাঁদ মহাজন পাড়া,MER401,23.207209,92.095665,1200,0,0,0,0,0,0,0,0,0,0,0,0,0,0,0,0,,,,
203,Bangladesh,Chattogram,Khagrachhari,Dighinala,Merung,04,,,,Betchhari Bivuti Karbari Para,বেতছড়ি বিভূতি কারবারি পাড়া,MER402,23.197147,92.096389,2000,0,0,0,0,0,0,0,0,0,0,0,0,0,0,0,0,,,,
204,Bangladesh,Chattogram,Khagrachhari,Dighinala,Merung,04,,,,Bacha Merung,বাঁচা মেরুং,MER403,23.19038,92.099432,500,0,0,0,0,0,0,0,0,0,0,0,0,0,0,0,0,,,,
205,Bangladesh,Chattogram,Khagrachhari,Dighinala,Merung,04,,,,Kalachad Mohajon Para,কালাচাঁদ মহাজন পাড়া,MER404,23.210373,92.090672,200,0,0,0,0,0,0,0,0,0,0,0,0,0,0,0,0,,,,
206,Bangladesh,Chattogram,Khagrachhari,Dighinala,Merung,04,,,,Pagujyachhara,পাগুইজ্জ্যাছড়া,MER405,23.20243,92.106828,200,0,0,0,0,0,0,0,0,0,0,0,0,0,0,0,0,,,,
207,Bangladesh,Chattogram,Khagrachhari,Dighinala,Merung,04,,,,Betchhari Army Camp,বেতছড়ি আর্মি ক্যাম্প,MER406,23.1834,92.098972,0,0,0,0,0,0,0,0,0,0,0,0,0,0,0,0,0,,,,
208,Bangladesh,Chattogram,Khagrachhari,Dighinala,Merung,05,,,,Dakkhin Bacha Merung,দক্ষিণ বাঁচা মেরুং,MER501,23.183201,92.09973,1200,0,0,0,0,0,0,0,0,0,0,0,0,0,0,0,0,,,,
209,Bangladesh,Chattogram,Khagrachhari,Dighinala,Merung,05,,,,Chowddagram,চৌদ্দগ্রাম,MER502,23.175174,92.103158,3000,0,0,0,0,0,0,0,0,0,0,0,0,0,0,0,0,,,,
210,Bangladesh,Chattogram,Khagrachhari,Dighinala,Merung,05,,,,Gulchhari,গুলছড়ি,MER503,23.183463,92.073615,2500,0,0,0,0,0,0,0,0,0,0,0,0,0,0,0,0,,,,
211,Bangladesh,Chattogram,Khagrachhari,Dighinala,Merung,05,,,,Chota Merung,ছোট মেরুং,MER504,23.162842,92.105305,2000,0,0,0,0,0,0,0,0,0,0,0,0,0,0,0,0,,,,
212,Bangladesh,Chattogram,Khagrachhari,Dighinala,Merung,05,,,,Lambachhara,লম্বাছড়া,MER505,23.151375,92.08393,800,0,0,0,0,0,0,0,0,0,0,0,0,0,0,0,0,,,,
213,Bangladesh,Chattogram,Khagrachhari,Dighinala,Merung,05,,,,Lambachhara Tripura Para,লম্বাছড়া ত্রিপুরা পাড়া,MER506,23.160085,92.078824,500,0,0,0,0,0,0,0,0,0,0,0,0,0,0,0,0,,,,
214,Bangladesh,Chattogram,Khagrachhari,Dighinala,Merung,05,,,,Joutha Khamar Para,যৌথ খামার পাড়া,MER507,23.154928,92.095724,2500,0,0,0,0,0,0,0,0,0,0,0,0,0,0,0,0,,,,
215,Bangladesh,Chattogram,Khagrachhari,Dighinala,Merung,05,,,,Jalbanda Para,জলবান্দা পাড়া,MER508,23.164925,92.079179,250,0,0,0,0,0,0,0,0,0,0,0,0,0,0,0,0,,,,
216,Bangladesh,Chattogram,Khagrachhari,Dighinala,Merung,05,,,,Vhutachhara,ভুতাছড়া,MER509,23.143697,92.089652,110,0,0,0,0,0,0,0,0,0,0,0,0,0,0,0,0,,,,
217,Bangladesh,Chattogram,Khagrachhari,Dighinala,Merung,05,,,,Jurjuri Para,জুরজুরি পাড়া,MER510,23.176225,92.091133,350,0,0,0,0,0,0,0,0,0,0,0,0,0,0,0,0,,,,
218,Bangladesh,Chattogram,Khagrachhari,Dighinala,Merung,05,,,,14 No. Ansar Battalion Headquarter,১৪ নং আন্সার ব্যাটালিয়ন সদর দপ্তর,MER511,23.173726,92.105146,0,0,0,0,0,0,0,0,0,0,0,0,0,0,0,0,0,,,,
219,Bangladesh,Chattogram,Khagrachhari,Dighinala,Merung,06,,,,Gonggartek,গঙ্গারটেক,MER601,23.137149,92.120958,1000,0,0,0,0,0,0,0,0,0,0,0,0,0,0,0,0,,,,
220,Bangladesh,Chattogram,Khagrachhari,Dighinala,Merung,06,,,,Bhuiya Chhara,ভুইয়া ছড়া,MER602,23.145833,92.110376,500,0,0,0,0,0,0,0,0,0,0,0,0,0,0,0,0,,,,
221,Bangladesh,Chattogram,Khagrachhari,Dighinala,Merung,06,,,,Kinachaan Karbari Para,কিনাচাঁন কারবারি পাড়া,MER603,23.138608,92.105438,600,0,0,0,0,0,0,0,0,0,0,0,0,0,0,0,0,,,,
222,Bangladesh,Chattogram,Khagrachhari,Dighinala,Merung,06,,,,Bajei Chhara,বাজেই ছড়া,MER604,23.14312,92.100508,550,0,0,0,0,0,0,0,0,0,0,0,0,0,0,0,0,,,,
223,Bangladesh,Chattogram,Khagrachhari,Dighinala,Merung,06,,,,Shibanga Chhara,শিবঙ্গ ছড়া,MER605,23.125803,92.095666,600,0,0,0,0,0,0,0,0,0,0,0,0,0,0,0,0,,,,
224,Bangladesh,Chattogram,Khagrachhari,Dighinala,Merung,06,,,,Bashiram Para,বাঁশিরাম পাড়া,MER606,23.133361,92.101374,600,0,0,0,0,0,0,0,0,0,0,0,0,0,0,0,0,,,,
225,Bangladesh,Chattogram,Khagrachhari,Dighinala,Merung,06,,,,2 No. Kolani,২ নং কলোনি,MER607,23.154251,92.107803,2000,0,0,0,0,0,0,0,0,0,0,0,0,0,0,0,0,,,,
226,Bangladesh,Chattogram,Khagrachhari,Dighinala,Merung,06,,,,Chameni Chhara,চামেনি ছড়া,MER608,23.118522,92.101733,300,0,0,0,0,0,0,0,0,0,0,0,0,0,0,0,0,,,,
227,Bangladesh,Chattogram,Khagrachhari,Dighinala,Merung,06,,,,1 No. Calony,১ নং কলোনি,MER609,23.153127,92.117596,1800,0,0,0,0,0,0,0,0,0,0,0,0,0,0,0,0,,,,
228,Bangladesh,Chattogram,Khagrachhari,Dighinala,Merung,06,,,,Rainna Para,রাইন্যা পাড়া,MER610,23.13644,92.090723,150,0,0,0,0,0,0,0,0,0,0,0,0,0,0,0,0,,,,
229,Bangladesh,Chattogram,Khagrachhari,Dighinala,Merung,07,,,,Purba Bacha Merung,পূর্ব বাঁচা মেরুং,MER701,23.193725,92.108185,300,0,0,0,0,0,0,0,0,0,0,0,0,0,0,0,0,,,,
230,Bangladesh,Chattogram,Khagrachhari,Dighinala,Merung,07,,,,Angada Master Para,অঙ্গদা মাস্টার পাড়া,MER702,23.189573,92.109166,120,0,0,0,0,0,0,0,0,0,0,0,0,0,0,0,0,,,,
231,Bangladesh,Chattogram,Khagrachhari,Dighinala,Merung,07,,,,Birbahu Headman Para,বীরবাহু হেডম্যান পাড়া,MER703,23.177748,92.115749,130,0,0,0,0,0,0,0,0,0,0,0,0,0,0,0,0,,,,
232,Bangladesh,Chattogram,Khagrachhari,Dighinala,Merung,07,,,,Chota Hazra Bangali Para,ছোট হাজরা বাঙালি পাড়া,MER704,23.167997,92.11663,400,0,0,0,0,0,0,0,0,0,0,0,0,0,0,0,0,,,,
233,Bangladesh,Chattogram,Khagrachhari,Dighinala,Merung,07,,,,Dakkhin Headman Para,দক্ষিণ হেডম্যান পাড়া,MER705,23.162338,92.119542,70,0,0,0,0,0,0,0,0,0,0,0,0,0,0,0,0,,,,
234,Bangladesh,Chattogram,Khagrachhari,Dighinala,Merung,07,,,,Chakabachhara,চাকাবাছারা,MER706,23.154156,92.139559,50,0,0,0,0,0,0,0,0,0,0,0,0,0,0,0,0,,,,
235,Bangladesh,Chattogram,Khagrachhari,Dighinala,Merung,07,,,,Badolchhari,বদলছড়ি,MER707,23.165601,92.138939,30,0,0,0,0,0,0,0,0,0,0,0,0,0,0,0,0,,,,
236,Bangladesh,Chattogram,Khagrachhari,Dighinala,Merung,07,,,,Chowdogichhara,চৌদগিছড়া,MER708,23.153604,92.142743,130,0,0,0,0,0,0,0,0,0,0,0,0,0,0,0,0,,,,
237,Bangladesh,Chattogram,Khagrachhari,Dighinala,Merung,07,,,,Anenda Karbari Para,অনেন্দ কারবারি পাড়া,MER709,23.175234,92.135901,150,0,0,0,0,0,0,0,0,0,0,0,0,0,0,0,0,,,,
238,Bangladesh,Chattogram,Khagrachhari,Dighinala,Merung,07,,,,Panchhari Netrajoy Karbari Para,পনছড়িনেত্র জয় কারবারি পাড়া,MER710,23.157383,92.128583,350,0,0,0,0,0,0,0,0,0,0,0,0,0,0,0,0,,,,
239,Bangladesh,Chattogram,Khagrachhari,Dighinala,Merung,07,,,,Proshikkshan Tila,প্রশিক্ষণ টিলা,MER711,23.165758,92.152859,80,0,0,0,0,0,0,0,0,0,0,0,0,0,0,0,0,,,,
240,Bangladesh,Chattogram,Khagrachhari,Dighinala,Merung,08,,,,Ranjan Moni Karbari Para,রঞ্জন মনি কারবারি পাড়া,MER801,23.131737,92.129546,1200,0,0,0,0,0,0,0,0,0,0,0,0,0,0,0,0,,,,
241,Bangladesh,Chattogram,Khagrachhari,Dighinala,Merung,08,,,,Indrajoy Karbari Para,ইন্দ্রজয় কারবারি পাড়া,MER802,23.110602,92.137176,120,0,0,0,0,0,0,0,0,0,0,0,0,0,0,0,0,,,,
242,Bangladesh,Chattogram,Khagrachhari,Dighinala,Merung,08,,,,Joyanta Mohan Karbari Para,জয়ন্ত মোহন কারবারি পাড়া,MER803,23.115306,92.123276,70,0,0,0,0,0,0,0,0,0,0,0,0,0,0,0,0,,,,
243,Bangladesh,Chattogram,Khagrachhari,Dighinala,Merung,08,,,,Upendra Karbari Para,উপেন্দ্র কারবারি পাড়া,MER804,23.092888,92.143342,130,0,0,0,0,0,0,0,0,0,0,0,0,0,0,0,0,,,,
244,Bangladesh,Chattogram,Khagrachhari,Dighinala,Merung,08,,,,Sorendra Karbari Para,সোরেন্দ্র কারবারি পাড়া,MER805,23.087672,92.14594,300,0,0,0,0,0,0,0,0,0,0,0,0,0,0,0,0,,,,
245,Bangladesh,Chattogram,Khagrachhari,Dighinala,Merung,08,,,,Bichitra Karbaripara,বিচিত্র কারবারি পাড়া,MER806,23.077123,92.146869,250,0,0,0,0,0,0,0,0,0,0,0,0,0,0,0,0,,,,
246,Bangladesh,Chattogram,Khagrachhari,Dighinala,Merung,08,,,,Rasulpur,রসুলপুর,MER807,23.12278,92.120443,120,0,0,0,0,0,0,0,0,0,0,0,0,0,0,0,0,,,,
247,Bangladesh,Chattogram,Khagrachhari,Dighinala,Merung,08,,,,Fulchan Karbari Para,ফুলচাঁন কারবারি পাড়া,MER808,23.128107,92.111566,3500,0,0,0,0,0,0,0,0,0,0,0,0,0,0,0,0,,,,
248,Bangladesh,Chattogram,Khagrachhari,Dighinala,Merung,08,,,,Sushil Hedman Para,সুশীল হেডম্যান পাড়া,MER809,23.118794,92.112153,220,0,0,0,0,0,0,0,0,0,0,0,0,0,0,0,0,,,,
249,Bangladesh,Chattogram,Khagrachhari,Dighinala,Merung,08,,,,Daya Mohan Karbari Para,দয়া মোহন কারবারি পাড়া,MER810,23.100957,92.11288,220,0,0,0,0,0,0,0,0,0,0,0,0,0,0,0,0,,,,
250,Bangladesh,Chattogram,Khagrachhari,Dighinala,Merung,08,,,,Kolok Para,কলক পাড়া,MER811,23.099906,92.099709,280,0,0,0,0,0,0,0,0,0,0,0,0,0,0,0,0,,,,
251,Bangladesh,Chattogram,Khagrachhari,Dighinala,Merung,08,,,,Ajyama chhara Para,আজ্যামা ছড়া পাড়া,MER812,23.108691,92.084515,150,0,0,0,0,0,0,0,0,0,0,0,0,0,0,0,0,,,,
252,Bangladesh,Chattogram,Khagrachhari,Dighinala,Merung,08,,,,Kabtola,কাবতলা,MER813,23.114307,92.071198,70,0,0,0,0,0,0,0,0,0,0,0,0,0,0,0,0,,,,
253,Bangladesh,Chattogram,Khagrachhari,Dighinala,Merung,08,,,,Paglamohajon Para,পাগলামহাজন পাড়া,MER814,23.109118,92.065696,180,0,0,0,0,0,0,0,0,0,0,0,0,0,0,0,0,,,,
254,Bangladesh,Chattogram,Khagrachhari,Dighinala,Merung,08,,,,Islam Nagor,ইসলাম নগর,MER815,23.128599,92.118251,120,0,0,0,0,0,0,0,0,0,0,0,0,0,0,0,0,,,,
255,Bangladesh,Chattogram,Khagrachhari,Dighinala,Merung,09,,,,Dhonnacharan Karbari Para,ধন্যাচরন কারবারি পাড়া,MER901,23.110747,92.121088,127,0,0,0,0,0,0,0,0,0,0,0,0,0,0,0,0,,,,
256,Bangladesh,Chattogram,Khagrachhari,Dighinala,Merung,09,,,,Chowdhury Para,চৌধুরী পাড়া,MER902,23.097616,92.129283,300,0,0,0,0,0,0,0,0,0,0,0,0,0,0,0,0,,,,
257,Bangladesh,Chattogram,Khagrachhari,Dighinala,Merung,09,,,,Probhat Karbari Para,প্রভাত কারবারি পাড়া,MER903,23.092291,92.119902,350,0,0,0,0,0,0,0,0,0,0,0,0,0,0,0,0,,,,
258,Bangladesh,Chattogram,Khagrachhari,Dighinala,Merung,09,,,,Jura Panir Chhara,জুরা পানির ছড়া,MER904,23.078567,92.135273,380,0,0,0,0,0,0,0,0,0,0,0,0,0,0,0,0,,,,
259,Bangladesh,Chattogram,Khagrachhari,Dighinala,Merung,09,,,,Bogapara,বগাপাড়া,MER905,23.072489,92.126154,300,0,0,0,0,0,0,0,0,0,0,0,0,0,0,0,0,,,,
260,Bangladesh,Chattogram,Khagrachhari,Dighinala,Merung,09,,,,Rangapanirchhara Sarnokumar Karbari Para,রাঙ্গাপানিরছড়া স্বর্ণকুমার কারবারি পাড়া,MER906,23.060328,92.140175,250,0,0,0,0,0,0,0,0,0,0,0,0,0,0,0,0,,,,
261,Bangladesh,Chattogram,Khagrachhari,Dighinala,Merung,09,,,,Chota Kangrakhiya Natun Chandra Karbari Para,ছোট কাংড়াখিয়া নতুন চন্দ্র কারবারি পাড়া,MER907,23.06444,92.12382,300,0,0,0,0,0,0,0,0,0,0,0,0,0,0,0,0,,,,
262,Bangladesh,Chattogram,Khagrachhari,Dighinala,Merung,09,,,,Bara Kangrakhiya Manik Chandra Karbari Para,বড় কাংড়াখিয়া মানিক চন্দ্র কারবারি পাড়া,MER908,23.053968,92.126695,300,0,0,0,0,0,0,0,0,0,0,0,0,0,0,0,0,,,,
263,Bangladesh,Chattogram,Khagrachhari,Dighinala,Merung,09,,,,Dane Atarak Chhara,ডানে আতারাক ছড়া,MER909,23.05213,92.133959,400,0,0,0,0,0,0,0,0,0,0,0,0,0,0,0,0,,,,
264,Bangladesh,Chattogram,Khagrachhari,Dighinala,Merung,09,,,,Dakkhin Rengkarjya,দক্ষিণ রেংকার্য্যা,MER910,23.050579,92.145171,700,0,0,0,0,0,0,0,0,0,0,0,0,0,0,0,0,,,,
265,Bangladesh,Chattogram,Khagrachhari,Khagrachhari Sadar,Bhaibonchhara,01,,,,Nabakumar Para,নবকুমার পাড়া,BHA101,23.255766,91.98917,160,0,0,0,0,0,0,0,0,0,0,0,0,0,0,0,0,,,,
266,Bangladesh,Chattogram,Khagrachhari,Khagrachhari Sadar,Bhaibonchhara,01,,,,Shyambari Para,শ্যামবাড়ি পাড়া,BHA102,23.248117,91.994283,112,0,0,0,0,0,0,0,0,0,0,0,0,0,0,0,0,,,,
267,Bangladesh,Chattogram,Khagrachhari,Khagrachhari Sadar,Bhaibonchhara,01,,,,Almani Para,আলমণি পাড়া,BHA103,23.239776,91.98287,300,0,0,0,0,0,0,0,0,0,0,0,0,0,0,0,0,,,,
268,Bangladesh,Chattogram,Khagrachhari,Khagrachhari Sadar,Bhaibonchhara,01,,,,Rabidhan Para,রবিধন পাড়া,BHA104,23.232943,91.96969,309,0,0,0,0,0,0,0,0,0,0,0,0,0,0,0,0,,,,
269,Bangladesh,Chattogram,Khagrachhari,Khagrachhari Sadar,Bhaibonchhara,01,,,,Shib Mandir Para,শিব মন্দির পাড়া,BHA105,23.237892,91.962195,188,0,0,0,0,0,0,0,0,0,0,0,0,0,0,0,0,,,,
270,Bangladesh,Chattogram,Khagrachhari,Khagrachhari Sadar,Bhaibonchhara,01,,,,Bara Rai Taisa Para,বড় রাই তৈসা পাড়া,BHA106,23.243846,91.946698,220,0,0,0,0,0,0,0,0,0,0,0,0,0,0,0,0,,,,
271,Bangladesh,Chattogram,Khagrachhari,Khagrachhari Sadar,Bhaibonchhara,01,,,,Chhota Rai Taisa Para,ছোট রাই তৈসা পাড়া,BHA107,23.241094,91.939428,128,0,0,0,0,0,0,0,0,0,0,0,0,0,0,0,0,,,,
272,Bangladesh,Chattogram,Khagrachhari,Khagrachhari Sadar,Bhaibonchhara,01,,,,10 No. Prakalpa Gram,১০ নং প্রকল্প গ্রাম,BHA108,23.238812,91.94563,440,0,0,0,0,0,0,0,0,0,0,0,0,0,0,0,0,,,,
273,Bangladesh,Chattogram,Khagrachhari,Khagrachhari Sadar,Bhaibonchhara,01,,,,Lamba Para,লম্বা পাড়া,BHA109,23.246918,91.925561,112,0,0,0,0,0,0,0,0,0,0,0,0,0,0,0,0,,,,
274,Bangladesh,Chattogram,Khagrachhari,Khagrachhari Sadar,Bhaibonchhara,01,,,,Garjan Tila,গর্জন টিলা,BHA110,23.240521,91.926167,240,0,0,0,0,0,0,0,0,0,0,0,0,0,0,0,0,,,,
275,Bangladesh,Chattogram,Khagrachhari,Khagrachhari Sadar,Bhaibonchhara,01,,,,Pakujyachhari,পাকুজ্যাছড়ি,BHA111,23.233443,91.923984,220,0,0,0,0,0,0,0,0,0,0,0,0,0,0,0,0,,,,
276,Bangladesh,Chattogram,Khagrachhari,Khagrachhari Sadar,Bhaibonchhara,01,,,,Uttar Pakujyachhari,উত্তর পাকুজ্যাছড়ি,BHA112,23.236132,91.924106,200,0,0,0,0,0,0,0,0,0,0,0,0,0,0,0,0,,,,
277,Bangladesh,Chattogram,Khagrachhari,Khagrachhari Sadar,Bhaibonchhara,01,,,,Headman Para,হেডম্যান পাড়া,BHA113,23.237871,91.920627,200,0,0,0,0,0,0,0,0,0,0,0,0,0,0,0,0,,,,
278,Bangladesh,Chattogram,Khagrachhari,Khagrachhari Sadar,Bhaibonchhara,01,,,,Mantri Para,মন্ত্রী পাড়া,BHA114,23.24311,91.921443,100,0,0,0,0,0,0,0,0,0,0,0,0,0,0,0,0,,,,
279,Bangladesh,Chattogram,Khagrachhari,Khagrachhari Sadar,Bhaibonchhara,01,,,,Noa Para,নোয়া পাড়া,BHA115,23.233649,91.944799,180,0,0,0,0,0,0,0,0,0,0,0,0,0,0,0,0,,,,
280,Bangladesh,Chattogram,Khagrachhari,Khagrachhari Sadar,Bhaibonchhara,01,,,,Jasraima Para,জসরাইমা পাড়া,BHA116,23.251228,91.983754,64,0,0,0,0,0,0,0,0,0,0,0,0,0,0,0,0,,,,
281,Bangladesh,Chattogram,Khagrachhari,Khagrachhari Sadar,Bhaibonchhara,02,,,,4 No. Prakalpa Gram,৪ নং প্রকল্প গ্রাম,BHA201,23.218738,91.963723,250,0,0,0,0,0,0,0,0,0,0,0,0,0,0,0,0,,,,
282,Bangladesh,Chattogram,Khagrachhari,Khagrachhari Sadar,Bhaibonchhara,02,,,,Sudhanwa Para,সুধন্যা পাড়া,BHA202,23.221005,91.974468,240,0,0,0,0,0,0,0,0,0,0,0,0,0,0,0,0,,,,
283,Bangladesh,Chattogram,Khagrachhari,Khagrachhari Sadar,Bhaibonchhara,02,,,,Dhanendra Karbari Para,ধনেন্দ্র কারবারি পাড়া,BHA203,23.216954,91.978198,120,0,0,0,0,0,0,0,0,0,0,0,0,0,0,0,0,,,,
284,Bangladesh,Chattogram,Khagrachhari,Khagrachhari Sadar,Bhaibonchhara,02,,,,3 No. Prakalpa Gram,৩ নং প্রকল্প গ্রাম,BHA204,23.220195,91.959537,190,0,0,0,0,0,0,0,0,0,0,0,0,0,0,0,0,,,,
285,Bangladesh,Chattogram,Khagrachhari,Khagrachhari Sadar,Bhaibonchhara,02,,,,9 No. Prakalpa Gram,৯ নং প্রকল্প গ্রাম,BHA205,23.223537,91.947602,280,0,0,0,0,0,0,0,0,0,0,0,0,0,0,0,0,,,,
286,Bangladesh,Chattogram,Khagrachhari,Khagrachhari Sadar,Bhaibonchhara,02,,,,8 No. Prakalpa Gram,৮ নং প্রকল্প গ্রাম,BHA206,23.218595,91.933677,270,0,0,0,0,0,0,0,0,0,0,0,0,0,0,0,0,,,,
287,Bangladesh,Chattogram,Khagrachhari,Khagrachhari Sadar,Bhaibonchhara,02,,,,Paiprue Karbari Para,পাইপ্রু কারবারি পাড়া,BHA207,23.220139,91.925458,120,0,0,0,0,0,0,0,0,0,0,0,0,0,0,0,0,,,,
288,Bangladesh,Chattogram,Khagrachhari,Khagrachhari Sadar,Bhaibonchhara,02,,,,Bil Para,বিল পাড়া,BHA208,23.230481,91.927516,220,0,0,0,0,0,0,0,0,0,0,0,0,0,0,0,0,,,,
289,Bangladesh,Chattogram,Khagrachhari,Khagrachhari Sadar,Bhaibonchhara,02,,,,1 No. Prakalpa Gram,১ নং প্রকল্প গ্রাম,BHA209,23.215465,91.961638,120,0,0,0,0,0,0,0,0,0,0,0,0,0,0,0,0,,,,
290,Bangladesh,Chattogram,Khagrachhari,Khagrachhari Sadar,Bhaibonchhara,02,,,,Nakshatali,নকশাতলি,BHA210,23.228894,91.922646,125,0,0,0,0,0,0,0,0,0,0,0,0,0,0,0,0,,,,
291,Bangladesh,Chattogram,Khagrachhari,Khagrachhari Sadar,Bhaibonchhara,02,,,,Kaptala Para,কাপতলা পাড়া,BHA211,23.24072,91.997903,90,0,0,0,0,0,0,0,0,0,0,0,0,0,0,0,0,,,,
292,Bangladesh,Chattogram,Khagrachhari,Khagrachhari Sadar,Bhaibonchhara,02,,,,Mrasanai Karbari Para,ম্রাসানাই কারবারি পাড়া,BHA212,23.220495,91.922089,480,0,0,0,0,0,0,0,0,0,0,0,0,0,0,0,0,,,,
293,Bangladesh,Chattogram,Khagrachhari,Khagrachhari Sadar,Bhaibonchhara,03,,,,Dewan Para,দেওয়ান পাড়া,BHA301,23.206203,91.925484,650,0,0,0,0,0,0,0,0,0,0,0,0,0,0,0,0,,,,
294,Bangladesh,Chattogram,Khagrachhari,Khagrachhari Sadar,Bhaibonchhara,03,,,,7 No. Prakalpa Gram,৭ নং প্রকল্প গ্রাম,BHA302,23.20881,91.937853,360,0,0,0,0,0,0,0,0,0,0,0,0,0,0,0,0,,,,
295,Bangladesh,Chattogram,Khagrachhari,Khagrachhari Sadar,Bhaibonchhara,03,,,,Shanti Gram,শান্তি গ্রাম,BHA303,23.208099,91.915194,110,0,0,0,0,0,0,0,0,0,0,0,0,0,0,0,0,,,,
296,Bangladesh,Chattogram,Khagrachhari,Khagrachhari Sadar,Bhaibonchhara,03,,,,Darjeeling Para,দার্জিলিং পাড়া,BHA304,23.208615,91.920014,70,0,0,0,0,0,0,0,0,0,0,0,0,0,0,0,0,,,,
297,Bangladesh,Chattogram,Khagrachhari,Khagrachhari Sadar,Bhaibonchhara,03,,,,Noa Para,নোয়া পাড়া,BHA305,23.207622,91.921977,60,0,0,0,0,0,0,0,0,0,0,0,0,0,0,0,0,,,,
298,Bangladesh,Chattogram,Khagrachhari,Khagrachhari Sadar,Bhaibonchhara,03,,,,Adarsha Muslim Para,আদর্শ মুসলিম পাড়া,BHA306,23.21568,91.917964,140,0,0,0,0,0,0,0,0,0,0,0,0,0,0,0,0,,,,
299,Bangladesh,Chattogram,Khagrachhari,Khagrachhari Sadar,Bhaibonchhara,03,,,,Madhyam Muslim Para,মধ্যম মুসলিম পাড়া,BHA307,23.21364,91.918906,160,0,0,0,0,0,0,0,0,0,0,0,0,0,0,0,0,,,,
300,Bangladesh,Chattogram,Khagrachhari,Khagrachhari Sadar,Bhaibonchhara,03,,,,Dakkhin Muslim Para,দক্ষিণ মুসলিম পাড়া,BHA308,23.211942,91.915901,140,0,0,0,0,0,0,0,0,0,0,0,0,0,0,0,0,,,,
301,Bangladesh,Chattogram,Khagrachhari,Khagrachhari Sadar,Bhaibonchhara,03,,,,Police Fari,পুলিশ ফাঁড়ি,BHA309,23.209717,91.916692,100,0,0,0,0,0,0,0,0,0,0,0,0,0,0,0,0,,,,
302,Bangladesh,Chattogram,Khagrachhari,Khagrachhari Sadar,Bhaibonchhara,03,,,,Forest Tila,ফরেস্ট টিলা,BHA310,23.210309,91.919758,120,0,0,0,0,0,0,0,0,0,0,0,0,0,0,0,0,,,,
303,Bangladesh,Chattogram,Khagrachhari,Khagrachhari Sadar,Bhaibonchhara,03,,,,Purba Unnayan Board,পূর্ব উন্নয়ন বোর্ড,BHA311,23.211181,91.914523,60,0,0,0,0,0,0,0,0,0,0,0,0,0,0,0,0,,,,
304,Bangladesh,Chattogram,Khagrachhari,Khagrachhari Sadar,Bhaibonchhara,03,,,,Bhaibonchhara Bazar,ভাইবোনছড়া বাজার,BHA312,23.215776,91.915348,80,0,0,0,0,0,0,0,0,0,0,0,0,0,0,0,0,,,,
305,Bangladesh,Chattogram,Khagrachhari,Khagrachhari Sadar,Bhaibonchhara,03,,,,Hindu Para,হিন্দু পাড়া,BHA313,23.214202,91.914709,104,0,0,0,0,0,0,0,0,0,0,0,0,0,0,0,0,,,,
306,Bangladesh,Chattogram,Khagrachhari,Khagrachhari Sadar,Bhaibonchhara,03,,,,Baishnab Para,বৈষ্ণব পাড়া,BHA314,23.213198,91.911659,120,0,0,0,0,0,0,0,0,0,0,0,0,0,0,0,0,,,,
307,Bangladesh,Chattogram,Khagrachhari,Khagrachhari Sadar,Bhaibonchhara,03,,,,Saiandar Para,সৈয়ন্দর পাড়া,BHA315,23.212278,91.935052,280,0,0,0,0,0,0,0,0,0,0,0,0,0,0,0,0,,,,
308,Bangladesh,Chattogram,Khagrachhari,Khagrachhari Sadar,Bhaibonchhara,03,,,,Pashchim Muslim Para,পশ্চিম মুসলিম পাড়া,BHA316,23.212939,91.913438,200,0,0,0,0,0,0,0,0,0,0,0,0,0,0,0,0,,,,
309,Bangladesh,Chattogram,Khagrachhari,Khagrachhari Sadar,Bhaibonchhara,03,,,,Bhaibonchhara Sub-Zone Army Camp,ভাইবোনছড়া সাব-জোন আর্মি ক্যাম্প,BHA317,23.201741,91.922223,0,0,0,0,0,0,0,0,0,0,0,0,0,0,0,0,0,,,,
310,Bangladesh,Chattogram,Khagrachhari,Khagrachhari Sadar,Bhaibonchhara,04,,,,Ranyabari Para,রাণ্যাবাড়ি পাড়া,BHA401,23.203884,91.889022,168,0,0,0,0,0,0,0,0,0,0,0,0,0,0,0,0,,,,
311,Bangladesh,Chattogram,Khagrachhari,Khagrachhari Sadar,Bhaibonchhara,04,,,,Chhota Bari Para,ছোট বাড়ি পাড়া,BHA402,23.214029,91.904374,516,0,0,0,0,0,0,0,0,0,0,0,0,0,0,0,0,,,,
312,Bangladesh,Chattogram,Khagrachhari,Khagrachhari Sadar,Bhaibonchhara,04,,,,Company Para,কোম্পানি পাড়া,BHA403,23.218136,91.909437,35,0,0,0,0,0,0,0,0,0,0,0,0,0,0,0,0,,,,
313,Bangladesh,Chattogram,Khagrachhari,Khagrachhari Sadar,Bhaibonchhara,04,,,,Uttar Nalchhara Mag Para,উত্তর নলছড়া মগ পাড়া,BHA404,23.208419,91.910058,92,0,0,0,0,0,0,0,0,0,0,0,0,0,0,0,0,,,,
314,Bangladesh,Chattogram,Khagrachhari,Khagrachhari Sadar,Bhaibonchhara,04,,,,Uttar Nalchhara,উত্তর নলছড়া,BHA405,23.206386,91.908913,144,0,0,0,0,0,0,0,0,0,0,0,0,0,0,0,0,,,,
315,Bangladesh,Chattogram,Khagrachhari,Khagrachhari Sadar,Bhaibonchhara,04,,,,Nalchhara,নলছড়া,BHA406,23.203275,91.917306,400,0,0,0,0,0,0,0,0,0,0,0,0,0,0,0,0,,,,
316,Bangladesh,Chattogram,Khagrachhari,Khagrachhari Sadar,Bhaibonchhara,04,,,,Haridayal Para,হরিদয়াল পাড়া,BHA407,23.19954,91.915522,190,0,0,0,0,0,0,0,0,0,0,0,0,0,0,0,0,,,,
317,Bangladesh,Chattogram,Khagrachhari,Khagrachhari Sadar,Bhaibonchhara,04,,,,Surendra Master Para,সুরেন্দ্র মাস্টার পাড়া,BHA408,23.188484,91.918405,524,0,0,0,0,0,0,0,0,0,0,0,0,0,0,0,0,,,,
318,Bangladesh,Chattogram,Khagrachhari,Khagrachhari Sadar,Bhaibonchhara,04,,,,Wakrak Para,ওয়াক্রাক পাড়া,BHA409,23.182754,91.912306,344,0,0,0,0,0,0,0,0,0,0,0,0,0,0,0,0,,,,
319,Bangladesh,Chattogram,Khagrachhari,Khagrachhari Sadar,Bhaibonchhara,04,,,,Birashi Mura,বিরাশি মুড়া,BHA410,23.173849,91.896222,100,0,0,0,0,0,0,0,0,0,0,0,0,0,0,0,0,,,,
320,Bangladesh,Chattogram,Khagrachhari,Khagrachhari Sadar,Bhaibonchhara,04,,,,Headman Para,হেডম্যান পাড়া,BHA411,23.181171,91.925938,130,0,0,0,0,0,0,0,0,0,0,0,0,0,0,0,0,,,,
321,Bangladesh,Chattogram,Khagrachhari,Khagrachhari Sadar,Bhaibonchhara,04,,,,Debaranjan Karbari Para,দেবরঞ্জন কারবারি পাড়া,BHA412,23.18033,91.930122,140,0,0,0,0,0,0,0,0,0,0,0,0,0,0,0,0,,,,
322,Bangladesh,Chattogram,Khagrachhari,Khagrachhari Sadar,Bhaibonchhara,04,,,,Purna Karbari Para,পূর্ণ কারবারি পাড়া,BHA413,23.177397,91.928206,173,0,0,0,0,0,0,0,0,0,0,0,0,0,0,0,0,,,,
323,Bangladesh,Chattogram,Khagrachhari,Khagrachhari Sadar,Bhaibonchhara,05,,,,Simana Para,সীমানা পাড়া,BHA501,23.166344,91.916825,68,0,0,0,0,0,0,0,0,0,0,0,0,0,0,0,0,,,,
324,Bangladesh,Chattogram,Khagrachhari,Khagrachhari Sadar,Bhaibonchhara,05,,,,Kalapha Para,কলাফা পাড়া,BHA502,23.170035,91.908701,72,0,0,0,0,0,0,0,0,0,0,0,0,0,0,0,0,,,,
325,Bangladesh,Chattogram,Khagrachhari,Khagrachhari Sadar,Bhaibonchhara,05,,,,Harakumar Para,হরকুমার পাড়া,BHA503,23.175559,91.928858,104,0,0,0,0,0,0,0,0,0,0,0,0,0,0,0,0,,,,
326,Bangladesh,Chattogram,Khagrachhari,Khagrachhari Sadar,Bhaibonchhara,05,,,,Aprusi Chairman Para,আপ্রুসি চেয়ারম্যান পাড়া,BHA504,23.1757,91.932076,112,0,0,0,0,0,0,0,0,0,0,0,0,0,0,0,0,,,,
327,Bangladesh,Chattogram,Khagrachhari,Khagrachhari Sadar,Bhaibonchhara,05,,,,Nirmal Para,নির্মল পাড়া,BHA505,23.167984,91.933919,264,0,0,0,0,0,0,0,0,0,0,0,0,0,0,0,0,,,,
328,Bangladesh,Chattogram,Khagrachhari,Khagrachhari Sadar,Bhaibonchhara,05,,,,Kumar Dhan Para,কুমার ধন পাড়া,BHA506,23.161952,91.940666,628,0,0,0,0,0,0,0,0,0,0,0,0,0,0,0,0,,,,
329,Bangladesh,Chattogram,Khagrachhari,Khagrachhari Sadar,Bhaibonchhara,05,,,,Amrita Para,অমৃত পাড়া,BHA507,23.152322,91.950818,440,0,0,0,0,0,0,0,0,0,0,0,0,0,0,0,0,,,,
330,Bangladesh,Chattogram,Khagrachhari,Khagrachhari Sadar,Bhaibonchhara,05,,,,Sadhu Para,সাধু পাড়া,BHA508,23.146378,91.937637,88,0,0,0,0,0,0,0,0,0,0,0,0,0,0,0,0,,,,
331,Bangladesh,Chattogram,Khagrachhari,Khagrachhari Sadar,Bhaibonchhara,05,,,,Baura Para,বাউরা পাড়া,BHA509,23.150506,91.956157,232,0,0,0,0,0,0,0,0,0,0,0,0,0,0,0,0,,,,
332,Bangladesh,Chattogram,Khagrachhari,Khagrachhari Sadar,Bhaibonchhara,06,,,,Noa Para,নোয়া পাড়া,BHA601,23.201359,91.926101,132,0,0,0,0,0,0,0,0,0,0,0,0,0,0,0,0,,,,
333,Bangladesh,Chattogram,Khagrachhari,Khagrachhari Sadar,Bhaibonchhara,06,,,,Ratan Joy Para,রতন জয় পাড়া,BHA602,23.196751,91.921148,276,0,0,0,0,0,0,0,0,0,0,0,0,0,0,0,0,,,,
334,Bangladesh,Chattogram,Khagrachhari,Khagrachhari Sadar,Bhaibonchhara,06,,,,Muni Gram,মুনি গ্রাম,BHA603,23.190903,91.923814,376,0,0,0,0,0,0,0,0,0,0,0,0,0,0,0,0,,,,
335,Bangladesh,Chattogram,Khagrachhari,Khagrachhari Sadar,Bhaibonchhara,06,,,,Madanmohan Para,মদনমোহন পাড়া,BHA604,23.188308,91.921591,68,0,0,0,0,0,0,0,0,0,0,0,0,0,0,0,0,,,,
336,Bangladesh,Chattogram,Khagrachhari,Khagrachhari Sadar,Bhaibonchhara,06,,,,Chittaranjan Karbari Para,চিত্তরঞ্জন কারবারি পাড়া,BHA605,23.187919,91.923075,88,0,0,0,0,0,0,0,0,0,0,0,0,0,0,0,0,,,,
337,Bangladesh,Chattogram,Khagrachhari,Khagrachhari Sadar,Bhaibonchhara,06,,,,Rabijoy Para,রবিজয় পাড়া,BHA606,23.187831,91.928174,384,0,0,0,0,0,0,0,0,0,0,0,0,0,0,0,0,,,,
338,Bangladesh,Chattogram,Khagrachhari,Khagrachhari Sadar,Bhaibonchhara,06,,,,Prati Bandha Para,প্রতি বন্ধ পাড়া,BHA607,23.183898,91.928785,108,0,0,0,0,0,0,0,0,0,0,0,0,0,0,0,0,,,,
339,Bangladesh,Chattogram,Khagrachhari,Khagrachhari Sadar,Bhaibonchhara,06,,,,Shib Mandir Para,শিব মন্দির পাড়া,BHA608,23.182586,91.930535,56,0,0,0,0,0,0,0,0,0,0,0,0,0,0,0,0,,,,
340,Bangladesh,Chattogram,Khagrachhari,Khagrachhari Sadar,Bhaibonchhara,06,,,,Ranjanmani Para,রঞ্জনমণি পাড়া,BHA609,23.182205,91.933987,136,0,0,0,0,0,0,0,0,0,0,0,0,0,0,0,0,,,,
341,Bangladesh,Chattogram,Khagrachhari,Khagrachhari Sadar,Bhaibonchhara,06,,,,Purnabijoy Para,পূর্ণবিজয় পাড়া,BHA610,23.180285,91.93375,168,0,0,0,0,0,0,0,0,0,0,0,0,0,0,0,0,,,,
342,Bangladesh,Chattogram,Khagrachhari,Khagrachhari Sadar,Bhaibonchhara,06,,,,Dronacharja Para,দ্রোনাচার্য পাড়া,BHA611,23.178302,91.931817,116,0,0,0,0,0,0,0,0,0,0,0,0,0,0,0,0,,,,
343,Bangladesh,Chattogram,Khagrachhari,Khagrachhari Sadar,Bhaibonchhara,06,,,,Akkhaymani Para,অক্ষয়মণি পাড়া,BHA612,23.17589,91.935347,48,0,0,0,0,0,0,0,0,0,0,0,0,0,0,0,0,,,,
344,Bangladesh,Chattogram,Khagrachhari,Khagrachhari Sadar,Bhaibonchhara,06,,,,Kukichhara Para,কুকিছড়া পাড়া,BHA613,23.175148,91.937666,376,0,0,0,0,0,0,0,0,0,0,0,0,0,0,0,0,,,,
345,Bangladesh,Chattogram,Khagrachhari,Khagrachhari Sadar,Bhaibonchhara,06,,,,Chhota Nala Para,ছোট নালা পাড়া,BHA614,23.168302,91.943882,380,0,0,0,0,0,0,0,0,0,0,0,0,0,0,0,0,,,,
346,Bangladesh,Chattogram,Khagrachhari,Khagrachhari Sadar,Bhaibonchhara,07,,,,1 No. Prakalpa Gram,১ নং প্রকল্প গ্রাম,BHA701,23.205883,91.965846,240,0,0,0,0,0,0,0,0,0,0,0,0,0,0,0,0,,,,
347,Bangladesh,Chattogram,Khagrachhari,Khagrachhari Sadar,Bhaibonchhara,07,,,,2 No. Prakalpa Gram (Banchhara),২ নং প্রকল্প গ্রাম (বানছড়া),BHA702,23.194704,91.951285,180,0,0,0,0,0,0,0,0,0,0,0,0,0,0,0,0,,,,
348,Bangladesh,Chattogram,Khagrachhari,Khagrachhari Sadar,Bhaibonchhara,07,,,,3 No. Prakalpa Gram,৩ নং প্রকল্প গ্রাম,BHA703,23.175016,91.950737,280,0,0,0,0,0,0,0,0,0,0,0,0,0,0,0,0,,,,
349,Bangladesh,Chattogram,Khagrachhari,Khagrachhari Sadar,Bhaibonchhara,07,,,,4 No. Prakalpa Gram,৪ নং প্রকল্প গ্রাম,BHA704,23.180221,91.945839,350,0,0,0,0,0,0,0,0,0,0,0,0,0,0,0,0,,,,
350,Bangladesh,Chattogram,Khagrachhari,Khagrachhari Sadar,Bhaibonchhara,07,,,,5 No. Prakalpa Gram,৫ নং প্রকল্প গ্রাম,BHA705,23.191615,91.933011,420,0,0,0,0,0,0,0,0,0,0,0,0,0,0,0,0,,,,
351,Bangladesh,Chattogram,Khagrachhari,Khagrachhari Sadar,Bhaibonchhara,07,,,,6 No. Prakalpa Gram,৬ নং প্রকল্প গ্রাম,BHA706,23.201885,91.931865,280,0,0,0,0,0,0,0,0,0,0,0,0,0,0,0,0,,,,
352,Bangladesh,Chattogram,Khagrachhari,Khagrachhari Sadar,Bhaibonchhara,07,,,,Harikunja Para,হরিকুঞ্জ পাড়া,BHA707,23.199592,91.968835,360,0,0,0,0,0,0,0,0,0,0,0,0,0,0,0,0,,,,
353,Bangladesh,Chattogram,Khagrachhari,Khagrachhari Sadar,Bhaibonchhara,07,,,,Sajek Para,সাজেক পাড়া,BHA708,23.185686,91.962832,90,0,0,0,0,0,0,0,0,0,0,0,0,0,0,0,0,,,,
354,Bangladesh,Chattogram,Khagrachhari,Khagrachhari Sadar,Bhaibonchhara,08,,,,Mantri Para,মন্ত্রী পাড়া,BHA801,23.155917,91.950872,176,0,0,0,0,0,0,0,0,0,0,0,0,0,0,0,0,,,,
355,Bangladesh,Chattogram,Khagrachhari,Khagrachhari Sadar,Bhaibonchhara,08,,,,2 No. Prakalpa Gram (Ghachhban),২ নং প্রকল্প গ্রাম (গাছবান),BHA802,23.162847,91.950825,640,0,0,0,0,0,0,0,0,0,0,0,0,0,0,0,0,,,,
356,Bangladesh,Chattogram,Khagrachhari,Khagrachhari Sadar,Bhaibonchhara,08,,,,Krishnamohan Karbari Para,কৃষ্ণমোহন কারবারি পাড়া,BHA803,23.165486,91.973064,120,0,0,0,0,0,0,0,0,0,0,0,0,0,0,0,0,,,,
357,Bangladesh,Chattogram,Khagrachhari,Khagrachhari Sadar,Bhaibonchhara,08,,,,Kajlya Para,কাজল্যা পাড়া,BHA804,23.165406,91.945686,80,0,0,0,0,0,0,0,0,0,0,0,0,0,0,0,0,,,,
358,Bangladesh,Chattogram,Khagrachhari,Khagrachhari Sadar,Bhaibonchhara,08,,,,Noa Para (Ghachhban),নোয়া পাড়া (গাছবান),BHA805,23.162865,91.959871,360,0,0,0,0,0,0,0,0,0,0,0,0,0,0,0,0,,,,
359,Bangladesh,Chattogram,Khagrachhari,Khagrachhari Sadar,Bhaibonchhara,08,,,,Kuki Para Jautha Camp,কুকি পাড়া যৌথ ক্যাম্প,BHA806,23.164193,91.944086,0,0,0,0,0,0,0,0,0,0,0,0,0,0,0,0,0,,,,
360,Bangladesh,Chattogram,Khagrachhari,Khagrachhari Sadar,Bhaibonchhara,09,,,,Bara Para,বড় পাড়া,BHA901,23.19666,91.985726,640,0,0,0,0,0,0,0,0,0,0,0,0,0,0,0,0,,,,
361,Bangladesh,Chattogram,Khagrachhari,Khagrachhari Sadar,Bhaibonchhara,09,,,,Natun para,নতুন পাড়া,BHA902,23.193152,91.987841,372,0,0,0,0,0,0,0,0,0,0,0,0,0,0,0,0,,,,
362,Bangladesh,Chattogram,Khagrachhari,Khagrachhari Sadar,Bhaibonchhara,09,,,,Taiklu Hadok,তৈক্লু হাদোক,BHA903,23.187609,91.982013,196,0,0,0,0,0,0,0,0,0,0,0,0,0,0,0,0,,,,
363,Bangladesh,Chattogram,Khagrachhari,Khagrachhari Sadar,Bhaibonchhara,09,,,,Rasta Hadok Para,রাস্তা হাদোক পাড়া,BHA904,23.187288,91.974023,160,0,0,0,0,0,0,0,0,0,0,0,0,0,0,0,0,,,,
364,Bangladesh,Chattogram,Khagrachhari,Khagrachhari Sadar,Bhaibonchhara,09,,,,Amlai Haduk Para,আমলাই হাদুক পাড়া,BHA905,23.194543,91.971267,160,0,0,0,0,0,0,0,0,0,0,0,0,0,0,0,0,,,,
365,Bangladesh,Chattogram,Khagrachhari,Khagrachhari Sadar,Bhaibonchhara,09,,,,Chhota Para,ছোট পাড়া,BHA906,23.181613,91.980833,180,0,0,0,0,0,0,0,0,0,0,0,0,0,0,0,0,,,,
366,Bangladesh,Chattogram,Khagrachhari,Khagrachhari Sadar,Bhaibonchhara,09,,,,Hamachang Para,হামাচাং পাড়া,BHA907,23.176471,91.969233,52,0,0,0,0,0,0,0,0,0,0,0,0,0,0,0,0,,,,
367,Bangladesh,Chattogram,Khagrachhari,Khagrachhari Sadar,Bhaibonchhara,09,,,,Kalaban Para,কলাবন পাড়া,BHA908,23.18671,91.995898,212,0,0,0,0,0,0,0,0,0,0,0,0,0,0,0,0,,,,
368,Bangladesh,Chattogram,Khagrachhari,Khagrachhari Sadar,Bhaibonchhara,09,,,,Kewapara,কেওয়াপাড়া,BHA909,23.191278,92.002782,220,0,0,0,0,0,0,0,0,0,0,0,0,0,0,0,0,,,,
369,Bangladesh,Chattogram,Khagrachhari,Khagrachhari Sadar,Bhaibonchhara,09,,,,Simana Para,সীমানা পাড়া,BHA910,23.198799,92.012619,280,0,0,0,0,0,0,0,0,0,0,0,0,0,0,0,0,,,,
370,Bangladesh,Chattogram,Khagrachhari,Khagrachhari Sadar,Bhaibonchhara,09,,,,Bejachandra Para,বেজাচন্দ্র পাড়া,BHA911,23.211059,92.001908,160,0,0,0,0,0,0,0,0,0,0,0,0,0,0,0,0,,,,
371,Bangladesh,Chattogram,Khagrachhari,Khagrachhari Sadar,Bhaibonchhara,09,,,,Kaptala Para,কাপতলা পাড়া,BHA912,23.231192,91.999886,52,0,0,0,0,0,0,0,0,0,0,0,0,0,0,0,0,,,,
372,Bangladesh,Chattogram,Khagrachhari,Khagrachhari Sadar,Bhaibonchhara,09,,,,Ghachhban Army Camp,গাছবান আর্মি ক্যাম্প,BHA913,23.19206,91.995372,0,0,0,0,0,0,0,0,0,0,0,0,0,0,0,0,0,,,,
373,Bangladesh,Chattogram,Khagrachhari,Khagrachhari Sadar,Golabari,01,,,,Uttar Ganj Para,উত্তর গঞ্জ পাড়া,GOL101,23.106312,91.976076,3891,0,0,0,0,0,0,0,0,0,0,0,0,0,0,0,0,,,,
374,Bangladesh,Chattogram,Khagrachhari,Khagrachhari Sadar,Golabari,02,,,,Dakkhin Ganj Para,দক্ষিণ গঞ্জ পাড়া,GOL201,23.099755,91.977948,3000,0,0,0,0,0,0,0,0,0,0,0,0,0,0,0,0,,,,
375,Bangladesh,Chattogram,Khagrachhari,Khagrachhari Sadar,Golabari,02,,,,Nikunja Residential Elaka,নিকুঞ্জ আবাসিক এলাকা,GOL202,23.100916,91.973504,1000,0,0,0,0,0,0,0,0,0,0,0,0,0,0,0,0,,,,
376,Bangladesh,Chattogram,Khagrachhari,Khagrachhari Sadar,Golabari,02,,,,Balpiye Adam,বলপিয়ে আদাম,GOL203,23.100599,91.970372,500,0,0,0,0,0,0,0,0,0,0,0,0,0,0,0,0,,,,
377,Bangladesh,Chattogram,Khagrachhari,Khagrachhari Sadar,Golabari,03,,,,Uttar Mahalchhara Para,উত্তর মহালছড়া পাড়া,GOL301,23.095147,91.969284,800,0,0,0,0,0,0,0,0,0,0,0,0,0,0,0,0,,,,
378,Bangladesh,Chattogram,Khagrachhari,Khagrachhari Sadar,Golabari,03,,,,Bangalkati,বাঙ্গালকাটি,GOL302,23.104138,91.965496,150,0,0,0,0,0,0,0,0,0,0,0,0,0,0,0,0,,,,
379,Bangladesh,Chattogram,Khagrachhari,Khagrachhari Sadar,Golabari,03,,,,Alutila Rubber Bagan,আলুটিলা রাবার বাগান,GOL303,23.101556,91.962288,15,0,0,0,0,0,0,0,0,0,0,0,0,0,0,0,0,,,,
380,Bangladesh,Chattogram,Khagrachhari,Khagrachhari Sadar,Golabari,03,,,,Bagan Para,বাগান পাড়া,GOL304,23.09388,91.965425,30,0,0,0,0,0,0,0,0,0,0,0,0,0,0,0,0,,,,
381,Bangladesh,Chattogram,Khagrachhari,Khagrachhari Sadar,Golabari,03,,,,Kaibalya Pith,কৈবল্য পীঠ,GOL305,23.101466,91.965804,80,0,0,0,0,0,0,0,0,0,0,0,0,0,0,0,0,,,,
382,Bangladesh,Chattogram,Khagrachhari,Khagrachhari Sadar,Golabari,04,,,,Mahalchhara,মহালছড়া,GOL401,23.091739,91.969299,800,0,0,0,0,0,0,0,0,0,0,0,0,0,0,0,0,,,,
383,Bangladesh,Chattogram,Khagrachhari,Khagrachhari Sadar,Golabari,04,,,,Mahalchhara Dewan Para,মহালছড়া দেওয়ান পাড়া,GOL402,23.08925,91.971624,400,0,0,0,0,0,0,0,0,0,0,0,0,0,0,0,0,,,,
384,Bangladesh,Chattogram,Khagrachhari,Khagrachhari Sadar,Golabari,05,,,,Headman Para,হেডম্যান পাড়া,GOL501,23.090451,91.975465,600,0,0,0,0,0,0,0,0,0,0,0,0,0,0,0,0,,,,
385,Bangladesh,Chattogram,Khagrachhari,Khagrachhari Sadar,Golabari,05,,,,Kadamtali Zero-Mile,কদমতলি জিরো-মাইল,GOL502,23.093825,91.974302,500,0,0,0,0,0,0,0,0,0,0,0,0,0,0,0,0,,,,
386,Bangladesh,Chattogram,Khagrachhari,Khagrachhari Sadar,Golabari,05,,,,Madhu Bazar,মধু বাজার,GOL503,23.08972,91.974519,400,0,0,0,0,0,0,0,0,0,0,0,0,0,0,0,0,,,,
387,Bangladesh,Chattogram,Khagrachhari,Khagrachhari Sadar,Golabari,05,,,,Zero-Mile Army Camp,জিরো-মাইল আর্মি ক্যাম্প,GOL504,23.094746,91.974427,0,0,0,0,0,0,0,0,0,0,0,0,0,0,0,0,0,,,,
388,Bangladesh,Chattogram,Khagrachhari,Khagrachhari Sadar,Golabari,06,,,,Dakkhin Golabari,দক্ষিণ গোলাবাড়ি,GOL601,23.082402,91.979241,500,0,0,0,0,0,0,0,0,0,0,0,0,0,0,0,0,,,,
389,Bangladesh,Chattogram,Khagrachhari,Khagrachhari Sadar,Golabari,06,,,,Pashchim Golabari,পশ্চিম গোলাবাড়ি,GOL602,23.082137,91.972047,900,0,0,0,0,0,0,0,0,0,0,0,0,0,0,0,0,,,,
390,Bangladesh,Chattogram,Khagrachhari,Khagrachhari Sadar,Golabari,06,,,,Munsi Para,মুন্সী পাড়া,GOL603,23.078985,91.973568,600,0,0,0,0,0,0,0,0,0,0,0,0,0,0,0,0,,,,
391,Bangladesh,Chattogram,Khagrachhari,Khagrachhari Sadar,Golabari,07,,,,Satbhaiya Para,সাতভাইয়া পাড়া,GOL701,23.107576,92.004541,700,0,0,0,0,0,0,0,0,0,0,0,0,0,0,0,0,,,,
392,Bangladesh,Chattogram,Khagrachhari,Khagrachhari Sadar,Golabari,07,,,,Joutha Khamar,যৌথ খামার,GOL702,23.114603,92.005325,300,0,0,0,0,0,0,0,0,0,0,0,0,0,0,0,0,,,,
393,Bangladesh,Chattogram,Khagrachhari,Khagrachhari Sadar,Golabari,07,,,,Thuiaungya Para,থুইঅংগ্যা পাড়া,GOL703,23.132242,92.005066,120,0,0,0,0,0,0,0,0,0,0,0,0,0,0,0,0,,,,
394,Bangladesh,Chattogram,Khagrachhari,Khagrachhari Sadar,Golabari,07,,,,Bara Para,বড় পাড়া,GOL704,23.135265,92.006153,700,0,0,0,0,0,0,0,0,0,0,0,0,0,0,0,0,,,,
395,Bangladesh,Chattogram,Khagrachhari,Khagrachhari Sadar,Golabari,07,,,,Natun Para,নতুন পাড়া,GOL705,23.13824,92.010742,120,0,0,0,0,0,0,0,0,0,0,0,0,0,0,0,0,,,,
396,Bangladesh,Chattogram,Khagrachhari,Khagrachhari Sadar,Golabari,08,,,,Natun Para,নতুন পাড়া,GOL801,23.126146,92.025161,160,0,0,0,0,0,0,0,0,0,0,0,0,0,0,0,0,,,,
397,Bangladesh,Chattogram,Khagrachhari,Khagrachhari Sadar,Golabari,08,,,,Natha Para,নাথা পাড়া,GOL802,23.124338,92.049926,150,0,0,0,0,0,0,0,0,0,0,0,0,0,0,0,0,,,,
398,Bangladesh,Chattogram,Khagrachhari,Khagrachhari Sadar,Golabari,08,,,,Tainyamachhara Para,তৈন্যমাছড়া পাড়া,GOL803,23.1281,92.037995,100,0,0,0,0,0,0,0,0,0,0,0,0,0,0,0,0,,,,
399,Bangladesh,Chattogram,Khagrachhari,Khagrachhari Sadar,Golabari,08,,,,Purbo Goamahat,পূর্ব গোয়ামাহাট,GOL804,23.110022,92.038059,220,0,0,0,0,0,0,0,0,0,0,0,0,0,0,0,0,,,,
400,Bangladesh,Chattogram,Khagrachhari,Khagrachhari Sadar,Golabari,08,,,,Jurapani Chara,জুরাপানি ছড়া,GOL805,23.117042,92.025809,400,0,0,0,0,0,0,0,0,0,0,0,0,0,0,0,0,,,,
401,Bangladesh,Chattogram,Khagrachhari,Khagrachhari Sadar,Golabari,08,,,,Uttar Goamahat,উত্তর গোয়ামাহাট,GOL806,23.11367,92.030564,140,0,0,0,0,0,0,0,0,0,0,0,0,0,0,0,0,,,,
402,Bangladesh,Chattogram,Khagrachhari,Khagrachhari Sadar,Golabari,08,,,,Harinath Para,হরিনাথ পাড়া,GOL807,23.110345,92.009838,320,0,0,0,0,0,0,0,0,0,0,0,0,0,0,0,0,,,,
403,Bangladesh,Chattogram,Khagrachhari,Khagrachhari Sadar,Golabari,08,,,,Rangapani Chhara,রাঙ্গাপানি ছড়া,GOL808,23.125142,92.013967,300,0,0,0,0,0,0,0,0,0,0,0,0,0,0,0,0,,,,
404,Bangladesh,Chattogram,Khagrachhari,Khagrachhari Sadar,Golabari,08,,,,Talukdar Para,তালুকদার পাড়া,GOL809,23.112488,92.016091,140,0,0,0,0,0,0,0,0,0,0,0,0,0,0,0,0,,,,
405,Bangladesh,Chattogram,Khagrachhari,Khagrachhari Sadar,Golabari,08,,,,Jangitila Army Camp,জংগীটিলা আর্মি ক্যাম্প,GOL810,23.10702,92.032197,0,0,0,0,0,0,0,0,0,0,0,0,0,0,0,0,0,,,,
406,Bangladesh,Chattogram,Khagrachhari,Khagrachhari Sadar,Golabari,09,,,,Taibaklai Para,তৈবাকলাই পাড়া,GOL901,23.170613,92.041537,400,0,0,0,0,0,0,0,0,0,0,0,0,0,0,0,0,,,,
407,Bangladesh,Chattogram,Khagrachhari,Khagrachhari Sadar,Golabari,09,,,,Jerok Para,জেরক পাড়া,GOL902,23.179971,92.03939,170,0,0,0,0,0,0,0,0,0,0,0,0,0,0,0,0,,,,
408,Bangladesh,Chattogram,Khagrachhari,Khagrachhari Sadar,Golabari,09,,,,Hemon Para,হেমন পাড়া,GOL903,23.179398,92.042139,150,0,0,0,0,0,0,0,0,0,0,0,0,0,0,0,0,,,,
409,Bangladesh,Chattogram,Khagrachhari,Khagrachhari Sadar,Golabari,09,,,,Choto Khagrachori,ছোট খাগড়াছড়ি,GOL904,23.163526,92.026389,300,0,0,0,0,0,0,0,0,0,0,0,0,0,0,0,0,,,,
410,Bangladesh,Chattogram,Khagrachhari,Khagrachhari Sadar,Golabari,09,,,,Uchoy Para,উচয় পাড়া,GOL905,23.134378,92.026412,350,0,0,0,0,0,0,0,0,0,0,0,0,0,0,0,0,,,,
411,Bangladesh,Chattogram,Khagrachhari,Khagrachhari Sadar,Golabari,09,,,,Bagra Chhara Para,বগড়া ছড়া পাড়া,GOL906,23.14544,92.017079,450,0,0,0,0,0,0,0,0,0,0,0,0,0,0,0,0,,,,
412,Bangladesh,Chattogram,Khagrachhari,Khagrachhari Sadar,Golabari,09,,,,Purbo Natun Para,পূর্ব নতুন পাড়া,GOL907,23.176615,92.040858,50,0,0,0,0,0,0,0,0,0,0,0,0,0,0,0,0,,,,
413,Bangladesh,Chattogram,Khagrachhari,Khagrachhari Sadar,Golabari,09,,,,Uttar Natun Para,উত্তর নতুন পাড়া,GOL908,23.183441,92.035366,50,0,0,0,0,0,0,0,0,0,0,0,0,0,0,0,0,,,,
414,Bangladesh,Chattogram,Khagrachhari,Khagrachhari Sadar,Kamalchhari,01,,,,Kamalchhari Mukh Para,কমলছড়ি মুখ পাড়া,KAM101,23.07292,91.994491,750,0,0,0,0,0,0,0,0,0,0,0,0,0,0,0,0,,,,
415,Bangladesh,Chattogram,Khagrachhari,Khagrachhari Sadar,Kamalchhari,01,,,,Pilot Para,পাইলট পাড়া,KAM102,23.077659,91.990806,150,0,0,0,0,0,0,0,0,0,0,0,0,0,0,0,0,,,,
416,Bangladesh,Chattogram,Khagrachhari,Khagrachhari Sadar,Kamalchhari,01,,,,Dayamohan Karbari Para,দয়ামোহন কারবারি পাড়া,KAM103,23.083915,91.993609,210,0,0,0,0,0,0,0,0,0,0,0,0,0,0,0,0,,,,
417,Bangladesh,Chattogram,Khagrachhari,Khagrachhari Sadar,Kamalchhari,01,,,,Dakkhin Bhuachhari Marma Para,দক্ষিণ ভূয়াছড়ি মার্মা পাড়া,KAM104,23.077825,92.005659,350,0,0,0,0,0,0,0,0,0,0,0,0,0,0,0,0,,,,
418,Bangladesh,Chattogram,Khagrachhari,Khagrachhari Sadar,Kamalchhari,01,,,,Amthali Para,আমথলী পাড়া,KAM105,23.081898,91.99407,100,0,0,0,0,0,0,0,0,0,0,0,0,0,0,0,0,,,,
419,Bangladesh,Chattogram,Khagrachhari,Khagrachhari Sadar,Kamalchhari,02,,,,Upper Perachhara,আপার পেরাছড়া,KAM201,23.093398,91.996376,1500,0,0,0,0,0,0,0,0,0,0,0,0,0,0,0,0,,,,
420,Bangladesh,Chattogram,Khagrachhari,Khagrachhari Sadar,Kamalchhari,02,,,,Amtali Para,আমতলী পাড়া,KAM202,23.081241,91.996492,750,0,0,0,0,0,0,0,0,0,0,0,0,0,0,0,0,,,,
421,Bangladesh,Chattogram,Khagrachhari,Khagrachhari Sadar,Kamalchhari,02,,,,Khyangdong Para,খ্যাংদং পাড়া,KAM203,23.085012,92.003258,650,0,0,0,0,0,0,0,0,0,0,0,0,0,0,0,0,,,,
422,Bangladesh,Chattogram,Khagrachhari,Khagrachhari Sadar,Kamalchhari,02,,,,Headman Para,হেডম্যান পাড়া,KAM204,23.080185,92.000455,1200,0,0,0,0,0,0,0,0,0,0,0,0,0,0,0,0,,,,
423,Bangladesh,Chattogram,Khagrachhari,Khagrachhari Sadar,Kamalchhari,02,,,,Mangalchan Para,মঙ্গলচান পাড়া,KAM205,23.080304,92.00721,650,0,0,0,0,0,0,0,0,0,0,0,0,0,0,0,0,,,,
424,Bangladesh,Chattogram,Khagrachhari,Khagrachhari Sadar,Kamalchhari,02,,,,Tatul Tola,তেঁতুল তলা,KAM206,23.089662,92.007349,150,0,0,0,0,0,0,0,0,0,0,0,0,0,0,0,0,,,,
425,Bangladesh,Chattogram,Khagrachhari,Khagrachhari Sadar,Kamalchhari,03,,,,Tatul Tola,তেঁতুল তলা,KAM301,23.091178,92.010927,450,0,0,0,0,0,0,0,0,0,0,0,0,0,0,0,0,,,,
426,Bangladesh,Chattogram,Khagrachhari,Khagrachhari Sadar,Kamalchhari,03,,,,Roasaya Para,রোওয়াসায়া পাড়া,KAM302,23.0955,92.008673,1200,0,0,0,0,0,0,0,0,0,0,0,0,0,0,0,0,,,,
427,Bangladesh,Chattogram,Khagrachhari,Khagrachhari Sadar,Kamalchhari,03,,,,Thanachandra Para,থানাচন্দ্র পাড়া,KAM303,23.097757,92.020153,1000,0,0,0,0,0,0,0,0,0,0,0,0,0,0,0,0,,,,
428,Bangladesh,Chattogram,Khagrachhari,Khagrachhari Sadar,Kamalchhari,03,,,,Jaduram Para,যাদুরাম পাড়া,KAM304,23.090221,92.018362,500,0,0,0,0,0,0,0,0,0,0,0,0,0,0,0,0,,,,
429,Bangladesh,Chattogram,Khagrachhari,Khagrachhari Sadar,Kamalchhari,03,,,,Madhu Para,মধু পাড়া,KAM305,23.087401,92.016527,200,0,0,0,0,0,0,0,0,0,0,0,0,0,0,0,0,,,,
430,Bangladesh,Chattogram,Khagrachhari,Khagrachhari Sadar,Kamalchhari,04,,,,Betchhari Christian Para,বেতছড়ি খ্রিষ্টান পাড়া,KAM401,23.072299,92.030102,600,0,0,0,0,0,0,0,0,0,0,0,0,0,0,0,0,,,,
431,Bangladesh,Chattogram,Khagrachhari,Khagrachhari Sadar,Kamalchhari,04,,,,Chakrachhara,ছাক্রছড়া,KAM402,23.087186,92.032524,80,0,0,0,0,0,0,0,0,0,0,0,0,0,0,0,0,,,,
432,Bangladesh,Chattogram,Khagrachhari,Khagrachhari Sadar,Kamalchhari,04,,,,Betchhari Madhya Para,বেতছড়ি মধ্য পাড়া,KAM403,23.062274,92.023286,240,0,0,0,0,0,0,0,0,0,0,0,0,0,0,0,0,,,,
433,Bangladesh,Chattogram,Khagrachhari,Khagrachhari Sadar,Kamalchhari,04,,,,Barnal Natun Para,বর্নাল নতুন পাড়া,KAM404,23.08448,92.021203,250,0,0,0,0,0,0,0,0,0,0,0,0,0,0,0,0,,,,
434,Bangladesh,Chattogram,Khagrachhari,Khagrachhari Sadar,Kamalchhari,04,,,,Lohaman Para,লোহামন পাড়া,KAM405,23.09189,92.026284,60,0,0,0,0,0,0,0,0,0,0,0,0,0,0,0,0,,,,
435,Bangladesh,Chattogram,Khagrachhari,Khagrachhari Sadar,Kamalchhari,04,,,,Ratanmani Karbari Para,রতনমণি কারবারি পাড়া,KAM406,23.08015,92.037824,400,0,0,0,0,0,0,0,0,0,0,0,0,0,0,0,0,,,,
436,Bangladesh,Chattogram,Khagrachhari,Khagrachhari Sadar,Kamalchhari,04,,,,Akkhyachhara,অক্ষয়ছড়া,KAM407,23.096373,92.037741,80,0,0,0,0,0,0,0,0,0,0,0,0,0,0,0,0,,,,
437,Bangladesh,Chattogram,Khagrachhari,Khagrachhari Sadar,Kamalchhari,05,,,,Natun Bazar,নতুন বাজার,KAM501,23.071395,92.015661,540,0,0,0,0,0,0,0,0,0,0,0,0,0,0,0,0,,,,
438,Bangladesh,Chattogram,Khagrachhari,Khagrachhari Sadar,Kamalchhari,05,,,,Habib Tila,হাবীব টিলা,KAM502,23.064788,92.008248,350,0,0,0,0,0,0,0,0,0,0,0,0,0,0,0,0,,,,
439,Bangladesh,Chattogram,Khagrachhari,Khagrachhari Sadar,Kamalchhari,05,,,,Bhuachhari Uttar School Tila,ভূয়াছড়ি উত্তর স্কুল টিলা,KAM503,23.069465,92.012256,150,0,0,0,0,0,0,0,0,0,0,0,0,0,0,0,0,,,,
440,Bangladesh,Chattogram,Khagrachhari,Khagrachhari Sadar,Kamalchhari,05,,,,Barisal Tila,বরিশাল টিলা,KAM504,23.070687,92.008189,250,0,0,0,0,0,0,0,0,0,0,0,0,0,0,0,0,,,,
441,Bangladesh,Chattogram,Khagrachhari,Khagrachhari Sadar,Kamalchhari,05,,,,Rajshahi Tila,রাজশাহী টিলা,KAM505,23.07534,92.009177,450,0,0,0,0,0,0,0,0,0,0,0,0,0,0,0,0,,,,
442,Bangladesh,Chattogram,Khagrachhari,Khagrachhari Sadar,Kamalchhari,05,,,,Bhuachhari Sub-Zone Army Camp,ভূয়াছড়ি সাব-জোন আর্মি ক্যাম্প,KAM506,23.072497,92.009077,0,0,0,0,0,0,0,0,0,0,0,0,0,0,0,0,0,,,,
443,Bangladesh,Chattogram,Khagrachhari,Khagrachhari Sadar,Kamalchhari,06,,,,Dakkhin Bhuachhari,দক্ষিণ ভূয়াছড়ি,KAM601,23.057645,92.009945,920,0,0,0,0,0,0,0,0,0,0,0,0,0,0,0,0,,,,
444,Bangladesh,Chattogram,Khagrachhari,Khagrachhari Sadar,Kamalchhari,06,,,,Bhuachhari Mukh Para,ভূয়াছড়ি মুখ পাড়া,KAM602,23.061828,92.003056,160,0,0,0,0,0,0,0,0,0,0,0,0,0,0,0,0,,,,
445,Bangladesh,Chattogram,Khagrachhari,Khagrachhari Sadar,Kamalchhari,06,,,,Betchhari Mukh,বেতছড়ি মুখ,KAM603,23.050832,92.011496,600,0,0,0,0,0,0,0,0,0,0,0,0,0,0,0,0,,,,
446,Bangladesh,Chattogram,Khagrachhari,Khagrachhari Sadar,Kamalchhari,06,,,,Wazed Tila,ওয়াজেদ টিলা,KAM604,23.061381,92.014074,390,0,0,0,0,0,0,0,0,0,0,0,0,0,0,0,0,,,,
447,Bangladesh,Chattogram,Khagrachhari,Khagrachhari Sadar,Kamalchhari,06,,,,Bhuachhari Ansar Camp,ভূয়াছড়ি আনসার ক্যাম্প,KAM605,23.057943,92.007858,0,0,0,0,0,0,0,0,0,0,0,0,0,0,0,0,0,,,,
448,Bangladesh,Chattogram,Khagrachhari,Khagrachhari Sadar,Kamalchhari,07,,,,Betchhari Mukh (Dakkhin),বেতছড়ি মুখ (দক্ষিণ),KAM701,23.045987,92.012393,300,0,0,0,0,0,0,0,0,0,0,0,0,0,0,0,0,,,,
449,Bangladesh,Chattogram,Khagrachhari,Khagrachhari Sadar,Kamalchhari,07,,,,Betchhari Marma Para,বেতছড়ি মার্মা পাড়া,KAM702,23.04162,92.016088,600,0,0,0,0,0,0,0,0,0,0,0,0,0,0,0,0,,,,
450,Bangladesh,Chattogram,Khagrachhari,Khagrachhari Sadar,Kamalchhari,07,,,,Itchhari Mukh,ইটছড়ি মুখ,KAM703,23.048058,92.02446,300,0,0,0,0,0,0,0,0,0,0,0,0,0,0,0,0,,,,
451,Bangladesh,Chattogram,Khagrachhari,Khagrachhari Sadar,Kamalchhari,08,,,,Itchhari Bhitar Para,ইটছড়ি ভিতর পাড়া,KAM801,23.057053,92.042153,405,0,0,0,0,0,0,0,0,0,0,0,0,0,0,0,0,,,,
452,Bangladesh,Chattogram,Khagrachhari,Khagrachhari Sadar,Kamalchhari,08,,,,Itchhari Madhya Para,ইটছড়ি মধ্য পাড়া,KAM802,23.046704,92.028076,150,0,0,0,0,0,0,0,0,0,0,0,0,0,0,0,0,,,,
453,Bangladesh,Chattogram,Khagrachhari,Khagrachhari Sadar,Kamalchhari,08,,,,Betchhari Sajek Para,বেতছড়ি সাজেক পাড়া,KAM803,23.073808,92.040627,120,0,0,0,0,0,0,0,0,0,0,0,0,0,0,0,0,,,,
454,Bangladesh,Chattogram,Khagrachhari,Khagrachhari Sadar,Kamalchhari,08,,,,Jayatdhar Karbari Para,জয়তধর কারবারি পাড়া,KAM804,23.071101,92.035516,150,0,0,0,0,0,0,0,0,0,0,0,0,0,0,0,0,,,,
455,Bangladesh,Chattogram,Khagrachhari,Khagrachhari Sadar,Kamalchhari,08,,,,Betchhari Madhya Para,বেতছড়ি মধ্য পাড়া,KAM805,23.058545,92.029824,120,0,0,0,0,0,0,0,0,0,0,0,0,0,0,0,0,,,,
456,Bangladesh,Chattogram,Khagrachhari,Khagrachhari Sadar,Kamalchhari,09,,,,Purba Gamaridhala,পূর্ব গামারীঢালা,KAM901,23.038522,92.027906,320,0,0,0,0,0,0,0,0,0,0,0,0,0,0,0,0,,,,
457,Bangladesh,Chattogram,Khagrachhari,Khagrachhari Sadar,Kamalchhari,09,,,,Datkupya Headman Para,দাঁতকূপ্যা হেডম্যান পাড়া,KAM902,23.036454,92.037336,280,0,0,0,0,0,0,0,0,0,0,0,0,0,0,0,0,,,,
458,Bangladesh,Chattogram,Khagrachhari,Khagrachhari Sadar,Kamalchhari,09,,,,Datkupya Bangali Para,দাঁতকূপ্যা বাঙ্গালী পাড়া,KAM903,23.042,92.035872,480,0,0,0,0,0,0,0,0,0,0,0,0,0,0,0,0,,,,
459,Bangladesh,Chattogram,Khagrachhari,Khagrachhari Sadar,Kamalchhari,09,,,,Rangapani Chhara,রাঙ্গাপানি ছড়া,KAM904,23.044167,92.042667,120,0,0,0,0,0,0,0,0,0,0,0,0,0,0,0,0,,,,
460,Bangladesh,Chattogram,Khagrachhari,Khagrachhari Sadar,Kamalchhari,09,,,,Monghlaprue Para,মংহ্লাপ্রু পাড়া,KAM905,23.052847,92.042508,60,0,0,0,0,0,0,0,0,0,0,0,0,0,0,0,0,,,,
461,Bangladesh,Chattogram,Khagrachhari,Khagrachhari Sadar,Kamalchhari,09,,,,Hatimura Chhara,হাতিমুরা ছড়া,KAM906,23.049763,92.03796,120,0,0,0,0,0,0,0,0,0,0,0,0,0,0,0,0,,,,
462,Bangladesh,Chattogram,Khagrachhari,Khagrachhari Sadar,Kamalchhari,09,,,,Katukchhari Mukh,কতুকছড়ি মুখ,KAM907,23.048651,92.050343,80,0,0,0,0,0,0,0,0,0,0,0,0,0,0,0,0,,,,
463,Bangladesh,Chattogram,Khagrachhari,Khagrachhari Sadar,Kamalchhari,09,,,,Katukchhari Madhya Para,কতুকছড়ি মধ্য পাড়া,KAM908,23.06157,92.050706,240,0,0,0,0,0,0,0,0,0,0,0,0,0,0,0,0,,,,
464,Bangladesh,Chattogram,Khagrachhari,Khagrachhari Sadar,Kamalchhari,09,,,,Katukchhari Bhitar Para,কতুকছড়ি ভিতর পাড়া,KAM909,23.073148,92.048779,200,0,0,0,0,0,0,0,0,0,0,0,0,0,0,0,0,,,,
465,Bangladesh,Chattogram,Khagrachhari,Khagrachhari Sadar,Kamalchhari,09,,,,Agalashing Para,আগালাশিং পাড়া,KAM910,23.086505,92.043737,110,0,0,0,0,0,0,0,0,0,0,0,0,0,0,0,0,,,,
466,Bangladesh,Chattogram,Khagrachhari,Khagrachhari Sadar,Kamalchhari,09,,,,Bada Para,বদা পাড়া,KAM911,23.090664,92.041631,160,0,0,0,0,0,0,0,0,0,0,0,0,0,0,0,0,,,,
467,Bangladesh,Chattogram,Khagrachhari,Khagrachhari Sadar,Kamalchhari,09,,,,Datkupya Army Camp,দাঁতকূপ্যা আর্মি ক্যাম্প,KAM912,23.033856,92.034785,0,0,0,0,0,0,0,0,0,0,0,0,0,0,0,0,0,,,,
468,Bangladesh,Chattogram,Khagrachhari,Khagrachhari Sadar,Khagrachhari,01,,,,Pukur Para,পুকুর পাড়া,KHG101,23.076843,91.973156,240,0,0,0,0,0,0,0,0,0,0,0,0,0,0,0,0,,,,
469,Bangladesh,Chattogram,Khagrachhari,Khagrachhari Sadar,Khagrachhari,01,,,,Kala Para,কলা পাড়া,KHG102,23.069835,91.968966,1200,0,0,0,0,0,0,0,0,0,0,0,0,0,0,0,0,,,,
470,Bangladesh,Chattogram,Khagrachhari,Khagrachhari Sadar,Khagrachhari,01,,,,Char Para,চর পাড়া,KHG103,23.072282,91.976515,1200,0,0,0,0,0,0,0,0,0,0,0,0,0,0,0,0,,,,
471,Bangladesh,Chattogram,Khagrachhari,Khagrachhari Sadar,Khagrachhari,02,,,,Champaghat Chakma Para,চম্পাঘাট চাকমা পাড়া,KHG201,23.063926,91.980995,350,0,0,0,0,0,0,0,0,0,0,0,0,0,0,0,0,,,,
472,Bangladesh,Chattogram,Khagrachhari,Khagrachhari Sadar,Khagrachhari,02,,,,Champaghat Tripura Para,চম্পাঘাট ত্রিপুরা পাড়া,KHG202,23.063254,91.976124,291,0,0,0,0,0,0,0,0,0,0,0,0,0,0,0,0,,,,
473,Bangladesh,Chattogram,Khagrachhari,Khagrachhari Sadar,Khagrachhari,02,,,,Ghat Para,ঘাট পাড়া,KHG203,23.066681,91.988596,150,0,0,0,0,0,0,0,0,0,0,0,0,0,0,0,0,,,,
474,Bangladesh,Chattogram,Khagrachhari,Khagrachhari Sadar,Khagrachhari,02,,,,Akbari Para,আকবাড়ি পাড়া,KHG204,23.057957,91.978085,252,0,0,0,0,0,0,0,0,0,0,0,0,0,0,0,0,,,,
475,Bangladesh,Chattogram,Khagrachhari,Khagrachhari Sadar,Khagrachhari,03,,,,Niyong Karbari Para,নিয়ং কারবারি পাড়া,KHG301,23.053701,91.984469,600,0,0,0,0,0,0,0,0,0,0,0,0,0,0,0,0,,,,
476,Bangladesh,Chattogram,Khagrachhari,Khagrachhari Sadar,Khagrachhari,03,,,,Punarbasan Para,পূর্ণবাসন পাড়া,KHG302,23.055466,91.978882,400,0,0,0,0,0,0,0,0,0,0,0,0,0,0,0,0,,,,
477,Bangladesh,Chattogram,Khagrachhari,Khagrachhari Sadar,Khagrachhari,03,,,,AK Para,একে পাড়া,KHG303,23.056579,91.985638,400,0,0,0,0,0,0,0,0,0,0,0,0,0,0,0,0,,,,
478,Bangladesh,Chattogram,Khagrachhari,Khagrachhari Sadar,Khagrachhari,03,,,,Suduaung Memberpara,সুদুঅং মেম্বারপাড়া,KHG304,23.059343,91.986041,600,0,0,0,0,0,0,0,0,0,0,0,0,0,0,0,0,,,,
479,Bangladesh,Chattogram,Khagrachhari,Khagrachhari Sadar,Khagrachhari,04,,,,Bicitola Vubon Karbari Para,বিচিতলা ভূবন কারবারি পাড়া,KHG401,23.046683,91.981846,1200,0,0,0,0,0,0,0,0,0,0,0,0,0,0,0,0,,,,
480,Bangladesh,Chattogram,Khagrachhari,Khagrachhari Sadar,Khagrachhari,04,,,,Jidi Para,জিদি পাড়া,KHG402,23.050471,91.991354,450,0,0,0,0,0,0,0,0,0,0,0,0,0,0,0,0,,,,
481,Bangladesh,Chattogram,Khagrachhari,Khagrachhari Sadar,Khagrachhari,04,,,,Mongaram Para,মঙ্গরাম পাড়া,KHG403,23.041908,91.984079,600,0,0,0,0,0,0,0,0,0,0,0,0,0,0,0,0,,,,
482,Bangladesh,Chattogram,Khagrachhari,Khagrachhari Sadar,Khagrachhari,04,,,,Mongaram Para Punarbasan,মঙ্গরাম পাড়া পুনর্বাসন,KHG404,23.04497,91.978076,270,0,0,0,0,0,0,0,0,0,0,0,0,0,0,0,0,,,,
483,Bangladesh,Chattogram,Khagrachhari,Khagrachhari Sadar,Khagrachhari,04,,,,School Para,স্কুল পাড়া,KHG405,23.050266,91.985777,800,0,0,0,0,0,0,0,0,0,0,0,0,0,0,0,0,,,,
484,Bangladesh,Chattogram,Khagrachhari,Khagrachhari Sadar,Khagrachhari,04,,,,Surendra Karbari Para,সুরেন্দ্র কারবারি পাড়া,KHG406,23.045806,91.990755,360,0,0,0,0,0,0,0,0,0,0,0,0,0,0,0,0,,,,
485,Bangladesh,Chattogram,Khagrachhari,Khagrachhari Sadar,Khagrachhari,04,,,,1 No. Prakalpa Para,১ নং প্রকল্প পাড়া,KHG407,23.044271,91.99698,750,0,0,0,0,0,0,0,0,0,0,0,0,0,0,0,0,,,,
486,Bangladesh,Chattogram,Khagrachhari,Khagrachhari Sadar,Khagrachhari,04,,,,AB Battalion Camp,এবি ব্যাটালিয়ন ক্যাম্প,KHG408,23.040975,91.985302,0,0,0,0,0,0,0,0,0,0,0,0,0,0,0,0,0,,,,
487,Bangladesh,Chattogram,Khagrachhari,Khagrachhari Sadar,Khagrachhari,05,,,,Nunchhari Headman Para,নুনছড়ি হেডম্যান পাড়া,KHG501,23.02908,91.990432,750,0,0,0,0,0,0,0,0,0,0,0,0,0,0,0,0,,,,
488,Bangladesh,Chattogram,Khagrachhari,Khagrachhari Sadar,Khagrachhari,05,,,,Nunchhari 3 No. Prakalpa Gram,নুনছড়ি ৩ নং প্রকল্প,KHG502,23.034079,91.988568,750,0,0,0,0,0,0,0,0,0,0,0,0,0,0,0,0,,,,
489,Bangladesh,Chattogram,Khagrachhari,Khagrachhari Sadar,Khagrachhari,05,,,,Nunchhari Tholi Para,নুনছড়ি থলি পাড়া,KHG503,23.020425,91.988264,1000,0,0,0,0,0,0,0,0,0,0,0,0,0,0,0,0,,,,
490,Bangladesh,Chattogram,Khagrachhari,Khagrachhari Sadar,Khagrachhari,05,,,,Thali Para Punarbasan,থলি পাড়া পুনর্বাসন,KHG504,23.028938,91.987288,240,0,0,0,0,0,0,0,0,0,0,0,0,0,0,0,0,,,,
491,Bangladesh,Chattogram,Khagrachhari,Khagrachhari Sadar,Khagrachhari,05,,,,Nunchhari Matai Pukhiri Para,নুনছড়ি মাতাই পুখিরী পাড়া,KHG505,23.015371,91.981696,600,0,0,0,0,0,0,0,0,0,0,0,0,0,0,0,0,,,,
492,Bangladesh,Chattogram,Khagrachhari,Khagrachhari Sadar,Khagrachhari,06,,,,Nunchhari Master Para,নুনছড়ি মাস্টার পাড়া,KHG601,23.042531,91.99865,220,0,0,0,0,0,0,0,0,0,0,0,0,0,0,0,0,,,,
493,Bangladesh,Chattogram,Khagrachhari,Khagrachhari Sadar,Khagrachhari,06,,,,Nunchhari 2 No Prakalpa Para,নুনছড়ি ২ নং প্রকল্প পাড়া,KHG602,23.034041,91.996181,450,0,0,0,0,0,0,0,0,0,0,0,0,0,0,0,0,,,,
494,Bangladesh,Chattogram,Khagrachhari,Khagrachhari Sadar,Khagrachhari,06,,,,Nunchhari Khamar Para,নুনছড়ি খামার পাড়া,KHG603,23.029589,92.003258,35,0,0,0,0,0,0,0,0,0,0,0,0,0,0,0,0,,,,
495,Bangladesh,Chattogram,Khagrachhari,Khagrachhari Sadar,Khagrachhari,06,,,,Nunchhari Oniruddho Karbari Par,নুনছড়ি অনিরুদ্ধ কারবারি পাড়া,KHG604,23.023803,91.999634,210,0,0,0,0,0,0,0,0,0,0,0,0,0,0,0,0,,,,
496,Bangladesh,Chattogram,Khagrachhari,Khagrachhari Sadar,Khagrachhari,06,,,,Nunchhari Kongchai Karbari Para,নুনছড়ি কংচাই কারবারি পাড়া,KHG605,23.021154,92.002277,900,0,0,0,0,0,0,0,0,0,0,0,0,0,0,0,0,,,,
497,Bangladesh,Chattogram,Khagrachhari,Khagrachhari Sadar,Khagrachhari,06,,,,Nunchhari Romesh Karbari Para,নুনছড়ি রমেশ কারবারি পাড়া,KHG606,23.023988,92.00988,400,0,0,0,0,0,0,0,0,0,0,0,0,0,0,0,0,,,,
498,Bangladesh,Chattogram,Khagrachhari,Khagrachhari Sadar,Khagrachhari,06,,,,Nunchhari Natun Para,নুনছড়ি নতুন পাড়া,KHG607,23.030755,92.006769,240,0,0,0,0,0,0,0,0,0,0,0,0,0,0,0,0,,,,
499,Bangladesh,Chattogram,Khagrachhari,Khagrachhari Sadar,Khagrachhari,07,,,,Rajani Dewan Para,রজনী দেওয়ান পাড়া,KHG701,23.059535,91.996678,300,0,0,0,0,0,0,0,0,0,0,0,0,0,0,0,0,,,,
500,Bangladesh,Chattogram,Khagrachhari,Khagrachhari Sadar,Khagrachhari,07,,,,Jatindra Member Para,যতীন্দ্র মেম্বার পাড়া,KHG702,23.057535,92.001524,222,0,0,0,0,0,0,0,0,0,0,0,0,0,0,0,0,,,,
501,Bangladesh,Chattogram,Khagrachhari,Khagrachhari Sadar,Khagrachhari,07,,,,Akya Daktar Para,আক্য ডাক্তার পাড়া,KHG703,23.064933,91.99409,150,0,0,0,0,0,0,0,0,0,0,0,0,0,0,0,0,,,,
502,Bangladesh,Chattogram,Khagrachhari,Khagrachhari Sadar,Khagrachhari,07,,,,Noa Para,নোয়া পাড়া,KHG704,23.056764,91.993176,80,0,0,0,0,0,0,0,0,0,0,0,0,0,0,0,0,,,,
503,Bangladesh,Chattogram,Khagrachhari,Khagrachhari Sadar,Khagrachhari,08,,,,Rajkumar Karbari Para,রাজকুমার কারবারি পাড়া,KHG801,23.050508,92.003339,205,0,0,0,0,0,0,0,0,0,0,0,0,0,0,0,0,,,,
504,Bangladesh,Chattogram,Khagrachhari,Khagrachhari Sadar,Khagrachhari,08,,,,Sajek Para,সাজেক পাড়া,KHG802,23.047551,92.000638,120,0,0,0,0,0,0,0,0,0,0,0,0,0,0,0,0,,,,
505,Bangladesh,Chattogram,Khagrachhari,Khagrachhari Sadar,Khagrachhari,08,,,,Bicitola Dipi Para,বিচিতলা ডিপি পাড়া,KHG803,23.042612,92.004403,95,0,0,0,0,0,0,0,0,0,0,0,0,0,0,0,0,,,,
506,Bangladesh,Chattogram,Khagrachhari,Khagrachhari Sadar,Khagrachhari,08,,,,Fanindra Para,ফণীন্দ্র পাড়া,KHG804,23.037289,92.010988,122,0,0,0,0,0,0,0,0,0,0,0,0,0,0,0,0,,,,
507,Bangladesh,Chattogram,Khagrachhari,Khagrachhari Sadar,Khagrachhari,08,,,,Gamaridhala Bangali Para,গামারিঢালা বাঙালি পাড়া,KHG805,23.037051,92.006419,281,0,0,0,0,0,0,0,0,0,0,0,0,0,0,0,0,,,,
508,Bangladesh,Chattogram,Khagrachhari,Khagrachhari Sadar,Khagrachhari,09,,,,Gamaridhala Para,গামারিঢালা পাড়া,KHG901,23.031601,92.017256,1000,0,0,0,0,0,0,0,0,0,0,0,0,0,0,0,0,,,,
509,Bangladesh,Chattogram,Khagrachhari,Khagrachhari Sadar,Khagrachhari,09,,,,Gamaridhala Bangali Para,গামারিঢালা বাঙালি পাড়া,KHG902,23.032368,92.009336,950,0,0,0,0,0,0,0,0,0,0,0,0,0,0,0,0,,,,
510,Bangladesh,Chattogram,Khagrachhari,Khagrachhari Sadar,Khagrachhari,09,,,,Magistrate Para,ম্যাজিস্ট্রেট পাড়া,KHG903,23.020407,92.023059,530,0,0,0,0,0,0,0,0,0,0,0,0,0,0,0,0,,,,
511,Bangladesh,Chattogram,Khagrachhari,Khagrachhari Sadar,Khagrachhari,09,,,,Pidiya Para,পিডিয়া পাড়া,KHG904,23.019352,92.021426,280,0,0,0,0,0,0,0,0,0,0,0,0,0,0,0,0,,,,
512,Bangladesh,Chattogram,Khagrachhari,Khagrachhari Sadar,Khagrachhari,09,,,,Bijitala Army Camp,বিজিতলা আর্মি ক্যাম্প,KHG905,23.039224,92.003431,0,0,0,0,0,0,0,0,0,0,0,0,0,0,0,0,0,,,,
513,Bangladesh,Chattogram,Khagrachhari,Khagrachhari Sadar,Khagrachhari Pourasabha,01,,,,Singinala,সিঙ্গিনালা,KHA101,23.126101,91.966566,1200,0,0,0,0,0,0,0,0,0,0,0,0,0,0,0,0,,,,
514,Bangladesh,Chattogram,Khagrachhari,Khagrachhari Sadar,Khagrachhari Pourasabha,01,,,,Uttar Khabang Paria,উত্তর খবং পরিয়া,KHA102,23.118318,91.967288,560,0,0,0,0,0,0,0,0,0,0,0,0,0,0,0,0,,,,
515,Bangladesh,Chattogram,Khagrachhari,Khagrachhari Sadar,Khagrachhari Pourasabha,01,,,,Upali Para,উপালি পাড়া,KHA103,23.122091,91.965834,120,0,0,0,0,0,0,0,0,0,0,0,0,0,0,0,0,,,,
516,Bangladesh,Chattogram,Khagrachhari,Khagrachhari Sadar,Khagrachhari Pourasabha,01,,,,Narankhaiya,নারানখাইয়া,KHA104,23.117082,91.971573,1470,0,0,0,0,0,0,0,0,0,0,0,0,0,0,0,0,,,,
517,Bangladesh,Chattogram,Khagrachhari,Khagrachhari Sadar,Khagrachhari Pourasabha,01,,,,Swanirvar Elaka,স্বনির্ভর এলাকা,KHA105,23.120216,91.966867,1140,0,0,0,0,0,0,0,0,0,0,0,0,0,0,0,0,,,,
518,Bangladesh,Chattogram,Khagrachhari,Khagrachhari Sadar,Khagrachhari Pourasabha,01,,,,Ananta Master Para,অনন্ত মাস্টার পাড়া,KHA106,23.120118,91.974407,625,0,0,0,0,0,0,0,0,0,0,0,0,0,0,0,0,,,,
519,Bangladesh,Chattogram,Khagrachhari,Khagrachhari Sadar,Khagrachhari Pourasabha,01,,,,Latu Para,লাতু পাড়া,KHA107,23.107907,91.969827,268,0,0,0,0,0,0,0,0,0,0,0,0,0,0,0,0,,,,
520,Bangladesh,Chattogram,Khagrachhari,Khagrachhari Sadar,Khagrachhari Pourasabha,01,,,,Dakkhin Khabang Paria,দক্ষিণ খবং পরিয়া,KHA108,23.111321,91.968599,504,0,0,0,0,0,0,0,0,0,0,0,0,0,0,0,0,,,,
521,Bangladesh,Chattogram,Khagrachhari,Khagrachhari Sadar,Khagrachhari Pourasabha,01,,,,Madhyam Khabang Paria,মধ্যম খবং পরিয়া,KHA109,23.116206,91.967908,1020,0,0,0,0,0,0,0,0,0,0,0,0,0,0,0,0,,,,
522,Bangladesh,Chattogram,Khagrachhari,Khagrachhari Sadar,Khagrachhari Pourasabha,01,,,,Talukdar Para,তালুকদার পাড়া,KHA110,23.11599,91.976754,276,0,0,0,0,0,0,0,0,0,0,0,0,0,0,0,0,,,,
523,Bangladesh,Chattogram,Khagrachhari,Khagrachhari Sadar,Khagrachhari Pourasabha,01,,,,32 BGB Camp,৩২ বিজিবি ক্যাম্প,KHA111,23.12531,91.973883,0,0,0,0,0,0,0,0,0,0,0,0,0,0,0,0,0,,,,
524,Bangladesh,Chattogram,Khagrachhari,Khagrachhari Sadar,Khagrachhari Pourasabha,02,,,,Pashchim Naran Khaiya,পশ্চিম নারান খাইয়া,KHA201,23.11403,91.975264,130,0,0,0,0,0,0,0,0,0,0,0,0,0,0,0,0,,,,
525,Bangladesh,Chattogram,Khagrachhari,Khagrachhari Sadar,Khagrachhari Pourasabha,02,,,,College Gate,কলেজ গেইট,KHA202,23.114727,91.979023,315,0,0,0,0,0,0,0,0,0,0,0,0,0,0,0,0,,,,
526,Bangladesh,Chattogram,Khagrachhari,Khagrachhari Sadar,Khagrachhari Pourasabha,02,,,,Talukdar Para,তালুকদার পাড়া,KHA203,23.114705,91.975895,345,0,0,0,0,0,0,0,0,0,0,0,0,0,0,0,0,,,,
527,Bangladesh,Chattogram,Khagrachhari,Khagrachhari Sadar,Khagrachhari Pourasabha,02,,,,College Para,কলেজ পাড়া,KHA204,23.112703,91.975567,350,0,0,0,0,0,0,0,0,0,0,0,0,0,0,0,0,,,,
528,Bangladesh,Chattogram,Khagrachhari,Khagrachhari Sadar,Khagrachhari Pourasabha,02,,,,Mahammadpur,মোহাম্মদপুর,KHA205,23.116046,91.979053,390,0,0,0,0,0,0,0,0,0,0,0,0,0,0,0,0,,,,
529,Bangladesh,Chattogram,Khagrachhari,Khagrachhari Sadar,Khagrachhari Pourasabha,02,,,,Sabujbag,সবুজবাগ,KHA206,23.121024,91.97965,1416,0,0,0,0,0,0,0,0,0,0,0,0,0,0,0,0,,,,
530,Bangladesh,Chattogram,Khagrachhari,Khagrachhari Sadar,Khagrachhari Pourasabha,02,,,,Upazila Elaka,উপজেলা এলাকা,KHA207,23.117386,91.975302,450,0,0,0,0,0,0,0,0,0,0,0,0,0,0,0,0,,,,
531,Bangladesh,Chattogram,Khagrachhari,Khagrachhari Sadar,Khagrachhari Pourasabha,02,,,,Comilla Tila,কুমিল্লা টিলা,KHA208,23.12792,91.985859,1580,0,0,0,0,0,0,0,0,0,0,0,0,0,0,0,0,,,,
532,Bangladesh,Chattogram,Khagrachhari,Khagrachhari Sadar,Khagrachhari Pourasabha,02,,,,Artamanab (Comilla Tila),আর্তমানব (কুমিল্লা টিলা),KHA209,23.134372,91.992024,195,0,0,0,0,0,0,0,0,0,0,0,0,0,0,0,0,,,,
533,Bangladesh,Chattogram,Khagrachhari,Khagrachhari Sadar,Khagrachhari Pourasabha,02,,,,Uttar Sabujbag,উত্তর সবুজবাগ,KHA210,23.126927,91.976748,975,0,0,0,0,0,0,0,0,0,0,0,0,0,0,0,0,,,,
534,Bangladesh,Chattogram,Khagrachhari,Khagrachhari Sadar,Khagrachhari Pourasabha,02,,,,Cantonment Area,সেনানিবাস এলাকা,KHA211,23.117139,91.984614,0,0,0,0,0,0,0,0,0,0,0,0,0,0,0,0,0,,,,
535,Bangladesh,Chattogram,Khagrachhari,Khagrachhari Sadar,Khagrachhari Pourasabha,03,,,,Shabda Mia Para,শব্দ মিয়া পাড়া,KHA301,23.106606,91.971986,1225,0,0,0,0,0,0,0,0,0,0,0,0,0,0,0,0,,,,
536,Bangladesh,Chattogram,Khagrachhari,Khagrachhari Sadar,Khagrachhari Pourasabha,03,,,,Shanti Nagar,শান্তি নগর,KHA302,23.109722,91.977692,840,0,0,0,0,0,0,0,0,0,0,0,0,0,0,0,0,,,,
537,Bangladesh,Chattogram,Khagrachhari,Khagrachhari Sadar,Khagrachhari Pourasabha,03,,,,Bus Terminal Elaka,বাস টার্মিনাল এলাকা,KHA303,23.110286,91.975193,340,0,0,0,0,0,0,0,0,0,0,0,0,0,0,0,0,,,,
538,Bangladesh,Chattogram,Khagrachhari,Khagrachhari Sadar,Khagrachhari Pourasabha,03,,,,Muslim Para,মুসলিম পাড়া,KHA304,23.104969,91.979292,625,0,0,0,0,0,0,0,0,0,0,0,0,0,0,0,0,,,,
539,Bangladesh,Chattogram,Khagrachhari,Khagrachhari Sadar,Khagrachhari Pourasabha,03,,,,Arambag,আরামবাগ,KHA305,23.107183,91.979813,1280,0,0,0,0,0,0,0,0,0,0,0,0,0,0,0,0,,,,
540,Bangladesh,Chattogram,Khagrachhari,Khagrachhari Sadar,Khagrachhari Pourasabha,03,,,,Pashchim Mahajan Para,পশ্চিম মহাজন পাড়া,KHA306,23.112368,91.980047,350,0,0,0,0,0,0,0,0,0,0,0,0,0,0,0,0,,,,
541,Bangladesh,Chattogram,Khagrachhari,Khagrachhari Sadar,Khagrachhari Pourasabha,03,,,,Purba Shantinagar,পূর্ব শান্তিনগর,KHA307,23.110016,91.97979,1200,0,0,0,0,0,0,0,0,0,0,0,0,0,0,0,0,,,,
542,Bangladesh,Chattogram,Khagrachhari,Khagrachhari Sadar,Khagrachhari Pourasabha,03,,,,Maini Valley,মাইনী ভ্যালি,KHA308,23.112124,91.978145,225,0,0,0,0,0,0,0,0,0,0,0,0,0,0,0,0,,,,
543,Bangladesh,Chattogram,Khagrachhari,Khagrachhari Sadar,Khagrachhari Pourasabha,04,,,,Mahajan Para,মহাজন পাড়া,KHA401,23.112547,91.982026,1600,0,0,0,0,0,0,0,0,0,0,0,0,0,0,0,0,,,,
544,Bangladesh,Chattogram,Khagrachhari,Khagrachhari Sadar,Khagrachhari Pourasabha,04,,,,Master Para,মাস্টার পাড়া,KHA402,23.109613,91.983291,350,0,0,0,0,0,0,0,0,0,0,0,0,0,0,0,0,,,,
545,Bangladesh,Chattogram,Khagrachhari,Khagrachhari Sadar,Khagrachhari Pourasabha,04,,,,Narikel Bagan,নারিকেল বাগান,KHA403,23.108957,91.981472,360,0,0,0,0,0,0,0,0,0,0,0,0,0,0,0,0,,,,
546,Bangladesh,Chattogram,Khagrachhari,Khagrachhari Sadar,Khagrachhari Pourasabha,04,,,,Kalabagan,কলাবাগান,KHA404,23.112644,91.986202,1200,0,0,0,0,0,0,0,0,0,0,0,0,0,0,0,0,,,,
547,Bangladesh,Chattogram,Khagrachhari,Khagrachhari Sadar,Khagrachhari Pourasabha,04,,,,Old Police Line,পুরাতন পুলিশ লাইন,KHA405,23.110094,91.984409,675,0,0,0,0,0,0,0,0,0,0,0,0,0,0,0,0,,,,
548,Bangladesh,Chattogram,Khagrachhari,Khagrachhari Sadar,Khagrachhari Pourasabha,04,,,,Development Board Elaka,উন্নয়ন বোর্ড এলাকা,KHA406,23.107296,91.982765,300,0,0,0,0,0,0,0,0,0,0,0,0,0,0,0,0,,,,
549,Bangladesh,Chattogram,Khagrachhari,Khagrachhari Sadar,Khagrachhari Pourasabha,05,,,,Kalabagan,কলাবাগান,KHA501,23.113651,91.987981,120,0,0,0,0,0,0,0,0,0,0,0,0,0,0,0,0,,,,
550,Bangladesh,Chattogram,Khagrachhari,Khagrachhari Sadar,Khagrachhari Pourasabha,05,,,,Islampur,ইসলামপুর,KHA502,23.115356,91.990294,1120,0,0,0,0,0,0,0,0,0,0,0,0,0,0,0,0,,,,
551,Bangladesh,Chattogram,Khagrachhari,Khagrachhari Sadar,Khagrachhari Pourasabha,05,,,,Collectorate Elaka,কালেক্টরেট এলাকা,KHA503,23.110261,91.994273,1100,0,0,0,0,0,0,0,0,0,0,0,0,0,0,0,0,,,,
552,Bangladesh,Chattogram,Khagrachhari,Khagrachhari Sadar,Khagrachhari Pourasabha,05,,,,Khagrapur,খগড়াপুর,KHA504,23.12003,91.992248,1560,0,0,0,0,0,0,0,0,0,0,0,0,0,0,0,0,,,,
553,Bangladesh,Chattogram,Khagrachhari,Khagrachhari Sadar,Khagrachhari Pourasabha,05,,,,Ramani Para,রমণী পাড়া,KHA505,23.122986,91.991543,60,0,0,0,0,0,0,0,0,0,0,0,0,0,0,0,0,,,,
554,Bangladesh,Chattogram,Khagrachhari,Khagrachhari Sadar,Khagrachhari Pourasabha,05,,,,T&T Elaka,টি এন্ড টি এলাকা,KHA506,23.111213,91.992193,400,0,0,0,0,0,0,0,0,0,0,0,0,0,0,0,0,,,,
555,Bangladesh,Chattogram,Khagrachhari,Khagrachhari Sadar,Khagrachhari Pourasabha,05,,,,High School Elaka,হাই স্কুল এলাকা,KHA507,23.11014,91.990529,600,0,0,0,0,0,0,0,0,0,0,0,0,0,0,0,0,,,,
556,Bangladesh,Chattogram,Khagrachhari,Khagrachhari Sadar,Khagrachhari Pourasabha,05,,,,1 No. Kadamtoli,১ নং কদমতলি,KHA508,23.112476,91.993439,200,0,0,0,0,0,0,0,0,0,0,0,0,0,0,0,0,,,,
557,Bangladesh,Chattogram,Khagrachhari,Khagrachhari Sadar,Khagrachhari Pourasabha,06,,,,Nansy Bazar,ন্যান্সী বাজার,KHA601,23.117694,91.995739,508,0,0,0,0,0,0,0,0,0,0,0,0,0,0,0,0,,,,
558,Bangladesh,Chattogram,Khagrachhari,Khagrachhari Sadar,Khagrachhari Pourasabha,06,,,,Harinath Para,হরিনাথ পাড়া,KHA602,23.113918,91.994124,400,0,0,0,0,0,0,0,0,0,0,0,0,0,0,0,0,,,,
559,Bangladesh,Chattogram,Khagrachhari,Khagrachhari Sadar,Khagrachhari Pourasabha,06,,,,Garugari Tila Gap,গরুগাড়ি টিলা গ্যাপ,KHA603,23.115852,91.997209,250,0,0,0,0,0,0,0,0,0,0,0,0,0,0,0,0,,,,
560,Bangladesh,Chattogram,Khagrachhari,Khagrachhari Sadar,Khagrachhari Pourasabha,06,,,,Madhya Shalban,মধ্য শালবন,KHA604,23.113986,91.997363,2600,0,0,0,0,0,0,0,0,0,0,0,0,0,0,0,0,,,,
561,Bangladesh,Chattogram,Khagrachhari,Khagrachhari Sadar,Khagrachhari Pourasabha,06,,,,Mahammadpur,মোহাম্মদপুর,KHA605,23.111131,92.00097,2060,0,0,0,0,0,0,0,0,0,0,0,0,0,0,0,0,,,,
562,Bangladesh,Chattogram,Khagrachhari,Khagrachhari Sadar,Khagrachhari Pourasabha,06,,,,18 Paribar,১৮ পরিবার,KHA606,23.113678,91.999882,560,0,0,0,0,0,0,0,0,0,0,0,0,0,0,0,0,,,,
563,Bangladesh,Chattogram,Khagrachhari,Khagrachhari Sadar,Khagrachhari Pourasabha,06,,,,ADC Hill,এডিসি হিল,KHA607,23.110414,91.998141,1100,0,0,0,0,0,0,0,0,0,0,0,0,0,0,0,0,,,,
564,Bangladesh,Chattogram,Khagrachhari,Khagrachhari Sadar,Khagrachhari Pourasabha,06,,,,Rasulpur,রসুলপুর,KHA608,23.120107,92.000578,850,0,0,0,0,0,0,0,0,0,0,0,0,0,0,0,0,,,,
565,Bangladesh,Chattogram,Khagrachhari,Khagrachhari Sadar,Khagrachhari Pourasabha,06,,,,Muktijodhya Palli,মুক্তিযোদ্ধা পল্লী,KHA609,23.119323,92.004631,450,0,0,0,0,0,0,0,0,0,0,0,0,0,0,0,0,,,,
566,Bangladesh,Chattogram,Khagrachhari,Khagrachhari Sadar,Khagrachhari Pourasabha,06,,,,Daya Nagar,দয়া নগর,KHA610,23.122445,92.001238,165,0,0,0,0,0,0,0,0,0,0,0,0,0,0,0,0,,,,
567,Bangladesh,Chattogram,Khagrachhari,Khagrachhari Sadar,Khagrachhari Pourasabha,06,,,,Police Camp,পুলিশ ক্যাম্প,KHA611,23.121663,91.996155,0,0,0,0,0,0,0,0,0,0,0,0,0,0,0,0,0,,,,
568,Bangladesh,Chattogram,Khagrachhari,Khagrachhari Sadar,Khagrachhari Pourasabha,07,,,,Pankhaiya Para,পানখাইয়া পাড়া,KHA701,23.10449,91.991779,654,0,0,0,0,0,0,0,0,0,0,0,0,0,0,0,0,,,,
569,Bangladesh,Chattogram,Khagrachhari,Khagrachhari Sadar,Khagrachhari Pourasabha,07,,,,Molla Para,মোল্লা পাড়া,KHA702,23.109514,91.995016,790,0,0,0,0,0,0,0,0,0,0,0,0,0,0,0,0,,,,
570,Bangladesh,Chattogram,Khagrachhari,Khagrachhari Sadar,Khagrachhari Pourasabha,07,,,,Ananda Nagar,আনন্দ নগর,KHA703,23.104304,91.984994,250,0,0,0,0,0,0,0,0,0,0,0,0,0,0,0,0,,,,
571,Bangladesh,Chattogram,Khagrachhari,Khagrachhari Sadar,Khagrachhari Pourasabha,07,,,,Madhupur,মধুপুর,KHA704,23.105903,91.995191,930,0,0,0,0,0,0,0,0,0,0,0,0,0,0,0,0,,,,
572,Bangladesh,Chattogram,Khagrachhari,Khagrachhari Sadar,Khagrachhari Pourasabha,07,,,,Maitripur,মৈত্রীপুর,KHA705,23.105304,91.99344,185,0,0,0,0,0,0,0,0,0,0,0,0,0,0,0,0,,,,
573,Bangladesh,Chattogram,Khagrachhari,Khagrachhari Sadar,Khagrachhari Pourasabha,07,,,,Noa Para,নোয়া পাড়া,KHA706,23.103831,91.994095,295,0,0,0,0,0,0,0,0,0,0,0,0,0,0,0,0,,,,
574,Bangladesh,Chattogram,Khagrachhari,Khagrachhari Sadar,Khagrachhari Pourasabha,07,,,,New Zealand Road,নিউজিল্যান্ড সড়ক,KHA707,23.101955,91.991254,715,0,0,0,0,0,0,0,0,0,0,0,0,0,0,0,0,,,,
575,Bangladesh,Chattogram,Khagrachhari,Khagrachhari Sadar,Khagrachhari Pourasabha,07,,,,Switch Gate,সুইচ গেট,KHA708,23.106183,91.999031,630,0,0,0,0,0,0,0,0,0,0,0,0,0,0,0,0,,,,
576,Bangladesh,Chattogram,Khagrachhari,Khagrachhari Sadar,Khagrachhari Pourasabha,07,,,,Jamtala,জামতলা,KHA709,23.104077,91.987834,630,0,0,0,0,0,0,0,0,0,0,0,0,0,0,0,0,,,,
577,Bangladesh,Chattogram,Khagrachhari,Khagrachhari Sadar,Khagrachhari Pourasabha,07,,,,Manpura Residential Elaka,মনপুরা আবাসিক এলাকা,KHA710,23.100974,91.999192,435,0,0,0,0,0,0,0,0,0,0,0,0,0,0,0,0,,,,
578,Bangladesh,Chattogram,Khagrachhari,Khagrachhari Sadar,Khagrachhari Pourasabha,07,,,,Haspatal Gate,হাসপাতাল গেট,KHA711,23.10782,91.993446,200,0,0,0,0,0,0,0,0,0,0,0,0,0,0,0,0,,,,
579,Bangladesh,Chattogram,Khagrachhari,Khagrachhari Sadar,Khagrachhari Pourasabha,07,,,,Tek Para,টেক পাড়া,KHA712,23.106503,91.991558,1505,0,0,0,0,0,0,0,0,0,0,0,0,0,0,0,0,,,,
580,Bangladesh,Chattogram,Khagrachhari,Khagrachhari Sadar,Khagrachhari Pourasabha,07,,,,Wabda Colony,ওয়াবদা কলোনী,KHA713,23.109003,91.990818,60,0,0,0,0,0,0,0,0,0,0,0,0,0,0,0,0,,,,
581,Bangladesh,Chattogram,Khagrachhari,Khagrachhari Sadar,Khagrachhari Pourasabha,08,,,,Shahid Kader Road,শহীদ কাদের সড়ক,KHA801,23.105992,91.982244,115,0,0,0,0,0,0,0,0,0,0,0,0,0,0,0,0,,,,
582,Bangladesh,Chattogram,Khagrachhari,Khagrachhari Sadar,Khagrachhari Pourasabha,08,,,,Mehedi Bag,মেহেদী বাগ,KHA802,23.102801,91.981221,1370,0,0,0,0,0,0,0,0,0,0,0,0,0,0,0,0,,,,
583,Bangladesh,Chattogram,Khagrachhari,Khagrachhari Sadar,Khagrachhari Pourasabha,08,,,,Nayanpur,নয়নপুর,KHA803,23.10466,91.983697,530,0,0,0,0,0,0,0,0,0,0,0,0,0,0,0,0,,,,
584,Bangladesh,Chattogram,Khagrachhari,Khagrachhari Sadar,Khagrachhari Pourasabha,08,,,,Pankhaiya Para,পানখাইয়া পাড়া,KHA804,23.106756,91.986976,1865,0,0,0,0,0,0,0,0,0,0,0,0,0,0,0,0,,,,
585,Bangladesh,Chattogram,Khagrachhari,Khagrachhari Sadar,Khagrachhari Pourasabha,08,,,,Adalat Road,আদালত সড়ক,KHA805,23.107817,91.984756,205,0,0,0,0,0,0,0,0,0,0,0,0,0,0,0,0,,,,
586,Bangladesh,Chattogram,Khagrachhari,Khagrachhari Sadar,Khagrachhari Pourasabha,08,,,,Jagannat Mandir Road,জগন্নাথ মন্দির সড়ক,KHA806,23.10611,91.983089,175,0,0,0,0,0,0,0,0,0,0,0,0,0,0,0,0,,,,
587,Bangladesh,Chattogram,Khagrachhari,Khagrachhari Sadar,Khagrachhari Pourasabha,08,,,,Masjid Road,মসজিদ সড়ক,KHA807,23.105601,91.981623,95,0,0,0,0,0,0,0,0,0,0,0,0,0,0,0,0,,,,
588,Bangladesh,Chattogram,Khagrachhari,Khagrachhari Sadar,Khagrachhari Pourasabha,08,,,,Caul Bazar,চাউল বাজার,KHA808,23.105111,91.98191,50,0,0,0,0,0,0,0,0,0,0,0,0,0,0,0,0,,,,
589,Bangladesh,Chattogram,Khagrachhari,Khagrachhari Sadar,Khagrachhari Pourasabha,08,,,,Narayan Mandir Road,নারায়ণ মন্দির সড়ক,KHA809,23.103426,91.982351,105,0,0,0,0,0,0,0,0,0,0,0,0,0,0,0,0,,,,
590,Bangladesh,Chattogram,Khagrachhari,Khagrachhari Sadar,Khagrachhari Pourasabha,08,,,,Yanda Bauddha Mandir Elaka,য়ংড বৌদ্ধ মন্দির এলাকা,KHA810,23.103549,91.98293,195,0,0,0,0,0,0,0,0,0,0,0,0,0,0,0,0,,,,
591,Bangladesh,Chattogram,Khagrachhari,Khagrachhari Sadar,Khagrachhari Pourasabha,09,,,,Battali,বটতলী,KHA901,23.085701,91.98336,960,0,0,0,0,0,0,0,0,0,0,0,0,0,0,0,0,,,,
592,Bangladesh,Chattogram,Khagrachhari,Khagrachhari Sadar,Khagrachhari Pourasabha,09,,,,Futbil,ফুটবিল,KHA902,23.098987,91.982548,195,0,0,0,0,0,0,0,0,0,0,0,0,0,0,0,0,,,,
593,Bangladesh,Chattogram,Khagrachhari,Khagrachhari Sadar,Khagrachhari Pourasabha,09,,,,Kaladeba,কালাডেবা,KHA903,23.090909,91.988852,235,0,0,0,0,0,0,0,0,0,0,0,0,0,0,0,0,,,,
594,Bangladesh,Chattogram,Khagrachhari,Khagrachhari Sadar,Khagrachhari Pourasabha,09,,,,Upper Perachhara,আপার পেরাছড়া,KHA904,23.08707,91.993188,420,0,0,0,0,0,0,0,0,0,0,0,0,0,0,0,0,,,,
595,Bangladesh,Chattogram,Khagrachhari,Khagrachhari Sadar,Khagrachhari Pourasabha,09,,,,APBN Para,এপিবিএন পাড়া,KHA905,23.087989,91.989026,300,0,0,0,0,0,0,0,0,0,0,0,0,0,0,0,0,,,,
596,Bangladesh,Chattogram,Khagrachhari,Khagrachhari Sadar,Khagrachhari Pourasabha,09,,,,Rajyamani Para,রাজ্যমণি পাড়া,KHA906,23.094601,91.980915,655,0,0,0,0,0,0,0,0,0,0,0,0,0,0,0,0,,,,
597,Bangladesh,Chattogram,Khagrachhari,Khagrachhari Sadar,Khagrachhari Pourasabha,09,,,,Aparna Chowdhury Para,অপর্ণা চৌধুরী পাড়া,KHA907,23.100975,91.983471,450,0,0,0,0,0,0,0,0,0,0,0,0,0,0,0,0,,,,
598,Bangladesh,Chattogram,Khagrachhari,Khagrachhari Sadar,Khagrachhari Pourasabha,09,,,,Mohila College Elaka,মহিলা কলেজ এলাকা,KHA908,23.091655,91.984249,655,0,0,0,0,0,0,0,0,0,0,0,0,0,0,0,0,,,,
599,Bangladesh,Chattogram,Khagrachhari,Khagrachhari Sadar,Khagrachhari Pourasabha,09,,,,Rukhai Chowdhury Para,রুখই চৌধুরী পাড়া,KHA909,23.101893,91.986429,1235,0,0,0,0,0,0,0,0,0,0,0,0,0,0,0,0,,,,
600,Bangladesh,Chattogram,Khagrachhari,Khagrachhari Sadar,Khagrachhari Pourasabha,09,,,,Tatul Tola,তেঁতুল তলা,KHA910,23.100541,91.996459,435,0,0,0,0,0,0,0,0,0,0,0,0,0,0,0,0,,,,
601,Bangladesh,Chattogram,Khagrachhari,Khagrachhari Sadar,Khagrachhari Pourasabha,09,,,,Kalyanpur,কল্যাণপুর,KHA911,23.098051,91.984547,780,0,0,0,0,0,0,0,0,0,0,0,0,0,0,0,0,,,,
602,Bangladesh,Chattogram,Khagrachhari,Khagrachhari Sadar,Khagrachhari Pourasabha,09,,,,Swapna Mohan Karbari Para,স্বপ্ন মোহন কারবারি পাড়া,KHA912,23.073178,91.982388,505,0,0,0,0,0,0,0,0,0,0,0,0,0,0,0,0,,,,
603,Bangladesh,Chattogram,Khagrachhari,Khagrachhari Sadar,Perachhara,01,,,,Bangalkati Para,বাঙ্গালকাটি পাড়া,PER101,23.107033,91.96532,400,0,0,0,0,0,0,0,0,0,0,0,0,0,0,0,0,,,,
604,Bangladesh,Chattogram,Khagrachhari,Khagrachhari Sadar,Perachhara,01,,,,Bholanath Para,ভোলানাথ পাড়া,PER102,23.114176,91.963464,150,0,0,0,0,0,0,0,0,0,0,0,0,0,0,0,0,,,,
605,Bangladesh,Chattogram,Khagrachhari,Khagrachhari Sadar,Perachhara,01,,,,Achai Para,অচাই পাড়া,PER103,23.108385,91.949819,220,0,0,0,0,0,0,0,0,0,0,0,0,0,0,0,0,,,,
606,Bangladesh,Chattogram,Khagrachhari,Khagrachhari Sadar,Perachhara,01,,,,Beltali Para,বেলতলি পাড়া,PER104,23.120568,91.960833,1100,0,0,0,0,0,0,0,0,0,0,0,0,0,0,0,0,,,,
607,Bangladesh,Chattogram,Khagrachhari,Khagrachhari Sadar,Perachhara,02,,,,Paltan Joy Para,পল্টন জয় পাড়া,PER201,23.131896,91.956055,428,0,0,0,0,0,0,0,0,0,0,0,0,0,0,0,0,,,,
608,Bangladesh,Chattogram,Khagrachhari,Khagrachhari Sadar,Perachhara,02,,,,Khamar Para,খামার পাড়া,PER202,23.125464,91.956759,320,0,0,0,0,0,0,0,0,0,0,0,0,0,0,0,0,,,,
609,Bangladesh,Chattogram,Khagrachhari,Khagrachhari Sadar,Perachhara,02,,,,Kaptala Para,কাপতলা পাড়া,PER203,23.128038,91.942431,265,0,0,0,0,0,0,0,0,0,0,0,0,0,0,0,0,,,,
610,Bangladesh,Chattogram,Khagrachhari,Khagrachhari Sadar,Perachhara,03,,,,Chelachhara Para,চেলাছড়া পাড়া,PER301,23.140203,91.956454,1200,0,0,0,0,0,0,0,0,0,0,0,0,0,0,0,0,,,,
611,Bangladesh,Chattogram,Khagrachhari,Khagrachhari Sadar,Perachhara,03,,,,Larma Para,লার্মা পাড়া,PER302,23.134548,91.956631,280,0,0,0,0,0,0,0,0,0,0,0,0,0,0,0,0,,,,
612,Bangladesh,Chattogram,Khagrachhari,Khagrachhari Sadar,Perachhara,03,,,,Shankhamohan Para,শঙ্খমোহন পাড়া,PER303,23.132251,91.941648,110,0,0,0,0,0,0,0,0,0,0,0,0,0,0,0,0,,,,
613,Bangladesh,Chattogram,Khagrachhari,Khagrachhari Sadar,Perachhara,04,,,,Nilkanta Para,নীলকান্ত পাড়া,PER401,23.138263,91.966594,800,0,0,0,0,0,0,0,0,0,0,0,0,0,0,0,0,,,,
614,Bangladesh,Chattogram,Khagrachhari,Khagrachhari Sadar,Perachhara,04,,,,Singinala Para,সিঙ্গিনালা পাড়া,PER402,23.130635,91.971212,500,0,0,0,0,0,0,0,0,0,0,0,0,0,0,0,0,,,,
615,Bangladesh,Chattogram,Khagrachhari,Khagrachhari Sadar,Perachhara,04,,,,12 No. Prakalpa Gram,১২নং প্রকল্প গ্রাম,PER403,23.139681,91.98287,500,0,0,0,0,0,0,0,0,0,0,0,0,0,0,0,0,,,,
616,Bangladesh,Chattogram,Khagrachhari,Khagrachhari Sadar,Perachhara,04,,,,Jubaraj Para,যুবরাজ পাড়া,PER404,23.132143,91.962991,600,0,0,0,0,0,0,0,0,0,0,0,0,0,0,0,0,,,,
617,Bangladesh,Chattogram,Khagrachhari,Khagrachhari Sadar,Perachhara,05,,,,Bagra Para,বগড়া পাড়া,PER501,23.171043,91.979768,325,0,0,0,0,0,0,0,0,0,0,0,0,0,0,0,0,,,,
618,Bangladesh,Chattogram,Khagrachhari,Khagrachhari Sadar,Perachhara,05,,,,11 No. Prakalpa Gram,১১ নং প্রকল্প গ্রাম,PER502,23.16095,91.982089,372,0,0,0,0,0,0,0,0,0,0,0,0,0,0,0,0,,,,
619,Bangladesh,Chattogram,Khagrachhari,Khagrachhari Sadar,Perachhara,05,,,,1 No. Prakalpa Gram,১ নং প্রকল্প গ্রাম,PER503,23.157266,91.963238,565,0,0,0,0,0,0,0,0,0,0,0,0,0,0,0,0,,,,
620,Bangladesh,Chattogram,Khagrachhari,Khagrachhari Sadar,Perachhara,05,,,,Headman Para,হেডম্যান পাড়া,PER504,23.148092,91.96179,1152,0,0,0,0,0,0,0,0,0,0,0,0,0,0,0,0,,,,
621,Bangladesh,Chattogram,Khagrachhari,Khagrachhari Sadar,Perachhara,06,,,,Paulunya Para,পাউলুন্যা পাড়া,PER601,23.152067,91.981188,240,0,0,0,0,0,0,0,0,0,0,0,0,0,0,0,0,,,,
622,Bangladesh,Chattogram,Khagrachhari,Khagrachhari Sadar,Perachhara,06,,,,Golakana Para,গোলাকানা পাড়া,PER602,23.151477,91.988415,312,0,0,0,0,0,0,0,0,0,0,0,0,0,0,0,0,,,,
623,Bangladesh,Chattogram,Khagrachhari,Khagrachhari Sadar,Perachhara,06,,,,Dayaram Para,দয়ারাম পাড়া,PER603,23.149107,91.970959,250,0,0,0,0,0,0,0,0,0,0,0,0,0,0,0,0,,,,
624,Bangladesh,Chattogram,Khagrachhari,Khagrachhari Sadar,Perachhara,07,,,,Haduk Para,হাঁদুক পাড়া,PER701,23.127808,91.996556,350,0,0,0,0,0,0,0,0,0,0,0,0,0,0,0,0,,,,
625,Bangladesh,Chattogram,Khagrachhari,Khagrachhari Sadar,Perachhara,07,,,,Tangthak Para,তংথাক পাড়া,PER702,23.131661,91.996426,350,0,0,0,0,0,0,0,0,0,0,0,0,0,0,0,0,,,,
626,Bangladesh,Chattogram,Khagrachhari,Khagrachhari Sadar,Perachhara,07,,,,Mayung Taiklu Para,মায়ুং তৈক্লু পাড়া,PER703,23.125805,91.99144,150,0,0,0,0,0,0,0,0,0,0,0,0,0,0,0,0,,,,
627,Bangladesh,Chattogram,Khagrachhari,Khagrachhari Sadar,Perachhara,07,,,,Mongpru Para,মংপ্রু পাড়া,PER704,23.125691,92.00012,150,0,0,0,0,0,0,0,0,0,0,0,0,0,0,0,0,,,,
628,Bangladesh,Chattogram,Khagrachhari,Khagrachhari Sadar,Perachhara,07,,,,Krishigabeshana,কৃষিগবেষনা,PER705,23.137719,92.000788,120,0,0,0,0,0,0,0,0,0,0,0,0,0,0,0,0,,,,
629,Bangladesh,Chattogram,Khagrachhari,Khagrachhari Sadar,Perachhara,07,,,,Writer Para,রাইটার পাড়া,PER706,23.127563,91.994882,350,0,0,0,0,0,0,0,0,0,0,0,0,0,0,0,0,,,,
630,Bangladesh,Chattogram,Khagrachhari,Khagrachhari Sadar,Perachhara,07,,,,Pratap Para,প্রতাপ পাড়া,PER707,23.136191,92.00225,900,0,0,0,0,0,0,0,0,0,0,0,0,0,0,0,0,,,,
631,Bangladesh,Chattogram,Khagrachhari,Khagrachhari Sadar,Perachhara,07,,,,Krishigabeshana Ansar Camp,কৃষিগবেষনা আনসার ক্যাম্প,PER708,23.143367,91.999086,0,0,0,0,0,0,0,0,0,0,0,0,0,0,0,0,0,,,,
632,Bangladesh,Chattogram,Khagrachhari,Khagrachhari Sadar,Perachhara,08,,,,13 No. Prakalpa Gram,১৩ নং প্রকল্প গ্রাম,PER801,23.149764,91.99935,450,0,0,0,0,0,0,0,0,0,0,0,0,0,0,0,0,,,,
633,Bangladesh,Chattogram,Khagrachhari,Khagrachhari Sadar,Perachhara,08,,,,4 Mile Joutha Khamar Para,৪ মাইল যৌথ খামার পাড়া,PER802,23.154384,92.005715,300,0,0,0,0,0,0,0,0,0,0,0,0,0,0,0,0,,,,
634,Bangladesh,Chattogram,Khagrachhari,Khagrachhari Sadar,Perachhara,08,,,,5 Mile Para,৫ মাইল পাড়া,PER803,23.162569,92.008823,450,0,0,0,0,0,0,0,0,0,0,0,0,0,0,0,0,,,,
635,Bangladesh,Chattogram,Khagrachhari,Khagrachhari Sadar,Perachhara,08,,,,Kalapani Chhara,কালাপানি ছড়া,PER804,23.165108,92.001556,300,0,0,0,0,0,0,0,0,0,0,0,0,0,0,0,0,,,,
636,Bangladesh,Chattogram,Khagrachhari,Khagrachhari Sadar,Perachhara,08,,,,Kamini Para,কামিনী পাড়া,PER805,23.158093,92.014395,300,0,0,0,0,0,0,0,0,0,0,0,0,0,0,0,0,,,,
637,Bangladesh,Chattogram,Khagrachhari,Khagrachhari Sadar,Perachhara,08,,,,Natun Para,নতুন পাড়া,PER806,23.170298,92.016213,300,0,0,0,0,0,0,0,0,0,0,0,0,0,0,0,0,,,,
638,Bangladesh,Chattogram,Khagrachhari,Khagrachhari Sadar,Perachhara,08,,,,Kamini Para Police Camp,কামিনী পাড়া পুলিশ ক্যাম্প,PER807,23.163545,92.013267,0,0,0,0,0,0,0,0,0,0,0,0,0,0,0,0,0,,,,
639,Bangladesh,Chattogram,Khagrachhari,Khagrachhari Sadar,Perachhara,09,,,,Chhota Gachhban Para,ছোট গাছবান পাড়া,PER901,23.17064,92.003368,1000,0,0,0,0,0,0,0,0,0,0,0,0,0,0,0,0,,,,
640,Bangladesh,Chattogram,Khagrachhari,Khagrachhari Sadar,Perachhara,09,,,,Chandrakumar Para,চন্দ্রকুমার পাড়া,PER902,23.180239,91.99925,280,0,0,0,0,0,0,0,0,0,0,0,0,0,0,0,0,,,,
641,Bangladesh,Chattogram,Khagrachhari,Khagrachhari Sadar,Perachhara,09,,,,Kalya Para,কাল্যা পাড়া,PER903,23.171674,91.99731,150,0,0,0,0,0,0,0,0,0,0,0,0,0,0,0,0,,,,
642,Bangladesh,Chattogram,Khagrachhari,Khagrachhari Sadar,Perachhara,09,,,,7 Mile Joutha Khamar,সাত মাইল যৌথ খামার,PER904,23.177424,92.010734,100,0,0,0,0,0,0,0,0,0,0,0,0,0,0,0,0,,,,
643,Bangladesh,Chattogram,Khagrachhari,Khagrachhari Sadar,Perachhara,09,,,,8 Mile Joutha Khamar,আট মাইল যৌথ খামার,PER905,23.184388,92.019256,160,0,0,0,0,0,0,0,0,0,0,0,0,0,0,0,0,,,,
644,Bangladesh,Chattogram,Khagrachhari,Khagrachhari Sadar,Perachhara,09,,,,Chandrakiran Para/ 9 Mile Joutha Khamar,চন্দ্রকিরণ পাড়া/ ৯ মাইল যৌথ খামার,PER906,23.189571,92.00839,200,0,0,0,0,0,0,0,0,0,0,0,0,0,0,0,0,,,,
645,Bangladesh,Chattogram,Khagrachhari,Khagrachhari Sadar,Perachhara,09,,,,Maite Para,মাইতে পাড়া,PER907,23.201373,92.032454,70,0,0,0,0,0,0,0,0,0,0,0,0,0,0,0,0,,,,
646,Bangladesh,Chattogram,Khagrachhari,Lakkhichhari,Barmachari,1,,,,Bagchari,,,,,386,70,0,0,80,0,0,0,0,0,0,0,0,0,0,0,0,,,,
647,Bangladesh,Chattogram,Khagrachhari,Lakkhichhari,Barmachari,1,,,,Barmachari muk,,,,,1027,205,0,0,160,0,0,0,0,0,0,0,0,0,0,0,0,,,,
648,Bangladesh,Chattogram,Khagrachhari,Lakkhichhari,Barmachari,1,,,,Boddo Para,,,,,340,65,0,110,0,0,0,0,0,0,0,0,0,0,0,0,0,,,,
649,Bangladesh,Chattogram,Khagrachhari,Lakkhichhari,Barmachari,1,,,,Chowarasta more,,,,,526,105,0,220,0,0,0,0,0,0,0,0,0,0,0,0,0,,,,
650,Bangladesh,Chattogram,Khagrachhari,Lakkhichhari,Barmachari,1,,,,Dewan Para,,,,,410,70,0,0,85,0,0,0,0,0,0,0,0,0,0,0,0,,,,
651,Bangladesh,Chattogram,Khagrachhari,Lakkhichhari,Barmachari,1,,,,Kola Buniya,,,,,255,70,0,0,0,0,0,0,0,0,0,0,0,0,0,0,0,,,,
652,Bangladesh,Chattogram,Khagrachhari,Lakkhichhari,Barmachari,1,,,,Maddya barmachari,,,,,151,30,0,0,46,0,0,0,0,0,0,0,0,0,0,0,0,,,,
653,Bangladesh,Chattogram,Khagrachhari,Lakkhichhari,Barmachari,1,,,,Tanuram para,,,,,135,31,0,70,0,0,0,0,0,0,0,0,0,0,0,0,0,,,,
654,Bangladesh,Chattogram,Khagrachhari,Lakkhichhari,Barmachari,2,,,,Binajori,,,,,355,71,0,0,62,0,0,0,0,0,0,0,0,0,0,0,0,,,,
655,Bangladesh,Chattogram,Khagrachhari,Lakkhichhari,Barmachari,2,,,,Labuchari,,,,,840,168,0,0,70,0,0,0,0,0,0,0,0,0,0,0,0,,,,
656,Bangladesh,Chattogram,Khagrachhari,Lakkhichhari,Barmachari,2,,,,Naranmyachari,,,,,543,107,0,0,77,0,0,0,0,0,0,0,0,0,0,0,0,,,,
657,Bangladesh,Chattogram,Khagrachhari,Lakkhichhari,Barmachari,2,,,,Shilchari,,,,,645,123,0,203,0,0,0,0,0,0,0,0,0,0,0,0,0,,,,
658,Bangladesh,Chattogram,Khagrachhari,Lakkhichhari,Barmachari,2,,,,South Binajuri,,,,,340,65,0,0,98,0,0,0,0,0,0,0,0,0,0,0,0,,,,
659,Bangladesh,Chattogram,Khagrachhari,Lakkhichhari,Barmachari,2,,,,Uttar Binajuri,,,,,372,73,0,0,80,0,0,0,0,0,0,0,0,0,0,0,0,,,,
660,Bangladesh,Chattogram,Khagrachhari,Lakkhichhari,Barmachari,3,,,,Kutubchari Bazar,,,,,355,40,0,0,0,0,0,0,0,0,0,0,0,0,0,0,0,,,,
661,Bangladesh,Chattogram,Khagrachhari,Lakkhichhari,Barmachari,3,,,,Kutubchari Chakma Para,,,,,369,70,0,125,0,0,0,0,0,0,0,0,0,0,0,0,0,,,,
662,Bangladesh,Chattogram,Khagrachhari,Lakkhichhari,Barmachari,3,,,,Lamba Tila,,,,,192,41,0,65,0,0,0,0,0,0,0,0,0,0,0,0,0,,,,
663,Bangladesh,Chattogram,Khagrachhari,Lakkhichhari,Barmachari,3,,,,Marma Tila,,,,,379,70,0,0,132,0,0,0,0,0,0,0,0,0,0,0,0,,,,
664,Bangladesh,Chattogram,Khagrachhari,Lakkhichhari,Barmachari,3,,,,Notun Para,,,,,176,35,0,0,71,0,0,0,0,0,0,0,0,0,0,0,0,,,,
665,Bangladesh,Chattogram,Khagrachhari,Lakkhichhari,Barmachari,3,,,,Tholi Para,,,,,476,95,0,0,153,0,0,0,0,0,0,0,0,0,0,0,0,,,,
666,Bangladesh,Chattogram,Khagrachhari,Lakkhichhari,Barmachari,3,,,,West Boddo Para,,,,,260,52,0,0,90,0,0,0,0,0,0,0,0,0,0,0,0,,,,
667,Bangladesh,Chattogram,Khagrachhari,Lakkhichhari,Barmachari,4,,,,Boli Para,,,,,348,68,0,0,114,0,0,0,0,0,0,0,0,0,0,0,0,,,,
668,Bangladesh,Chattogram,Khagrachhari,Lakkhichhari,Barmachari,4,,,,Dadonggo Chara,,,,,340,68,0,0,95,0,0,0,0,0,0,0,0,0,0,0,0,,,,
669,Bangladesh,Chattogram,Khagrachhari,Lakkhichhari,Barmachari,4,,,,Dula mura,,,,,243,60,0,0,118,0,0,0,0,0,0,0,0,0,0,0,0,,,,
670,Bangladesh,Chattogram,Khagrachhari,Lakkhichhari,Barmachari,4,,,,East Suknachari,,,,,510,90,0,0,167,0,0,0,0,0,0,0,0,0,0,0,0,,,,
671,Bangladesh,Chattogram,Khagrachhari,Lakkhichhari,Barmachari,4,,,,Guichari,,,,,269,67,0,0,126,0,0,0,0,0,0,0,0,0,0,0,0,,,,
672,Bangladesh,Chattogram,Khagrachhari,Lakkhichhari,Barmachari,4,,,,Kandop Para,,,,,181,54,0,0,0,0,0,0,0,0,0,0,0,0,0,0,0,,,,
673,Bangladesh,Chattogram,Khagrachhari,Lakkhichhari,Barmachari,4,,,,Kola chari/mukh,,,,,234,38,0,0,64,0,0,0,0,0,0,0,0,0,0,0,0,,,,
674,Bangladesh,Chattogram,Khagrachhari,Lakkhichhari,Barmachari,4,,,,Muktachari,,,,,271,57,0,0,0,0,0,0,0,0,0,0,0,0,0,0,0,,,,
675,Bangladesh,Chattogram,Khagrachhari,Lakkhichhari,Barmachari,5,,,,Hazachari,,,,,232,53,0,0,0,0,0,0,0,0,0,0,0,0,0,0,0,,,,
676,Bangladesh,Chattogram,Khagrachhari,Lakkhichhari,Barmachari,5,,,,Moddho shuknachari,,,,,772,145,0,170,0,0,0,0,0,0,0,0,0,0,0,0,0,,,,
677,Bangladesh,Chattogram,Khagrachhari,Lakkhichhari,Barmachari,5,,,,North Shuknachari,,,,,509,85,0,0,150,0,0,0,0,0,0,0,0,0,0,0,0,,,,
678,Bangladesh,Chattogram,Khagrachhari,Lakkhichhari,Barmachari,5,,,,South Shuknachari,,,,,225,55,0,0,0,0,0,0,0,0,0,0,0,0,0,0,0,,,,
679,Bangladesh,Chattogram,Khagrachhari,Lakkhichhari,Barmachari,6,,,,Bottali,,,,,230,50,0,0,0,0,0,0,0,0,0,0,0,0,0,0,0,,,,
680,Bangladesh,Chattogram,Khagrachhari,Lakkhichhari,Barmachari,6,,,,Futta Para,,,,,180,42,0,60,0,0,0,0,0,0,0,0,0,0,0,0,0,,,,
681,Bangladesh,Chattogram,Khagrachhari,Lakkhichhari,Barmachari,6,,,,Jadu Para,,,,,322,83,0,0,130,0,0,0,0,0,0,0,0,0,0,0,0,,,,
682,Bangladesh,Chattogram,Khagrachhari,Lakkhichhari,Barmachari,6,,,,Kolachari,,,,,184,43,0,0,80,0,0,0,0,0,0,0,0,0,0,0,0,,,,
683,Bangladesh,Chattogram,Khagrachhari,Lakkhichhari,Barmachari,6,,,,Korenga Tila,,,,,66,19,0,25,0,0,0,0,0,0,0,0,0,0,0,0,0,,,,
684,Bangladesh,Chattogram,Khagrachhari,Lakkhichhari,Barmachari,6,,,,Lelang,,,,,472,120,0,0,0,0,0,0,0,0,0,0,0,0,0,0,0,,,,
685,Bangladesh,Chattogram,Khagrachhari,Lakkhichhari,Barmachari,6,,,,Natun Para,,,,,478,115,0,0,142,0,0,0,0,0,0,0,0,0,0,0,0,,,,
686,Bangladesh,Chattogram,Khagrachhari,Lakkhichhari,Barmachari,7,,,,East baidya para,,,,,475,115,0,150,0,0,0,0,0,0,0,0,0,0,0,0,0,,,,
687,Bangladesh,Chattogram,Khagrachhari,Lakkhichhari,Barmachari,7,,,,Futtachari,,,,,210,42,0,49,0,0,0,0,0,0,0,0,0,0,0,0,0,,,,
688,Bangladesh,Chattogram,Khagrachhari,Lakkhichhari,Barmachari,7,,,,Keret Kata,,,,,433,78,0,0,155,0,0,0,0,0,0,0,0,0,0,0,0,,,,
689,Bangladesh,Chattogram,Khagrachhari,Lakkhichhari,Barmachari,8,,,,Bihar Para,,,,,230,46,0,53,0,0,0,0,0,0,0,0,0,0,0,0,0,,,,
690,Bangladesh,Chattogram,Khagrachhari,Lakkhichhari,Barmachari,8,,,,Ultachari,,,,,346,69,0,56,0,0,0,0,0,0,0,0,0,0,0,0,0,,,,
691,Bangladesh,Chattogram,Khagrachhari,Lakkhichhari,Barmachari,9,,,,Moromchari,,,,,204,50,0,0,95,0,0,0,0,0,0,0,0,0,0,0,0,,,,
692,Bangladesh,Chattogram,Khagrachhari,Lakkhichhari,Barmachari,9,,,,pekkuya para,,,,,255,53,0,42,0,0,0,0,0,0,0,0,0,0,0,0,0,,,,
693,Bangladesh,Chattogram,Khagrachhari,Lakkhichhari,Dullatali,1,,,,Magrachari,,,,,216,56,0,50,0,0,0,0,0,0,0,0,0,0,0,0,0,,,,
694,Bangladesh,Chattogram,Khagrachhari,Lakkhichhari,Dullatali,2,,,,Duilatoli,,,,,611,154,0,130,0,0,0,0,0,0,0,0,0,0,0,0,0,,,,
695,Bangladesh,Chattogram,Khagrachhari,Lakkhichhari,Dullatali,2,,,,East chailatali,,,,,533,137,0,0,126,0,0,0,0,0,0,0,0,0,0,0,0,,,,
696,Bangladesh,Chattogram,Khagrachhari,Lakkhichhari,Dullatali,2,,,,Hazachari,,,,,347,86,0,100,0,0,0,0,0,0,0,0,0,0,0,0,0,,,,
697,Bangladesh,Chattogram,Khagrachhari,Lakkhichhari,Dullatali,2,,,,Kurumbanga,,,,,135,38,0,0,0,0,0,0,0,0,0,0,0,0,0,0,0,,,,
698,Bangladesh,Chattogram,Khagrachhari,Lakkhichhari,Dullatali,2,,,,Nabanga para,,,,,409,107,0,94,0,0,0,0,0,0,0,0,0,0,0,0,0,,,,
699,Bangladesh,Chattogram,Khagrachhari,Lakkhichhari,Dullatali,2,,,,West chailatali,,,,,277,64,0,0,0,0,0,0,0,0,0,0,0,0,0,0,0,,,,
700,Bangladesh,Chattogram,Khagrachhari,Lakkhichhari,Dullatali,3,,,,Bagan para,,,,,80,18,0,0,0,0,0,0,0,0,0,0,0,0,0,0,0,,,,
701,Bangladesh,Chattogram,Khagrachhari,Lakkhichhari,Dullatali,3,,,,Dongi para,,,,,276,60,0,0,208,0,0,0,0,0,0,0,0,0,0,0,0,,,,
702,Bangladesh,Chattogram,Khagrachhari,Lakkhichhari,Dullatali,4,,,,1 No tila,,,,,188,40,0,0,0,0,0,0,0,0,0,0,0,0,0,0,0,,,,
703,Bangladesh,Chattogram,Khagrachhari,Lakkhichhari,Dullatali,4,,,,Mejarpara,,,,,110,26,0,0,0,0,0,0,0,0,0,0,0,0,0,0,0,,,,
704,Bangladesh,Chattogram,Khagrachhari,Lakkhichhari,Dullatali,4,,,,Moguichari,,,,,35,9,0,0,0,0,0,0,0,0,0,0,0,0,0,0,0,,,,
705,Bangladesh,Chattogram,Khagrachhari,Lakkhichhari,Dullatali,4,,,,Natun Marma Para,,,,,235,50,0,25,0,0,0,0,0,0,0,0,0,0,0,0,0,,,,
706,Bangladesh,Chattogram,Khagrachhari,Lakkhichhari,Dullatali,4,,,,Natun Para,,,,,234,75,0,30,0,0,0,0,0,0,0,0,0,0,0,0,0,,,,
707,Bangladesh,Chattogram,Khagrachhari,Lakkhichhari,Dullatali,4,,,,Uzan para,,,,,285,80,0,200,0,0,0,0,0,0,0,0,0,0,0,0,0,,,,
708,Bangladesh,Chattogram,Khagrachhari,Lakkhichhari,Dullatali,4,,,,West Jarulchari Chakma Para,,,,,66,16,0,0,26,0,0,0,0,0,0,0,0,0,0,0,0,,,,
709,Bangladesh,Chattogram,Khagrachhari,Lakkhichhari,Dullatali,5,,,,Jarulchari Bangali Para,,,,,265,80,0,180,0,0,0,0,0,0,0,0,0,0,0,0,0,,,,
710,Bangladesh,Chattogram,Khagrachhari,Lakkhichhari,Dullatali,5,,,,Marma para,,,,,117,58,0,0,170,0,0,0,0,0,0,0,0,0,0,0,0,,,,
711,Bangladesh,Chattogram,Khagrachhari,Lakkhichhari,Dullatali,5,,,,Muslim para,,,,,182,39,0,0,100,0,0,0,0,0,0,0,0,0,0,0,0,,,,
712,Bangladesh,Chattogram,Khagrachhari,Lakkhichhari,Dullatali,5,,,,South Jarulchari,,,,,267,50,0,25,0,0,0,0,0,0,0,0,0,0,0,0,0,,,,
713,Bangladesh,Chattogram,Khagrachhari,Lakkhichhari,Dullatali,6,,,,Dewan para,,,,,235,50,0,30,0,0,0,0,0,0,0,0,0,0,0,0,0,,,,
714,Bangladesh,Chattogram,Khagrachhari,Lakkhichhari,Dullatali,6,,,,West hazachari,,,,,286,75,0,0,200,0,0,0,0,0,0,0,0,0,0,0,0,,,,
715,Bangladesh,Chattogram,Khagrachhari,Lakkhichhari,Dullatali,7,,,,Barodona,,,,,253,78,0,0,60,0,0,0,0,0,0,0,0,0,0,0,0,,,,
716,Bangladesh,Chattogram,Khagrachhari,Lakkhichhari,Dullatali,7,,,,Botgaspara,,,,,141,56,0,0,150,0,0,0,0,0,0,0,0,0,0,0,0,,,,
717,Bangladesh,Chattogram,Khagrachhari,Lakkhichhari,Dullatali,7,,,,Durchari para,,,,,263,86,0,0,80,0,0,0,0,0,0,0,0,0,0,0,0,,,,
718,Bangladesh,Chattogram,Khagrachhari,Lakkhichhari,Dullatali,7,,,,Gobo mara,,,,,146,40,0,0,50,0,0,0,0,0,0,0,0,0,0,0,0,,,,
719,Bangladesh,Chattogram,Khagrachhari,Lakkhichhari,Dullatali,7,,,,Guru bukke,,,,,169,59,0,0,170,0,0,0,0,0,0,0,0,0,0,0,0,,,,
720,Bangladesh,Chattogram,Khagrachhari,Lakkhichhari,Dullatali,7,,,,Khailasmahajan para,,,,,385,91,0,0,100,0,0,0,0,0,0,0,0,0,0,0,0,,,,
721,Bangladesh,Chattogram,Khagrachhari,Lakkhichhari,Dullatali,7,,,,Masterpara,,,,,297,86,0,0,200,0,0,0,0,0,0,0,0,0,0,0,0,,,,
722,Bangladesh,Chattogram,Khagrachhari,Lakkhichhari,Dullatali,7,,,,Member para,,,,,164,69,0,0,190,0,0,0,0,0,0,0,0,0,0,0,0,,,,
723,Bangladesh,Chattogram,Khagrachhari,Lakkhichhari,Dullatali,7,,,,Tripura chari,,,,,350,90,0,0,130,0,0,0,0,0,0,0,0,0,0,0,0,,,,
724,Bangladesh,Chattogram,Khagrachhari,Lakkhichhari,Dullatali,8,,,,Rannyama chara,,,,,329,70,0,0,170,0,0,0,0,0,0,0,0,0,0,0,0,,,,
725,Bangladesh,Chattogram,Khagrachhari,Lakkhichhari,Dullatali,8,,,,Tejendra para,,,,,284,86,0,200,0,0,0,0,0,0,0,0,0,0,0,0,0,,,,
726,Bangladesh,Chattogram,Khagrachhari,Lakkhichhari,Dullatali,8,,,,Vatto para,,,,,220,55,0,180,0,0,0,0,0,0,0,0,0,0,0,0,0,,,,
727,Bangladesh,Chattogram,Khagrachhari,Lakkhichhari,Dullatali,9,,,,Bame banar kata,,,,,291,62,0,0,180,0,0,0,0,0,0,0,0,0,0,0,0,,,,
728,Bangladesh,Chattogram,Khagrachhari,Lakkhichhari,Dullatali,9,,,,Dajor para,,,,,283,64,0,0,130,0,0,0,0,0,0,0,0,0,0,0,0,,,,
729,Bangladesh,Chattogram,Khagrachhari,Lakkhichhari,Dullatali,9,,,,Dane banor kata,,,,,235,50,0,150,0,0,0,0,0,0,0,0,0,0,0,0,0,,,,
730,Bangladesh,Chattogram,Khagrachhari,Lakkhichhari,Dullatali,9,,,,Digalchari,,,,,376,80,0,0,190,0,0,0,0,0,0,0,0,0,0,0,0,,,,
731,Bangladesh,Chattogram,Khagrachhari,Lakkhichhari,Dullatali,9,,,,Juro moni para,,,,,304,65,0,0,150,0,0,0,0,0,0,0,0,0,0,0,0,,,,
732,Bangladesh,Chattogram,Khagrachhari,Lakkhichhari,Dullatali,9,,,,Moddo para,,,,,319,77,0,0,150,0,0,0,0,0,0,0,0,0,0,0,0,,,,
733,Bangladesh,Chattogram,Khagrachhari,Lakkhichhari,Dullatali,9,,,,Simana para,,,,,240,54,0,0,120,0,0,0,0,0,0,0,0,0,0,0,0,,,,
734,Bangladesh,Chattogram,Khagrachhari,Lakkhichhari,Dullatali,9,,,,Tullya para,,,,,216,46,0,170,0,0,0,0,0,0,0,0,0,0,0,0,0,,,,
735,Bangladesh,Chattogram,Khagrachhari,Lakkhichhari,Dullatali,9,,,,Vija kiching,,,,,483,126,0,0,160,0,0,0,0,0,0,0,0,0,0,0,0,,,,
736,Bangladesh,Chattogram,Khagrachhari,Lakkhichhari,Lakkhichhari,1,,,,Beltali Para,বেলতলি পাড়া,LAX101,,,680,0,0,0,0,0,0,0,0,0,0,0,0,0,0,0,0,,,,
737,Bangladesh,Chattogram,Khagrachhari,Lakkhichhari,Lakkhichhari,1,,,,Lakkhichhari Guccha Gram,লক্ষ্মীছড়ি গুচ্ছ গ্রাম,LAX102,,,600,0,0,0,0,0,0,0,0,0,0,0,0,0,0,0,0,,,,
738,Bangladesh,Chattogram,Khagrachhari,Lakkhichhari,Lakkhichhari,1,,,,Banarkata Para,বানরকাটা পাড়া,LAX103,,,280,0,0,0,0,0,0,0,0,0,0,0,0,0,0,0,0,,,,
739,Bangladesh,Chattogram,Khagrachhari,Lakkhichhari,Lakkhichhari,1,,,,Bagan Para,বাগান পাড়া,LAX104,,,140,0,0,0,0,0,0,0,0,0,0,0,0,0,0,0,0,,,,
740,Bangladesh,Chattogram,Khagrachhari,Lakkhichhari,Lakkhichhari,1,,,,Bijoy Karbari Para,বিজয় কারবারি পাড়া,LAX105,,,120,0,0,0,0,0,0,0,0,0,0,0,0,0,0,0,0,,,,
741,Bangladesh,Chattogram,Khagrachhari,Lakkhichhari,Lakkhichhari,1,,,,Simana Para,সীমানা পাড়া,LAX106,,,120,0,0,0,0,0,0,0,0,0,0,0,0,0,0,0,0,,,,
742,Bangladesh,Chattogram,Khagrachhari,Lakkhichhari,Lakkhichhari,1,,,,Lakkhichhari Army Camp,লক্ষ্মীছড়ি আর্মি ক্যাম্প,LAX107,,,200,0,0,0,0,0,0,0,0,0,0,0,0,0,0,0,0,,,,
743,Bangladesh,Chattogram,Khagrachhari,Lakkhichhari,Lakkhichhari,1,,,,Lakkhichhari Thana,লক্ষ্মীছড়ি থানা,LAX108,,,70,0,0,0,0,0,0,0,0,0,0,0,0,0,0,0,0,,,,
744,Bangladesh,Chattogram,Khagrachhari,Lakkhichhari,Lakkhichhari,2,,,,Hatichhara Para,হাতিছড়া পাড়া,LAX201,,,152,0,0,0,0,0,0,0,0,0,0,0,0,0,0,0,0,,,,
745,Bangladesh,Chattogram,Khagrachhari,Lakkhichhari,Lakkhichhari,2,,,,Jurgachhari,জুর্গাছড়ি,LAX202,,,560,0,0,0,0,0,0,0,0,0,0,0,0,0,0,0,0,,,,
746,Bangladesh,Chattogram,Khagrachhari,Lakkhichhari,Lakkhichhari,2,,,,Purba Jurgachhari,পূর্ব জুর্গাছড়ি,LAX203,,,200,0,0,0,0,0,0,0,0,0,0,0,0,0,0,0,0,,,,
747,Bangladesh,Chattogram,Khagrachhari,Lakkhichhari,Lakkhichhari,2,,,,Pashchim Jurgachhari,পশ্চিম জুর্গাছড়ি,LAX204,,,180,0,0,0,0,0,0,0,0,0,0,0,0,0,0,0,0,,,,
748,Bangladesh,Chattogram,Khagrachhari,Lakkhichhari,Lakkhichhari,2,,,,Banarkata Mukhpara,বানরকাটা মুখপাড়া,LAX205,,,100,0,0,0,0,0,0,0,0,0,0,0,0,0,0,0,0,,,,
749,Bangladesh,Chattogram,Khagrachhari,Lakkhichhari,Lakkhichhari,2,,,,Bukyachhara Para,বুক্যাছড়া পাড়া,LAX206,,,240,0,0,0,0,0,0,0,0,0,0,0,0,0,0,0,0,,,,
750,Bangladesh,Chattogram,Khagrachhari,Lakkhichhari,Lakkhichhari,3,,,,Shilachhari Para,শিলাছড়ি পাড়া,LAX301,,,200,0,0,0,0,0,0,0,0,0,0,0,0,0,0,0,0,,,,
751,Bangladesh,Chattogram,Khagrachhari,Lakkhichhari,Lakkhichhari,3,,,,Shilachhari Muslim Para,শিলাছড়ি মুসলিম পাড়া,LAX302,,,180,0,0,0,0,0,0,0,0,0,0,0,0,0,0,0,0,,,,
752,Bangladesh,Chattogram,Khagrachhari,Lakkhichhari,Lakkhichhari,3,,,,Hazachhari Para,হাজাছড়ি পাড়া,LAX303,,,280,0,0,0,0,0,0,0,0,0,0,0,0,0,0,0,0,,,,
753,Bangladesh,Chattogram,Khagrachhari,Lakkhichhari,Lakkhichhari,3,,,,Chota Dhurung Mukh Para,ছোট ধুরুং মুখ পাড়া,LAX304,,,40,0,0,0,0,0,0,0,0,0,0,0,0,0,0,0,0,,,,
754,Bangladesh,Chattogram,Khagrachhari,Lakkhichhari,Lakkhichhari,3,,,,Tongtula Para,টংতুলা পাড়া,LAX305,,,80,0,0,0,0,0,0,0,0,0,0,0,0,0,0,0,0,,,,
755,Bangladesh,Chattogram,Khagrachhari,Lakkhichhari,Lakkhichhari,3,,,,Thailya Para,থাইল্যা পাড়া,LAX306,,,210,0,0,0,0,0,0,0,0,0,0,0,0,0,0,0,0,,,,
756,Bangladesh,Chattogram,Khagrachhari,Lakkhichhari,Lakkhichhari,3,,,,Bi Ja Coaching Para,বি জা কোচিং পাড়া,LAX307,,,40,0,0,0,0,0,0,0,0,0,0,0,0,0,0,0,0,,,,
757,Bangladesh,Chattogram,Khagrachhari,Lakkhichhari,Lakkhichhari,3,,,,Maramchhari Mukh Para,মরমছড়ি মুখ পাড়া,LAX308,,,42,0,0,0,0,0,0,0,0,0,0,0,0,0,0,0,0,,,,
758,Bangladesh,Chattogram,Khagrachhari,Lakkhichhari,Lakkhichhari,3,,,,Gargazyachhari Para,গরগয্যাছড়ি পাড়া,LAX309,,,200,0,0,0,0,0,0,0,0,0,0,0,0,0,0,0,0,,,,
759,Bangladesh,Chattogram,Khagrachhari,Lakkhichhari,Lakkhichhari,3,,,,Indrasing Karbari Para,ইন্দ্রসিং কারবারি পাড়া,LAX310,,,80,0,0,0,0,0,0,0,0,0,0,0,0,0,0,0,0,,,,
760,Bangladesh,Chattogram,Khagrachhari,Lakkhichhari,Lakkhichhari,4,,,,Monghla Para,মংহ্লা পাড়া,LAX401,,,440,0,0,0,0,0,0,0,0,0,0,0,0,0,0,0,0,,,,
761,Bangladesh,Chattogram,Khagrachhari,Lakkhichhari,Lakkhichhari,4,,,,Mejar Para,মেজার পাড়া,LAX402,,,204,0,0,0,0,0,0,0,0,0,0,0,0,0,0,0,0,,,,
762,Bangladesh,Chattogram,Khagrachhari,Lakkhichhari,Lakkhichhari,4,,,,Mahish Kata,মহিষ কাটা,LAX403,,,136,0,0,0,0,0,0,0,0,0,0,0,0,0,0,0,0,,,,
763,Bangladesh,Chattogram,Khagrachhari,Lakkhichhari,Lakkhichhari,4,,,,Purba Debatali,পূর্ব দেবাতলী,LAX404,,,100,0,0,0,0,0,0,0,0,0,0,0,0,0,0,0,0,,,,
764,Bangladesh,Chattogram,Khagrachhari,Lakkhichhari,Lakkhichhari,5,,,,Mayurkhil,ময়ূরখীল,LAX501,,,540,0,0,0,0,0,0,0,0,0,0,0,0,0,0,0,0,,,,
765,Bangladesh,Chattogram,Khagrachhari,Lakkhichhari,Lakkhichhari,5,,,,10 No. Mayurkhil,১০ নং ময়ূরখীল,LAX502,,,560,0,0,0,0,0,0,0,0,0,0,0,0,0,0,0,0,,,,
766,Bangladesh,Chattogram,Khagrachhari,Lakkhichhari,Lakkhichhari,5,,,,9 No. Muslim Para,৯ নং মুসলিম পাড়া,LAX503,,,140,0,0,0,0,0,0,0,0,0,0,0,0,0,0,0,0,,,,
767,Bangladesh,Chattogram,Khagrachhari,Lakkhichhari,Lakkhichhari,5,,,,Mayurkhil Police Fari,ময়ূরখীল পুলিশ ফাঁড়ি,LAX504,,,40,0,0,0,0,0,0,0,0,0,0,0,0,0,0,0,0,,,,
768,Bangladesh,Chattogram,Khagrachhari,Lakkhichhari,Lakkhichhari,6,,,,DP Para,ডিপি পাড়া,LAX601,,,520,0,0,0,0,0,0,0,0,0,0,0,0,0,0,0,0,,,,
769,Bangladesh,Chattogram,Khagrachhari,Lakkhichhari,Lakkhichhari,6,,,,Bainyachola Para,বাইন্যাছোলা পাড়া,LAX602,,,460,0,0,0,0,0,0,0,0,0,0,0,0,0,0,0,0,,,,
770,Bangladesh,Chattogram,Khagrachhari,Lakkhichhari,Lakkhichhari,6,,,,Chhamur Para,ছমুর পাড়া,LAX603,,,172,0,0,0,0,0,0,0,0,0,0,0,0,0,0,0,0,,,,
771,Bangladesh,Chattogram,Khagrachhari,Lakkhichhari,Lakkhichhari,6,,,,Saontal Para,সাঁওতাল পাড়া,LAX604,,,180,0,0,0,0,0,0,0,0,0,0,0,0,0,0,0,0,,,,
772,Bangladesh,Chattogram,Khagrachhari,Lakkhichhari,Lakkhichhari,6,,,,Indra Karbari Para,ইন্দ্র কারবারি পাড়া,LAX605,,,16,0,0,0,0,0,0,0,0,0,0,0,0,0,0,0,0,,,,
773,Bangladesh,Chattogram,Khagrachhari,Lakkhichhari,Lakkhichhari,6,,,,Mahish Kata,মহিষ কাটা,LAX606,,,224,0,0,0,0,0,0,0,0,0,0,0,0,0,0,0,0,,,,
774,Bangladesh,Chattogram,Khagrachhari,Lakkhichhari,Lakkhichhari,7,,,,Shuknachhari Para,শুকনাছড়ি পাড়া,LAX701,,,180,0,0,0,0,0,0,0,0,0,0,0,0,0,0,0,0,,,,
775,Bangladesh,Chattogram,Khagrachhari,Lakkhichhari,Lakkhichhari,7,,,,Hatiachhara Para,হাতিয়াছড়া পাড়া,LAX702,,,100,0,0,0,0,0,0,0,0,0,0,0,0,0,0,0,0,,,,
776,Bangladesh,Chattogram,Khagrachhari,Lakkhichhari,Lakkhichhari,7,,,,Daine Lakkhichhari Para,ডাইনে লক্ষ্মীছড়ি পাড়া,LAX703,,,80,0,0,0,0,0,0,0,0,0,0,0,0,0,0,0,0,,,,
777,Bangladesh,Chattogram,Khagrachhari,Lakkhichhari,Lakkhichhari,7,,,,Belakka Para,বেলক্ক পাড়া,LAX704,,,200,0,0,0,0,0,0,0,0,0,0,0,0,0,0,0,0,,,,
778,Bangladesh,Chattogram,Khagrachhari,Lakkhichhari,Lakkhichhari,7,,,,Maramchhari,মরমছড়ি,LAX705,,,150,0,0,0,0,0,0,0,0,0,0,0,0,0,0,0,0,,,,
779,Bangladesh,Chattogram,Khagrachhari,Lakkhichhari,Lakkhichhari,7,,,,Pangu Para,পাঙ্গু পাড়া,LAX706,,,100,0,0,0,0,0,0,0,0,0,0,0,0,0,0,0,0,,,,
780,Bangladesh,Chattogram,Khagrachhari,Lakkhichhari,Lakkhichhari,7,,,,Indrasing Para Army Camp,ইন্দ্রসিং পাড়া আর্মি ক্যাম্প,LAX707,,,55,0,0,0,0,0,0,0,0,0,0,0,0,0,0,0,0,,,,
781,Bangladesh,Chattogram,Khagrachhari,Lakkhichhari,Lakkhichhari,7,,,,Mura Para,মুড়া পাড়া,LAX708,,,40,0,0,0,0,0,0,0,0,0,0,0,0,0,0,0,0,,,,
782,Bangladesh,Chattogram,Khagrachhari,Lakkhichhari,Lakkhichhari,8,,,,Chengi Mukh Para,চেঙ্গী মুখ পাড়া,LAX801,,,475,0,0,0,0,0,0,0,0,0,0,0,0,0,0,0,0,,,,
783,Bangladesh,Chattogram,Khagrachhari,Lakkhichhari,Lakkhichhari,8,,,,Jatindra Karbari Para,যতীন্দ্র কারবারি পাড়া,LAX802,,,500,0,0,0,0,0,0,0,0,0,0,0,0,0,0,0,0,,,,
784,Bangladesh,Chattogram,Khagrachhari,Lakkhichhari,Lakkhichhari,8,,,,Baghya Para,বাঘ্যা পাড়া,LAX803,,,110,0,0,0,0,0,0,0,0,0,0,0,0,0,0,0,0,,,,
785,Bangladesh,Chattogram,Khagrachhari,Lakkhichhari,Lakkhichhari,8,,,,Gabmara Para,গবমারা পাড়া,LAX804,,,150,0,0,0,0,0,0,0,0,0,0,0,0,0,0,0,0,,,,
786,Bangladesh,Chattogram,Khagrachhari,Lakkhichhari,Lakkhichhari,8,,,,Bamchengi Para,বামচেঙ্গী পাড়া,LAX805,,,130,0,0,0,0,0,0,0,0,0,0,0,0,0,0,0,0,,,,
787,Bangladesh,Chattogram,Khagrachhari,Lakkhichhari,Lakkhichhari,8,,,,Mitingachhari Para,মিটিংগাছড়ি পাড়া,LAX806,,,95,0,0,0,0,0,0,0,0,0,0,0,0,0,0,0,0,,,,
788,Bangladesh,Chattogram,Khagrachhari,Lakkhichhari,Lakkhichhari,8,,,,Chota Dhurang Mukh Para,ছোট ধুরং মূখ পাড়া,LAX807,,,175,0,0,0,0,0,0,0,0,0,0,0,0,0,0,0,0,,,,
789,Bangladesh,Chattogram,Khagrachhari,Lakkhichhari,Lakkhichhari,8,,,,Bamchengi Mukh Para,বামচেঙ্গী মুখ পাড়া,LAX808,,,110,0,0,0,0,0,0,0,0,0,0,0,0,0,0,0,0,,,,
790,Bangladesh,Chattogram,Khagrachhari,Lakkhichhari,Lakkhichhari,9,,,,Nil Kumar Karbari Para,নীল কুমার কারবারি পাড়া,LAX901,,,200,0,0,0,0,0,0,0,0,0,0,0,0,0,0,0,0,,,,
791,Bangladesh,Chattogram,Khagrachhari,Lakkhichhari,Lakkhichhari,9,,,,Durduri Para,দুরদূরী পাড়া,LAX902,,,336,0,0,0,0,0,0,0,0,0,0,0,0,0,0,0,0,,,,
792,Bangladesh,Chattogram,Khagrachhari,Lakkhichhari,Lakkhichhari,9,,,,Sumanta Para,সুমন্ত পাড়া,LAX903,,,240,0,0,0,0,0,0,0,0,0,0,0,0,0,0,0,0,,,,
793,Bangladesh,Chattogram,Khagrachhari,Lakkhichhari,Lakkhichhari,9,,,,Pashchim Sumanta Para,পশ্চিম সুমন্ত পাড়া,LAX904,,,100,0,0,0,0,0,0,0,0,0,0,0,0,0,0,0,0,,,,
794,Bangladesh,Chattogram,Khagrachhari,Lakkhichhari,Lakkhichhari,9,,,,Raktacchari Para,রক্তছড়ি পাড়া,LAX905,,,240,0,0,0,0,0,0,0,0,0,0,0,0,0,0,0,0,,,,
795,Bangladesh,Chattogram,Khagrachhari,Lakkhichhari,Lakkhichhari,9,,,,Dandi Para,দন্ডি পাড়া,LAX906,,,220,0,0,0,0,0,0,0,0,0,0,0,0,0,0,0,0,,,,
796,Bangladesh,Chattogram,Khagrachhari,Lakkhichhari,Lakkhichhari,9,,,,Haludia Para,হলুদিয়া পাড়া,LAX907,,,200,0,0,0,0,0,0,0,0,0,0,0,0,0,0,0,0,,,,
797,Bangladesh,Chattogram,Khagrachhari,Lakkhichhari,Lakkhichhari,9,,,,Dakkhin Chhamur Para,দক্ষিণ ছমুর পাড়া,LAX908,,,220,0,0,0,0,0,0,0,0,0,0,0,0,0,0,0,0,,,,
798,Bangladesh,Chattogram,Khagrachhari,Mahalchhari,Kiyangghat,01,,,,Kiyangghat Guchchha Gram,ক্যায়াংঘাট গুচ্ছ গ্রাম,KIY101,22.980096,92.033496,1000,0,0,0,0,0,0,0,0,0,0,0,0,0,0,0,0,,,,
799,Bangladesh,Chattogram,Khagrachhari,Mahalchhari,Kiyangghat,01,,,,Natun Bazar,নতুন বাজার,KIY102,22.977457,92.042593,500,0,0,0,0,0,0,0,0,0,0,0,0,0,0,0,0,,,,
800,Bangladesh,Chattogram,Khagrachhari,Mahalchhari,Kiyangghat,01,,,,APBN,এপিবিএন,KIY103,22.981795,92.029353,0,0,0,0,0,0,0,0,0,0,0,0,0,0,0,0,0,,,,
801,Bangladesh,Chattogram,Khagrachhari,Mahalchhari,Kiyangghat,02,,,,Satgharia,সাতঘরিয়া,KIY201,22.972281,92.030057,450,0,0,0,0,0,0,0,0,0,0,0,0,0,0,0,0,,,,
802,Bangladesh,Chattogram,Khagrachhari,Mahalchhari,Kiyangghat,02,,,,Dabafada,দাবাফাদা,KIY202,22.965298,92.039982,400,0,0,0,0,0,0,0,0,0,0,0,0,0,0,0,0,,,,
803,Bangladesh,Chattogram,Khagrachhari,Mahalchhari,Kiyangghat,03,,,,Kiyangghat Tabalchhari,ক্যায়াংঘাট তবলছড়ি,KIY301,22.983087,92.040218,700,0,0,0,0,0,0,0,0,0,0,0,0,0,0,0,0,,,,
804,Bangladesh,Chattogram,Khagrachhari,Mahalchhari,Kiyangghat,03,,,,Rangapani Chhara,রাঙ্গাপানি ছড়া,KIY302,22.982946,92.061392,480,0,0,0,0,0,0,0,0,0,0,0,0,0,0,0,0,,,,
805,Bangladesh,Chattogram,Khagrachhari,Mahalchhari,Kiyangghat,04,,,,Karalyachhari,করল্যাছড়ি,KIY401,22.996313,92.039358,1000,0,0,0,0,0,0,0,0,0,0,0,0,0,0,0,0,,,,
806,Bangladesh,Chattogram,Khagrachhari,Mahalchhari,Kiyangghat,04,,,,Jaduganala,যাদুগানালা,KIY402,22.995484,92.055538,750,0,0,0,0,0,0,0,0,0,0,0,0,0,0,0,0,,,,
807,Bangladesh,Chattogram,Khagrachhari,Mahalchhari,Kiyangghat,05,,,,Chittaranjan Karbari Para,চিত্তরঞ্জন কারবারি পাড়া,KIY501,23.006023,92.027472,410,0,0,0,0,0,0,0,0,0,0,0,0,0,0,0,0,,,,
808,Bangladesh,Chattogram,Khagrachhari,Mahalchhari,Kiyangghat,05,,,,Bhitar Karalyachhari Para,ভিতর করল্যাছড়ি পাড়া,KIY502,23.006917,92.049523,625,0,0,0,0,0,0,0,0,0,0,0,0,0,0,0,0,,,,
809,Bangladesh,Chattogram,Khagrachhari,Mahalchhari,Kiyangghat,06,,,,Natun Chandra Karbari Para,নতুন চন্দ্র কারবারি পাড়া,KIY601,23.006245,92.034859,120,0,0,0,0,0,0,0,0,0,0,0,0,0,0,0,0,,,,
810,Bangladesh,Chattogram,Khagrachhari,Mahalchhari,Kiyangghat,06,,,,Bihar Para,বিহার পাড়া,KIY602,23.023251,92.051984,435,0,0,0,0,0,0,0,0,0,0,0,0,0,0,0,0,,,,
811,Bangladesh,Chattogram,Khagrachhari,Mahalchhari,Kiyangghat,06,,,,Haza Chhara,হাজা ছড়া,KIY603,22.991923,92.061667,140,0,0,0,0,0,0,0,0,0,0,0,0,0,0,0,0,,,,
812,Bangladesh,Chattogram,Khagrachhari,Mahalchhari,Kiyangghat,06,,,,Pera Para,পেরা পাড়া,KIY604,23.009624,92.057834,100,0,0,0,0,0,0,0,0,0,0,0,0,0,0,0,0,,,,
813,Bangladesh,Chattogram,Khagrachhari,Mahalchhari,Kiyangghat,06,,,,Kalabanya Para,কলাবন্যা পাড়া,KIY605,22.999708,92.066721,300,0,0,0,0,0,0,0,0,0,0,0,0,0,0,0,0,,,,
814,Bangladesh,Chattogram,Khagrachhari,Mahalchhari,Kiyangghat,06,,,,Madhya Para,মধ্য পাড়া,KIY606,23.016118,92.04642,350,0,0,0,0,0,0,0,0,0,0,0,0,0,0,0,0,,,,
815,Bangladesh,Chattogram,Khagrachhari,Mahalchhari,Kiyangghat,06,,,,Dhela Para,ঢেলা পাড়া,KIY607,23.00238,92.069258,120,0,0,0,0,0,0,0,0,0,0,0,0,0,0,0,0,,,,
816,Bangladesh,Chattogram,Khagrachhari,Mahalchhari,Kiyangghat,06,,,,Ultachhari Army Para,উল্টাছড়ি আর্মি ক্যাম্প,KIY608,23.011113,92.039378,0,0,0,0,0,0,0,0,0,0,0,0,0,0,0,0,0,,,,
817,Bangladesh,Chattogram,Khagrachhari,Mahalchhari,Kiyangghat,07,,,,Golakya Para,গোলক্যা পাড়া,KIY701,23.000332,92.078269,650,0,0,0,0,0,0,0,0,0,0,0,0,0,0,0,0,,,,
818,Bangladesh,Chattogram,Khagrachhari,Mahalchhari,Kiyangghat,07,,,,Ghatghar Para,ঘাটঘর পাড়া,KIY702,23.018467,92.032521,375,0,0,0,0,0,0,0,0,0,0,0,0,0,0,0,0,,,,
819,Bangladesh,Chattogram,Khagrachhari,Mahalchhari,Kiyangghat,07,,,,Marbari Para,মারবাড়ি পাড়া,KIY703,23.011292,92.029427,210,0,0,0,0,0,0,0,0,0,0,0,0,0,0,0,0,,,,
820,Bangladesh,Chattogram,Khagrachhari,Mahalchhari,Kiyangghat,08,,,,Lamba Para,লাম্বা পাড়া,KIY801,23.034909,92.060297,400,0,0,0,0,0,0,0,0,0,0,0,0,0,0,0,0,,,,
821,Bangladesh,Chattogram,Khagrachhari,Mahalchhari,Kiyangghat,08,,,,Datkupye Para,দাতকুপ্যে পাড়া,KIY802,23.030027,92.039035,800,0,0,0,0,0,0,0,0,0,0,0,0,0,0,0,0,,,,
822,Bangladesh,Chattogram,Khagrachhari,Mahalchhari,Kiyangghat,08,,,,Katukchhari Mukh,কতুকছড়ি মুখ,KIY803,23.042315,92.058335,100,0,0,0,0,0,0,0,0,0,0,0,0,0,0,0,0,,,,
823,Bangladesh,Chattogram,Khagrachhari,Mahalchhari,Kiyangghat,09,,,,Chairman Para,চেয়ারম্যান পাড়া,KIY901,23.015328,92.037328,195,0,0,0,0,0,0,0,0,0,0,0,0,0,0,0,0,,,,
824,Bangladesh,Chattogram,Khagrachhari,Mahalchhari,Kiyangghat,09,,,,Ultachhari Madhya Para,উল্টাছড়ি মধ্য পাড়া,KIY902,23.0202,92.040781,215,0,0,0,0,0,0,0,0,0,0,0,0,0,0,0,0,,,,
825,Bangladesh,Chattogram,Khagrachhari,Mahalchhari,Kiyangghat,09,,,,Subal Kishta Para,সুবল কিষ্ট পাড়া,KIY903,23.027341,92.069823,315,0,0,0,0,0,0,0,0,0,0,0,0,0,0,0,0,,,,
826,Bangladesh,Chattogram,Khagrachhari,Mahalchhari,Kiyangghat,09,,,,Bihar Para,বিহার পাড়া,KIY904,23.029,92.048049,135,0,0,0,0,0,0,0,0,0,0,0,0,0,0,0,0,,,,
827,Bangladesh,Chattogram,Khagrachhari,Mahalchhari,Kiyangghat,09,,,,Satghar Para,সাতঘর পাড়া,KIY905,23.01447,92.065818,180,0,0,0,0,0,0,0,0,0,0,0,0,0,0,0,0,,,,
828,Bangladesh,Chattogram,Khagrachhari,Mahalchhari,Mahalchhari,01,,,,Bazar Elaka,বাজার এলাকা,MAH101,22.933855,92.030389,650,0,0,0,0,0,0,0,0,0,0,0,0,0,0,0,0,,,,
829,Bangladesh,Chattogram,Khagrachhari,Mahalchhari,Mahalchhari,01,,,,Nursery Para,নার্সারি পাড়া,MAH102,22.935567,92.029244,350,0,0,0,0,0,0,0,0,0,0,0,0,0,0,0,0,,,,
830,Bangladesh,Chattogram,Khagrachhari,Mahalchhari,Mahalchhari,01,,,,Sylheti Para,সিলেটি পাড়া,MAH103,22.933944,92.034009,1200,0,0,0,0,0,0,0,0,0,0,0,0,0,0,0,0,,,,
831,Bangladesh,Chattogram,Khagrachhari,Mahalchhari,Mahalchhari,01,,,,Chattagram Para,চট্টগ্রাম পাড়া,MAH104,22.93175,92.03492,300,0,0,0,0,0,0,0,0,0,0,0,0,0,0,0,0,,,,
832,Bangladesh,Chattogram,Khagrachhari,Mahalchhari,Mahalchhari,01,,,,Thana Elaka,থানা এলাকা,MAH105,22.933384,92.033525,100,0,0,0,0,0,0,0,0,0,0,0,0,0,0,0,0,,,,
833,Bangladesh,Chattogram,Khagrachhari,Mahalchhari,Mahalchhari,01,,,,Haspatal Elaka,হাসপাতাল এলাকা,MAH106,22.936359,92.032766,90,0,0,0,0,0,0,0,0,0,0,0,0,0,0,0,0,,,,
834,Bangladesh,Chattogram,Khagrachhari,Mahalchhari,Mahalchhari,01,,,,Upazila Parishad Elaka,উপজেলা পরিষদ এলাকা,MAH107,22.936604,92.029525,10,0,0,0,0,0,0,0,0,0,0,0,0,0,0,0,0,,,,
835,Bangladesh,Chattogram,Khagrachhari,Mahalchhari,Mahalchhari,01,,,,Natun Para,নতুন পাড়া,MAH108,22.935108,92.030537,1200,0,0,0,0,0,0,0,0,0,0,0,0,0,0,0,0,,,,
836,Bangladesh,Chattogram,Khagrachhari,Mahalchhari,Mahalchhari,01,,,,18 Paribar,১৮ পরিবার,MAH109,22.933845,92.028078,350,0,0,0,0,0,0,0,0,0,0,0,0,0,0,0,0,,,,
837,Bangladesh,Chattogram,Khagrachhari,Mahalchhari,Mahalchhari,02,,,,Tila Para,টিলা পাড়া,MAH201,22.9325,92.031202,1500,0,0,0,0,0,0,0,0,0,0,0,0,0,0,0,0,,,,
838,Bangladesh,Chattogram,Khagrachhari,Mahalchhari,Mahalchhari,02,,,,Ramesu Karbari Para,রামেসু কারবারি পাড়া,MAH202,22.930013,92.027847,400,0,0,0,0,0,0,0,0,0,0,0,0,0,0,0,0,,,,
839,Bangladesh,Chattogram,Khagrachhari,Mahalchhari,Mahalchhari,02,,,,Chairman Para,চেয়ারম্যান পাড়া,MAH203,22.931085,92.030888,500,0,0,0,0,0,0,0,0,0,0,0,0,0,0,0,0,,,,
840,Bangladesh,Chattogram,Khagrachhari,Mahalchhari,Mahalchhari,03,,,,Mohammadpur,মোহাম্মদপুর,MAH301,22.935448,92.027069,750,0,0,0,0,0,0,0,0,0,0,0,0,0,0,0,0,,,,
841,Bangladesh,Chattogram,Khagrachhari,Mahalchhari,Mahalchhari,03,,,,T&T Para,টি এন্ড টি পাড়া,MAH302,22.939507,92.028941,400,0,0,0,0,0,0,0,0,0,0,0,0,0,0,0,0,,,,
842,Bangladesh,Chattogram,Khagrachhari,Mahalchhari,Mahalchhari,03,,,,Comilla Tila,কুমিল্লা টিলা,MAH303,22.9299,92.021471,350,0,0,0,0,0,0,0,0,0,0,0,0,0,0,0,0,,,,
843,Bangladesh,Chattogram,Khagrachhari,Mahalchhari,Mahalchhari,03,,,,Master Para (Dipalo Tila),মাস্টার পাড়া (দিপালো টিলা),MAH304,22.931345,92.026703,735,0,0,0,0,0,0,0,0,0,0,0,0,0,0,0,0,,,,
844,Bangladesh,Chattogram,Khagrachhari,Mahalchhari,Mahalchhari,03,,,,Town Hall Para,টাউন হল পাড়া,MAH305,22.938009,92.028163,150,0,0,0,0,0,0,0,0,0,0,0,0,0,0,0,0,,,,
845,Bangladesh,Chattogram,Khagrachhari,Mahalchhari,Mahalchhari,03,,,,APBN,এপিবিএন,MAH306,22.933486,92.022821,0,0,0,0,0,0,0,0,0,0,0,0,0,0,0,0,0,,,,
846,Bangladesh,Chattogram,Khagrachhari,Mahalchhari,Mahalchhari,03,,,,Mahalchhari Zone,মহালছড়ি জোন,MAH307,22.939577,92.021852,0,0,0,0,0,0,0,0,0,0,0,0,0,0,0,0,0,,,,
847,Bangladesh,Chattogram,Khagrachhari,Mahalchhari,Mahalchhari,04,,,,Changrachhari Mukh,চৌংড়াছড়ি মুখ,MAH401,22.942455,92.033242,600,0,0,0,0,0,0,0,0,0,0,0,0,0,0,0,0,,,,
848,Bangladesh,Chattogram,Khagrachhari,Mahalchhari,Mahalchhari,04,,,,Mahajan Para,মহাজন পাড়া,MAH402,22.954998,92.036596,500,0,0,0,0,0,0,0,0,0,0,0,0,0,0,0,0,,,,
849,Bangladesh,Chattogram,Khagrachhari,Mahalchhari,Mahalchhari,04,,,,Bhuatya Para,ভূয়াত্যা পাড়া,MAH403,22.951022,92.041213,400,0,0,0,0,0,0,0,0,0,0,0,0,0,0,0,0,,,,
850,Bangladesh,Chattogram,Khagrachhari,Mahalchhari,Mahalchhari,04,,,,Chitrakumar Karbari Para,চিত্রকুমার কারবারি পাড়া,MAH404,22.949174,92.037613,420,0,0,0,0,0,0,0,0,0,0,0,0,0,0,0,0,,,,
851,Bangladesh,Chattogram,Khagrachhari,Mahalchhari,Mahalchhari,04,,,,Noa Para,নোয়া পাড়া,MAH405,22.958714,92.036728,80,0,0,0,0,0,0,0,0,0,0,0,0,0,0,0,0,,,,
852,Bangladesh,Chattogram,Khagrachhari,Mahalchhari,Mahalchhari,05,,,,Changrachhari Guchchha Gram,চৌংড়াছড়ি গুচ্ছ গ্রাম,MAH501,22.959355,92.029475,2200,0,0,0,0,0,0,0,0,0,0,0,0,0,0,0,0,,,,
853,Bangladesh,Chattogram,Khagrachhari,Mahalchhari,Mahalchhari,05,,,,Shanti Nagar,শান্তি নগর,MAH502,22.946912,92.024415,750,0,0,0,0,0,0,0,0,0,0,0,0,0,0,0,0,,,,
854,Bangladesh,Chattogram,Khagrachhari,Mahalchhari,Mahalchhari,06,,,,Changrachhari Headman Para,চৌংড়াছড়ি হেডম্যান পাড়া,MAH601,22.953132,92.017176,2000,0,0,0,0,0,0,0,0,0,0,0,0,0,0,0,0,,,,
855,Bangladesh,Chattogram,Khagrachhari,Mahalchhari,Mahalchhari,06,,,,Changrachhari Roaza Para,চৌংড়াছড়ি রোওয়াজা পাড়া,MAH602,22.950416,92.010029,1000,0,0,0,0,0,0,0,0,0,0,0,0,0,0,0,0,,,,
856,Bangladesh,Chattogram,Khagrachhari,Mahalchhari,Mahalchhari,07,,,,Pahartali,পাহাড়তলি,MAH701,22.924474,92.032155,500,0,0,0,0,0,0,0,0,0,0,0,0,0,0,0,0,,,,
857,Bangladesh,Chattogram,Khagrachhari,Mahalchhari,Mahalchhari,07,,,,Saw Mill Para,স মিল পাড়া,MAH702,22.929098,92.032729,200,0,0,0,0,0,0,0,0,0,0,0,0,0,0,0,0,,,,
858,Bangladesh,Chattogram,Khagrachhari,Mahalchhari,Mahalchhari,07,,,,Durpujya Nal,দূরপর্য্য নাল,MAH703,22.914724,92.029694,450,0,0,0,0,0,0,0,0,0,0,0,0,0,0,0,0,,,,
859,Bangladesh,Chattogram,Khagrachhari,Mahalchhari,Mahalchhari,07,,,,Bhuatek,ভুয়াটেক,MAH704,22.921863,92.033321,200,0,0,0,0,0,0,0,0,0,0,0,0,0,0,0,0,,,,
860,Bangladesh,Chattogram,Khagrachhari,Mahalchhari,Mahalchhari,07,,,,Kerengenal Headman Para,কেরেঙেনাল হেডম্যান পাড়া,MAH705,22.912598,92.044127,550,0,0,0,0,0,0,0,0,0,0,0,0,0,0,0,0,,,,
861,Bangladesh,Chattogram,Khagrachhari,Mahalchhari,Mahalchhari,07,,,,Basanta Para,বসন্ত পাড়া,MAH706,22.909386,92.049352,210,0,0,0,0,0,0,0,0,0,0,0,0,0,0,0,0,,,,
862,Bangladesh,Chattogram,Khagrachhari,Mahalchhari,Mahalchhari,08,,,,Gadchhara,গাদছড়া,MAH801,22.904757,92.0229,70,0,0,0,0,0,0,0,0,0,0,0,0,0,0,0,0,,,,
863,Bangladesh,Chattogram,Khagrachhari,Mahalchhari,Mahalchhari,08,,,,Manoranjan Para,মনোরঞ্জন পাড়া,MAH802,22.901541,92.026046,375,0,0,0,0,0,0,0,0,0,0,0,0,0,0,0,0,,,,
864,Bangladesh,Chattogram,Khagrachhari,Mahalchhari,Mahalchhari,08,,,,Bimal Para,বিমল পাড়া,MAH803,22.90055,92.034506,175,0,0,0,0,0,0,0,0,0,0,0,0,0,0,0,0,,,,
865,Bangladesh,Chattogram,Khagrachhari,Mahalchhari,Mahalchhari,08,,,,Hemranjan Para,হেমরঞ্জন পাড়া,MAH804,22.903828,92.046248,325,0,0,0,0,0,0,0,0,0,0,0,0,0,0,0,0,,,,
866,Bangladesh,Chattogram,Khagrachhari,Mahalchhari,Mahalchhari,08,,,,Kalachan Para,কালাচান পাড়া,MAH805,22.911275,92.054612,160,0,0,0,0,0,0,0,0,0,0,0,0,0,0,0,0,,,,
867,Bangladesh,Chattogram,Khagrachhari,Mahalchhari,Mahalchhari,08,,,,Hemanta Para,হেমন্ত পাড়া,MAH806,22.912502,92.058676,185,0,0,0,0,0,0,0,0,0,0,0,0,0,0,0,0,,,,
868,Bangladesh,Chattogram,Khagrachhari,Mahalchhari,Mahalchhari,08,,,,Khamar Para,খামার পাড়া,MAH807,22.907896,92.016749,130,0,0,0,0,0,0,0,0,0,0,0,0,0,0,0,0,,,,
869,Bangladesh,Chattogram,Khagrachhari,Mahalchhari,Mahalchhari,09,,,,Thali Para,থলি পাড়া,MAH901,22.925464,92.017726,750,0,0,0,0,0,0,0,0,0,0,0,0,0,0,0,0,,,,
870,Bangladesh,Chattogram,Khagrachhari,Mahalchhari,Mahalchhari,09,,,,24 Mile,২৪ মাইল,MAH902,22.922977,92.012333,175,0,0,0,0,0,0,0,0,0,0,0,0,0,0,0,0,,,,
871,Bangladesh,Chattogram,Khagrachhari,Mahalchhari,Mahalchhari,09,,,,Uchcha Kengalchhari,উচ্চ কেঙ্গলছড়ি,MAH903,22.906051,92.014657,125,0,0,0,0,0,0,0,0,0,0,0,0,0,0,0,0,,,,
872,Bangladesh,Chattogram,Khagrachhari,Mahalchhari,Mahalchhari,09,,,,Durchhari,দূরছড়ি,MAH904,22.915125,92.001206,175,0,0,0,0,0,0,0,0,0,0,0,0,0,0,0,0,,,,
873,Bangladesh,Chattogram,Khagrachhari,Mahalchhari,Mahalchhari,09,,,,Dumanighat,ধুমনীঘাট,MAH905,22.922144,91.98132,350,0,0,0,0,0,0,0,0,0,0,0,0,0,0,0,0,,,,
874,Bangladesh,Chattogram,Khagrachhari,Mahalchhari,Mahalchhari,09,,,,Haza Chhara,হাজা ছড়া,MAH906,22.916252,92.01265,175,0,0,0,0,0,0,0,0,0,0,0,0,0,0,0,0,,,,
875,Bangladesh,Chattogram,Khagrachhari,Mahalchhari,Mahalchhari,09,,,,Bajechhara,বাজেছড়া,MAH907,22.905393,92.00227,100,0,0,0,0,0,0,0,0,0,0,0,0,0,0,0,0,,,,
876,Bangladesh,Chattogram,Khagrachhari,Mahalchhari,Mahalchhari,09,,,,Natun Para,নতুন পাড়া,MAH908,22.933708,91.985041,150,0,0,0,0,0,0,0,0,0,0,0,0,0,0,0,0,,,,
877,Bangladesh,Chattogram,Khagrachhari,Mahalchhari,Mahalchhari,09,,,,Babu Para,বাবু পাড়া,MAH909,22.926584,92.02524,600,0,0,0,0,0,0,0,0,0,0,0,0,0,0,0,0,,,,
878,Bangladesh,Chattogram,Khagrachhari,Mahalchhari,Mahalchhari,09,,,,Mahalchhari Joutha Khamar,মহালছড়ি যৌথ খামার,MAH910,22.923625,92.001919,325,0,0,0,0,0,0,0,0,0,0,0,0,0,0,0,0,,,,
879,Bangladesh,Chattogram,Khagrachhari,Mahalchhari,Mahalchhari,09,,,,Mura Para,মুড়া পাড়া,MAH911,22.933793,92.015594,500,0,0,0,0,0,0,0,0,0,0,0,0,0,0,0,0,,,,
880,Bangladesh,Chattogram,Khagrachhari,Mahalchhari,Mahalchhari,09,,,,Karalyachhari,করল্যাছড়ি,MAH912,22.93709,91.994321,130,0,0,0,0,0,0,0,0,0,0,0,0,0,0,0,0,,,,
881,Bangladesh,Chattogram,Khagrachhari,Mahalchhari,Mahalchhari,09,,,,Joutha Khamar Tripura Para,যৌথ খামার ত্রিপুরা পাড়া,MAH913,22.940982,92.013504,375,0,0,0,0,0,0,0,0,0,0,0,0,0,0,0,0,,,,
882,Bangladesh,Chattogram,Khagrachhari,Mahalchhari,Mahalchhari,09,,,,Dumanighat Army Camp,ধুমনীঘাট আর্মি ক্যাম্প,MAH914,22.924915,91.981021,0,0,0,0,0,0,0,0,0,0,0,0,0,0,0,0,0,,,,
883,Bangladesh,Chattogram,Khagrachhari,Mahalchhari,Maischhari,01,,,,Chowdhury Para,চৌধুরী পাড়া,MAI101,23.012043,92.017179,495,0,0,0,0,0,0,0,0,0,0,0,0,0,0,0,0,,,,
884,Bangladesh,Chattogram,Khagrachhari,Mahalchhari,Maischhari,01,,,,Balipara,বলীপাড়া,MAI102,23.014002,92.024836,325,0,0,0,0,0,0,0,0,0,0,0,0,0,0,0,0,,,,
885,Bangladesh,Chattogram,Khagrachhari,Mahalchhari,Maischhari,01,,,,Maischhari School Para,মাইসছড়ি স্কুল পাড়া,MAI103,23.021612,92.012939,190,0,0,0,0,0,0,0,0,0,0,0,0,0,0,0,0,,,,
886,Bangladesh,Chattogram,Khagrachhari,Mahalchhari,Maischhari,01,,,,Maischhari Bazar Elaka,মাইসছড়ি বাজার এলাকা,MAI104,23.013103,92.014978,325,0,0,0,0,0,0,0,0,0,0,0,0,0,0,0,0,,,,
887,Bangladesh,Chattogram,Khagrachhari,Mahalchhari,Maischhari,01,,,,DP Para,ডিপি পাড়া,MAI105,23.017448,92.004963,180,0,0,0,0,0,0,0,0,0,0,0,0,0,0,0,0,,,,
888,Bangladesh,Chattogram,Khagrachhari,Mahalchhari,Maischhari,01,,,,Nunchhari APBN Camp,নুনছড়ি এপিবিএন ক্যাম্প,MAI106,23.020206,92.013476,0,0,0,0,0,0,0,0,0,0,0,0,0,0,0,0,0,,,,
889,Bangladesh,Chattogram,Khagrachhari,Mahalchhari,Maischhari,02,,,,Abed Ali Sardar Para,আবেদ আলী সর্দার পাড়া,MAI201,23.018428,92.010977,950,0,0,0,0,0,0,0,0,0,0,0,0,0,0,0,0,,,,
890,Bangladesh,Chattogram,Khagrachhari,Mahalchhari,Maischhari,02,,,,Giastila,গিয়াসটিলা,MAI202,23.015152,92.012491,450,0,0,0,0,0,0,0,0,0,0,0,0,0,0,0,0,,,,
891,Bangladesh,Chattogram,Khagrachhari,Mahalchhari,Maischhari,02,,,,Khalil Sardar Para,খলিল সর্দার পাড়া,MAI203,23.013335,92.012071,760,0,0,0,0,0,0,0,0,0,0,0,0,0,0,0,0,,,,
892,Bangladesh,Chattogram,Khagrachhari,Mahalchhari,Maischhari,02,,,,Ansar Camp,আনসার ক্যাম্প,MAI204,23.014514,92.005648,0,0,0,0,0,0,0,0,0,0,0,0,0,0,0,0,0,,,,
893,Bangladesh,Chattogram,Khagrachhari,Mahalchhari,Maischhari,03,,,,Noa Para,নোয়া পাড়া,MAI301,23.009542,92.011469,320,0,0,0,0,0,0,0,0,0,0,0,0,0,0,0,0,,,,
894,Bangladesh,Chattogram,Khagrachhari,Mahalchhari,Maischhari,03,,,,Ratnasen Karbari Para,রত্নসেন কারবারি পাড়া,MAI302,23.009637,92.009181,70,0,0,0,0,0,0,0,0,0,0,0,0,0,0,0,0,,,,
895,Bangladesh,Chattogram,Khagrachhari,Mahalchhari,Maischhari,03,,,,Rabichandra Karbari Para,রবিচন্দ্র কারবারি পাড়া,MAI303,23.008984,92.007096,60,0,0,0,0,0,0,0,0,0,0,0,0,0,0,0,0,,,,
896,Bangladesh,Chattogram,Khagrachhari,Mahalchhari,Maischhari,03,,,,Manikchhari Joysen Karbari Para,মানিকছড়ি জয়সেন কারবারি পাড়া,MAI304,23.006107,92.000412,190,0,0,0,0,0,0,0,0,0,0,0,0,0,0,0,0,,,,
897,Bangladesh,Chattogram,Khagrachhari,Mahalchhari,Maischhari,03,,,,Badigula Para,বাদিগুলা পাড়া,MAI305,23.004676,91.989327,99,0,0,0,0,0,0,0,0,0,0,0,0,0,0,0,0,,,,
898,Bangladesh,Chattogram,Khagrachhari,Mahalchhari,Maischhari,03,,,,Painda Karbari Para,পাইন্দা কারবারি পাড়া,MAI306,22.98818,91.986664,125,0,0,0,0,0,0,0,0,0,0,0,0,0,0,0,0,,,,
899,Bangladesh,Chattogram,Khagrachhari,Mahalchhari,Maischhari,03,,,,Kala Para,কলা পাড়া,MAI307,22.985751,91.978264,35,0,0,0,0,0,0,0,0,0,0,0,0,0,0,0,0,,,,
900,Bangladesh,Chattogram,Khagrachhari,Mahalchhari,Maischhari,03,,,,Rashidhan Para,রশিধন পাড়া,MAI308,22.980795,91.970887,100,0,0,0,0,0,0,0,0,0,0,0,0,0,0,0,0,,,,
901,Bangladesh,Chattogram,Khagrachhari,Mahalchhari,Maischhari,03,,,,Maniram Para,মণিরাম পাড়া,MAI309,22.967889,91.977523,65,0,0,0,0,0,0,0,0,0,0,0,0,0,0,0,0,,,,
902,Bangladesh,Chattogram,Khagrachhari,Mahalchhari,Maischhari,03,,,,Sathi Para,সাথী পাড়া,MAI310,23.008383,91.982225,185,0,0,0,0,0,0,0,0,0,0,0,0,0,0,0,0,,,,
903,Bangladesh,Chattogram,Khagrachhari,Mahalchhari,Maischhari,03,,,,Haza Chhara,হাজা ছড়া,MAI311,23.010559,91.991568,300,0,0,0,0,0,0,0,0,0,0,0,0,0,0,0,0,,,,
904,Bangladesh,Chattogram,Khagrachhari,Mahalchhari,Maischhari,03,,,,Lambachhara,লম্বাছড়া,MAI312,23.006601,91.963317,110,0,0,0,0,0,0,0,0,0,0,0,0,0,0,0,0,,,,
905,Bangladesh,Chattogram,Khagrachhari,Mahalchhari,Maischhari,03,,,,25 Paribar Punarbasan Para,পঁচিশ পরিবার পুনর্বাসন পাড়া,MAI313,23.008952,91.955468,150,0,0,0,0,0,0,0,0,0,0,0,0,0,0,0,0,,,,
906,Bangladesh,Chattogram,Khagrachhari,Mahalchhari,Maischhari,03,,,,Narendra Karbari Para,নরেন্দ্র কারবারি পাড়া,MAI314,22.998167,91.974305,130,0,0,0,0,0,0,0,0,0,0,0,0,0,0,0,0,,,,
907,Bangladesh,Chattogram,Khagrachhari,Mahalchhari,Maischhari,03,,,,Joutha Khamar,যৌথ খামার,MAI315,23.014581,92.006616,35,0,0,0,0,0,0,0,0,0,0,0,0,0,0,0,0,,,,
908,Bangladesh,Chattogram,Khagrachhari,Mahalchhari,Maischhari,04,,,,Apruchai Karbari Para,আপ্রুচাই কারবারি পাড়া,MAI401,23.007348,92.01681,85,0,0,0,0,0,0,0,0,0,0,0,0,0,0,0,0,,,,
909,Bangladesh,Chattogram,Khagrachhari,Mahalchhari,Maischhari,04,,,,Paishoi Mahajan Para,পাইশৈ মহাজন পাড়া,MAI402,23.006206,92.013869,275,0,0,0,0,0,0,0,0,0,0,0,0,0,0,0,0,,,,
910,Bangladesh,Chattogram,Khagrachhari,Mahalchhari,Maischhari,04,,,,Sauprue Karbari Para,সাউপ্রু কারবারি পাড়া,MAI403,23.002982,92.013518,100,0,0,0,0,0,0,0,0,0,0,0,0,0,0,0,0,,,,
911,Bangladesh,Chattogram,Khagrachhari,Mahalchhari,Maischhari,04,,,,Uttar Joysen Para,উত্তর জয়সেন পাড়া,MAI404,22.995551,92.006761,125,0,0,0,0,0,0,0,0,0,0,0,0,0,0,0,0,,,,
912,Bangladesh,Chattogram,Khagrachhari,Mahalchhari,Maischhari,04,,,,Gangamachhara,গঙ্গামাছড়া,MAI405,22.986269,91.990009,190,0,0,0,0,0,0,0,0,0,0,0,0,0,0,0,0,,,,
913,Bangladesh,Chattogram,Khagrachhari,Mahalchhari,Maischhari,04,,,,Deppochhari,ডেপ্পোছড়ি,MAI406,22.992755,91.99415,65,0,0,0,0,0,0,0,0,0,0,0,0,0,0,0,0,,,,
914,Bangladesh,Chattogram,Khagrachhari,Mahalchhari,Maischhari,04,,,,Monghla Para,মংহ্লা পাড়া,MAI407,22.979981,91.990079,155,0,0,0,0,0,0,0,0,0,0,0,0,0,0,0,0,,,,
915,Bangladesh,Chattogram,Khagrachhari,Mahalchhari,Maischhari,04,,,,Petuk Para,পেতুক পাড়া,MAI408,22.961762,91.997274,40,0,0,0,0,0,0,0,0,0,0,0,0,0,0,0,0,,,,
916,Bangladesh,Chattogram,Khagrachhari,Mahalchhari,Maischhari,04,,,,Manikchhari Para,মানিকছড়ি পাড়া,MAI409,23.005261,92.007755,150,0,0,0,0,0,0,0,0,0,0,0,0,0,0,0,0,,,,
917,Bangladesh,Chattogram,Khagrachhari,Mahalchhari,Maischhari,04,,,,Dakkhin Joysen Para,দক্ষিণ জয়সেন পাড়া,MAI410,23.000752,92.000695,110,0,0,0,0,0,0,0,0,0,0,0,0,0,0,0,0,,,,
918,Bangladesh,Chattogram,Khagrachhari,Mahalchhari,Maischhari,04,,,,Pachai Karbari Para,পচাই কারবারি পাড়া,MAI411,23.007023,92.021126,240,0,0,0,0,0,0,0,0,0,0,0,0,0,0,0,0,,,,
919,Bangladesh,Chattogram,Khagrachhari,Mahalchhari,Maischhari,04,,,,Chairman Para,চেয়ারম্যান পাড়া,MAI412,23.003741,92.016624,110,0,0,0,0,0,0,0,0,0,0,0,0,0,0,0,0,,,,
920,Bangladesh,Chattogram,Khagrachhari,Mahalchhari,Maischhari,04,,,,Balaram Master Para,বলরাম মাস্টার পাড়া,MAI413,23.007573,92.01946,160,0,0,0,0,0,0,0,0,0,0,0,0,0,0,0,0,,,,
921,Bangladesh,Chattogram,Khagrachhari,Mahalchhari,Maischhari,05,,,,Manikchhari Muslim Para,মানিকছড়ি মুসলিম পাড়া,MAI501,22.999315,92.01146,1500,0,0,0,0,0,0,0,0,0,0,0,0,0,0,0,0,,,,
922,Bangladesh,Chattogram,Khagrachhari,Mahalchhari,Maischhari,05,,,,Pagajyachhari Jantranath Karbari Para,পাগজ্যাছড়ি যন্ত্রনাথ কারবারি পাড়া,MAI502,22.996681,92.025083,270,0,0,0,0,0,0,0,0,0,0,0,0,0,0,0,0,,,,
923,Bangladesh,Chattogram,Khagrachhari,Mahalchhari,Maischhari,05,,,,Jamtali,জামতলী,MAI503,22.990992,92.014463,210,0,0,0,0,0,0,0,0,0,0,0,0,0,0,0,0,,,,
924,Bangladesh,Chattogram,Khagrachhari,Mahalchhari,Maischhari,05,,,,Pakijachhari Bhitar Para,পাকিজাছড়ি ভিতর পাড়া,MAI504,22.99303,92.006031,300,0,0,0,0,0,0,0,0,0,0,0,0,0,0,0,0,,,,
925,Bangladesh,Chattogram,Khagrachhari,Mahalchhari,Maischhari,05,,,,Patha Para,পথা পাড়া,MAI505,22.99725,92.018846,125,0,0,0,0,0,0,0,0,0,0,0,0,0,0,0,0,,,,
926,Bangladesh,Chattogram,Khagrachhari,Mahalchhari,Maischhari,06,,,,Pakijachhari Guchchhagram,পাকিজাছড়ি গুচ্ছগ্রাম,MAI601,22.995612,92.021628,650,0,0,0,0,0,0,0,0,0,0,0,0,0,0,0,0,,,,
927,Bangladesh,Chattogram,Khagrachhari,Mahalchhari,Maischhari,06,,,,Pakijachhari Lamba Para,পাকিজাছড়ি লাম্বা পাড়া,MAI602,22.988909,92.020855,345,0,0,0,0,0,0,0,0,0,0,0,0,0,0,0,0,,,,
928,Bangladesh,Chattogram,Khagrachhari,Mahalchhari,Maischhari,06,,,,Kalopahar,কালোপাহাড়,MAI603,22.987325,92.014416,390,0,0,0,0,0,0,0,0,0,0,0,0,0,0,0,0,,,,
929,Bangladesh,Chattogram,Khagrachhari,Mahalchhari,Maischhari,06,,,,Pakijachhari APBN Camp,পাকিজাছড়ি এপিবিএন ক্যাম্প,MAI604,22.997963,92.023427,0,0,0,0,0,0,0,0,0,0,0,0,0,0,0,0,0,,,,
930,Bangladesh,Chattogram,Khagrachhari,Mahalchhari,Maischhari,07,,,,Madhya Lemuchhari,মধ্য লেমুছড়ি,MAI701,22.98241,92.001009,275,0,0,0,0,0,0,0,0,0,0,0,0,0,0,0,0,,,,
931,Bangladesh,Chattogram,Khagrachhari,Mahalchhari,Maischhari,07,,,,Badanala,বদানালা,MAI702,22.978927,92.012689,475,0,0,0,0,0,0,0,0,0,0,0,0,0,0,0,0,,,,
932,Bangladesh,Chattogram,Khagrachhari,Mahalchhari,Maischhari,07,,,,Lemuchhari Shantipur,লেমুছড়ি শান্তিপুর,MAI703,22.972424,92.015579,1250,0,0,0,0,0,0,0,0,0,0,0,0,0,0,0,0,,,,
933,Bangladesh,Chattogram,Khagrachhari,Mahalchhari,Maischhari,08,,,,Lemuchhari Binod Lal Karbari Para,লেমুছড়ি বিনোদ লাল কারবারি পাড়া,MAI801,22.968431,92.021087,410,0,0,0,0,0,0,0,0,0,0,0,0,0,0,0,0,,,,
934,Bangladesh,Chattogram,Khagrachhari,Mahalchhari,Maischhari,08,,,,Lemuchhari Cutingtila,লেমুছড়ি কাটিংটিলা,MAI802,22.961313,92.021651,350,0,0,0,0,0,0,0,0,0,0,0,0,0,0,0,0,,,,
935,Bangladesh,Chattogram,Khagrachhari,Mahalchhari,Maischhari,09,,,,Pashchim Kiyangghat,পশ্চিম ক্য়ায়াংঘাট,MAI901,22.983314,92.021788,350,0,0,0,0,0,0,0,0,0,0,0,0,0,0,0,0,,,,
936,Bangladesh,Chattogram,Khagrachhari,Mahalchhari,Maischhari,09,,,,Golak Para,গোলক পাড়া,MAI902,22.968354,91.987774,340,0,0,0,0,0,0,0,0,0,0,0,0,0,0,0,0,,,,
937,Bangladesh,Chattogram,Khagrachhari,Mahalchhari,Mubachhari,01,,,,Mahamuni Para,মহামুনি পাড়া,MUB101,22.93567,92.049305,800,0,0,0,0,0,0,0,0,0,0,0,0,0,0,0,0,,,,
938,Bangladesh,Chattogram,Khagrachhari,Mahalchhari,Mubachhari,01,,,,Kaptai Para,কাপ্তাই পাড়া,MUB102,22.934265,92.043608,550,0,0,0,0,0,0,0,0,0,0,0,0,0,0,0,0,,,,
939,Bangladesh,Chattogram,Khagrachhari,Mahalchhari,Mubachhari,01,,,,Bridge Para,ব্রিজ পাড়া,MUB103,22.932226,92.037653,200,0,0,0,0,0,0,0,0,0,0,0,0,0,0,0,0,,,,
940,Bangladesh,Chattogram,Khagrachhari,Mahalchhari,Mubachhari,01,,,,Noa Para,নোয়া পাড়া,MUB104,22.936568,92.052215,175,0,0,0,0,0,0,0,0,0,0,0,0,0,0,0,0,,,,
941,Bangladesh,Chattogram,Khagrachhari,Mahalchhari,Mubachhari,02,,,,Headman Para,হেডম্যান পাড়া,MUB201,22.938407,92.054733,800,0,0,0,0,0,0,0,0,0,0,0,0,0,0,0,0,,,,
942,Bangladesh,Chattogram,Khagrachhari,Mahalchhari,Mubachhari,02,,,,Shanti Para,শান্তি পাড়া,MUB202,22.934498,92.052442,100,0,0,0,0,0,0,0,0,0,0,0,0,0,0,0,0,,,,
943,Bangladesh,Chattogram,Khagrachhari,Mahalchhari,Mubachhari,03,,,,Khayangsa Para,খ্যাংসা পাড়া,MUB301,22.94834,92.056889,575,0,0,0,0,0,0,0,0,0,0,0,0,0,0,0,0,,,,
944,Bangladesh,Chattogram,Khagrachhari,Mahalchhari,Mubachhari,03,,,,Kulki Para,কুলকি পাড়া,MUB302,22.949428,92.062207,130,0,0,0,0,0,0,0,0,0,0,0,0,0,0,0,0,,,,
945,Bangladesh,Chattogram,Khagrachhari,Mahalchhari,Mubachhari,03,,,,Machine Para,মেশিন পাড়া,MUB303,22.944787,92.060472,85,0,0,0,0,0,0,0,0,0,0,0,0,0,0,0,0,,,,
946,Bangladesh,Chattogram,Khagrachhari,Mahalchhari,Mubachhari,03,,,,Adufa Para,আদুফা পাড়া,MUB304,22.954493,92.070712,375,0,0,0,0,0,0,0,0,0,0,0,0,0,0,0,0,,,,
947,Bangladesh,Chattogram,Khagrachhari,Mahalchhari,Mubachhari,03,,,,Pilot Para,পাইলট পাড়া,MUB305,22.946568,92.059316,50,0,0,0,0,0,0,0,0,0,0,0,0,0,0,0,0,,,,
948,Bangladesh,Chattogram,Khagrachhari,Mahalchhari,Mubachhari,04,,,,Manatek,মনাটেক,MUB401,22.926235,92.054513,625,0,0,0,0,0,0,0,0,0,0,0,0,0,0,0,0,,,,
949,Bangladesh,Chattogram,Khagrachhari,Mahalchhari,Mubachhari,05,,,,Karalyachhari,করল্যাছড়ি,MUB501,22.934473,92.0694,800,0,0,0,0,0,0,0,0,0,0,0,0,0,0,0,0,,,,
950,Bangladesh,Chattogram,Khagrachhari,Mahalchhari,Mubachhari,06,,,,Madhya Adam Para,মধ্য আদম পাড়া,MUB601,22.939229,92.081117,250,0,0,0,0,0,0,0,0,0,0,0,0,0,0,0,0,,,,
951,Bangladesh,Chattogram,Khagrachhari,Mahalchhari,Mubachhari,06,,,,Dewan Para,দেওয়ান পাড়া,MUB602,22.944384,92.092952,400,0,0,0,0,0,0,0,0,0,0,0,0,0,0,0,0,,,,
952,Bangladesh,Chattogram,Khagrachhari,Mahalchhari,Mubachhari,06,,,,Shilban Para,শীলবান পাড়া,MUB603,22.961188,92.104277,210,0,0,0,0,0,0,0,0,0,0,0,0,0,0,0,0,,,,
953,Bangladesh,Chattogram,Khagrachhari,Mahalchhari,Mubachhari,06,,,,Khamar Para,খামার পাড়া,MUB604,22.949444,92.078416,165,0,0,0,0,0,0,0,0,0,0,0,0,0,0,0,0,,,,
954,Bangladesh,Chattogram,Khagrachhari,Mahalchhari,Mubachhari,07,,,,Khunglyang Para,খুংল্যাং পাড়া,MUB701,22.958272,92.062489,600,0,0,0,0,0,0,0,0,0,0,0,0,0,0,0,0,,,,
955,Bangladesh,Chattogram,Khagrachhari,Mahalchhari,Mubachhari,07,,,,Bagh Mara,বাঘ মারা,MUB702,22.96176,92.056421,400,0,0,0,0,0,0,0,0,0,0,0,0,0,0,0,0,,,,
956,Bangladesh,Chattogram,Khagrachhari,Mahalchhari,Mubachhari,07,,,,Uttar Bagh Mara,উত্তর বাঘ মারা,MUB703,22.968082,92.059113,150,0,0,0,0,0,0,0,0,0,0,0,0,0,0,0,0,,,,
957,Bangladesh,Chattogram,Khagrachhari,Mahalchhari,Mubachhari,07,,,,Dhanpata Para,ধনপাতা পাড়া,MUB704,22.965864,92.049079,250,0,0,0,0,0,0,0,0,0,0,0,0,0,0,0,0,,,,
958,Bangladesh,Chattogram,Khagrachhari,Mahalchhari,Mubachhari,08,,,,Khularam Para,খুলারাম পাড়া,MUB801,22.965238,92.070215,1300,0,0,0,0,0,0,0,0,0,0,0,0,0,0,0,0,,,,
959,Bangladesh,Chattogram,Khagrachhari,Mahalchhari,Mubachhari,09,,,,Haza Chhara,হাজা ছড়া,MUB901,22.981912,92.073546,260,0,0,0,0,0,0,0,0,0,0,0,0,0,0,0,0,,,,
960,Bangladesh,Chattogram,Khagrachhari,Mahalchhari,Mubachhari,09,,,,Kalbanya,কলবন্যা,MUB902,22.986386,92.082787,65,0,0,0,0,0,0,0,0,0,0,0,0,0,0,0,0,,,,
961,Bangladesh,Chattogram,Khagrachhari,Mahalchhari,Mubachhari,09,,,,Lungdukya Para,লুংদুক্যা পাড়া,MUB903,22.976454,92.086873,130,0,0,0,0,0,0,0,0,0,0,0,0,0,0,0,0,,,,
962,Bangladesh,Chattogram,Khagrachhari,Mahalchhari,Mubachhari,09,,,,Laba Para,লবা পাড়া,MUB904,22.983639,92.09553,240,0,0,0,0,0,0,0,0,0,0,0,0,0,0,0,0,,,,
963,Bangladesh,Chattogram,Khagrachhari,Manikchhari,Batnatoli,1,,,,Badan Para,,,,,995,100,0,0,0,0,0,0,0,0,0,0,0,0,0,0,0,,,,
964,Bangladesh,Chattogram,Khagrachhari,Manikchhari,Batnatoli,1,,,,Baro Gram,,,,,840,172,0,0,0,0,0,0,0,0,0,0,0,0,0,0,0,,,,
965,Bangladesh,Chattogram,Khagrachhari,Manikchhari,Batnatoli,1,,,,Batna Bazar,,,,,405,85,0,170,0,0,0,0,0,0,0,0,0,0,0,0,0,,,,
966,Bangladesh,Chattogram,Khagrachhari,Manikchhari,Batnatoli,1,,,,Bouddo Para,,,,,655,138,0,0,0,0,0,0,0,0,0,0,0,0,0,0,0,,,,
967,Bangladesh,Chattogram,Khagrachhari,Manikchhari,Batnatoli,1,,,,Headman Para,,,,,240,53,0,0,0,0,0,0,0,0,0,0,0,0,0,0,0,,,,
968,Bangladesh,Chattogram,Khagrachhari,Manikchhari,Batnatoli,1,,,,Jamineraga,,,,,260,54,0,110,0,0,0,0,0,0,0,0,0,0,0,0,0,,,,
969,Bangladesh,Chattogram,Khagrachhari,Manikchhari,Batnatoli,1,,,,Kanak Chandra para,,,,,550,120,0,0,0,0,0,0,0,0,0,0,0,0,0,0,0,,,,
970,Bangladesh,Chattogram,Khagrachhari,Manikchhari,Batnatoli,1,,,,Natun Para,,,,,535,116,0,250,0,0,0,0,0,0,0,0,0,0,0,0,0,,,,
971,Bangladesh,Chattogram,Khagrachhari,Manikchhari,Batnatoli,2,,,,Baikala,,,,,614,133,0,0,0,0,0,0,0,0,0,0,0,0,0,0,0,,,,
972,Bangladesh,Chattogram,Khagrachhari,Manikchhari,Batnatoli,2,,,,Tabala para,,,,,1189,251,0,0,0,0,0,0,0,0,0,0,0,0,0,0,0,,,,
973,Bangladesh,Chattogram,Khagrachhari,Manikchhari,Batnatoli,3,,,,Hati Tila,,,,,776,163,0,0,0,0,0,0,0,0,0,0,0,0,0,0,0,,,,
974,Bangladesh,Chattogram,Khagrachhari,Manikchhari,Batnatoli,3,,,,Hujur Tila,,,,,575,122,0,0,0,0,0,0,0,0,0,0,0,0,0,0,0,,,,
975,Bangladesh,Chattogram,Khagrachhari,Manikchhari,Batnatoli,3,,,,Potirong Para,,,,,847,176,0,303,0,0,0,0,0,0,0,0,0,0,0,0,0,,,,
976,Bangladesh,Chattogram,Khagrachhari,Manikchhari,Batnatoli,3,,,,Tholi Para,,,,,800,200,0,0,0,0,0,0,0,0,0,0,0,0,0,0,0,,,,
977,Bangladesh,Chattogram,Khagrachhari,Manikchhari,Batnatoli,4,,,,Bodung Para,,,,,788,170,0,0,0,0,0,0,0,0,0,0,0,0,0,0,0,,,,
978,Bangladesh,Chattogram,Khagrachhari,Manikchhari,Batnatoli,5,,,,Nowa Para,,,,,225,55,0,0,0,0,0,0,0,0,0,0,0,0,0,0,0,,,,
979,Bangladesh,Chattogram,Khagrachhari,Manikchhari,Batnatoli,5,,,,Panna Bil,,,,,982,207,0,0,0,0,0,0,0,0,0,0,0,0,0,0,0,,,,
980,Bangladesh,Chattogram,Khagrachhari,Manikchhari,Batnatoli,5,,,,Panna Bill Uttar Para,,,,,753,156,0,0,0,0,0,0,0,0,0,0,0,0,0,0,0,,,,
981,Bangladesh,Chattogram,Khagrachhari,Manikchhari,Batnatoli,6,,,,Budung para,,,,,1010,211,0,0,0,0,0,0,0,0,0,0,0,0,0,0,0,,,,
982,Bangladesh,Chattogram,Khagrachhari,Manikchhari,Batnatoli,6,,,,Dinechari,,,,,736,156,0,259,0,0,0,0,0,0,0,0,0,0,0,0,0,,,,
983,Bangladesh,Chattogram,Khagrachhari,Manikchhari,Batnatoli,6,,,,Dinechari Dokkhin Para,,,,,658,140,0,0,0,0,0,0,0,0,0,0,0,0,0,0,0,,,,
984,Bangladesh,Chattogram,Khagrachhari,Manikchhari,Batnatoli,6,,,,Dinechari Uttar Para,,,,,1055,227,0,0,0,0,0,0,0,0,0,0,0,0,0,0,0,,,,
985,Bangladesh,Chattogram,Khagrachhari,Manikchhari,Batnatoli,6,,,,Master Para,,,,,345,125,0,250,0,0,0,0,0,0,0,0,0,0,0,0,0,,,,
986,Bangladesh,Chattogram,Khagrachhari,Manikchhari,Batnatoli,6,,,,Mohajan Para,,,,,795,230,0,450,0,0,0,0,0,0,0,0,0,0,0,0,0,,,,
987,Bangladesh,Chattogram,Khagrachhari,Manikchhari,Batnatoli,6,,,,Panjapru Para,,,,,300,90,0,150,0,0,0,0,0,0,0,0,0,0,0,0,0,,,,
988,Bangladesh,Chattogram,Khagrachhari,Manikchhari,Batnatoli,6,,,,Tingojja Para,,,,,580,123,0,234,0,0,0,0,0,0,0,0,0,0,0,0,0,,,,
989,Bangladesh,Chattogram,Khagrachhari,Manikchhari,Batnatoli,7,,,,Headman Para,,,,,900,140,0,273,0,0,0,0,0,0,0,0,0,0,0,0,0,,,,
990,Bangladesh,Chattogram,Khagrachhari,Manikchhari,Batnatoli,7,,,,Karichara,,,,,434,89,0,276,0,0,0,0,0,0,0,0,0,0,0,0,0,,,,
991,Bangladesh,Chattogram,Khagrachhari,Manikchhari,Batnatoli,7,,,,Kasom Karbari para,,,,,463,96,0,226,0,0,0,0,0,0,0,0,0,0,0,0,0,,,,
992,Bangladesh,Chattogram,Khagrachhari,Manikchhari,Batnatoli,7,,,,Lipia Para,,,,,387,83,0,170,0,0,0,0,0,0,0,0,0,0,0,0,0,,,,
993,Bangladesh,Chattogram,Khagrachhari,Manikchhari,Batnatoli,7,,,,Sadar Khil Bazar,,,,,797,209,0,393,0,0,0,0,0,0,0,0,0,0,0,0,0,,,,
994,Bangladesh,Chattogram,Khagrachhari,Manikchhari,Batnatoli,7,,,,Sadar Khil Chakma Para,,,,,381,79,0,214,0,0,0,0,0,0,0,0,0,0,0,0,0,,,,
995,Bangladesh,Chattogram,Khagrachhari,Manikchhari,Batnatoli,7,,,,Sadu para,,,,,686,148,0,305,0,0,0,0,0,0,0,0,0,0,0,0,0,,,,
996,Bangladesh,Chattogram,Khagrachhari,Manikchhari,Batnatoli,7,,,,Sempru Para,,,,,541,111,0,225,0,0,0,0,0,0,0,0,0,0,0,0,0,,,,
997,Bangladesh,Chattogram,Khagrachhari,Manikchhari,Batnatoli,8,,,,Moradulu,,,,,453,137,0,342,0,0,0,0,0,0,0,0,0,0,0,0,0,,,,
998,Bangladesh,Chattogram,Khagrachhari,Manikchhari,Batnatoli,8,,,,School Tila,,,,,996,224,0,654,0,0,0,0,0,0,0,0,0,0,0,0,0,,,,
999,Bangladesh,Chattogram,Khagrachhari,Manikchhari,Batnatoli,9,,,,Dakai Shibir,,,,,867,225,0,559,0,0,0,0,0,0,0,0,0,0,0,0,0,,,,
1000,Bangladesh,Chattogram,Khagrachhari,Manikchhari,Batnatoli,9,,,,Lal Tila,,,,,437,90,0,161,0,0,0,0,0,0,0,0,0,0,0,0,0,,,,
1001,Bangladesh,Chattogram,Khagrachhari,Manikchhari,Joggyo Sola,1,,,,Achalong para,,,,,487,106,0,272,0,0,0,0,0,0,0,0,0,0,0,0,0,,,,
1002,Bangladesh,Chattogram,Khagrachhari,Manikchhari,Joggyo Sola,1,,,,Gila Tali,,,,,480,62,0,339,0,0,0,0,0,0,0,0,0,0,0,0,0,,,,
1003,Bangladesh,Chattogram,Khagrachhari,Manikchhari,Joggyo Sola,1,,,,Guza Para,,,,,487,106,0,200,0,0,0,0,0,0,0,0,0,0,0,0,0,,,,
1004,Bangladesh,Chattogram,Khagrachhari,Manikchhari,Joggyo Sola,1,,,,Hati Kumba,,,,,250,21,0,0,0,0,0,0,0,0,0,0,0,0,0,0,0,,,,
1005,Bangladesh,Chattogram,Khagrachhari,Manikchhari,Joggyo Sola,1,,,,Muslim Para,,,,,270,54,0,184,0,0,0,0,0,0,0,0,0,0,0,0,0,,,,
1006,Bangladesh,Chattogram,Khagrachhari,Manikchhari,Joggyo Sola,1,,,,Panna Karbari Para,,,,,1074,207,0,276,0,0,0,0,0,0,0,0,0,0,0,0,0,,,,
1007,Bangladesh,Chattogram,Khagrachhari,Manikchhari,Joggyo Sola,1,,,,Rainna Para,,,,,558,128,0,147,0,0,0,0,0,0,0,0,0,0,0,0,0,,,,
1008,Bangladesh,Chattogram,Khagrachhari,Manikchhari,Joggyo Sola,1,,,,Roasa Para,,,,,1096,236,0,0,0,0,0,0,0,0,0,0,0,0,0,0,0,,,,
1009,Bangladesh,Chattogram,Khagrachhari,Manikchhari,Joggyo Sola,2,,,,Namar Para,,,,,1310,221,0,0,0,0,0,0,0,0,0,0,0,0,0,0,0,,,,
1010,Bangladesh,Chattogram,Khagrachhari,Manikchhari,Joggyo Sola,2,,,,Nowa Para,,,,,704,132,0,149,0,0,0,0,0,0,0,0,0,0,0,0,0,,,,
1011,Bangladesh,Chattogram,Khagrachhari,Manikchhari,Joggyo Sola,2,,,,School Tila,,,,,1888,330,0,0,0,0,0,0,0,0,0,0,0,0,0,0,0,,,,
1012,Bangladesh,Chattogram,Khagrachhari,Manikchhari,Joggyo Sola,3,,,,Master Para,,,,,260,50,0,107,0,0,0,0,0,0,0,0,0,0,0,0,0,,,,
1013,Bangladesh,Chattogram,Khagrachhari,Manikchhari,Joggyo Sola,4,,,,Asartoli,,,,,225,97,0,141,0,0,0,0,0,0,0,0,0,0,0,0,0,,,,
1014,Bangladesh,Chattogram,Khagrachhari,Manikchhari,Joggyo Sola,4,,,,Gas Field,,,,,399,83,0,100,0,0,0,0,0,0,0,0,0,0,0,0,0,,,,
1015,Bangladesh,Chattogram,Khagrachhari,Manikchhari,Joggyo Sola,4,,,,Kalapani,,,,,165,30,0,116,0,0,0,0,0,0,0,0,0,0,0,0,0,,,,
1016,Bangladesh,Chattogram,Khagrachhari,Manikchhari,Joggyo Sola,5,,,,Chariman para,,,,,190,50,0,100,0,0,0,0,0,0,0,0,0,0,0,0,0,,,,
1017,Bangladesh,Chattogram,Khagrachhari,Manikchhari,Joggyo Sola,5,,,,Dasbil,,,,,200,60,0,100,0,0,0,0,0,0,0,0,0,0,0,0,0,,,,
1018,Bangladesh,Chattogram,Khagrachhari,Manikchhari,Joggyo Sola,5,,,,Fakir Tila,,,,,521,111,0,220,0,0,0,0,0,0,0,0,0,0,0,0,0,,,,
1019,Bangladesh,Chattogram,Khagrachhari,Manikchhari,Joggyo Sola,5,,,,Gonjo Para,,,,,270,70,0,0,0,0,0,0,0,0,0,0,0,0,0,0,0,,,,
1020,Bangladesh,Chattogram,Khagrachhari,Manikchhari,Joggyo Sola,5,,,,Middle Sapmara,,,,,498,109,0,340,0,0,0,0,0,0,0,0,0,0,0,0,0,,,,
1021,Bangladesh,Chattogram,Khagrachhari,Manikchhari,Joggyo Sola,5,,,,Moni Para,,,,,505,104,0,125,0,0,0,0,0,0,0,0,0,0,0,0,0,,,,
1022,Bangladesh,Chattogram,Khagrachhari,Manikchhari,Joggyo Sola,5,,,,Pakka Tilla,,,,,280,80,0,0,0,0,0,0,0,0,0,0,0,0,0,0,0,,,,
1023,Bangladesh,Chattogram,Khagrachhari,Manikchhari,Joggyo Sola,5,,,,Roasa Para,,,,,352,81,0,185,0,0,0,0,0,0,0,0,0,0,0,0,0,,,,
1024,Bangladesh,Chattogram,Khagrachhari,Manikchhari,Joggyo Sola,6,,,,Headman Para,,,,,339,134,0,205,0,0,0,0,0,0,0,0,0,0,0,0,0,,,,
1025,Bangladesh,Chattogram,Khagrachhari,Manikchhari,Joggyo Sola,7,,,,Dokkin Sapmara,,,,,254,56,0,175,0,0,0,0,0,0,0,0,0,0,0,0,0,,,,
1026,Bangladesh,Chattogram,Khagrachhari,Manikchhari,Joggyo Sola,7,,,,Nonabil,,,,,572,120,0,400,0,0,0,0,0,0,0,0,0,0,0,0,0,,,,
1027,Bangladesh,Chattogram,Khagrachhari,Manikchhari,Joggyo Sola,8,,,,Garamchari,,,,,690,144,0,248,0,0,0,0,0,0,0,0,0,0,0,0,0,,,,
1028,Bangladesh,Chattogram,Khagrachhari,Manikchhari,Joggyo Sola,8,,,,Jia Nagar,,,,,886,128,0,252,0,0,0,0,0,0,0,0,0,0,0,0,0,,,,
1029,Bangladesh,Chattogram,Khagrachhari,Manikchhari,Joggyo Sola,8,,,,Shapmara,,,,,383,81,0,430,0,0,0,0,0,0,0,0,0,0,0,0,0,,,,
1030,Bangladesh,Chattogram,Khagrachhari,Manikchhari,Joggyo Sola,9,,,,Chariman para,,,,,466,100,0,230,0,0,0,0,0,0,0,0,0,0,0,0,0,,,,
1031,Bangladesh,Chattogram,Khagrachhari,Manikchhari,Joggyo Sola,9,,,,Natun Para,,,,,397,80,0,120,0,0,0,0,0,0,0,0,0,0,0,0,0,,,,
1032,Bangladesh,Chattogram,Khagrachhari,Manikchhari,Manikchari,1,,,,Adasa gramPurbo Mohamuni,,,,,796,115,0,216,0,0,0,0,0,0,0,0,0,0,0,0,0,,,,
1033,Bangladesh,Chattogram,Khagrachhari,Manikchhari,Manikchari,1,,,,Depuya,,,,,331,70,0,280,0,0,0,0,0,0,0,0,0,0,0,0,0,,,,
1034,Bangladesh,Chattogram,Khagrachhari,Manikchhari,Manikchari,1,,,,Dulu Para,,,,,542,105,0,119,0,0,0,0,0,0,0,0,0,0,0,0,0,,,,
1035,Bangladesh,Chattogram,Khagrachhari,Manikchhari,Manikchari,1,,,,Fakir Nala,,,,,204,51,0,114,0,0,0,0,0,0,0,0,0,0,0,0,0,,,,
1036,Bangladesh,Chattogram,Khagrachhari,Manikchhari,Manikchari,1,,,,Goba Mara,,,,,927,146,0,276,0,0,0,0,0,0,0,0,0,0,0,0,0,,,,
1037,Bangladesh,Chattogram,Khagrachhari,Manikchhari,Manikchari,1,,,,Hatimura,,,,,806,119,0,204,0,0,0,0,0,0,0,0,0,0,0,0,0,,,,
1038,Bangladesh,Chattogram,Khagrachhari,Manikchhari,Manikchari,1,,,,Jamtala,,,,,302,90,0,70,0,0,0,0,0,0,0,0,0,0,0,0,0,,,,
1039,Bangladesh,Chattogram,Khagrachhari,Manikchhari,Manikchari,1,,,,Mohamuni,,,,,821,172,0,304,0,0,0,0,0,0,0,0,0,0,0,0,0,,,,
1040,Bangladesh,Chattogram,Khagrachhari,Manikchhari,Manikchari,1,,,,Monachari,,,,,152,20,0,93,0,0,0,0,0,0,0,0,0,0,0,0,0,,,,
1041,Bangladesh,Chattogram,Khagrachhari,Manikchhari,Manikchari,1,,,,Osman Polli,,,,,406,62,0,240,0,0,0,0,0,0,0,0,0,0,0,0,0,,,,
1042,Bangladesh,Chattogram,Khagrachhari,Manikchhari,Manikchari,1,,,,Remra para,,,,,121,52,0,100,0,0,0,0,0,0,0,0,0,0,0,0,0,,,,
1043,Bangladesh,Chattogram,Khagrachhari,Manikchhari,Manikchari,1,,,,Taltala,,,,,524,109,0,241,0,0,0,0,0,0,0,0,0,0,0,0,0,,,,
1044,Bangladesh,Chattogram,Khagrachhari,Manikchhari,Manikchari,2,,,,Bokripara,,,,,524,64,0,0,0,0,0,0,0,0,0,0,0,0,0,0,0,,,,
1045,Bangladesh,Chattogram,Khagrachhari,Manikchhari,Manikchari,2,,,,Chokke Bil,,,,,320,60,0,123,0,0,0,0,0,0,0,0,0,0,0,0,0,,,,
1046,Bangladesh,Chattogram,Khagrachhari,Manikchhari,Manikchari,2,,,,Chowdhury Para,,,,,354,58,0,0,0,0,0,0,0,0,0,0,0,0,0,0,0,,,,
1047,Bangladesh,Chattogram,Khagrachhari,Manikchhari,Manikchari,2,,,,Gossha Bil,,,,,634,65,0,0,0,0,0,0,0,0,0,0,0,0,0,0,0,,,,
1048,Bangladesh,Chattogram,Khagrachhari,Manikchhari,Manikchari,2,,,,Mayour Khil,,,,,210,40,0,80,0,0,0,0,0,0,0,0,0,0,0,0,0,,,,
1049,Bangladesh,Chattogram,Khagrachhari,Manikchhari,Manikchari,2,,,,Moulibi Para,,,,,360,80,0,135,0,0,0,0,0,0,0,0,0,0,0,0,0,,,,
1050,Bangladesh,Chattogram,Khagrachhari,Manikchhari,Manikchari,2,,,,P. Jamtala,,,,,475,85,0,0,0,0,0,0,0,0,0,0,0,0,0,0,0,,,,
1051,Bangladesh,Chattogram,Khagrachhari,Manikchhari,Manikchari,2,,,,Purbo Gossha Bill,,,,,390,70,0,146,0,0,0,0,0,0,0,0,0,0,0,0,0,,,,
1052,Bangladesh,Chattogram,Khagrachhari,Manikchhari,Manikchari,2,,,,Wakchari,,,,,450,100,0,260,0,0,0,0,0,0,0,0,0,0,0,0,0,,,,
1053,Bangladesh,Chattogram,Khagrachhari,Manikchhari,Manikchari,3,,,,Dokkin Hafchari,,,,,361,86,0,0,0,0,0,0,0,0,0,0,0,0,0,0,0,,,,
1054,Bangladesh,Chattogram,Khagrachhari,Manikchhari,Manikchari,3,,,,Mona Dong,,,,,243,41,0,0,0,0,0,0,0,0,0,0,0,0,0,0,0,,,,
1055,Bangladesh,Chattogram,Khagrachhari,Manikchhari,Manikchari,4,,,,Hazi Para,,,,,325,70,0,212,0,0,0,0,0,0,0,0,0,0,0,0,0,,,,
1056,Bangladesh,Chattogram,Khagrachhari,Manikchhari,Manikchari,4,,,,KPM,,,,,424,90,0,0,0,0,0,0,0,0,0,0,0,0,0,0,0,,,,
1057,Bangladesh,Chattogram,Khagrachhari,Manikchhari,Manikchari,4,,,,Master Para,,,,,350,63,0,84,0,0,0,0,0,0,0,0,0,0,0,0,0,,,,
1058,Bangladesh,Chattogram,Khagrachhari,Manikchhari,Manikchari,4,,,,Purbo Hazi Para,,,,,421,80,0,0,0,0,0,0,0,0,0,0,0,0,0,0,0,,,,
1059,Bangladesh,Chattogram,Khagrachhari,Manikchhari,Manikchari,4,,,,Sadar Upazila,,,,,358,80,0,100,0,0,0,0,0,0,0,0,0,0,0,0,0,,,,
1060,Bangladesh,Chattogram,Khagrachhari,Manikchhari,Manikchari,5,,,,Dharma Gargh,,,,,359,79,0,185,0,0,0,0,0,0,0,0,0,0,0,0,0,,,,
1061,Bangladesh,Chattogram,Khagrachhari,Manikchhari,Manikchari,5,,,,Headman Para,,,,,537,130,0,264,0,0,0,0,0,0,0,0,0,0,0,0,0,,,,
1062,Bangladesh,Chattogram,Khagrachhari,Manikchhari,Manikchari,5,,,,Lemuya,,,,,416,87,0,116,0,0,0,0,0,0,0,0,0,0,0,0,0,,,,
1063,Bangladesh,Chattogram,Khagrachhari,Manikchhari,Manikchari,5,,,,Mora Dhulu,,,,,1064,278,0,493,0,0,0,0,0,0,0,0,0,0,0,0,0,,,,
1064,Bangladesh,Chattogram,Khagrachhari,Manikchhari,Manikchari,5,,,,Namar Para,,,,,1013,145,0,325,0,0,0,0,0,0,0,0,0,0,0,0,0,,,,
1065,Bangladesh,Chattogram,Khagrachhari,Manikchhari,Manikchari,5,,,,Nathpara,,,,,399,83,0,187,0,0,0,0,0,0,0,0,0,0,0,0,0,,,,
1066,Bangladesh,Chattogram,Khagrachhari,Manikchhari,Manikchari,5,,,,P Mora Dulu,,,,,311,70,0,0,0,0,0,0,0,0,0,0,0,0,0,0,0,,,,
1067,Bangladesh,Chattogram,Khagrachhari,Manikchhari,Manikchari,5,,,,Purbo Jia Nagar,,,,,554,116,0,250,0,0,0,0,0,0,0,0,0,0,0,0,0,,,,
1068,Bangladesh,Chattogram,Khagrachhari,Manikchhari,Manikchari,5,,,,Rangapani godar Par,,,,,494,103,0,0,0,0,0,0,0,0,0,0,0,0,0,0,0,,,,
1069,Bangladesh,Chattogram,Khagrachhari,Manikchhari,Manikchari,5,,,,Zia Nagar,,,,,443,90,0,165,0,0,0,0,0,0,0,0,0,0,0,0,0,,,,
1070,Bangladesh,Chattogram,Khagrachhari,Manikchhari,Manikchari,6,,,,Bagan Para,,,,,563,100,0,129,0,0,0,0,0,0,0,0,0,0,0,0,0,,,,
1071,Bangladesh,Chattogram,Khagrachhari,Manikchhari,Manikchari,6,,,,Durchari Para,,,,,241,75,0,150,0,0,0,0,0,0,0,0,0,0,0,0,0,,,,
1072,Bangladesh,Chattogram,Khagrachhari,Manikchhari,Manikchari,6,,,,Gaidong,,,,,647,140,0,0,0,0,0,0,0,0,0,0,0,0,0,0,0,,,,
1073,Bangladesh,Chattogram,Khagrachhari,Manikchhari,Manikchari,6,,,,Goda Toli,,,,,386,80,0,0,0,0,0,0,0,0,0,0,0,0,0,0,0,,,,
1074,Bangladesh,Chattogram,Khagrachhari,Manikchhari,Manikchari,6,,,,Khodang,,,,,463,102,0,138,0,0,0,0,0,0,0,0,0,0,0,0,0,,,,
1075,Bangladesh,Chattogram,Khagrachhari,Manikchhari,Manikchari,6,,,,Lafai Dong,,,,,487,109,0,169,0,0,0,0,0,0,0,0,0,0,0,0,0,,,,
1076,Bangladesh,Chattogram,Khagrachhari,Manikchhari,Manikchari,6,,,,Molonggi Para,,,,,100,20,0,57,0,0,0,0,0,0,0,0,0,0,0,0,0,,,,
1077,Bangladesh,Chattogram,Khagrachhari,Manikchhari,Manikchari,6,,,,Sipahi Para,,,,,1510,321,0,559,0,0,0,0,0,0,0,0,0,0,0,0,0,,,,
1078,Bangladesh,Chattogram,Khagrachhari,Manikchhari,Manikchari,7,,,,Eyatalong para,,,,,151,31,0,77,0,0,0,0,0,0,0,0,0,0,0,0,0,,,,
1079,Bangladesh,Chattogram,Khagrachhari,Manikchhari,Manikchari,7,,,,Master Para,,,,,317,72,0,0,0,0,0,0,0,0,0,0,0,0,0,0,0,,,,
1080,Bangladesh,Chattogram,Khagrachhari,Manikchhari,Manikchari,7,,,,Upazila,,,,,787,211,0,300,0,0,0,0,0,0,0,0,0,0,0,0,0,,,,
1081,Bangladesh,Chattogram,Khagrachhari,Manikchhari,Manikchari,7,,,,West Muslim Para,,,,,563,125,0,0,0,0,0,0,0,0,0,0,0,0,0,0,0,,,,
1082,Bangladesh,Chattogram,Khagrachhari,Manikchhari,Manikchari,8,,,,Dokkin Muslim P.,,,,,576,88,0,0,0,0,0,0,0,0,0,0,0,0,0,0,0,,,,
1083,Bangladesh,Chattogram,Khagrachhari,Manikchhari,Manikchari,8,,,,Muslim Para,,,,,342,71,0,74,0,0,0,0,0,0,0,0,0,0,0,0,0,,,,
1084,Bangladesh,Chattogram,Khagrachhari,Manikchhari,Manikchari,8,,,,Raj Para,,,,,515,121,0,177,0,0,0,0,0,0,0,0,0,0,0,0,0,,,,
1085,Bangladesh,Chattogram,Khagrachhari,Manikchhari,Manikchari,9,,,,Akshatta Para,,,,,476,99,0,311,0,0,0,0,0,0,0,0,0,0,0,0,0,,,,
1086,Bangladesh,Chattogram,Khagrachhari,Manikchhari,Manikchari,9,,,,Cenguchara,,,,,562,95,0,272,0,0,0,0,0,0,0,0,0,0,0,0,0,,,,
1087,Bangladesh,Chattogram,Khagrachhari,Manikchhari,Manikchari,9,,,,Dokkin Aksapta,,,,,559,94,0,138,0,0,0,0,0,0,0,0,0,0,0,0,0,,,,
1088,Bangladesh,Chattogram,Khagrachhari,Manikchhari,Manikchari,9,,,,Panjaram,,,,,451,84,0,22,0,0,0,0,0,0,0,0,0,0,0,0,0,,,,
1089,Bangladesh,Chattogram,Khagrachhari,Manikchhari,Manikchari,9,,,,Rahman Nagar,,,,,478,95,0,81,0,0,0,0,0,0,0,0,0,0,0,0,0,,,,
1090,Bangladesh,Chattogram,Khagrachhari,Manikchhari,Manikchari,9,,,,West Aksapta,,,,,340,68,0,150,0,0,0,0,0,0,0,0,0,0,0,0,0,,,,
1091,Bangladesh,Chattogram,Khagrachhari,Manikchhari,Tin Tohori,1,,,,Banjaram,,,,,783,120,0,293,0,0,0,0,0,0,0,0,0,0,0,0,0,,,,
1092,Bangladesh,Chattogram,Khagrachhari,Manikchhari,Tin Tohori,1,,,,Barobil,,,,,399,83,0,154,0,0,0,0,0,0,0,0,0,0,0,0,0,,,,
1093,Bangladesh,Chattogram,Khagrachhari,Manikchhari,Tin Tohori,1,,,,Cunguchara,,,,,1031,204,0,450,0,0,0,0,0,0,0,0,0,0,0,0,0,,,,
1094,Bangladesh,Chattogram,Khagrachhari,Manikchhari,Tin Tohori,1,,,,Gorkana,,,,,354,89,0,191,0,0,0,0,0,0,0,0,0,0,0,0,0,,,,
1095,Bangladesh,Chattogram,Khagrachhari,Manikchhari,Tin Tohori,1,,,,Tulabil,,,,,517,105,0,270,0,0,0,0,0,0,0,0,0,0,0,0,0,,,,
1096,Bangladesh,Chattogram,Khagrachhari,Manikchhari,Tin Tohori,2,,,,Adarsha Gram,,,,,453,101,0,220,0,0,0,0,0,0,0,0,0,0,0,0,0,,,,
1097,Bangladesh,Chattogram,Khagrachhari,Manikchhari,Tin Tohori,2,,,,Durchari Para,,,,,401,120,0,200,0,0,0,0,0,0,0,0,0,0,0,0,0,,,,
1098,Bangladesh,Chattogram,Khagrachhari,Manikchhari,Tin Tohori,2,,,,Marma Para,,,,,327,110,0,224,0,0,0,0,0,0,0,0,0,0,0,0,0,,,,
1099,Bangladesh,Chattogram,Khagrachhari,Manikchhari,Tin Tohori,3,,,,BaroDulu,,,,,597,162,0,342,0,0,0,0,0,0,0,0,0,0,0,0,0,,,,
1100,Bangladesh,Chattogram,Khagrachhari,Manikchhari,Tin Tohori,3,,,,Bassa Para,,,,,554,126,0,222,0,0,0,0,0,0,0,0,0,0,0,0,0,,,,
1101,Bangladesh,Chattogram,Khagrachhari,Manikchhari,Tin Tohori,3,,,,Sibir,,,,,492,103,0,220,0,0,0,0,0,0,0,0,0,0,0,0,0,,,,
1102,Bangladesh,Chattogram,Khagrachhari,Manikchhari,Tin Tohori,4,,,,Godatoli,,,,,464,108,0,259,0,0,0,0,0,0,0,0,0,0,0,0,0,,,,
1103,Bangladesh,Chattogram,Khagrachhari,Manikchhari,Tin Tohori,4,,,,Muslim Para,,,,,830,231,0,323,0,0,0,0,0,0,0,0,0,0,0,0,0,,,,
1104,Bangladesh,Chattogram,Khagrachhari,Manikchhari,Tin Tohori,4,,,,Tintohuri,,,,,402,80,0,156,0,0,0,0,0,0,0,0,0,0,0,0,0,,,,
1105,Bangladesh,Chattogram,Khagrachhari,Manikchhari,Tin Tohori,5,,,,Debatoli,,,,,221,50,0,105,0,0,0,0,0,0,0,0,0,0,0,0,0,,,,
1106,Bangladesh,Chattogram,Khagrachhari,Manikchhari,Tin Tohori,5,,,,Kumari,,,,,966,235,0,207,0,0,0,0,0,0,0,0,0,0,0,0,0,,,,
1107,Bangladesh,Chattogram,Khagrachhari,Manikchhari,Tin Tohori,6,,,,Baro Tila,,,,,442,90,0,205,0,0,0,0,0,0,0,0,0,0,0,0,0,,,,
1108,Bangladesh,Chattogram,Khagrachhari,Manikchhari,Tin Tohori,6,,,,Baroi Tali,,,,,538,140,0,287,0,0,0,0,0,0,0,0,0,0,0,0,0,,,,
1109,Bangladesh,Chattogram,Khagrachhari,Manikchhari,Tin Tohori,6,,,,Kakrachari,,,,,493,100,0,201,0,0,0,0,0,0,0,0,0,0,0,0,0,,,,
1110,Bangladesh,Chattogram,Khagrachhari,Manikchhari,Tin Tohori,6,,,,Rangaiga para,,,,,781,258,0,504,0,0,0,0,0,0,0,0,0,0,0,0,0,,,,
1111,Bangladesh,Chattogram,Khagrachhari,Manikchhari,Tin Tohori,7,,,,Bola chola,,,,,813,235,0,0,0,0,0,0,0,0,0,0,0,0,0,0,0,,,,
1112,Bangladesh,Chattogram,Khagrachhari,Manikchhari,Tin Tohori,7,,,,Dajja Para,,,,,697,148,0,0,0,0,0,0,0,0,0,0,0,0,0,0,0,,,,
1113,Bangladesh,Chattogram,Khagrachhari,Manikchhari,Tin Tohori,7,,,,Ranga Pani,,,,,607,270,0,0,0,0,0,0,0,0,0,0,0,0,0,0,0,,,,
1114,Bangladesh,Chattogram,Khagrachhari,Manikchhari,Tin Tohori,8,,,,Baro Dulu,,,,,536,130,0,0,0,0,0,0,0,0,0,0,0,0,0,0,0,,,,
1115,Bangladesh,Chattogram,Khagrachhari,Manikchhari,Tin Tohori,8,,,,Butaichari,,,,,443,94,0,0,0,0,0,0,0,0,0,0,0,0,0,0,0,,,,
1116,Bangladesh,Chattogram,Khagrachhari,Manikchhari,Tin Tohori,8,,,,Hindu Para,,,,,526,124,0,0,0,0,0,0,0,0,0,0,0,0,0,0,0,,,,
1117,Bangladesh,Chattogram,Khagrachhari,Manikchhari,Tin Tohori,8,,,,Namar Para,,,,,441,99,0,259,0,0,0,0,0,0,0,0,0,0,0,0,0,,,,
1118,Bangladesh,Chattogram,Khagrachhari,Manikchhari,Tin Tohori,9,,,,Depuya,,,,,1138,353,0,0,0,0,0,0,0,0,0,0,0,0,0,0,0,,,,
1119,Bangladesh,Chattogram,Khagrachhari,Manikchhari,Tin Tohori,9,,,,Posim Dibi Para,,,,,566,106,0,0,0,0,0,0,0,0,0,0,0,0,0,0,0,,,,
1120,Bangladesh,Chattogram,Khagrachhari,Matiranga,Amtali,01,,,,Amtali Mathu Mag Para,আমতলি মথু মগ পাড়া,AMT101,23.178005,91.815613,500,0,0,0,0,0,0,0,0,0,0,0,0,0,0,0,0,,,,
1121,Bangladesh,Chattogram,Khagrachhari,Matiranga,Amtali,01,,,,Taher Sardar Para,তাহের সর্দার পাড়া,AMT102,23.172926,91.822903,800,0,0,0,0,0,0,0,0,0,0,0,0,0,0,0,0,,,,
1122,Bangladesh,Chattogram,Khagrachhari,Matiranga,Amtali,01,,,,Amtali Adarsha Para,আমতলি আদর্শ পাড়া,AMT103,23.172559,91.833112,360,0,0,0,0,0,0,0,0,0,0,0,0,0,0,0,0,,,,
1123,Bangladesh,Chattogram,Khagrachhari,Matiranga,Amtali,01,,,,Amtali Natun Para,আমতলি নতুন পাড়া,AMT104,23.172274,91.837708,540,0,0,0,0,0,0,0,0,0,0,0,0,0,0,0,0,,,,
1124,Bangladesh,Chattogram,Khagrachhari,Matiranga,Amtali,01,,,,Amtali Chauddagram Para,আমতলি চৌদ্দগ্রাম পাড়া,AMT105,23.171847,91.842483,700,0,0,0,0,0,0,0,0,0,0,0,0,0,0,0,0,,,,
1125,Bangladesh,Chattogram,Khagrachhari,Matiranga,Amtali,02,,,,Abbas Sardar Para,আব্বাস সর্দার পাড়া,AMT201,23.165244,91.828954,350,0,0,0,0,0,0,0,0,0,0,0,0,0,0,0,0,,,,
1126,Bangladesh,Chattogram,Khagrachhari,Matiranga,Amtali,02,,,,Sat Bhaiya Para,সাত ভাইয়া পাড়া,AMT202,23.163519,91.822214,300,0,0,0,0,0,0,0,0,0,0,0,0,0,0,0,0,,,,
1127,Bangladesh,Chattogram,Khagrachhari,Matiranga,Amtali,02,,,,Wadud Member Para,ওয়াদুদ মেম্বার পাড়া,AMT203,23.15713,91.834686,320,0,0,0,0,0,0,0,0,0,0,0,0,0,0,0,0,,,,
1128,Bangladesh,Chattogram,Khagrachhari,Matiranga,Amtali,02,,,,Jafar Para,জাফর পাড়া,AMT204,23.163941,91.840653,310,0,0,0,0,0,0,0,0,0,0,0,0,0,0,0,0,,,,
1129,Bangladesh,Chattogram,Khagrachhari,Matiranga,Amtali,03,,,,Writer Para,রাইটার পাড়া,AMT301,23.16797,91.818471,225,0,0,0,0,0,0,0,0,0,0,0,0,0,0,0,0,,,,
1130,Bangladesh,Chattogram,Khagrachhari,Matiranga,Amtali,03,,,,Dewan Bazar Para,দেওয়ান বাজার পাড়া,AMT302,23.163623,91.812023,440,0,0,0,0,0,0,0,0,0,0,0,0,0,0,0,0,,,,
1131,Bangladesh,Chattogram,Khagrachhari,Matiranga,Amtali,03,,,,Yasin Member Para,ইয়াছিন মেম্বার পাড়া,AMT303,23.160189,91.812021,235,0,0,0,0,0,0,0,0,0,0,0,0,0,0,0,0,,,,
1132,Bangladesh,Chattogram,Khagrachhari,Matiranga,Amtali,03,,,,Dewan Bazar BGB Camp,দেওয়ান বাজার বিজিবি ক্যাম্প,AMT304,23.161288,91.809132,45,0,0,0,0,0,0,0,0,0,0,0,0,0,0,0,0,,,,
1133,Bangladesh,Chattogram,Khagrachhari,Matiranga,Amtali,04,,,,Bashri Nagar,বাশরি নগর,AMT401,23.152752,91.826938,250,0,0,0,0,0,0,0,0,0,0,0,0,0,0,0,0,,,,
1134,Bangladesh,Chattogram,Khagrachhari,Matiranga,Amtali,04,,,,Jalil Memebr Para,জলিল মেম্বার পাড়া,AMT402,23.147105,91.823287,390,0,0,0,0,0,0,0,0,0,0,0,0,0,0,0,0,,,,
1135,Bangladesh,Chattogram,Khagrachhari,Matiranga,Amtali,04,,,,Farid Sardar Para,ফরিদ সর্দার পাড়া,AMT403,23.144412,91.829484,170,0,0,0,0,0,0,0,0,0,0,0,0,0,0,0,0,,,,
1136,Bangladesh,Chattogram,Khagrachhari,Matiranga,Amtali,04,,,,Karalyachhari Bazar Para,করল্যাছড়ি বাজার পাড়া,AMT404,23.137665,91.821647,780,0,0,0,0,0,0,0,0,0,0,0,0,0,0,0,0,,,,
1137,Bangladesh,Chattogram,Khagrachhari,Matiranga,Amtali,04,,,,Karalyachhari BGB Camp,করল্যাছড়ি বিজিবি ক্যাম্প,AMT405,23.138367,91.81644,40,0,0,0,0,0,0,0,0,0,0,0,0,0,0,0,0,,,,
1138,Bangladesh,Chattogram,Khagrachhari,Matiranga,Amtali,05,,,,Nuru Sardar Para,নূ্রু সর্দার পাড়া,AMT501,23.13867,91.828371,400,0,0,0,0,0,0,0,0,0,0,0,0,0,0,0,0,,,,
1139,Bangladesh,Chattogram,Khagrachhari,Matiranga,Amtali,05,,,,Hakim Para,হাকিম পাড়া,AMT502,23.136771,91.837414,140,0,0,0,0,0,0,0,0,0,0,0,0,0,0,0,0,,,,
1140,Bangladesh,Chattogram,Khagrachhari,Matiranga,Amtali,05,,,,Rashid Mistri Para,রশিদ মিস্ত্রি পাড়া,AMT503,23.139831,91.835196,450,0,0,0,0,0,0,0,0,0,0,0,0,0,0,0,0,,,,
1141,Bangladesh,Chattogram,Khagrachhari,Matiranga,Amtali,05,,,,Upasing Para,উপাসিং পাড়া,AMT504,23.140837,91.832479,325,0,0,0,0,0,0,0,0,0,0,0,0,0,0,0,0,,,,
1142,Bangladesh,Chattogram,Khagrachhari,Matiranga,Amtali,06,,,,Harun Headman Para,হারুন হেডম্যান পাড়া,AMT601,23.150626,91.837742,430,0,0,0,0,0,0,0,0,0,0,0,0,0,0,0,0,,,,
1143,Bangladesh,Chattogram,Khagrachhari,Matiranga,Amtali,06,,,,Jalil Sardar,জলিল সর্দার,AMT602,23.150029,91.849335,180,0,0,0,0,0,0,0,0,0,0,0,0,0,0,0,0,,,,
1144,Bangladesh,Chattogram,Khagrachhari,Matiranga,Amtali,06,,,,Rahim Sardar Para,রহিম সর্দার পাড়া,AMT603,23.159601,91.84992,135,0,0,0,0,0,0,0,0,0,0,0,0,0,0,0,0,,,,
1145,Bangladesh,Chattogram,Khagrachhari,Matiranga,Amtali,06,,,,Jali Para/ Jahur Ali Sardar Para,জালি পাড়া/ জহুর আলী সর্দার পাড়া,AMT604,23.148655,91.860008,475,0,0,0,0,0,0,0,0,0,0,0,0,0,0,0,0,,,,
1146,Bangladesh,Chattogram,Khagrachhari,Matiranga,Amtali,06,,,,Pati Karbari Para,পতি কারবারি পাড়া,AMT605,23.164291,91.863962,90,0,0,0,0,0,0,0,0,0,0,0,0,0,0,0,0,,,,
1147,Bangladesh,Chattogram,Khagrachhari,Matiranga,Amtali,07,,,,Bishwaram Karbari Para,বিশ্বরাম কারবারি পাড়া,AMT701,23.217892,91.833318,126,0,0,0,0,0,0,0,0,0,0,0,0,0,0,0,0,,,,
1148,Bangladesh,Chattogram,Khagrachhari,Matiranga,Amtali,07,,,,Moidachhara Para,মইদাছড়া পাড়া,AMT702,23.211568,91.837436,170,0,0,0,0,0,0,0,0,0,0,0,0,0,0,0,0,,,,
1149,Bangladesh,Chattogram,Khagrachhari,Matiranga,Amtali,07,,,,Narikel Para,নারিকেল পাড়া,AMT703,23.221533,91.84694,228,0,0,0,0,0,0,0,0,0,0,0,0,0,0,0,0,,,,
1150,Bangladesh,Chattogram,Khagrachhari,Matiranga,Amtali,07,,,,Kamalabagan Para,কমলাবাগান পাড়া,AMT704,23.21834,91.85655,142,0,0,0,0,0,0,0,0,0,0,0,0,0,0,0,0,,,,
1151,Bangladesh,Chattogram,Khagrachhari,Matiranga,Amtali,08,,,,Mahanta Headman Para,মোহন্ত হেডম্যান পাড়া,AMT801,23.200167,91.844212,126,0,0,0,0,0,0,0,0,0,0,0,0,0,0,0,0,,,,
1152,Bangladesh,Chattogram,Khagrachhari,Matiranga,Amtali,08,,,,Shailya Kabari Para,শৈল্য কারবারি পাড়া,AMT802,23.199335,91.840828,83,0,0,0,0,0,0,0,0,0,0,0,0,0,0,0,0,,,,
1153,Bangladesh,Chattogram,Khagrachhari,Matiranga,Amtali,08,,,,Ananta Karbari Para,অনন্ত কারবারি পাড়া,AMT803,23.195667,91.845482,192,0,0,0,0,0,0,0,0,0,0,0,0,0,0,0,0,,,,
1154,Bangladesh,Chattogram,Khagrachhari,Matiranga,Amtali,08,,,,Kamini Karbari Para,কামিনী কারবারি পাড়া,AMT804,23.189465,91.846114,78,0,0,0,0,0,0,0,0,0,0,0,0,0,0,0,0,,,,
1155,Bangladesh,Chattogram,Khagrachhari,Matiranga,Amtali,08,,,,Adarsha Para,আদর্শ পাড়া,AMT805,23.192381,91.848214,184,0,0,0,0,0,0,0,0,0,0,0,0,0,0,0,0,,,,
1156,Bangladesh,Chattogram,Khagrachhari,Matiranga,Amtali,08,,,,Natun Para/ Para Katal,নতুন পাড়া/ পাড়া কাতাল,AMT806,23.191673,91.851591,101,0,0,0,0,0,0,0,0,0,0,0,0,0,0,0,0,,,,
1157,Bangladesh,Chattogram,Khagrachhari,Matiranga,Amtali,08,,,,Haza Para,হাজা পাড়া,AMT807,23.188912,91.85324,98,0,0,0,0,0,0,0,0,0,0,0,0,0,0,0,0,,,,
1158,Bangladesh,Chattogram,Khagrachhari,Matiranga,Amtali,09,,,,Apurna Para,অপূর্ণ পাড়া,AMT901,23.172469,91.875968,660,0,0,0,0,0,0,0,0,0,0,0,0,0,0,0,0,,,,
1159,Bangladesh,Chattogram,Khagrachhari,Matiranga,Amtali,09,,,,Sarbasiddhi Para,সর্বসিদ্ধি পাড়া,AMT902,23.168761,91.887543,225,0,0,0,0,0,0,0,0,0,0,0,0,0,0,0,0,,,,
1160,Bangladesh,Chattogram,Khagrachhari,Matiranga,Amtali,09,,,,Birashi Mura Para,বিরাশি মুড়া পাড়া,AMT903,23.166787,91.905857,388,0,0,0,0,0,0,0,0,0,0,0,0,0,0,0,0,,,,
1161,Bangladesh,Chattogram,Khagrachhari,Matiranga,Amtali,09,,,,Uttar Raja Para,উত্তর রাজা পাড়া,AMT904,23.184522,91.861383,248,0,0,0,0,0,0,0,0,0,0,0,0,0,0,0,0,,,,
1162,Bangladesh,Chattogram,Khagrachhari,Matiranga,Amtali,09,,,,Golachipa Para,গলাচিপা পাড়া,AMT905,23.158663,91.878962,88,0,0,0,0,0,0,0,0,0,0,0,0,0,0,0,0,,,,
1163,Bangladesh,Chattogram,Khagrachhari,Matiranga,Amtali,09,,,,Dakkhin Raja Para,দক্ষিণ রাজা পাড়া,AMT906,23.179497,91.867762,275,0,0,0,0,0,0,0,0,0,0,0,0,0,0,0,0,,,,
1164,Bangladesh,Chattogram,Khagrachhari,Matiranga,Baranal,01,,,,Surendra Headman Para,সুরেন্দ্র হেডম্যান পাড়া,BAR101,23.231442,91.825608,220,0,0,0,0,0,0,0,0,0,0,0,0,0,0,0,0,,,,
1165,Bangladesh,Chattogram,Khagrachhari,Matiranga,Baranal,01,,,,Islampur,ইসলামপুর,BAR102,23.2248,91.822341,276,0,0,0,0,0,0,0,0,0,0,0,0,0,0,0,0,,,,
1166,Bangladesh,Chattogram,Khagrachhari,Matiranga,Baranal,01,,,,Abdul Membar Para,আব্দুল মেম্বার পাড়া,BAR103,23.232798,91.818277,465,0,0,0,0,0,0,0,0,0,0,0,0,0,0,0,0,,,,
1167,Bangladesh,Chattogram,Khagrachhari,Matiranga,Baranal,01,,,,Thowiaung Karbari Para,থৈঅং কারবারি পাড়া,BAR104,23.227826,91.814353,36,0,0,0,0,0,0,0,0,0,0,0,0,0,0,0,0,,,,
1168,Bangladesh,Chattogram,Khagrachhari,Matiranga,Baranal,01,,,,Lalkumar Para,লালকুমার পাড়া,BAR105,23.244441,91.828015,60,0,0,0,0,0,0,0,0,0,0,0,0,0,0,0,0,,,,
1169,Bangladesh,Chattogram,Khagrachhari,Matiranga,Baranal,02,,,,Rajdhar Para,রাজধর পাড়া,BAR201,23.220933,91.822165,85,0,0,0,0,0,0,0,0,0,0,0,0,0,0,0,0,,,,
1170,Bangladesh,Chattogram,Khagrachhari,Matiranga,Baranal,02,,,,Jamini Para,যামিনী পাড়া,BAR202,23.218587,91.824441,75,0,0,0,0,0,0,0,0,0,0,0,0,0,0,0,0,,,,
1171,Bangladesh,Chattogram,Khagrachhari,Matiranga,Baranal,02,,,,Gengratila Para,গেংরাটিলা পাড়া,BAR203,23.216871,91.829088,95,0,0,0,0,0,0,0,0,0,0,0,0,0,0,0,0,,,,
1172,Bangladesh,Chattogram,Khagrachhari,Matiranga,Baranal,02,,,,Burbadhan Para,বুরবাধন পাড়া,BAR204,23.222092,91.829214,160,0,0,0,0,0,0,0,0,0,0,0,0,0,0,0,0,,,,
1173,Bangladesh,Chattogram,Khagrachhari,Matiranga,Baranal,02,,,,Bara Para,বড় পাড়া,BAR205,23.219118,91.832444,270,0,0,0,0,0,0,0,0,0,0,0,0,0,0,0,0,,,,
1174,Bangladesh,Chattogram,Khagrachhari,Matiranga,Baranal,02,,,,Lakkhibari,লক্ষীবাড়ি,BAR206,23.242787,91.848587,13,0,0,0,0,0,0,0,0,0,0,0,0,0,0,0,0,,,,
1175,Bangladesh,Chattogram,Khagrachhari,Matiranga,Baranal,02,,,,Heladula,হেলাদুলা,BAR207,23.239815,91.859399,180,0,0,0,0,0,0,0,0,0,0,0,0,0,0,0,0,,,,
1176,Bangladesh,Chattogram,Khagrachhari,Matiranga,Baranal,03,,,,Muslim Para,মুসলিম পাড়া,BAR301,23.214422,91.814614,344,0,0,0,0,0,0,0,0,0,0,0,0,0,0,0,0,,,,
1177,Bangladesh,Chattogram,Khagrachhari,Matiranga,Baranal,03,,,,Kulopru Baiddya Para,কুলপ্রু বৈদ্য পাড়া,BAR302,23.216894,91.818489,75,0,0,0,0,0,0,0,0,0,0,0,0,0,0,0,0,,,,
1178,Bangladesh,Chattogram,Khagrachhari,Matiranga,Baranal,03,,,,Alauddin Member Para,আলাউদ্দীন মেম্বার পাড়া,BAR303,23.218961,91.811722,280,0,0,0,0,0,0,0,0,0,0,0,0,0,0,0,0,,,,
1179,Bangladesh,Chattogram,Khagrachhari,Matiranga,Baranal,03,,,,Chairman Para,চেয়ারম্যান পাড়া,BAR304,23.217814,91.808114,360,0,0,0,0,0,0,0,0,0,0,0,0,0,0,0,0,,,,
1180,Bangladesh,Chattogram,Khagrachhari,Matiranga,Baranal,03,,,,Riprusai Karbari Para,রিপ্রুসাই কারবারি পাড়া,BAR305,23.221129,91.808032,160,0,0,0,0,0,0,0,0,0,0,0,0,0,0,0,0,,,,
1181,Bangladesh,Chattogram,Khagrachhari,Matiranga,Baranal,03,,,,Dakbangla Para,ডাকবাংলা পাড়া,BAR306,23.221694,91.811157,280,0,0,0,0,0,0,0,0,0,0,0,0,0,0,0,0,,,,
1182,Bangladesh,Chattogram,Khagrachhari,Matiranga,Baranal,03,,,,Amin Sardar Para,আমিন সর্দার পাড়া,BAR307,23.218636,91.817818,160,0,0,0,0,0,0,0,0,0,0,0,0,0,0,0,0,,,,
1183,Bangladesh,Chattogram,Khagrachhari,Matiranga,Baranal,03,,,,Ani Chairman Para,আনি চেয়ারম্যান পাড়া,BAR308,23.221601,91.804572,370,0,0,0,0,0,0,0,0,0,0,0,0,0,0,0,0,,,,
1184,Bangladesh,Chattogram,Khagrachhari,Matiranga,Baranal,03,,,,Jamini Para Battalion-23,যামিনী পাড়া ব্যাটালিয়ন-২৩,BAR309,23.214712,91.820982,45,0,0,0,0,0,0,0,0,0,0,0,0,0,0,0,0,,,,
1185,Bangladesh,Chattogram,Khagrachhari,Matiranga,Baranal,04,,,,Jamini Para (Belal Post),যামিনী পাড়া (বেলাল পোস্ট),BAR401,23.207704,91.81711,384,0,0,0,0,0,0,0,0,0,0,0,0,0,0,0,0,,,,
1186,Bangladesh,Chattogram,Khagrachhari,Matiranga,Baranal,04,,,,Idrish Mia Para,ইদ্রিস মিয়া পাড়া,BAR402,23.203065,91.817112,420,0,0,0,0,0,0,0,0,0,0,0,0,0,0,0,0,,,,
1187,Bangladesh,Chattogram,Khagrachhari,Matiranga,Baranal,04,,,,Haricharon Para,হরিচরণ পাড়া,BAR403,23.197524,91.816744,68,0,0,0,0,0,0,0,0,0,0,0,0,0,0,0,0,,,,
1188,Bangladesh,Chattogram,Khagrachhari,Matiranga,Baranal,04,,,,Alek Chairman Para,আলেক চেয়ারম্যান পাড়া,BAR404,23.198799,91.813927,380,0,0,0,0,0,0,0,0,0,0,0,0,0,0,0,0,,,,
1189,Bangladesh,Chattogram,Khagrachhari,Matiranga,Baranal,04,,,,Badu Mia Para,বদু মিয়া পাড়া,BAR405,23.189802,91.816062,132,0,0,0,0,0,0,0,0,0,0,0,0,0,0,0,0,,,,
1190,Bangladesh,Chattogram,Khagrachhari,Matiranga,Baranal,04,,,,Madu Mia Para,মাদু মিয়া পাড়া,BAR406,23.185025,91.817114,388,0,0,0,0,0,0,0,0,0,0,0,0,0,0,0,0,,,,
1191,Bangladesh,Chattogram,Khagrachhari,Matiranga,Baranal,04,,,,Ananta Sing Karbari Para,অনন্ত সিং কারবারি পাড়া,BAR407,23.191267,91.820674,260,0,0,0,0,0,0,0,0,0,0,0,0,0,0,0,0,,,,
1192,Bangladesh,Chattogram,Khagrachhari,Matiranga,Baranal,04,,,,Ahid Member Para,অহিদ মেম্বার পাড়া,BAR408,23.190749,91.828521,1464,0,0,0,0,0,0,0,0,0,0,0,0,0,0,0,0,,,,
1193,Bangladesh,Chattogram,Khagrachhari,Matiranga,Baranal,05,,,,Karim Master Para,করিম মাস্টার পাড়া,BAR501,23.178605,91.826629,720,0,0,0,0,0,0,0,0,0,0,0,0,0,0,0,0,,,,
1194,Bangladesh,Chattogram,Khagrachhari,Matiranga,Baranal,05,,,,Habib Member Para,হাবিব মেম্বার পাড়া,BAR502,23.179363,91.817694,280,0,0,0,0,0,0,0,0,0,0,0,0,0,0,0,0,,,,
1195,Bangladesh,Chattogram,Khagrachhari,Matiranga,Baranal,06,,,,Minnat Ali Sardar Para,মিন্নত আলী সর্দার পাড়া,BAR601,23.183573,91.829617,470,0,0,0,0,0,0,0,0,0,0,0,0,0,0,0,0,,,,
1196,Bangladesh,Chattogram,Khagrachhari,Matiranga,Baranal,06,,,,Master Para,মাস্টার পাড়া,BAR602,23.177988,91.838492,560,0,0,0,0,0,0,0,0,0,0,0,0,0,0,0,0,,,,
1197,Bangladesh,Chattogram,Khagrachhari,Matiranga,Baranal,06,,,,Prankumar Para,প্রাণকুমার পাড়া,BAR603,23.173389,91.845876,140,0,0,0,0,0,0,0,0,0,0,0,0,0,0,0,0,,,,
1198,Bangladesh,Chattogram,Khagrachhari,Matiranga,Baranal,06,,,,Baranal BOP BGB Camp,বড়নাল বিওপি বিজিব ক্যাম্প,BAR604,23.188817,91.843712,36,0,0,0,0,0,0,0,0,0,0,0,0,0,0,0,0,,,,
1199,Bangladesh,Chattogram,Khagrachhari,Matiranga,Baranal,07,,,,Takka Muslim Para,টাক্কা মুসলিম পাড়া,BAR701,23.203317,91.805803,300,0,0,0,0,0,0,0,0,0,0,0,0,0,0,0,0,,,,
1200,Bangladesh,Chattogram,Khagrachhari,Matiranga,Baranal,07,,,,Thaila Para,থৈলা পাড়া,BAR702,23.199532,91.803209,320,0,0,0,0,0,0,0,0,0,0,0,0,0,0,0,0,,,,
1201,Bangladesh,Chattogram,Khagrachhari,Matiranga,Baranal,07,,,,Kadamtali Para,কদমতলী পাড়া,BAR703,23.204288,91.792797,280,0,0,0,0,0,0,0,0,0,0,0,0,0,0,0,0,,,,
1202,Bangladesh,Chattogram,Khagrachhari,Matiranga,Baranal,07,,,,Kadamtali BOP BGB Camp,কদমতলী বিওপি বিজিবি ক্যাম্প,BAR704,23.200897,91.799876,25,0,0,0,0,0,0,0,0,0,0,0,0,0,0,0,0,,,,
1203,Bangladesh,Chattogram,Khagrachhari,Matiranga,Baranal,08,,,,Fajal Member Para,ফজল মেম্বার পাড়া,BAR801,23.195937,91.812123,280,0,0,0,0,0,0,0,0,0,0,0,0,0,0,0,0,,,,
1204,Bangladesh,Chattogram,Khagrachhari,Matiranga,Baranal,08,,,,Writer Hujur Para,রাইটার হুজুর পাড়া,BAR802,23.200003,91.811368,384,0,0,0,0,0,0,0,0,0,0,0,0,0,0,0,0,,,,
1205,Bangladesh,Chattogram,Khagrachhari,Matiranga,Baranal,08,,,,Sawdagar Para,সওদাগর পাড়া,BAR803,23.21446,91.79512,100,0,0,0,0,0,0,0,0,0,0,0,0,0,0,0,0,,,,
1206,Bangladesh,Chattogram,Khagrachhari,Matiranga,Baranal,09,,,,Maulavi Para,মৌলভী পাড়া,BAR901,23.183297,91.812295,400,0,0,0,0,0,0,0,0,0,0,0,0,0,0,0,0,,,,
1207,Bangladesh,Chattogram,Khagrachhari,Matiranga,Baranal,09,,,,Kashem Member Para,কাশেম মেম্বার পাড়া,BAR902,23.180969,91.812427,200,0,0,0,0,0,0,0,0,0,0,0,0,0,0,0,0,,,,
1208,Bangladesh,Chattogram,Khagrachhari,Matiranga,Baranal,09,,,,Ibrahim Para,ইব্রাহিম পাড়া,BAR903,23.18889,91.81206,520,0,0,0,0,0,0,0,0,0,0,0,0,0,0,0,0,,,,
1209,Bangladesh,Chattogram,Khagrachhari,Matiranga,Baranal,09,,,,Garjantila Para,গর্জনটিলা পাড়া,BAR904,23.186836,91.809489,80,0,0,0,0,0,0,0,0,0,0,0,0,0,0,0,0,,,,
1210,Bangladesh,Chattogram,Khagrachhari,Matiranga,Baranal,09,,,,Arun Barua Para,অরুন বড়ুয়া পাড়া,BAR905,23.188439,91.80493,564,0,0,0,0,0,0,0,0,0,0,0,0,0,0,0,0,,,,
1211,Bangladesh,Chattogram,Khagrachhari,Matiranga,Baranal,09,,,,Pencha Karbari Para,পেঁচা কারবারি পাড়া,BAR906,23.179111,91.809526,56,0,0,0,0,0,0,0,0,0,0,0,0,0,0,0,0,,,,
1212,Bangladesh,Chattogram,Khagrachhari,Matiranga,Baranal,09,,,,Amtali BGB Camp,আমতলি বিজিবি ক্যাম্প,BAR907,23.180641,91.809213,0,0,0,0,0,0,0,0,0,0,0,0,0,0,0,0,0,,,,
1213,Bangladesh,Chattogram,Khagrachhari,Matiranga,Belchhari,01,,,,Habil Member Para,হাবিল মেম্বার পাড়া,BEL101,23.101831,91.837181,280,0,0,0,0,0,0,0,0,0,0,0,0,0,0,0,0,,,,
1214,Bangladesh,Chattogram,Khagrachhari,Matiranga,Belchhari,01,,,,Chairman Para,চেয়ারম্যান পাড়া,BEL102,23.103902,91.839336,220,0,0,0,0,0,0,0,0,0,0,0,0,0,0,0,0,,,,
1215,Bangladesh,Chattogram,Khagrachhari,Matiranga,Belchhari,01,,,,Nurul Islam Company Para,নুরুল ইসলাম কোম্পানি পাড়া,BEL103,23.10541,91.834403,120,0,0,0,0,0,0,0,0,0,0,0,0,0,0,0,0,,,,
1216,Bangladesh,Chattogram,Khagrachhari,Matiranga,Belchhari,01,,,,Basu Miya Para,বসু মিয়া পাড়া,BEL104,23.103511,91.835748,360,0,0,0,0,0,0,0,0,0,0,0,0,0,0,0,0,,,,
1217,Bangladesh,Chattogram,Khagrachhari,Matiranga,Belchhari,01,,,,Firoz Member Para,ফিরোজ মেম্বার পাড়া,BEL105,23.107615,91.837096,140,0,0,0,0,0,0,0,0,0,0,0,0,0,0,0,0,,,,
1218,Bangladesh,Chattogram,Khagrachhari,Matiranga,Belchhari,01,,,,Siddique Master Para,ছিদ্দিক মাস্টার পাড়া,BEL106,23.110721,91.836044,110,0,0,0,0,0,0,0,0,0,0,0,0,0,0,0,0,,,,
1219,Bangladesh,Chattogram,Khagrachhari,Matiranga,Belchhari,01,,,,Jayed Ali Para,জায়েদ আলী পাড়া,BEL107,23.108986,91.836539,140,0,0,0,0,0,0,0,0,0,0,0,0,0,0,0,0,,,,
1220,Bangladesh,Chattogram,Khagrachhari,Matiranga,Belchhari,01,,,,Rahmat Ullah Chairman Para,রহমত উল্লাহ চেয়ারম্যান পাড়া,BEL108,23.110274,91.832815,280,0,0,0,0,0,0,0,0,0,0,0,0,0,0,0,0,,,,
1221,Bangladesh,Chattogram,Khagrachhari,Matiranga,Belchhari,01,,,,Belchhari BGB Camp,বেলছড়ি বিজিবি ক্যাম্প,BEL109,23.102504,91.832328,40,0,0,0,0,0,0,0,0,0,0,0,0,0,0,0,0,,,,
1222,Bangladesh,Chattogram,Khagrachhari,Matiranga,Belchhari,01,,,,Madhya Para,মধ্য পাড়া,BEL110,23.106043,91.835848,85,0,0,0,0,0,0,0,0,0,0,0,0,0,0,0,0,,,,
1223,Bangladesh,Chattogram,Khagrachhari,Matiranga,Belchhari,02,,,,Master Para,মাস্টার পাড়া,BEL201,23.102127,91.84552,450,0,0,0,0,0,0,0,0,0,0,0,0,0,0,0,0,,,,
1224,Bangladesh,Chattogram,Khagrachhari,Matiranga,Belchhari,02,,,,Badan Karbari Para,বদন কারবারি পাড়া,BEL202,23.097169,91.842018,300,0,0,0,0,0,0,0,0,0,0,0,0,0,0,0,0,,,,
1225,Bangladesh,Chattogram,Khagrachhari,Matiranga,Belchhari,02,,,,Ahid Member Para,অহিদ মেম্বার পাড়া,BEL203,23.099053,91.850506,160,0,0,0,0,0,0,0,0,0,0,0,0,0,0,0,0,,,,
1226,Bangladesh,Chattogram,Khagrachhari,Matiranga,Belchhari,02,,,,School Tila Para,স্কুল টিলা পাড়া,BEL204,23.098354,91.839521,320,0,0,0,0,0,0,0,0,0,0,0,0,0,0,0,0,,,,
1227,Bangladesh,Chattogram,Khagrachhari,Matiranga,Belchhari,02,,,,Jakir Hosen Para,জাকির হোসেন পাড়া,BEL205,23.095035,91.843527,45,0,0,0,0,0,0,0,0,0,0,0,0,0,0,0,0,,,,
1228,Bangladesh,Chattogram,Khagrachhari,Matiranga,Belchhari,02,,,,Dakbangla Para,ডাকবাংলা পাড়া,BEL206,23.095614,91.848145,120,0,0,0,0,0,0,0,0,0,0,0,0,0,0,0,0,,,,
1229,Bangladesh,Chattogram,Khagrachhari,Matiranga,Belchhari,02,,,,Safiullah Para,সফিউল্লাহ পাড়া,BEL207,23.09568,91.838616,220,0,0,0,0,0,0,0,0,0,0,0,0,0,0,0,0,,,,
1230,Bangladesh,Chattogram,Khagrachhari,Matiranga,Belchhari,02,,,,Shah Alam Para,শাহ আলম পাড়া,BEL208,23.098508,91.836257,110,0,0,0,0,0,0,0,0,0,0,0,0,0,0,0,0,,,,
1231,Bangladesh,Chattogram,Khagrachhari,Matiranga,Belchhari,02,,,,Safi Tila BGB Camp,সফি টিলা বিজিবি ক্যাম্প,BEL209,23.093951,91.837355,40,0,0,0,0,0,0,0,0,0,0,0,0,0,0,0,0,,,,
1232,Bangladesh,Chattogram,Khagrachhari,Matiranga,Belchhari,03,,,,Hamid Ali Para,হামিদ আলী পাড়া,BEL301,23.119649,91.867997,350,0,0,0,0,0,0,0,0,0,0,0,0,0,0,0,0,,,,
1233,Bangladesh,Chattogram,Khagrachhari,Matiranga,Belchhari,03,,,,Shubharanjan Headman Para,শুভরঞ্জন হেডম্যান পাড়া,BEL302,23.116208,91.865079,280,0,0,0,0,0,0,0,0,0,0,0,0,0,0,0,0,,,,
1234,Bangladesh,Chattogram,Khagrachhari,Matiranga,Belchhari,03,,,,Panjabi Tila,পাঞ্জাবী টিলা,BEL303,23.117431,91.871991,550,0,0,0,0,0,0,0,0,0,0,0,0,0,0,0,0,,,,
1235,Bangladesh,Chattogram,Khagrachhari,Matiranga,Belchhari,03,,,,Swarnaker Tila,স্বর্ণকার টিলা,BEL304,23.098432,91.85767,600,0,0,0,0,0,0,0,0,0,0,0,0,0,0,0,0,,,,
1236,Bangladesh,Chattogram,Khagrachhari,Matiranga,Belchhari,03,,,,Chabi Member Para,ছবি মেম্বার পাড়া,BEL305,23.108796,91.862114,150,0,0,0,0,0,0,0,0,0,0,0,0,0,0,0,0,,,,
1237,Bangladesh,Chattogram,Khagrachhari,Matiranga,Belchhari,03,,,,Jafar Membr Para,জাফর মেম্বার পাড়া,BEL306,23.100882,91.852749,180,0,0,0,0,0,0,0,0,0,0,0,0,0,0,0,0,,,,
1238,Bangladesh,Chattogram,Khagrachhari,Matiranga,Belchhari,04,,,,Ambagan,আমবাগান,BEL401,23.074108,91.847873,540,0,0,0,0,0,0,0,0,0,0,0,0,0,0,0,0,,,,
1239,Bangladesh,Chattogram,Khagrachhari,Matiranga,Belchhari,04,,,,Madhya Para,মধ্য পাড়া,BEL402,23.076339,91.853024,148,0,0,0,0,0,0,0,0,0,0,0,0,0,0,0,0,,,,
1240,Bangladesh,Chattogram,Khagrachhari,Matiranga,Belchhari,04,,,,Ashraf Leader Para,আশ্রাফ লিডার পাড়া,BEL403,23.076971,91.85531,124,0,0,0,0,0,0,0,0,0,0,0,0,0,0,0,0,,,,
1241,Bangladesh,Chattogram,Khagrachhari,Matiranga,Belchhari,04,,,,Obaidur Rahman Master Para,ওবাইদুর রহমান মাস্টার পাড়া,BEL404,23.073121,91.854437,76,0,0,0,0,0,0,0,0,0,0,0,0,0,0,0,0,,,,
1242,Bangladesh,Chattogram,Khagrachhari,Matiranga,Belchhari,04,,,,Khedacchara Bajar Para,খেদাছড়া বাজার পাড়া,BEL405,23.076667,91.861166,376,0,0,0,0,0,0,0,0,0,0,0,0,0,0,0,0,,,,
1243,Bangladesh,Chattogram,Khagrachhari,Matiranga,Belchhari,04,,,,Khedacchara DP Para,খেদাছড়া ডিপি পাড়া,BEL406,23.072758,91.861369,352,0,0,0,0,0,0,0,0,0,0,0,0,0,0,0,0,,,,
1244,Bangladesh,Chattogram,Khagrachhari,Matiranga,Belchhari,04,,,,Khedachhara 40 BGB Battalion Palashpur Zone,খেদাছড়া ৪০ বিজিব ব্যাটালিয়ন পলাশপুর জোন,BEL407,23.074902,91.858176,300,0,0,0,0,0,0,0,0,0,0,0,0,0,0,0,0,,,,
1245,Bangladesh,Chattogram,Khagrachhari,Matiranga,Belchhari,05,,,,Kalamiya Leader Para,কালামিয়া লিডার পাড়া,BEL501,23.081004,91.859997,150,0,0,0,0,0,0,0,0,0,0,0,0,0,0,0,0,,,,
1246,Bangladesh,Chattogram,Khagrachhari,Matiranga,Belchhari,05,,,,Dhakaiya Para,ঢাকাইয়া পাড়া,BEL502,23.079669,91.863827,320,0,0,0,0,0,0,0,0,0,0,0,0,0,0,0,0,,,,
1247,Bangladesh,Chattogram,Khagrachhari,Matiranga,Belchhari,05,,,,Manu Member Para,মনু মেম্বার পাড়া,BEL503,23.082305,91.863391,135,0,0,0,0,0,0,0,0,0,0,0,0,0,0,0,0,,,,
1248,Bangladesh,Chattogram,Khagrachhari,Matiranga,Belchhari,05,,,,Wajed Member Para,ওয়াজেদ মেম্বার পাড়া,BEL504,23.081595,91.869178,180,0,0,0,0,0,0,0,0,0,0,0,0,0,0,0,0,,,,
1249,Bangladesh,Chattogram,Khagrachhari,Matiranga,Belchhari,05,,,,Mansur Leader Para,মনসুর লিডার পাড়া,BEL505,23.083734,91.867237,150,0,0,0,0,0,0,0,0,0,0,0,0,0,0,0,0,,,,
1250,Bangladesh,Chattogram,Khagrachhari,Matiranga,Belchhari,05,,,,Upendra Headman Para,উপেন্দ্র হেডম্যান পাড়া,BEL506,23.08142,91.873729,190,0,0,0,0,0,0,0,0,0,0,0,0,0,0,0,0,,,,
1251,Bangladesh,Chattogram,Khagrachhari,Matiranga,Belchhari,05,,,,Bangali Para,বাঙালি পাড়া,BEL507,23.088091,91.879857,480,0,0,0,0,0,0,0,0,0,0,0,0,0,0,0,0,,,,
1252,Bangladesh,Chattogram,Khagrachhari,Matiranga,Belchhari,06,,,,Jagat Jyoti Headman Para,জগৎ জ্যোতি হেডম্যান পাড়া,BEL601,23.119978,91.871959,120,0,0,0,0,0,0,0,0,0,0,0,0,0,0,0,0,,,,
1253,Bangladesh,Chattogram,Khagrachhari,Matiranga,Belchhari,06,,,,Rebati Karbari Para,রেবতী কারবারি পাড়া,BEL602,23.116724,91.879989,200,0,0,0,0,0,0,0,0,0,0,0,0,0,0,0,0,,,,
1254,Bangladesh,Chattogram,Khagrachhari,Matiranga,Belchhari,06,,,,Taifa Para,তাইফা পাড়া,BEL603,23.111298,91.876088,400,0,0,0,0,0,0,0,0,0,0,0,0,0,0,0,0,,,,
1255,Bangladesh,Chattogram,Khagrachhari,Matiranga,Belchhari,06,,,,Badan Karbari Para,বদন কারবারি পাড়া,BEL604,23.118237,91.880146,40,0,0,0,0,0,0,0,0,0,0,0,0,0,0,0,0,,,,
1256,Bangladesh,Chattogram,Khagrachhari,Matiranga,Belchhari,06,,,,Shashi Karbari Para,শশী কারবারি পাড়া,BEL605,23.101305,91.889921,240,0,0,0,0,0,0,0,0,0,0,0,0,0,0,0,0,,,,
1257,Bangladesh,Chattogram,Khagrachhari,Matiranga,Belchhari,06,,,,Arjun Tila Para,অর্জুন টিলা পাড়া,BEL606,23.099088,91.875383,50,0,0,0,0,0,0,0,0,0,0,0,0,0,0,0,0,,,,
1258,Bangladesh,Chattogram,Khagrachhari,Matiranga,Belchhari,06,,,,Juddhakumar Para,যুদ্ধকুমার পাড়া,BEL607,23.092947,91.885802,240,0,0,0,0,0,0,0,0,0,0,0,0,0,0,0,0,,,,
1259,Bangladesh,Chattogram,Khagrachhari,Matiranga,Belchhari,06,,,,Hemanga Karbari Para,হেমঙ্গ কারবারি পাড়া,BEL608,23.083517,91.880658,95,0,0,0,0,0,0,0,0,0,0,0,0,0,0,0,0,,,,
1260,Bangladesh,Chattogram,Khagrachhari,Matiranga,Belchhari,06,,,,Rabisundar Para,রবিসুন্দর পাড়া,BEL609,23.088554,91.888939,280,0,0,0,0,0,0,0,0,0,0,0,0,0,0,0,0,,,,
1261,Bangladesh,Chattogram,Khagrachhari,Matiranga,Belchhari,06,,,,Haridhan Mog Para,হরিধন মগ পাড়া,BEL610,23.081084,91.888614,160,0,0,0,0,0,0,0,0,0,0,0,0,0,0,0,0,,,,
1262,Bangladesh,Chattogram,Khagrachhari,Matiranga,Belchhari,06,,,,Khada Para,খাদা পাড়া,BEL611,23.114534,91.911552,130,0,0,0,0,0,0,0,0,0,0,0,0,0,0,0,0,,,,
1263,Bangladesh,Chattogram,Khagrachhari,Matiranga,Belchhari,06,,,,Dewan Para,দেওয়ান পাড়া,BEL612,23.108438,91.935402,250,0,0,0,0,0,0,0,0,0,0,0,0,0,0,0,0,,,,
1264,Bangladesh,Chattogram,Khagrachhari,Matiranga,Belchhari,06,,,,Sangha Para,সংঘ পাড়া,BEL613,23.10243,91.919437,70,0,0,0,0,0,0,0,0,0,0,0,0,0,0,0,0,,,,
1265,Bangladesh,Chattogram,Khagrachhari,Matiranga,Belchhari,06,,,,Sudhir Kumar Para,সুধীর কুমার পাড়া,BEL614,23.092272,91.902025,95,0,0,0,0,0,0,0,0,0,0,0,0,0,0,0,0,,,,
1266,Bangladesh,Chattogram,Khagrachhari,Matiranga,Belchhari,06,,,,Maichachhara Para,মাইছাছড়া পাড়া,BEL615,23.10279,91.907909,60,0,0,0,0,0,0,0,0,0,0,0,0,0,0,0,0,,,,
1267,Bangladesh,Chattogram,Khagrachhari,Matiranga,Belchhari,07,,,,Nurnabi Para,নূরনবী পাড়া,BEL701,23.075638,91.819078,240,0,0,0,0,0,0,0,0,0,0,0,0,0,0,0,0,,,,
1268,Bangladesh,Chattogram,Khagrachhari,Matiranga,Belchhari,07,,,,Bazar Para,বাজার পাড়া,BEL702,23.076107,91.821915,300,0,0,0,0,0,0,0,0,0,0,0,0,0,0,0,0,,,,
1269,Bangladesh,Chattogram,Khagrachhari,Matiranga,Belchhari,07,,,,Jantur Ali Para,জন্তুর আলী পাড়া,BEL703,23.079537,91.826853,150,0,0,0,0,0,0,0,0,0,0,0,0,0,0,0,0,,,,
1270,Bangladesh,Chattogram,Khagrachhari,Matiranga,Belchhari,07,,,,Arshad Ali Master Para,আরশাদ আলী মাষ্টার পাড়া,BEL704,23.077814,91.821349,200,0,0,0,0,0,0,0,0,0,0,0,0,0,0,0,0,,,,
1271,Bangladesh,Chattogram,Khagrachhari,Matiranga,Belchhari,07,,,,Barachha Karbari Para,বারাছা কারবারি পাড়া,BEL705,23.08115,91.82387,240,0,0,0,0,0,0,0,0,0,0,0,0,0,0,0,0,,,,
1272,Bangladesh,Chattogram,Khagrachhari,Matiranga,Belchhari,08,,,,Khalil Member Para,খলিল মেম্বার পাড়া,BEL801,23.09166,91.843075,100,0,0,0,0,0,0,0,0,0,0,0,0,0,0,0,0,,,,
1273,Bangladesh,Chattogram,Khagrachhari,Matiranga,Belchhari,08,,,,Chankhola Para,ছনখোলা পাড়া,BEL802,23.091635,91.839413,300,0,0,0,0,0,0,0,0,0,0,0,0,0,0,0,0,,,,
1274,Bangladesh,Chattogram,Khagrachhari,Matiranga,Belchhari,08,,,,Malek Member Para,মালেক মেম্বার পাড়া,BEL803,23.087287,91.82978,150,0,0,0,0,0,0,0,0,0,0,0,0,0,0,0,0,,,,
1275,Bangladesh,Chattogram,Khagrachhari,Matiranga,Belchhari,08,,,,Tajul Islam Member Para,তাজুল ইসলাম মেম্বার পাড়া,BEL804,23.085983,91.832925,80,0,0,0,0,0,0,0,0,0,0,0,0,0,0,0,0,,,,
1276,Bangladesh,Chattogram,Khagrachhari,Matiranga,Belchhari,08,,,,New Ajodhya Para,নিউ অযোধ্যা পাড়া,BEL805,23.086129,91.841606,360,0,0,0,0,0,0,0,0,0,0,0,0,0,0,0,0,,,,
1277,Bangladesh,Chattogram,Khagrachhari,Matiranga,Belchhari,08,,,,New Ajodhya Dakkhin Para,নিউ অযোধ্যা দক্ষিণ পাড়া,BEL806,23.074548,91.839781,100,0,0,0,0,0,0,0,0,0,0,0,0,0,0,0,0,,,,
1278,Bangladesh,Chattogram,Khagrachhari,Matiranga,Belchhari,08,,,,Nasor Uddin Para,নছর উদ্দীন পাড়া,BEL807,23.080274,91.846674,120,0,0,0,0,0,0,0,0,0,0,0,0,0,0,0,0,,,,
1279,Bangladesh,Chattogram,Khagrachhari,Matiranga,Belchhari,09,,,,Aziz Para,আজিজ পাড়া,BEL901,23.092393,91.846737,300,0,0,0,0,0,0,0,0,0,0,0,0,0,0,0,0,,,,
1280,Bangladesh,Chattogram,Khagrachhari,Matiranga,Belchhari,09,,,,Akmat Ali Member Para,আকমত আলী মেম্বার পাড়া,BEL902,23.083534,91.854027,600,0,0,0,0,0,0,0,0,0,0,0,0,0,0,0,0,,,,
1281,Bangladesh,Chattogram,Khagrachhari,Matiranga,Belchhari,09,,,,Jaynal Member Para,জয়নাল মেম্বার পাড়া,BEL903,23.08767,91.863595,250,0,0,0,0,0,0,0,0,0,0,0,0,0,0,0,0,,,,
1282,Bangladesh,Chattogram,Khagrachhari,Matiranga,Gumti,01,,,,Uttar Shantipur,উত্তর শান্তিপুর,GUM101,23.122229,91.824259,520,0,0,0,0,0,0,0,0,0,0,0,0,0,0,0,0,,,,
1283,Bangladesh,Chattogram,Khagrachhari,Matiranga,Gumti,01,,,,Majumdar Para,মজুমদার পাড়া,GUM102,23.123341,91.834117,200,0,0,0,0,0,0,0,0,0,0,0,0,0,0,0,0,,,,
1284,Bangladesh,Chattogram,Khagrachhari,Matiranga,Gumti,01,,,,Mansur Ali Contractor Para,মনসুর আলী কন্ট্রাক্টর পাড়া,GUM103,23.125374,91.838048,680,0,0,0,0,0,0,0,0,0,0,0,0,0,0,0,0,,,,
1285,Bangladesh,Chattogram,Khagrachhari,Matiranga,Gumti,01,,,,Siru Sardarpara,সিরু সর্দারপাড়া,GUM104,23.131073,91.847955,120,0,0,0,0,0,0,0,0,0,0,0,0,0,0,0,0,,,,
1286,Bangladesh,Chattogram,Khagrachhari,Matiranga,Gumti,01,,,,Shantipur BGB Camp,শান্তিপুর বিজিবি ক্যাম্প,GUM105,23.120101,91.818548,45,0,0,0,0,0,0,0,0,0,0,0,0,0,0,0,0,,,,
1287,Bangladesh,Chattogram,Khagrachhari,Matiranga,Gumti,02,,,,Shantipur Bazar Para,শান্তিপুর বাজার পাড়া,GUM201,23.116259,91.833841,600,0,0,0,0,0,0,0,0,0,0,0,0,0,0,0,0,,,,
1288,Bangladesh,Chattogram,Khagrachhari,Matiranga,Gumti,02,,,,Sadeq Chairman Para,সাদেক চেয়ারম্যান পাড়া,GUM202,23.116936,91.825763,200,0,0,0,0,0,0,0,0,0,0,0,0,0,0,0,0,,,,
1289,Bangladesh,Chattogram,Khagrachhari,Matiranga,Gumti,02,,,,Nurul Islam Member Para,নুরুল ইসলাম মেম্বার পাড়া,GUM203,23.11353,91.829025,130,0,0,0,0,0,0,0,0,0,0,0,0,0,0,0,0,,,,
1290,Bangladesh,Chattogram,Khagrachhari,Matiranga,Gumti,02,,,,Shantipur Haji Para,শান্তিপুর হাজী পাড়া,GUM204,23.112114,91.825979,500,0,0,0,0,0,0,0,0,0,0,0,0,0,0,0,0,,,,
1291,Bangladesh,Chattogram,Khagrachhari,Matiranga,Gumti,02,,,,Shantipur Siddiq Tila,শান্তিপুর সিদ্দিক টিলা,GUM205,23.109093,91.826739,140,0,0,0,0,0,0,0,0,0,0,0,0,0,0,0,0,,,,
1292,Bangladesh,Chattogram,Khagrachhari,Matiranga,Gumti,02,,,,Muslim Member Para,মুসলিম মেম্বার পাড়া,GUM206,23.111829,91.82858,100,0,0,0,0,0,0,0,0,0,0,0,0,0,0,0,0,,,,
1293,Bangladesh,Chattogram,Khagrachhari,Matiranga,Gumti,02,,,,Majid Vandari Para,মজিদ ভাণ্ডারী পাড়া,GUM207,23.114109,91.838569,130,0,0,0,0,0,0,0,0,0,0,0,0,0,0,0,0,,,,
1294,Bangladesh,Chattogram,Khagrachhari,Matiranga,Gumti,03,,,,Rahman Sardar Para,রহমান সর্দার পাড়া,GUM301,23.110121,91.846872,450,0,0,0,0,0,0,0,0,0,0,0,0,0,0,0,0,,,,
1295,Bangladesh,Chattogram,Khagrachhari,Matiranga,Gumti,03,,,,Nayeb Ali Sardar Para,নায়েব আলী সর্দার পাড়া,GUM302,23.107093,91.842799,500,0,0,0,0,0,0,0,0,0,0,0,0,0,0,0,0,,,,
1296,Bangladesh,Chattogram,Khagrachhari,Matiranga,Gumti,03,,,,Rang Miya Para,রং মিঞা পাড়া,GUM303,23.115793,91.843777,420,0,0,0,0,0,0,0,0,0,0,0,0,0,0,0,0,,,,
1297,Bangladesh,Chattogram,Khagrachhari,Matiranga,Gumti,03,,,,Samsu Sardar Para,সামছু সর্দার পাড়া,GUM304,23.111385,91.841563,200,0,0,0,0,0,0,0,0,0,0,0,0,0,0,0,0,,,,
1298,Bangladesh,Chattogram,Khagrachhari,Matiranga,Gumti,04,,,,Mona Member Para,মনা মেম্বার পাড়া,GUM401,23.112126,91.84906,220,0,0,0,0,0,0,0,0,0,0,0,0,0,0,0,0,,,,
1299,Bangladesh,Chattogram,Khagrachhari,Matiranga,Gumti,04,,,,Ali Ahammod Master Para,আলী আহাম্মদ মাস্টার পাড়া,GUM402,23.110444,91.854259,480,0,0,0,0,0,0,0,0,0,0,0,0,0,0,0,0,,,,
1300,Bangladesh,Chattogram,Khagrachhari,Matiranga,Gumti,04,,,,Malek Shikari Para,মালেক শিকারী পাড়া,GUM403,23.113796,91.852898,280,0,0,0,0,0,0,0,0,0,0,0,0,0,0,0,0,,,,
1301,Bangladesh,Chattogram,Khagrachhari,Matiranga,Gumti,04,,,,Lakkhicharan Master Para,লক্ষীচরণ মাস্টার পাড়া,GUM404,23.116299,91.860478,400,0,0,0,0,0,0,0,0,0,0,0,0,0,0,0,0,,,,
1302,Bangladesh,Chattogram,Khagrachhari,Matiranga,Gumti,04,,,,Ayet Ali Para,আয়েত আলী পাড়া,GUM405,23.117826,91.854499,210,0,0,0,0,0,0,0,0,0,0,0,0,0,0,0,0,,,,
1303,Bangladesh,Chattogram,Khagrachhari,Matiranga,Gumti,04,,,,Sat Bhaiya Para,সাত ভাইয়া পাড়া,GUM406,23.122384,91.849983,280,0,0,0,0,0,0,0,0,0,0,0,0,0,0,0,0,,,,
1304,Bangladesh,Chattogram,Khagrachhari,Matiranga,Gumti,05,,,,Taiyab Member Para,তৈয়ব মেম্বার পাড়া,GUM501,23.129359,91.855382,700,0,0,0,0,0,0,0,0,0,0,0,0,0,0,0,0,,,,
1305,Bangladesh,Chattogram,Khagrachhari,Matiranga,Gumti,05,,,,Alim Writer Para,আলীম রাইটার পাড়া,GUM502,23.131998,91.85839,520,0,0,0,0,0,0,0,0,0,0,0,0,0,0,0,0,,,,
1306,Bangladesh,Chattogram,Khagrachhari,Matiranga,Gumti,05,,,,Mahabub Member Para,মাহবুব মেম্বার পাড়া,GUM503,23.136295,91.860972,270,0,0,0,0,0,0,0,0,0,0,0,0,0,0,0,0,,,,
1307,Bangladesh,Chattogram,Khagrachhari,Matiranga,Gumti,05,,,,Balichandra Para,বলিচন্দ্র পাড়া,GUM504,23.140594,91.855818,820,0,0,0,0,0,0,0,0,0,0,0,0,0,0,0,0,,,,
1308,Bangladesh,Chattogram,Khagrachhari,Matiranga,Gumti,06,,,,Malek Master Para,মালেক মাস্টার পাড়া,GUM601,23.124093,91.859287,300,0,0,0,0,0,0,0,0,0,0,0,0,0,0,0,0,,,,
1309,Bangladesh,Chattogram,Khagrachhari,Matiranga,Gumti,06,,,,Master Para,মাস্টার পাড়া,GUM602,23.12085,91.859774,320,0,0,0,0,0,0,0,0,0,0,0,0,0,0,0,0,,,,
1310,Bangladesh,Chattogram,Khagrachhari,Matiranga,Gumti,06,,,,Ratna Tila,রত্না টিলা,GUM603,23.11943,91.861552,80,0,0,0,0,0,0,0,0,0,0,0,0,0,0,0,0,,,,
1311,Bangladesh,Chattogram,Khagrachhari,Matiranga,Gumti,06,,,,B.K Para,বি.কে পাড়া,GUM604,23.12383,91.865757,300,0,0,0,0,0,0,0,0,0,0,0,0,0,0,0,0,,,,
1312,Bangladesh,Chattogram,Khagrachhari,Matiranga,Gumti,06,,,,Bahadur Sardar Para,বাহাদুর সর্দার পাড়া,GUM605,23.119449,91.864499,145,0,0,0,0,0,0,0,0,0,0,0,0,0,0,0,0,,,,
1313,Bangladesh,Chattogram,Khagrachhari,Matiranga,Gumti,06,,,,Chairman Para,চেয়ারম্যান পাড়া,GUM606,23.128281,91.863549,220,0,0,0,0,0,0,0,0,0,0,0,0,0,0,0,0,,,,
1314,Bangladesh,Chattogram,Khagrachhari,Matiranga,Gumti,06,,,,Muslim Para,মুসলিম পাড়া,GUM607,23.125477,91.862261,110,0,0,0,0,0,0,0,0,0,0,0,0,0,0,0,0,,,,
1315,Bangladesh,Chattogram,Khagrachhari,Matiranga,Gumti,07,,,,Nurul Islam Sardar Para,নুরুল ইসলাম সর্দার পাড়া,GUM701,23.131364,91.864631,350,0,0,0,0,0,0,0,0,0,0,0,0,0,0,0,0,,,,
1316,Bangladesh,Chattogram,Khagrachhari,Matiranga,Gumti,07,,,,Manirujjamn Master Para,মনিরুজ্জামান মাস্টার পাড়া,GUM702,23.134368,91.865092,200,0,0,0,0,0,0,0,0,0,0,0,0,0,0,0,0,,,,
1317,Bangladesh,Chattogram,Khagrachhari,Matiranga,Gumti,07,,,,Munaf Munsi Para,মুনাফ মুন্সী পাড়া,GUM703,23.138044,91.864687,200,0,0,0,0,0,0,0,0,0,0,0,0,0,0,0,0,,,,
1318,Bangladesh,Chattogram,Khagrachhari,Matiranga,Gumti,07,,,,Takar Mani Para,তাকার মনি পাড়া,GUM704,23.143836,91.866947,300,0,0,0,0,0,0,0,0,0,0,0,0,0,0,0,0,,,,
1319,Bangladesh,Chattogram,Khagrachhari,Matiranga,Gumti,07,,,,Mohangazi Para,মোহনগাজী পাড়া,GUM705,23.148134,91.864858,260,0,0,0,0,0,0,0,0,0,0,0,0,0,0,0,0,,,,
1320,Bangladesh,Chattogram,Khagrachhari,Matiranga,Gumti,07,,,,Uday Kumar Para,উদয় কুমার পাড়া,GUM706,23.134918,91.870679,150,0,0,0,0,0,0,0,0,0,0,0,0,0,0,0,0,,,,
1321,Bangladesh,Chattogram,Khagrachhari,Matiranga,Gumti,08,,,,Kalinga Para,কলিঙ্গ পাড়া,GUM801,23.149735,91.878251,90,0,0,0,0,0,0,0,0,0,0,0,0,0,0,0,0,,,,
1322,Bangladesh,Chattogram,Khagrachhari,Matiranga,Gumti,08,,,,Kewa Para,কেওয়া পাড়া,GUM802,23.143465,91.884029,35,0,0,0,0,0,0,0,0,0,0,0,0,0,0,0,0,,,,
1323,Bangladesh,Chattogram,Khagrachhari,Matiranga,Gumti,08,,,,Lalindra Para,ললিন্দ্র পাড়া,GUM803,23.135596,91.888879,50,0,0,0,0,0,0,0,0,0,0,0,0,0,0,0,0,,,,
1324,Bangladesh,Chattogram,Khagrachhari,Matiranga,Gumti,08,,,,Behadanto Para,বেহাদান্ত পাড়া,GUM804,23.125282,91.895072,180,0,0,0,0,0,0,0,0,0,0,0,0,0,0,0,0,,,,
1325,Bangladesh,Chattogram,Khagrachhari,Matiranga,Gumti,08,,,,Galamoni Para,গালামনি পাড়া,GUM805,23.126217,91.874597,250,0,0,0,0,0,0,0,0,0,0,0,0,0,0,0,0,,,,
1326,Bangladesh,Chattogram,Khagrachhari,Matiranga,Gumti,08,,,,Tarani Para,তরণী পাড়া,GUM806,23.129405,91.872166,35,0,0,0,0,0,0,0,0,0,0,0,0,0,0,0,0,,,,
1327,Bangladesh,Chattogram,Khagrachhari,Matiranga,Gumti,08,,,,Mamtaj Sawdagor Para,মমতাজ সওদাগর পাড়া,GUM807,23.130196,91.872929,32,0,0,0,0,0,0,0,0,0,0,0,0,0,0,0,0,,,,
1328,Bangladesh,Chattogram,Khagrachhari,Matiranga,Gumti,08,,,,Ansar Ali Para,আনসার আলী পাড়া,GUM808,23.129581,91.866763,72,0,0,0,0,0,0,0,0,0,0,0,0,0,0,0,0,,,,
1329,Bangladesh,Chattogram,Khagrachhari,Matiranga,Gumti,08,,,,Abukha Para,আবুখা পাড়া,GUM809,23.125558,91.868399,100,0,0,0,0,0,0,0,0,0,0,0,0,0,0,0,0,,,,
1330,Bangladesh,Chattogram,Khagrachhari,Matiranga,Gumti,09,,,,Kanchkau Para,কাঁচকাউ পাড়া,GUM901,23.151833,91.885461,225,0,0,0,0,0,0,0,0,0,0,0,0,0,0,0,0,,,,
1331,Bangladesh,Chattogram,Khagrachhari,Matiranga,Gumti,09,,,,Haza Para,হাজা পাড়া,GUM902,23.151703,91.909349,450,0,0,0,0,0,0,0,0,0,0,0,0,0,0,0,0,,,,
1332,Bangladesh,Chattogram,Khagrachhari,Matiranga,Gumti,09,,,,Bhangamura-1,ভাঙ্গামুড়া-১,GUM903,23.138365,91.919421,135,0,0,0,0,0,0,0,0,0,0,0,0,0,0,0,0,,,,
1333,Bangladesh,Chattogram,Khagrachhari,Matiranga,Gumti,09,,,,Bhangamura-2,ভাঙ্গামুড়া-২,GUM904,23.134774,91.925324,220,0,0,0,0,0,0,0,0,0,0,0,0,0,0,0,0,,,,
1334,Bangladesh,Chattogram,Khagrachhari,Matiranga,Gumti,09,,,,Khada Para,খাদা পাড়া,GUM905,23.124195,91.90867,165,0,0,0,0,0,0,0,0,0,0,0,0,0,0,0,0,,,,
1335,Bangladesh,Chattogram,Khagrachhari,Matiranga,Gumti,09,,,,Rangajala Para,রঙ্গজালা পাড়া,GUM906,23.125152,91.920714,125,0,0,0,0,0,0,0,0,0,0,0,0,0,0,0,0,,,,
1336,Bangladesh,Chattogram,Khagrachhari,Matiranga,Gumti,09,,,,Bumungkarai Para,বুমুংকরই পাড়া,GUM907,23.13175,91.897664,110,0,0,0,0,0,0,0,0,0,0,0,0,0,0,0,0,,,,
1337,Bangladesh,Chattogram,Khagrachhari,Matiranga,Gumti,09,,,,Gokul Mani Para,গকুল মনি পাড়া,GUM908,23.13609,91.894871,135,0,0,0,0,0,0,0,0,0,0,0,0,0,0,0,0,,,,
1338,Bangladesh,Chattogram,Khagrachhari,Matiranga,Gumti,09,,,,Gokul Mani Natun Para,গকুল মনি নতুন পাড়া,GUM909,23.14131,91.902187,330,0,0,0,0,0,0,0,0,0,0,0,0,0,0,0,0,,,,
1339,Bangladesh,Chattogram,Khagrachhari,Matiranga,Gumti,09,,,,Gokul Mani BGB Camp,গকুল মনি বিজিবি ক্যাম্প,GUM910,23.142747,91.893312,32,0,0,0,0,0,0,0,0,0,0,0,0,0,0,0,0,,,,
1340,Bangladesh,Chattogram,Khagrachhari,Matiranga,Gumti,09,,,,Tarani Para,তরণী পাড়া,GUM911,23.144185,91.8872,110,0,0,0,0,0,0,0,0,0,0,0,0,0,0,0,0,,,,
1341,Bangladesh,Chattogram,Khagrachhari,Matiranga,Matiranga,01,,,,Daldali Chandrapurna Karbari Para,দলদলী চন্দ্রপূর্ণ কারবারি পাড়া,MAA101,23.035042,91.921577,286,0,0,0,0,0,0,0,0,0,0,0,0,0,0,0,0,,,,
1342,Bangladesh,Chattogram,Khagrachhari,Matiranga,Matiranga,01,,,,Haripurna Karbari Para,হরিপূর্ণ কারবারি পাড়া,MAA102,23.029221,91.934778,355,0,0,0,0,0,0,0,0,0,0,0,0,0,0,0,0,,,,
1343,Bangladesh,Chattogram,Khagrachhari,Matiranga,Matiranga,01,,,,Taikatang Ramananda Headman Para,তৈকাতাং রামানন্দ হেডম্যান পাড়া,MAA103,23.038665,91.933515,512,0,0,0,0,0,0,0,0,0,0,0,0,0,0,0,0,,,,
1344,Bangladesh,Chattogram,Khagrachhari,Matiranga,Matiranga,01,,,,Hetendra Karbari Para,হেতেন্দ্র কারবারি পাড়া,MAA104,23.034796,91.931783,32,0,0,0,0,0,0,0,0,0,0,0,0,0,0,0,0,,,,
1345,Bangladesh,Chattogram,Khagrachhari,Matiranga,Matiranga,01,,,,Narayan Sen Karbari Para,নারায়ণ সেন কারবারি পাড়া,MAA105,23.044996,91.932871,107,0,0,0,0,0,0,0,0,0,0,0,0,0,0,0,0,,,,
1346,Bangladesh,Chattogram,Khagrachhari,Matiranga,Matiranga,01,,,,Hayachandra Karbari Para,হয়াচন্দ্র কারবারি পাড়া,MAA106,23.04286,91.927756,14,0,0,0,0,0,0,0,0,0,0,0,0,0,0,0,0,,,,
1347,Bangladesh,Chattogram,Khagrachhari,Matiranga,Matiranga,01,,,,Hari Kumar Para,হরি কুমার পাড়া,MAA107,23.050199,91.925419,93,0,0,0,0,0,0,0,0,0,0,0,0,0,0,0,0,,,,
1348,Bangladesh,Chattogram,Khagrachhari,Matiranga,Matiranga,01,,,,Kappara,কাপপাড়া,MAA108,23.052788,91.947848,222,0,0,0,0,0,0,0,0,0,0,0,0,0,0,0,0,,,,
1349,Bangladesh,Chattogram,Khagrachhari,Matiranga,Matiranga,01,,,,Taikatang Para,তৈকাতাং পাড়া,MAA109,23.049005,91.928086,52,0,0,0,0,0,0,0,0,0,0,0,0,0,0,0,0,,,,
1350,Bangladesh,Chattogram,Khagrachhari,Matiranga,Matiranga,01,,,,Thapaipara,থাপৈইপাড়া,MAA110,23.055042,91.935506,79,0,0,0,0,0,0,0,0,0,0,0,0,0,0,0,0,,,,
1351,Bangladesh,Chattogram,Khagrachhari,Matiranga,Matiranga,01,,,,Taikatang Army Camp,তৈকাতাং আর্মি ক্যাম্প,MAA111,23.034118,91.917187,45,0,0,0,0,0,0,0,0,0,0,0,0,0,0,0,0,,,,
1352,Bangladesh,Chattogram,Khagrachhari,Matiranga,Matiranga,02,,,,Alutila Hridoy Member Para,আলুটিলা হ্রদয় মেম্বার পাড়া,MAA201,23.081031,91.943757,125,0,0,0,0,0,0,0,0,0,0,0,0,0,0,0,0,,,,
1353,Bangladesh,Chattogram,Khagrachhari,Matiranga,Matiranga,02,,,,Jharna Para,ঝর্না পাড়া,MAA202,23.073828,91.942084,261,0,0,0,0,0,0,0,0,0,0,0,0,0,0,0,0,,,,
1354,Bangladesh,Chattogram,Khagrachhari,Matiranga,Matiranga,02,,,,Hachuk Para,হাচৌক পাড়া,MAA203,23.063742,91.931381,222,0,0,0,0,0,0,0,0,0,0,0,0,0,0,0,0,,,,
1355,Bangladesh,Chattogram,Khagrachhari,Matiranga,Matiranga,02,,,,Jumia Punarbasan Para,জুমিয়া পুনর্বাসন পাড়া,MAA204,23.090606,91.946351,425,0,0,0,0,0,0,0,0,0,0,0,0,0,0,0,0,,,,
1356,Bangladesh,Chattogram,Khagrachhari,Matiranga,Matiranga,02,,,,Chouddakhar Para,চৌদ্দখর পাড়া,MAA205,23.100424,91.934242,175,0,0,0,0,0,0,0,0,0,0,0,0,0,0,0,0,,,,
1357,Bangladesh,Chattogram,Khagrachhari,Matiranga,Matiranga,02,,,,Khedapara,খেদাপাড়া,MAA206,23.074998,91.955818,55,0,0,0,0,0,0,0,0,0,0,0,0,0,0,0,0,,,,
1358,Bangladesh,Chattogram,Khagrachhari,Matiranga,Matiranga,02,,,,Dhalia Hajapara,ধলিয়া হাজাপাড়া,MAA207,23.060017,91.955619,110,0,0,0,0,0,0,0,0,0,0,0,0,0,0,0,0,,,,
1359,Bangladesh,Chattogram,Khagrachhari,Matiranga,Matiranga,02,,,,Kamalcharan Karbari Para,কমলচরণ কারবারি পাড়া,MAA208,23.059715,91.95882,35,0,0,0,0,0,0,0,0,0,0,0,0,0,0,0,0,,,,
1360,Bangladesh,Chattogram,Khagrachhari,Matiranga,Matiranga,02,,,,Beraichandra Karbari Para,বেরাইচন্দ্র কারবারি পাড়া,MAA209,23.055124,91.962575,30,0,0,0,0,0,0,0,0,0,0,0,0,0,0,0,0,,,,
1361,Bangladesh,Chattogram,Khagrachhari,Matiranga,Matiranga,02,,,,Alutila Army Camp,আলুটিলা আর্মি ক্যাম্প,MAA210,23.080139,91.956326,40,0,0,0,0,0,0,0,0,0,0,0,0,0,0,0,0,,,,
1362,Bangladesh,Chattogram,Khagrachhari,Matiranga,Matiranga,02,,,,Alutila Parzatan Pahar,আলুটিলা পর্যটন পাড়া,MAA211,23.083587,91.955132,52,0,0,0,0,0,0,0,0,0,0,0,0,0,0,0,0,,,,
1363,Bangladesh,Chattogram,Khagrachhari,Matiranga,Matiranga,03,,,,Bireandra Karbari Para,বীরেন্দ্র কারবারি পাড়া,MAA301,23.053588,91.916409,260,0,0,0,0,0,0,0,0,0,0,0,0,0,0,0,0,,,,
1364,Bangladesh,Chattogram,Khagrachhari,Matiranga,Matiranga,03,,,,Kul Para,কুল পাড়া,MAA302,23.057842,91.913947,128,0,0,0,0,0,0,0,0,0,0,0,0,0,0,0,0,,,,
1365,Bangladesh,Chattogram,Khagrachhari,Matiranga,Matiranga,03,,,,Tapta Master Para,তপ্ত মাস্টার পাড়া,MAA303,23.060896,91.903627,170,0,0,0,0,0,0,0,0,0,0,0,0,0,0,0,0,,,,
1366,Bangladesh,Chattogram,Khagrachhari,Matiranga,Matiranga,03,,,,Daya Headman Para,দয়া হেডম্যান পাড়া,MAA304,23.059679,91.901911,200,0,0,0,0,0,0,0,0,0,0,0,0,0,0,0,0,,,,
1367,Bangladesh,Chattogram,Khagrachhari,Matiranga,Matiranga,03,,,,Dharani Karbari Para,ধরনী কারবারি পাড়া,MAA305,23.055682,91.900554,200,0,0,0,0,0,0,0,0,0,0,0,0,0,0,0,0,,,,
1368,Bangladesh,Chattogram,Khagrachhari,Matiranga,Matiranga,03,,,,Kanthalpara,কাঁঠালপাড়া,MAA306,23.047665,91.899643,170,0,0,0,0,0,0,0,0,0,0,0,0,0,0,0,0,,,,
1369,Bangladesh,Chattogram,Khagrachhari,Matiranga,Matiranga,03,,,,Digendra Karbari Para,দিগেন্দ্র কারবারি পাড়া,MAA307,23.043697,91.891807,60,0,0,0,0,0,0,0,0,0,0,0,0,0,0,0,0,,,,
1370,Bangladesh,Chattogram,Khagrachhari,Matiranga,Matiranga,04,,,,Byangamara Para,ব্যাঙমারা পাড়া,MAA401,23.074221,91.907403,350,0,0,0,0,0,0,0,0,0,0,0,0,0,0,0,0,,,,
1371,Bangladesh,Chattogram,Khagrachhari,Matiranga,Matiranga,04,,,,Ashutosh Karbari Para,আশুতোষ কারবারি পাড়া,MAA402,23.066515,91.907714,250,0,0,0,0,0,0,0,0,0,0,0,0,0,0,0,0,,,,
1372,Bangladesh,Chattogram,Khagrachhari,Matiranga,Matiranga,04,,,,Khela Kumar Para,খেলা কুমার পাড়া,MAA403,23.090492,91.908078,230,0,0,0,0,0,0,0,0,0,0,0,0,0,0,0,0,,,,
1373,Bangladesh,Chattogram,Khagrachhari,Matiranga,Matiranga,04,,,,Ichachhara Para,ইছাছড়া পাড়া,MAA404,23.07333,91.898023,280,0,0,0,0,0,0,0,0,0,0,0,0,0,0,0,0,,,,
1374,Bangladesh,Chattogram,Khagrachhari,Matiranga,Matiranga,04,,,,Ichachhara Muslim Para,ইছাছড়া মুসলিম পাড়া,MAA405,23.075758,91.889667,360,0,0,0,0,0,0,0,0,0,0,0,0,0,0,0,0,,,,
1375,Bangladesh,Chattogram,Khagrachhari,Matiranga,Matiranga,04,,,,Doulchhari Para,দৌলছড়ি পাড়া,MAA406,23.08891,91.921117,170,0,0,0,0,0,0,0,0,0,0,0,0,0,0,0,0,,,,
1376,Bangladesh,Chattogram,Khagrachhari,Matiranga,Matiranga,04,,,,Sapmara Para,সাপমারা পাড়া,MAA407,23.078144,91.918071,150,0,0,0,0,0,0,0,0,0,0,0,0,0,0,0,0,,,,
1377,Bangladesh,Chattogram,Khagrachhari,Matiranga,Matiranga,04,,,,Jumia Para,জুমিয়া পাড়া,MAA408,23.066593,91.922496,90,0,0,0,0,0,0,0,0,0,0,0,0,0,0,0,0,,,,
1378,Bangladesh,Chattogram,Khagrachhari,Matiranga,Matiranga,04,,,,Ramdayal Para,রামদয়াল পাড়া,MAA409,23.06772,91.912414,230,0,0,0,0,0,0,0,0,0,0,0,0,0,0,0,0,,,,
1379,Bangladesh,Chattogram,Khagrachhari,Matiranga,Matiranga,04,,,,Sapmara Army Camp,সাপমারা আর্মি পাড়া,MAA410,23.068747,91.904366,35,0,0,0,0,0,0,0,0,0,0,0,0,0,0,0,0,,,,
1380,Bangladesh,Chattogram,Khagrachhari,Matiranga,Matiranga,05,,,,Brajendra Karbari Para,ব্রজেন্দ্র কারবারি পাড়া,MAA501,23.06301,91.824647,650,0,0,0,0,0,0,0,0,0,0,0,0,0,0,0,0,,,,
1381,Bangladesh,Chattogram,Khagrachhari,Matiranga,Matiranga,05,,,,Lambachhara Para,লম্বাছড়া পাড়া,MAA502,23.06677,91.837261,220,0,0,0,0,0,0,0,0,0,0,0,0,0,0,0,0,,,,
1382,Bangladesh,Chattogram,Khagrachhari,Matiranga,Matiranga,05,,,,Ajodhya BGB Camp,অযোধ্যা বিজিবি ক্যাম্প,MAA503,23.074742,91.820417,50,0,0,0,0,0,0,0,0,0,0,0,0,0,0,0,0,,,,
1383,Bangladesh,Chattogram,Khagrachhari,Matiranga,Matiranga,06,,,,DP Para,ডিপি পাড়া,MAA601,23.016068,91.862522,150,0,0,0,0,0,0,0,0,0,0,0,0,0,0,0,0,,,,
1384,Bangladesh,Chattogram,Khagrachhari,Matiranga,Matiranga,06,,,,Rengkhung Para,রেংখুং পাড়া,MAA602,23.014084,91.8499,450,0,0,0,0,0,0,0,0,0,0,0,0,0,0,0,0,,,,
1385,Bangladesh,Chattogram,Khagrachhari,Matiranga,Matiranga,06,,,,Bazar Chowdhury Para,বাজার চৌধুরী পাড়া,MAA603,23.037934,91.856951,170,0,0,0,0,0,0,0,0,0,0,0,0,0,0,0,0,,,,
1386,Bangladesh,Chattogram,Khagrachhari,Matiranga,Matiranga,06,,,,Headman Para,হেডম্যান পাড়া,MAA604,23.04318,91.856313,160,0,0,0,0,0,0,0,0,0,0,0,0,0,0,0,0,,,,
1387,Bangladesh,Chattogram,Khagrachhari,Matiranga,Matiranga,06,,,,Gaganchandra Karbari Para,গগনচন্দ্র কারবারি পাড়া,MAA605,23.04525,91.844542,200,0,0,0,0,0,0,0,0,0,0,0,0,0,0,0,0,,,,
1388,Bangladesh,Chattogram,Khagrachhari,Matiranga,Matiranga,06,,,,2 No. Rubber Bagan,২ নং রাবার বাগান,MAA606,23.046113,91.841371,250,0,0,0,0,0,0,0,0,0,0,0,0,0,0,0,0,,,,
1389,Bangladesh,Chattogram,Khagrachhari,Matiranga,Matiranga,06,,,,1 No. Rubber Bagan,১ নং রাবার বাগান,MAA607,23.042368,91.846846,250,0,0,0,0,0,0,0,0,0,0,0,0,0,0,0,0,,,,
1390,Bangladesh,Chattogram,Khagrachhari,Matiranga,Matiranga,06,,,,Chakra Para,চক্র পাড়া,MAA608,23.032813,91.860949,30,0,0,0,0,0,0,0,0,0,0,0,0,0,0,0,0,,,,
1391,Bangladesh,Chattogram,Khagrachhari,Matiranga,Matiranga,07,,,,Gokul Para,গকুল পাড়া,MAA701,23.050356,91.822923,175,0,0,0,0,0,0,0,0,0,0,0,0,0,0,0,0,,,,
1392,Bangladesh,Chattogram,Khagrachhari,Matiranga,Matiranga,07,,,,Chichak Para,ছিচক পাড়া,MAA702,23.054281,91.825809,225,0,0,0,0,0,0,0,0,0,0,0,0,0,0,0,0,,,,
1393,Bangladesh,Chattogram,Khagrachhari,Matiranga,Matiranga,07,,,,Hadok Para,হাদোক পাড়া,MAA703,23.041163,91.805985,200,0,0,0,0,0,0,0,0,0,0,0,0,0,0,0,0,,,,
1394,Bangladesh,Chattogram,Khagrachhari,Matiranga,Matiranga,07,,,,Saday Para,সদায় পাড়া,MAA704,23.050013,91.831694,130,0,0,0,0,0,0,0,0,0,0,0,0,0,0,0,0,,,,
1395,Bangladesh,Chattogram,Khagrachhari,Matiranga,Matiranga,07,,,,Dhantiram Para,ধন্তিরাম পাড়া,MAA705,23.052766,91.831706,145,0,0,0,0,0,0,0,0,0,0,0,0,0,0,0,0,,,,
1396,Bangladesh,Chattogram,Khagrachhari,Matiranga,Matiranga,07,,,,3 No. Rubber Bagan Para,৩ নং রাবার বাগান পাড়া,MAA706,23.045357,91.831481,105,0,0,0,0,0,0,0,0,0,0,0,0,0,0,0,0,,,,
1397,Bangladesh,Chattogram,Khagrachhari,Matiranga,Matiranga,07,,,,Thangtung Para,থাংতুং পাড়া,MAA707,23.0363,91.826981,250,0,0,0,0,0,0,0,0,0,0,0,0,0,0,0,0,,,,
1398,Bangladesh,Chattogram,Khagrachhari,Matiranga,Matiranga,07,,,,4 No. Rubber Bagan Para,৪ নং রাবার বাগান পাড়া,MAA708,23.034005,91.835547,300,0,0,0,0,0,0,0,0,0,0,0,0,0,0,0,0,,,,
1399,Bangladesh,Chattogram,Khagrachhari,Matiranga,Matiranga,07,,,,Kailashingpara,কাইলাংশিপাড়া,MAA709,23.029153,91.845823,200,0,0,0,0,0,0,0,0,0,0,0,0,0,0,0,0,,,,
1400,Bangladesh,Chattogram,Khagrachhari,Matiranga,Matiranga,07,,,,Munsipara,মুন্সীপাড়া,MAA710,23.02847,91.834506,125,0,0,0,0,0,0,0,0,0,0,0,0,0,0,0,0,,,,
1401,Bangladesh,Chattogram,Khagrachhari,Matiranga,Matiranga,07,,,,Chilok Para,চিলোক পাড়া,MAA711,23.018704,91.83728,105,0,0,0,0,0,0,0,0,0,0,0,0,0,0,0,0,,,,
1402,Bangladesh,Chattogram,Khagrachhari,Matiranga,Matiranga,07,,,,Bil Para,বিল পাড়া,MAA712,23.011027,91.83927,210,0,0,0,0,0,0,0,0,0,0,0,0,0,0,0,0,,,,
1403,Bangladesh,Chattogram,Khagrachhari,Matiranga,Matiranga,07,,,,Chichak Bari Army Camp,ছিচক বাড়ি আর্মি ক্যাম্প,MAA713,23.054975,91.824706,45,0,0,0,0,0,0,0,0,0,0,0,0,0,0,0,0,,,,
1404,Bangladesh,Chattogram,Khagrachhari,Matiranga,Matiranga,08,,,,Dhaniram Para,ধনিরাম পাড়া,MAA801,23.033304,91.783664,250,0,0,0,0,0,0,0,0,0,0,0,0,0,0,0,0,,,,
1405,Bangladesh,Chattogram,Khagrachhari,Matiranga,Matiranga,08,,,,Mach Para,মাছ পাড়া,MAA802,23.027192,91.787422,240,0,0,0,0,0,0,0,0,0,0,0,0,0,0,0,0,,,,
1406,Bangladesh,Chattogram,Khagrachhari,Matiranga,Matiranga,08,,,,Rastachhara Para,রাস্তাছড়া পাড়া,MAA803,23.024193,91.790389,125,0,0,0,0,0,0,0,0,0,0,0,0,0,0,0,0,,,,
1407,Bangladesh,Chattogram,Khagrachhari,Matiranga,Matiranga,08,,,,Lakkhichhara Para,লক্ষীছড়া পাড়া,MAA804,23.045512,91.787404,200,0,0,0,0,0,0,0,0,0,0,0,0,0,0,0,0,,,,
1408,Bangladesh,Chattogram,Khagrachhari,Matiranga,Matiranga,08,,,,Jamini Para,যামিনী পাড়া,MAA805,23.049265,91.784863,190,0,0,0,0,0,0,0,0,0,0,0,0,0,0,0,0,,,,
1409,Bangladesh,Chattogram,Khagrachhari,Matiranga,Matiranga,08,,,,Sadiapara,সাদিয়াপাড়া,MAA806,23.060026,91.782444,190,0,0,0,0,0,0,0,0,0,0,0,0,0,0,0,0,,,,
1410,Bangladesh,Chattogram,Khagrachhari,Matiranga,Matiranga,08,,,,Chaltachhara Para,চালতাছড়া পাড়া,MAA807,23.061661,91.797552,130,0,0,0,0,0,0,0,0,0,0,0,0,0,0,0,0,,,,
1411,Bangladesh,Chattogram,Khagrachhari,Matiranga,Matiranga,08,,,,Lakkhichhara BGB Camp,লক্ষীছড়া বিজিবি ক্যাম্প,MAA808,23.040503,91.784636,26,0,0,0,0,0,0,0,0,0,0,0,0,0,0,0,0,,,,
1412,Bangladesh,Chattogram,Khagrachhari,Matiranga,Matiranga,08,,,,Sadiapara BGB Camp,সাদিয়াপাড়া বিজিবি ক্যাম্প,MAA809,23.062222,91.779707,25,0,0,0,0,0,0,0,0,0,0,0,0,0,0,0,0,,,,
1413,Bangladesh,Chattogram,Khagrachhari,Matiranga,Matiranga,08,,,,Chaltachhara BGB Camp,চালতাছড়া বিজিবি ক্যাম্প,MAA810,23.060849,91.796265,26,0,0,0,0,0,0,0,0,0,0,0,0,0,0,0,0,,,,
1414,Bangladesh,Chattogram,Khagrachhari,Matiranga,Matiranga,09,,,,Nilanga Headman Para,নীলাঙ্গ হেডম্যান পাড়া,MAA901,22.999703,91.837466,270,0,0,0,0,0,0,0,0,0,0,0,0,0,0,0,0,,,,
1415,Bangladesh,Chattogram,Khagrachhari,Matiranga,Matiranga,09,,,,Jatin Para,যতিন পাড়া,MAA902,22.999185,91.82638,85,0,0,0,0,0,0,0,0,0,0,0,0,0,0,0,0,,,,
1416,Bangladesh,Chattogram,Khagrachhari,Matiranga,Matiranga,09,,,,Jarichandra Para,জরিচন্দ্র পাড়া,MAA903,23.003419,91.821707,150,0,0,0,0,0,0,0,0,0,0,0,0,0,0,0,0,,,,
1417,Bangladesh,Chattogram,Khagrachhari,Matiranga,Matiranga,09,,,,Chaksripara,চাকশ্রীপাড়া,MAA904,22.986177,91.823498,85,0,0,0,0,0,0,0,0,0,0,0,0,0,0,0,0,,,,
1418,Bangladesh,Chattogram,Khagrachhari,Matiranga,Matiranga,09,,,,Dinabandhupara,দ্বীনবন্ধুপাড়া,MAA905,22.988826,91.814098,180,0,0,0,0,0,0,0,0,0,0,0,0,0,0,0,0,,,,
1419,Bangladesh,Chattogram,Khagrachhari,Matiranga,Matiranga,09,,,,Dhamaipara,ধামাইপাড়া,MAA906,22.987893,91.805248,220,0,0,0,0,0,0,0,0,0,0,0,0,0,0,0,0,,,,
1420,Bangladesh,Chattogram,Khagrachhari,Matiranga,Matiranga,09,,,,Taisakatang Para,তৈছাকাতাং পাড়া,MAA907,23.014876,91.789559,50,0,0,0,0,0,0,0,0,0,0,0,0,0,0,0,0,,,,
1421,Bangladesh,Chattogram,Khagrachhari,Matiranga,Matiranga,09,,,,Hazachhara Para,হাজাছড়া পাড়া,MAA908,22.995366,91.806092,65,0,0,0,0,0,0,0,0,0,0,0,0,0,0,0,0,,,,
1422,Bangladesh,Chattogram,Khagrachhari,Matiranga,Matiranga,09,,,,Majra Para,মাজরা পাড়া,MAA909,23.021117,91.790557,55,0,0,0,0,0,0,0,0,0,0,0,0,0,0,0,0,,,,
1423,Bangladesh,Chattogram,Khagrachhari,Matiranga,Matiranga,09,,,,Shraban Chandra Karbari Para,শ্রাবণ চন্দ্র কারবারি পাড়া,MAA910,23.008683,91.799558,200,0,0,0,0,0,0,0,0,0,0,0,0,0,0,0,0,,,,
1424,Bangladesh,Chattogram,Khagrachhari,Matiranga,Matiranga,09,,,,Garjantila Para,গর্জনটিলা পাড়া,MAA911,23.023865,91.78278,60,0,0,0,0,0,0,0,0,0,0,0,0,0,0,0,0,,,,
1425,Bangladesh,Chattogram,Khagrachhari,Matiranga,Matiranga,09,,,,Rupasing Para,রূপাসিং পাড়া,MAA912,23.01931,91.823939,80,0,0,0,0,0,0,0,0,0,0,0,0,0,0,0,0,,,,
1426,Bangladesh,Chattogram,Khagrachhari,Matiranga,Matiranga,09,,,,Pashuramghat Army Camp,পশুরামঘাট আর্মি ক্যাম্প,MAA913,22.993373,91.836913,40,0,0,0,0,0,0,0,0,0,0,0,0,0,0,0,0,,,,
1427,Bangladesh,Chattogram,Khagrachhari,Matiranga,Matiranga,09,,,,Narchandra Karbari Para,নরচন্দ্র কারবারি পাড়া,MAA914,22.997616,91.844449,40,0,0,0,0,0,0,0,0,0,0,0,0,0,0,0,0,,,,
1428,Bangladesh,Chattogram,Khagrachhari,Matiranga,Matiranga Pourasabha,01,,,,10 No. Muslimpur,১০ নং মুসলিমপুর,MAT101,23.06353,91.89643,444,0,0,0,0,0,0,0,0,0,0,0,0,0,0,0,0,,,,
1429,Bangladesh,Chattogram,Khagrachhari,Matiranga,Matiranga Pourasabha,01,,,,Ichachhara,ইছাছড়া,MAT102,23.068987,91.892019,96,0,0,0,0,0,0,0,0,0,0,0,0,0,0,0,0,,,,
1430,Bangladesh,Chattogram,Khagrachhari,Matiranga,Matiranga Pourasabha,01,,,,Battali Para,বটতলী পাড়া,MAT103,23.07559,91.883919,556,0,0,0,0,0,0,0,0,0,0,0,0,0,0,0,0,,,,
1431,Bangladesh,Chattogram,Khagrachhari,Matiranga,Matiranga Pourasabha,01,,,,Munsipara,মুন্সীপাড়া,MAT104,23.076169,91.881057,264,0,0,0,0,0,0,0,0,0,0,0,0,0,0,0,0,,,,
1432,Bangladesh,Chattogram,Khagrachhari,Matiranga,Matiranga Pourasabha,01,,,,Gaji Nagar,গাজী নগর,MAT105,23.078226,91.87807,384,0,0,0,0,0,0,0,0,0,0,0,0,0,0,0,0,,,,
1433,Bangladesh,Chattogram,Khagrachhari,Matiranga,Matiranga Pourasabha,01,,,,Jumma Para,জুম্মা পাড়া,MAT106,23.074072,91.875852,436,0,0,0,0,0,0,0,0,0,0,0,0,0,0,0,0,,,,
1434,Bangladesh,Chattogram,Khagrachhari,Matiranga,Matiranga Pourasabha,01,,,,10 No. Chakma Para,১০ নং চাকমা পাড়া,MAT107,23.06558,91.902989,100,0,0,0,0,0,0,0,0,0,0,0,0,0,0,0,0,,,,
1435,Bangladesh,Chattogram,Khagrachhari,Matiranga,Matiranga Pourasabha,01,,,,Kalichandra Para,কলিচন্দ্র পাড়া,MAT108,23.079206,91.87592,116,0,0,0,0,0,0,0,0,0,0,0,0,0,0,0,0,,,,
1436,Bangladesh,Chattogram,Khagrachhari,Matiranga,Matiranga Pourasabha,01,,,,Oli Mohan Para,অলি মোহন পাড়া,MAT109,23.057121,91.896626,60,0,0,0,0,0,0,0,0,0,0,0,0,0,0,0,0,,,,
1437,Bangladesh,Chattogram,Khagrachhari,Matiranga,Matiranga Pourasabha,02,,,,Natun Para,নতুন পাড়া,MAT201,23.048315,91.885258,2664,0,0,0,0,0,0,0,0,0,0,0,0,0,0,0,0,,,,
1438,Bangladesh,Chattogram,Khagrachhari,Matiranga,Matiranga Pourasabha,02,,,,Kamini Member Para,কামিনী মেম্বার পাড়া,MAT202,23.046742,91.889288,180,0,0,0,0,0,0,0,0,0,0,0,0,0,0,0,0,,,,
1439,Bangladesh,Chattogram,Khagrachhari,Matiranga,Matiranga Pourasabha,02,,,,Nabaray Para,নবরায় পাড়া,MAT203,23.041719,91.887628,320,0,0,0,0,0,0,0,0,0,0,0,0,0,0,0,0,,,,
1440,Bangladesh,Chattogram,Khagrachhari,Matiranga,Matiranga Pourasabha,02,,,,10 No. Islampur,১০ নং ইসলামপুর,MAT204,23.055178,91.892092,480,0,0,0,0,0,0,0,0,0,0,0,0,0,0,0,0,,,,
1441,Bangladesh,Chattogram,Khagrachhari,Matiranga,Matiranga Pourasabha,02,,,,Nabinagar,নবীনগর,MAT205,23.049054,91.878126,880,0,0,0,0,0,0,0,0,0,0,0,0,0,0,0,0,,,,
1442,Bangladesh,Chattogram,Khagrachhari,Matiranga,Matiranga Pourasabha,02,,,,Durga Bari Ansar Battalion Camp,দুর্গা বাড়ি আনসার ব্যাটালিয়ন ক্যাম্প,MAT206,23.050635,91.8898,40,0,0,0,0,0,0,0,0,0,0,0,0,0,0,0,0,,,,
1443,Bangladesh,Chattogram,Khagrachhari,Matiranga,Matiranga Pourasabha,03,,,,Kazi Para,কাজী পাড়া,MAT301,23.05171,91.871396,1040,0,0,0,0,0,0,0,0,0,0,0,0,0,0,0,0,,,,
1444,Bangladesh,Chattogram,Khagrachhari,Matiranga,Matiranga Pourasabha,03,,,,Purba Kazi Para,পূর্ব কাজী পাড়া,MAT302,23.052509,91.875844,240,0,0,0,0,0,0,0,0,0,0,0,0,0,0,0,0,,,,
1445,Bangladesh,Chattogram,Khagrachhari,Matiranga,Matiranga Pourasabha,03,,,,Kanto Karbari Para (Chakma Para),কান্ত কারবারি পাড়া (চাকমা পাড়া),MAT303,23.0566,91.879444,160,0,0,0,0,0,0,0,0,0,0,0,0,0,0,0,0,,,,
1446,Bangladesh,Chattogram,Khagrachhari,Matiranga,Matiranga Pourasabha,03,,,,Nabinagar,নবীনগর,MAT304,23.048389,91.875423,120,0,0,0,0,0,0,0,0,0,0,0,0,0,0,0,0,,,,
1447,Bangladesh,Chattogram,Khagrachhari,Matiranga,Matiranga Pourasabha,03,,,,Hatia Para,হাতিয়া পাড়া,MAT305,23.065416,91.875631,708,0,0,0,0,0,0,0,0,0,0,0,0,0,0,0,0,,,,
1448,Bangladesh,Chattogram,Khagrachhari,Matiranga,Matiranga Pourasabha,03,,,,Dakkhin Hatia Para,দক্ষিণ হাতিয়া পাড়া,MAT306,23.057522,91.875135,300,0,0,0,0,0,0,0,0,0,0,0,0,0,0,0,0,,,,
1449,Bangladesh,Chattogram,Khagrachhari,Matiranga,Matiranga Pourasabha,04,,,,Islamnagar,ইসলামনগর,MAT401,23.056004,91.847867,660,0,0,0,0,0,0,0,0,0,0,0,0,0,0,0,0,,,,
1450,Bangladesh,Chattogram,Khagrachhari,Matiranga,Matiranga Pourasabha,04,,,,Ramij Kerani Para,রমিজ কেরানী পাড়া,MAT402,23.049842,91.853479,670,0,0,0,0,0,0,0,0,0,0,0,0,0,0,0,0,,,,
1451,Bangladesh,Chattogram,Khagrachhari,Matiranga,Matiranga Pourasabha,04,,,,Farid Dealer Para,ফরিদ ডিলার পাড়া,MAT403,23.047624,91.862532,520,0,0,0,0,0,0,0,0,0,0,0,0,0,0,0,0,,,,
1452,Bangladesh,Chattogram,Khagrachhari,Matiranga,Matiranga Pourasabha,04,,,,Adarsha Gram Madhya Para,আদর্শ গ্রাম মধ্য পাড়া,MAT404,23.048427,91.866344,380,0,0,0,0,0,0,0,0,0,0,0,0,0,0,0,0,,,,
1453,Bangladesh,Chattogram,Khagrachhari,Matiranga,Matiranga Pourasabha,04,,,,Azam Ray Para (Shahsi Karbari Para),আজম রায় পাড়া (শশী কারবারি পাড়া),MAT405,23.056805,91.866673,400,0,0,0,0,0,0,0,0,0,0,0,0,0,0,0,0,,,,
1454,Bangladesh,Chattogram,Khagrachhari,Matiranga,Matiranga Pourasabha,04,,,,Latu Leader Para,লাতু লিডার পাড়া,MAT406,23.051896,91.86418,680,0,0,0,0,0,0,0,0,0,0,0,0,0,0,0,0,,,,
1455,Bangladesh,Chattogram,Khagrachhari,Matiranga,Matiranga Pourasabha,04,,,,Chok Para,চোক পাড়া,MAT407,23.055668,91.855116,200,0,0,0,0,0,0,0,0,0,0,0,0,0,0,0,0,,,,
1456,Bangladesh,Chattogram,Khagrachhari,Matiranga,Matiranga Pourasabha,04,,,,Palashpur,পলাশপুর,MAT408,23.064936,91.861532,1200,0,0,0,0,0,0,0,0,0,0,0,0,0,0,0,0,,,,
1457,Bangladesh,Chattogram,Khagrachhari,Matiranga,Matiranga Pourasabha,04,,,,Badiram Karbari Para,বাদীরাম কারবারি পাড়া,MAT409,23.070538,91.857995,160,0,0,0,0,0,0,0,0,0,0,0,0,0,0,0,0,,,,
1458,Bangladesh,Chattogram,Khagrachhari,Matiranga,Matiranga Pourasabha,05,,,,Mangtu Chowdhury Para,মংতু চৌধুরী পাড়া,MAT501,23.038666,91.872188,312,0,0,0,0,0,0,0,0,0,0,0,0,0,0,0,0,,,,
1459,Bangladesh,Chattogram,Khagrachhari,Matiranga,Matiranga Pourasabha,05,,,,Babu Para,বাবু পাড়া,MAT502,23.040442,91.871249,220,0,0,0,0,0,0,0,0,0,0,0,0,0,0,0,0,,,,
1460,Bangladesh,Chattogram,Khagrachhari,Matiranga,Matiranga Pourasabha,05,,,,Master Para,মাস্টার পাড়া,MAT503,23.039046,91.86848,556,0,0,0,0,0,0,0,0,0,0,0,0,0,0,0,0,,,,
1461,Bangladesh,Chattogram,Khagrachhari,Matiranga,Matiranga Pourasabha,05,,,,Mandir Para,মন্দির পাড়া,MAT504,23.039217,91.872228,120,0,0,0,0,0,0,0,0,0,0,0,0,0,0,0,0,,,,
1462,Bangladesh,Chattogram,Khagrachhari,Matiranga,Matiranga Pourasabha,05,,,,Quarter Para,কোয়ার্টার পাড়া,MAT505,23.040805,91.867353,144,0,0,0,0,0,0,0,0,0,0,0,0,0,0,0,0,,,,
1463,Bangladesh,Chattogram,Khagrachhari,Matiranga,Matiranga Pourasabha,05,,,,Chairman Para,চেয়ারম্যান পাড়া,MAT506,23.042578,91.865359,308,0,0,0,0,0,0,0,0,0,0,0,0,0,0,0,0,,,,
1464,Bangladesh,Chattogram,Khagrachhari,Matiranga,Matiranga Pourasabha,05,,,,Char Para,চর পাড়া,MAT507,23.036416,91.862352,360,0,0,0,0,0,0,0,0,0,0,0,0,0,0,0,0,,,,
1465,Bangladesh,Chattogram,Khagrachhari,Matiranga,Matiranga Pourasabha,05,,,,Puran Bazar,পুরান বাজার,MAT508,23.041917,91.861153,292,0,0,0,0,0,0,0,0,0,0,0,0,0,0,0,0,,,,
1466,Bangladesh,Chattogram,Khagrachhari,Matiranga,Matiranga Pourasabha,06,,,,Matiranga Bazar Para,মাটিরাঙ্গা বাজার পাড়া,MAT601,23.042768,91.873206,300,0,0,0,0,0,0,0,0,0,0,0,0,0,0,0,0,,,,
1467,Bangladesh,Chattogram,Khagrachhari,Matiranga,Matiranga Pourasabha,06,,,,Mandir Para,মন্দির পাড়া,MAT602,23.045196,91.874038,48,0,0,0,0,0,0,0,0,0,0,0,0,0,0,0,0,,,,
1468,Bangladesh,Chattogram,Khagrachhari,Matiranga,Matiranga Pourasabha,06,,,,Matabbar Para,মাতব্বর পাড়া,MAT603,23.045827,91.876059,380,0,0,0,0,0,0,0,0,0,0,0,0,0,0,0,0,,,,
1469,Bangladesh,Chattogram,Khagrachhari,Matiranga,Matiranga Pourasabha,06,,,,T&T Tila Para,টিএন্ডটি টিলা পাড়া,MAT604,23.044281,91.872558,200,0,0,0,0,0,0,0,0,0,0,0,0,0,0,0,0,,,,
1470,Bangladesh,Chattogram,Khagrachhari,Matiranga,Matiranga Pourasabha,06,,,,Dakter Para,ডাক্তার পাড়া,MAT605,23.047357,91.871597,240,0,0,0,0,0,0,0,0,0,0,0,0,0,0,0,0,,,,
1471,Bangladesh,Chattogram,Khagrachhari,Matiranga,Matiranga Pourasabha,06,,,,Thana Tila,থানা টিলা,MAT606,23.045111,91.870213,180,0,0,0,0,0,0,0,0,0,0,0,0,0,0,0,0,,,,
1472,Bangladesh,Chattogram,Khagrachhari,Matiranga,Matiranga Pourasabha,07,,,,Chowdhury Para,চৌধুরী পাড়া,MAT701,23.041921,91.875263,1206,0,0,0,0,0,0,0,0,0,0,0,0,0,0,0,0,,,,
1473,Bangladesh,Chattogram,Khagrachhari,Matiranga,Matiranga Pourasabha,07,,,,Bali Tila,বলি টিলা,MAT702,23.040846,91.87693,222,0,0,0,0,0,0,0,0,0,0,0,0,0,0,0,0,,,,
1474,Bangladesh,Chattogram,Khagrachhari,Matiranga,Matiranga Pourasabha,07,,,,Haspatal Para,হাসপাতাল পাড়া,MAT703,23.039392,91.875154,128,0,0,0,0,0,0,0,0,0,0,0,0,0,0,0,0,,,,
1475,Bangladesh,Chattogram,Khagrachhari,Matiranga,Matiranga Pourasabha,07,,,,Barajhala,বড়ঝালা,MAT704,23.039995,91.880426,474,0,0,0,0,0,0,0,0,0,0,0,0,0,0,0,0,,,,
1476,Bangladesh,Chattogram,Khagrachhari,Matiranga,Matiranga Pourasabha,07,,,,Mohammadpur,মোহাম্মদপুর,MAT705,23.037872,91.878322,486,0,0,0,0,0,0,0,0,0,0,0,0,0,0,0,0,,,,
1477,Bangladesh,Chattogram,Khagrachhari,Matiranga,Matiranga Pourasabha,08,,,,Bhuiyanpara,ভূঁইয়াপাড়া,MAT801,23.036345,91.870989,440,0,0,0,0,0,0,0,0,0,0,0,0,0,0,0,0,,,,
1478,Bangladesh,Chattogram,Khagrachhari,Matiranga,Matiranga Pourasabha,08,,,,Chakra Para,চক্র পাড়া,MAT802,23.034772,91.869146,520,0,0,0,0,0,0,0,0,0,0,0,0,0,0,0,0,,,,
1479,Bangladesh,Chattogram,Khagrachhari,Matiranga,Matiranga Pourasabha,08,,,,Mistri Para,মিস্ত্রি পাড়া,MAT803,23.037175,91.875384,660,0,0,0,0,0,0,0,0,0,0,0,0,0,0,0,0,,,,
1480,Bangladesh,Chattogram,Khagrachhari,Matiranga,Matiranga Pourasabha,08,,,,Kathal Bagan,কাঁঠাল বাগান,MAT804,23.035185,91.876504,260,0,0,0,0,0,0,0,0,0,0,0,0,0,0,0,0,,,,
1481,Bangladesh,Chattogram,Khagrachhari,Matiranga,Matiranga Pourasabha,08,,,,Muslim Para,মুসলিম পাড়া,MAT805,23.031408,91.873539,720,0,0,0,0,0,0,0,0,0,0,0,0,0,0,0,0,,,,
1482,Bangladesh,Chattogram,Khagrachhari,Matiranga,Matiranga Pourasabha,08,,,,Pashchim Muslim Para,পশ্চিম মুসলিম পাড়া,MAT806,23.031979,91.86729,640,0,0,0,0,0,0,0,0,0,0,0,0,0,0,0,0,,,,
1483,Bangladesh,Chattogram,Khagrachhari,Matiranga,Matiranga Pourasabha,08,,,,Matiranga Zone Army Camp,মাটিরাঙ্গা জোন সেনাবাহিনী ক্যাম্প,MAT807,23.033878,91.87088,0,0,0,0,0,0,0,0,0,0,0,0,0,0,0,0,0,,,,
1484,Bangladesh,Chattogram,Khagrachhari,Matiranga,Matiranga Pourasabha,09,,,,Madhyam Muslim Para,মধ্যম মুসলিম পাড়া,MAT901,23.02817,91.875145,880,0,0,0,0,0,0,0,0,0,0,0,0,0,0,0,0,,,,
1485,Bangladesh,Chattogram,Khagrachhari,Matiranga,Matiranga Pourasabha,09,,,,Dakkhin Muslim Para,দক্ষিণ মুসলিম পাড়া,MAT902,23.024853,91.869239,840,0,0,0,0,0,0,0,0,0,0,0,0,0,0,0,0,,,,
1486,Bangladesh,Chattogram,Khagrachhari,Matiranga,Matiranga Pourasabha,09,,,,Zia Nagar,জিয়া নগর,MAT903,23.029637,91.879857,400,0,0,0,0,0,0,0,0,0,0,0,0,0,0,0,0,,,,
1487,Bangladesh,Chattogram,Khagrachhari,Matiranga,Matiranga Pourasabha,09,,,,Rasulpur,রসুলপুর,MAT904,23.027512,91.886617,4192,0,0,0,0,0,0,0,0,0,0,0,0,0,0,0,0,,,,
1488,Bangladesh,Chattogram,Khagrachhari,Matiranga,Matiranga Pourasabha,09,,,,Joutha Khamar,যৌথ খামার,MAT905,23.023491,91.881373,320,0,0,0,0,0,0,0,0,0,0,0,0,0,0,0,0,,,,
1489,Bangladesh,Chattogram,Khagrachhari,Matiranga,Matiranga Pourasabha,09,,,,Bailyachhari,বাইল্যাছড়ি,MAT906,23.015398,91.877926,720,0,0,0,0,0,0,0,0,0,0,0,0,0,0,0,0,,,,
1490,Bangladesh,Chattogram,Khagrachhari,Matiranga,Tabalchhari,01,,,,Talukdar Para,তালুকদার পাড়া,TAB101,23.27345,91.780214,700,0,0,0,0,0,0,0,0,0,0,0,0,0,0,0,0,,,,
1491,Bangladesh,Chattogram,Khagrachhari,Matiranga,Tabalchhari,01,,,,Majh Para,মাঝ পাড়া,TAB102,23.276454,91.785044,200,0,0,0,0,0,0,0,0,0,0,0,0,0,0,0,0,,,,
1492,Bangladesh,Chattogram,Khagrachhari,Matiranga,Tabalchhari,01,,,,Tulatuli,তুলাতুলী,TAB103,23.280936,91.791289,1900,0,0,0,0,0,0,0,0,0,0,0,0,0,0,0,0,,,,
1493,Bangladesh,Chattogram,Khagrachhari,Matiranga,Tabalchhari,01,,,,Ali Newaj Member Para,আলী নেওয়াজ মেম্বার পাড়া,TAB104,23.273555,91.785044,650,0,0,0,0,0,0,0,0,0,0,0,0,0,0,0,0,,,,
1494,Bangladesh,Chattogram,Khagrachhari,Matiranga,Tabalchhari,01,,,,Singha Para,সিংহ পাড়া,TAB105,23.270702,91.788586,1950,0,0,0,0,0,0,0,0,0,0,0,0,0,0,0,0,,,,
1495,Bangladesh,Chattogram,Khagrachhari,Matiranga,Tabalchhari,01,,,,Noa Para,নোয়া পাড়া,TAB106,23.268362,91.794835,350,0,0,0,0,0,0,0,0,0,0,0,0,0,0,0,0,,,,
1496,Bangladesh,Chattogram,Khagrachhari,Matiranga,Tabalchhari,02,,,,Bhagya Para,ভাগ্য পাড়া,TAB201,23.279421,91.796221,530,0,0,0,0,0,0,0,0,0,0,0,0,0,0,0,0,,,,
1497,Bangladesh,Chattogram,Khagrachhari,Matiranga,Tabalchhari,02,,,,Islampur,ইসলামপুর,TAB202,23.278916,91.802868,650,0,0,0,0,0,0,0,0,0,0,0,0,0,0,0,0,,,,
1498,Bangladesh,Chattogram,Khagrachhari,Matiranga,Tabalchhari,02,,,,Laifu Karbari Para,লাইফু কারবারি পাড়া,TAB203,23.278277,91.813832,750,0,0,0,0,0,0,0,0,0,0,0,0,0,0,0,0,,,,
1499,Bangladesh,Chattogram,Khagrachhari,Matiranga,Tabalchhari,02,,,,Shuknachhari,শুকনাছড়ি,TAB204,23.272884,91.800249,1500,0,0,0,0,0,0,0,0,0,0,0,0,0,0,0,0,,,,
1500,Bangladesh,Chattogram,Khagrachhari,Matiranga,Tabalchhari,02,,,,Molla Para,মোল্লা পাড়া,TAB205,23.267053,91.804348,850,0,0,0,0,0,0,0,0,0,0,0,0,0,0,0,0,,,,
1501,Bangladesh,Chattogram,Khagrachhari,Matiranga,Tabalchhari,02,,,,Mohammadpur,মোহাম্মদপুর,TAB206,23.262323,91.800407,300,0,0,0,0,0,0,0,0,0,0,0,0,0,0,0,0,,,,
1502,Bangladesh,Chattogram,Khagrachhari,Matiranga,Tabalchhari,03,,,,Sarkar Para,সরকার পাড়া,TAB301,23.258947,91.808622,600,0,0,0,0,0,0,0,0,0,0,0,0,0,0,0,0,,,,
1503,Bangladesh,Chattogram,Khagrachhari,Matiranga,Tabalchhari,03,,,,Haji Para,হাজী পাড়া,TAB302,23.26285,91.810003,360,0,0,0,0,0,0,0,0,0,0,0,0,0,0,0,0,,,,
1504,Bangladesh,Chattogram,Khagrachhari,Matiranga,Tabalchhari,03,,,,Mohammadpur,মোহাম্মদপুর,TAB303,23.261002,91.815561,240,0,0,0,0,0,0,0,0,0,0,0,0,0,0,0,0,,,,
1505,Bangladesh,Chattogram,Khagrachhari,Matiranga,Tabalchhari,03,,,,Sawdagar Para,সওদাগর পাড়া,TAB304,23.25876,91.813562,360,0,0,0,0,0,0,0,0,0,0,0,0,0,0,0,0,,,,
1506,Bangladesh,Chattogram,Khagrachhari,Matiranga,Tabalchhari,04,,,,Harun Sardar Para,হারুন সর্দার পাড়া,TAB401,23.246812,91.808903,630,0,0,0,0,0,0,0,0,0,0,0,0,0,0,0,0,,,,
1507,Bangladesh,Chattogram,Khagrachhari,Matiranga,Tabalchhari,04,,,,Mamtaj Company Sardar Para,মমতাজ কোম্পানি সর্দার পাড়া,TAB402,23.249013,91.812882,400,0,0,0,0,0,0,0,0,0,0,0,0,0,0,0,0,,,,
1508,Bangladesh,Chattogram,Khagrachhari,Matiranga,Tabalchhari,04,,,,Cheru Mia Sardar Para,চেরু মিয়া সর্দার পাড়া,TAB403,23.249306,91.808497,585,0,0,0,0,0,0,0,0,0,0,0,0,0,0,0,0,,,,
1509,Bangladesh,Chattogram,Khagrachhari,Matiranga,Tabalchhari,04,,,,Hasem Sardar Para,হাসেম সর্দার পাড়া,TAB404,23.25145,91.810936,180,0,0,0,0,0,0,0,0,0,0,0,0,0,0,0,0,,,,
1510,Bangladesh,Chattogram,Khagrachhari,Matiranga,Tabalchhari,04,,,,Idrish Mia Sardar Para,ইদ্রিস মিয়া সর্দার পাড়া,TAB405,23.253497,91.81288,765,0,0,0,0,0,0,0,0,0,0,0,0,0,0,0,0,,,,
1511,Bangladesh,Chattogram,Khagrachhari,Matiranga,Tabalchhari,04,,,,Raj Mangal Karbari Para,রাজ মঙ্গল কারবারি পাড়া,TAB406,23.255932,91.818132,380,0,0,0,0,0,0,0,0,0,0,0,0,0,0,0,0,,,,
1512,Bangladesh,Chattogram,Khagrachhari,Matiranga,Tabalchhari,05,,,,Ohab Sardar Para,ওহাব সর্দার পাড়া,TAB501,23.239084,91.800408,440,0,0,0,0,0,0,0,0,0,0,0,0,0,0,0,0,,,,
1513,Bangladesh,Chattogram,Khagrachhari,Matiranga,Tabalchhari,05,,,,Gafur Sardar Para,গফুর সর্দার পাড়া,TAB502,23.241381,91.803859,580,0,0,0,0,0,0,0,0,0,0,0,0,0,0,0,0,,,,
1514,Bangladesh,Chattogram,Khagrachhari,Matiranga,Tabalchhari,05,,,,Mahila Madrasa Para,মহিলা মাদ্রাসা পাড়া,TAB503,23.237747,91.809333,760,0,0,0,0,0,0,0,0,0,0,0,0,0,0,0,0,,,,
1515,Bangladesh,Chattogram,Khagrachhari,Matiranga,Tabalchhari,05,,,,Dhan Mia Sardar Para,ধন মিয়া সর্দার পাড়া,TAB504,23.243433,91.810336,328,0,0,0,0,0,0,0,0,0,0,0,0,0,0,0,0,,,,
1516,Bangladesh,Chattogram,Khagrachhari,Matiranga,Tabalchhari,05,,,,Adarsha Gram,আদর্শ গ্রাম,TAB505,23.240746,91.818285,408,0,0,0,0,0,0,0,0,0,0,0,0,0,0,0,0,,,,
1517,Bangladesh,Chattogram,Khagrachhari,Matiranga,Tabalchhari,05,,,,Milon Karbari Para,মিলন কারবারি পাড়া,TAB506,23.238699,91.793024,280,0,0,0,0,0,0,0,0,0,0,0,0,0,0,0,0,,,,
1518,Bangladesh,Chattogram,Khagrachhari,Matiranga,Tabalchhari,05,,,,Comilla Tila,কুমিল্লা টিলা,TAB507,23.243197,91.799748,520,0,0,0,0,0,0,0,0,0,0,0,0,0,0,0,0,,,,
1519,Bangladesh,Chattogram,Khagrachhari,Matiranga,Tabalchhari,05,,,,Tabalchhari Police Investigation Center,তবলছড়ি পুলিশ তদন্ত কেন্দ্র,TAB508,23.237117,91.81062,35,0,0,0,0,0,0,0,0,0,0,0,0,0,0,0,0,,,,
1520,Bangladesh,Chattogram,Khagrachhari,Matiranga,Tabalchhari,06,,,,Barabil Muslim Para,বড়বিল মুসলিম পাড়া,TAB601,23.236162,91.796086,775,0,0,0,0,0,0,0,0,0,0,0,0,0,0,0,0,,,,
1521,Bangladesh,Chattogram,Khagrachhari,Matiranga,Tabalchhari,06,,,,Tunamia Member Para,টুনামিয়া মেম্বার পাড়া,TAB602,23.252339,91.798917,1630,0,0,0,0,0,0,0,0,0,0,0,0,0,0,0,0,,,,
1522,Bangladesh,Chattogram,Khagrachhari,Matiranga,Tabalchhari,06,,,,Saiyad Ahmmod Sardar Para,সৈয়দ আহম্মদ সর্দার পাড়া,TAB603,23.244185,91.789917,1020,0,0,0,0,0,0,0,0,0,0,0,0,0,0,0,0,,,,
1523,Bangladesh,Chattogram,Khagrachhari,Matiranga,Tabalchhari,06,,,,Dewan Chakma Para,দেওয়ান চাকমা পাড়া,TAB604,23.25082,91.782907,517,0,0,0,0,0,0,0,0,0,0,0,0,0,0,0,0,,,,
1524,Bangladesh,Chattogram,Khagrachhari,Matiranga,Tabalchhari,06,,,,Dewan Bari BGB Camp,দেওয়ান বাড়ি বিজিবি ক্যাম্প,TAB605,23.255262,91.783451,20,0,0,0,0,0,0,0,0,0,0,0,0,0,0,0,0,,,,
1525,Bangladesh,Chattogram,Khagrachhari,Matiranga,Tabalchhari,07,,,,Haji Para,হাজী পাড়া,TAB701,23.234718,91.801829,325,0,0,0,0,0,0,0,0,0,0,0,0,0,0,0,0,,,,
1526,Bangladesh,Chattogram,Khagrachhari,Matiranga,Tabalchhari,07,,,,Bhuiyanpara,ভূঁইয়াপাড়া,TAB702,23.234233,91.806722,450,0,0,0,0,0,0,0,0,0,0,0,0,0,0,0,0,,,,
1527,Bangladesh,Chattogram,Khagrachhari,Matiranga,Tabalchhari,08,,,,Maktab Para,মক্তব পাড়া,TAB801,23.236147,91.800166,140,0,0,0,0,0,0,0,0,0,0,0,0,0,0,0,0,,,,
1528,Bangladesh,Chattogram,Khagrachhari,Matiranga,Tabalchhari,08,,,,Chowdhury Para,চৌধুরী পাড়া,TAB802,23.233373,91.798653,22,0,0,0,0,0,0,0,0,0,0,0,0,0,0,0,0,,,,
1529,Bangladesh,Chattogram,Khagrachhari,Matiranga,Tabalchhari,08,,,,Karim Master Para,করিম মাস্টার পাড়া,TAB803,23.231768,91.799161,124,0,0,0,0,0,0,0,0,0,0,0,0,0,0,0,0,,,,
1530,Bangladesh,Chattogram,Khagrachhari,Matiranga,Tabalchhari,08,,,,Haspatal Para,হাসপাতাল পাড়া,TAB804,23.226385,91.795841,592,0,0,0,0,0,0,0,0,0,0,0,0,0,0,0,0,,,,
1531,Bangladesh,Chattogram,Khagrachhari,Matiranga,Tabalchhari,08,,,,Mongjai Karbari Para,মংজাই কারবারি পাড়া,TAB805,23.216364,91.797699,240,0,0,0,0,0,0,0,0,0,0,0,0,0,0,0,0,,,,
1532,Bangladesh,Chattogram,Khagrachhari,Matiranga,Tabalchhari,08,,,,Master Para,মাস্টার পাড়া,TAB806,23.218477,91.794695,185,0,0,0,0,0,0,0,0,0,0,0,0,0,0,0,0,,,,
1533,Bangladesh,Chattogram,Khagrachhari,Matiranga,Tabalchhari,08,,,,Haspatal Para 23 BGB Camp 23,হাসপাতাল পাড়া ২৩ বিজিবি ক্যাম্প,TAB807,23.222132,91.792504,40,0,0,0,0,0,0,0,0,0,0,0,0,0,0,0,0,,,,
1534,Bangladesh,Chattogram,Khagrachhari,Matiranga,Tabalchhari,09,,,,Tabalchhari Madrasa Para,তবলছড়ি মাদ্রাসা পাড়া,TAB901,23.232517,91.812661,340,0,0,0,0,0,0,0,0,0,0,0,0,0,0,0,0,,,,
1535,Bangladesh,Chattogram,Khagrachhari,Matiranga,Tabalchhari,09,,,,Tabalchhari Bongpara,তবলছড়ি বংপাড়া,TAB902,23.226884,91.805112,720,0,0,0,0,0,0,0,0,0,0,0,0,0,0,0,0,,,,
1536,Bangladesh,Chattogram,Khagrachhari,Matiranga,Taindang,01,,,,Bagapara (Bilashya Para),বগাপাড়া (বিলাস্যা পাড়া),TAI101,23.322436,91.79591,530,0,0,0,0,0,0,0,0,0,0,0,0,0,0,0,0,,,,
1537,Bangladesh,Chattogram,Khagrachhari,Matiranga,Taindang,01,,,,Sarbeshwar Para,শবের্শ্বর পাড়া,TAI102,23.316473,91.786184,280,0,0,0,0,0,0,0,0,0,0,0,0,0,0,0,0,,,,
1538,Bangladesh,Chattogram,Khagrachhari,Matiranga,Taindang,01,,,,Manudash Para,মনুদাশ পাড়া,TAI103,23.311046,91.778348,260,0,0,0,0,0,0,0,0,0,0,0,0,0,0,0,0,,,,
1539,Bangladesh,Chattogram,Khagrachhari,Matiranga,Taindang,01,,,,Achalang Mag Para,আচালং মগ পাড়া,TAI104,23.302433,91.774344,260,0,0,0,0,0,0,0,0,0,0,0,0,0,0,0,0,,,,
1540,Bangladesh,Chattogram,Khagrachhari,Matiranga,Taindang,01,,,,Achalang Islampur,আচালং ইসলামপুর,TAI105,23.301925,91.780041,520,0,0,0,0,0,0,0,0,0,0,0,0,0,0,0,0,,,,
1541,Bangladesh,Chattogram,Khagrachhari,Matiranga,Taindang,01,,,,Ajgor Sardar Para (Taher Sardar),আজগর সর্দার পাড়া (তাহের সর্দার),TAI106,23.293939,91.776224,750,0,0,0,0,0,0,0,0,0,0,0,0,0,0,0,0,,,,
1542,Bangladesh,Chattogram,Khagrachhari,Matiranga,Taindang,01,,,,Bagapara BGB Camp,বগাপাড়া বিজিবি ক্যাম্প,TAI107,23.324272,91.79055,0,0,0,0,0,0,0,0,0,0,0,0,0,0,0,0,0,,,,
1543,Bangladesh,Chattogram,Khagrachhari,Matiranga,Taindang,01,,,,Achalang BGB Camp,আচালং বিজিবি ক্যাম্প,TAI108,23.300364,91.781427,0,0,0,0,0,0,0,0,0,0,0,0,0,0,0,0,0,,,,
1544,Bangladesh,Chattogram,Khagrachhari,Matiranga,Taindang,01,,,,Fenichhara BGB Camp,ফেনিছড়া বিজিবি ক্যাম্প,TAI109,23.308018,91.767436,0,0,0,0,0,0,0,0,0,0,0,0,0,0,0,0,0,,,,
1545,Bangladesh,Chattogram,Khagrachhari,Matiranga,Taindang,02,,,,Habib Member Para,হাবিব মেম্বার পাড়া,TAI201,23.286961,91.775558,520,0,0,0,0,0,0,0,0,0,0,0,0,0,0,0,0,,,,
1546,Bangladesh,Chattogram,Khagrachhari,Matiranga,Taindang,02,,,,Mamtaj Sardar Para,মমতাজ সর্দার পাড়া,TAI202,23.289809,91.769819,300,0,0,0,0,0,0,0,0,0,0,0,0,0,0,0,0,,,,
1547,Bangladesh,Chattogram,Khagrachhari,Matiranga,Taindang,02,,,,Subhan Sardar Para,সুবহান সর্দার পাড়া,TAI203,23.28836,91.76537,520,0,0,0,0,0,0,0,0,0,0,0,0,0,0,0,0,,,,
1548,Bangladesh,Chattogram,Khagrachhari,Matiranga,Taindang,02,,,,Karam Ali Member Para,করম আলী মেম্বার পাড়া,TAI204,23.290124,91.766773,120,0,0,0,0,0,0,0,0,0,0,0,0,0,0,0,0,,,,
1549,Bangladesh,Chattogram,Khagrachhari,Matiranga,Taindang,03,,,,Krishna Dayal Para,কৃষ্ণ দয়াল পাড়া,TAI301,23.282258,91.763284,60,0,0,0,0,0,0,0,0,0,0,0,0,0,0,0,0,,,,
1550,Bangladesh,Chattogram,Khagrachhari,Matiranga,Taindang,03,,,,Shaheb Sardar Para,সাহেব সর্দার পাড়া,TAI302,23.281502,91.766111,704,0,0,0,0,0,0,0,0,0,0,0,0,0,0,0,0,,,,
1551,Bangladesh,Chattogram,Khagrachhari,Matiranga,Taindang,03,,,,Hedayet Ullah Sardar Para,হেদায়েত উল্লাহ সর্দার পাড়া,TAI303,23.282399,91.77383,428,0,0,0,0,0,0,0,0,0,0,0,0,0,0,0,0,,,,
1552,Bangladesh,Chattogram,Khagrachhari,Matiranga,Taindang,03,,,,Abdul Barek Leader Para,আব্দুল বারেক লিডার পাড়া,TAI304,23.276959,91.771724,420,0,0,0,0,0,0,0,0,0,0,0,0,0,0,0,0,,,,
1553,Bangladesh,Chattogram,Khagrachhari,Matiranga,Taindang,03,,,,Asmot Ali Para,আসমত আলী সর্দার পাড়া,TAI305,23.276096,91.777266,180,0,0,0,0,0,0,0,0,0,0,0,0,0,0,0,0,,,,
1554,Bangladesh,Chattogram,Khagrachhari,Matiranga,Taindang,03,,,,Krishna Para BGB Camp,কৃষ্ণ পাড়া বিজিবি ক্যাম্প,TAI306,23.283537,91.762782,0,0,0,0,0,0,0,0,0,0,0,0,0,0,0,0,0,,,,
1555,Bangladesh,Chattogram,Khagrachhari,Matiranga,Taindang,04,,,,Tanakka Para,তানাক্কা পাড়া,TAI401,23.313605,91.793901,600,0,0,0,0,0,0,0,0,0,0,0,0,0,0,0,0,,,,
1556,Bangladesh,Chattogram,Khagrachhari,Matiranga,Taindang,04,,,,Manjil Sardar Para (Battali),মঞ্জিল সর্দার পাড়া (বটতলী),TAI402,23.302715,91.786411,964,0,0,0,0,0,0,0,0,0,0,0,0,0,0,0,0,,,,
1557,Bangladesh,Chattogram,Khagrachhari,Matiranga,Taindang,04,,,,Sinduk Depa,সিন্দুক ডেপা,TAI403,23.308132,91.791284,1044,0,0,0,0,0,0,0,0,0,0,0,0,0,0,0,0,,,,
1558,Bangladesh,Chattogram,Khagrachhari,Matiranga,Taindang,04,,,,Tanakka Para BGB Camp,তানাক্কা পাড়া বিজিবি ক্যাম্প,TAI404,23.315523,91.798531,0,0,0,0,0,0,0,0,0,0,0,0,0,0,0,0,0,,,,
1559,Bangladesh,Chattogram,Khagrachhari,Matiranga,Taindang,05,,,,Headman Para,হেডম্যান পাড়া,TAI501,23.3077,91.807844,720,0,0,0,0,0,0,0,0,0,0,0,0,0,0,0,0,,,,
1560,Bangladesh,Chattogram,Khagrachhari,Matiranga,Taindang,05,,,,Batti Tila,বাট্টি টিলা,TAI502,23.322631,91.835323,120,0,0,0,0,0,0,0,0,0,0,0,0,0,0,0,0,,,,
1561,Bangladesh,Chattogram,Khagrachhari,Matiranga,Taindang,05,,,,Bandar Sing Para,বান্দর সিং পাড়া,TAI503,23.336165,91.814577,340,0,0,0,0,0,0,0,0,0,0,0,0,0,0,0,0,,,,
1562,Bangladesh,Chattogram,Khagrachhari,Matiranga,Taindang,05,,,,Uttar Baghmara,উত্তর বাঘমারা,TAI504,23.301243,91.798245,260,0,0,0,0,0,0,0,0,0,0,0,0,0,0,0,0,,,,
1563,Bangladesh,Chattogram,Khagrachhari,Matiranga,Taindang,05,,,,Bandar Sing Para BGB Camp,বান্দর সিং বিজিবি ক্যাম্প,TAI505,23.340017,91.81384,0,0,0,0,0,0,0,0,0,0,0,0,0,0,0,0,0,,,,
1564,Bangladesh,Chattogram,Khagrachhari,Matiranga,Taindang,05,,,,B-Tila BOP Camp,বি-টিলা বিওপি ক্যাম্প,TAI506,23.348797,91.825593,0,0,0,0,0,0,0,0,0,0,0,0,0,0,0,0,0,,,,
1565,Bangladesh,Chattogram,Khagrachhari,Matiranga,Taindang,06,,,,Noa Para,নোয়া পাড়া,TAI601,23.292047,91.795008,2800,0,0,0,0,0,0,0,0,0,0,0,0,0,0,0,0,,,,
1566,Bangladesh,Chattogram,Khagrachhari,Matiranga,Taindang,07,,,,Kutubuddin Sardar Para,কুতুবউদ্দিন সর্দার পাড়া,TAI701,23.297875,91.791757,400,0,0,0,0,0,0,0,0,0,0,0,0,0,0,0,0,,,,
1567,Bangladesh,Chattogram,Khagrachhari,Matiranga,Taindang,07,,,,Hafez Ullah Sardar Para,হাফেজ উল্লাহ সর্দার পাড়া,TAI702,23.295506,91.787617,80,0,0,0,0,0,0,0,0,0,0,0,0,0,0,0,0,,,,
1568,Bangladesh,Chattogram,Khagrachhari,Matiranga,Taindang,07,,,,Dhanu Member Para,ধনু মেম্বার পাড়া,TAI703,23.290903,91.788363,520,0,0,0,0,0,0,0,0,0,0,0,0,0,0,0,0,,,,
1569,Bangladesh,Chattogram,Khagrachhari,Matiranga,Taindang,07,,,,Khalek Saradr Para,খালেক সর্দার পাড়া,TAI704,23.291566,91.784744,680,0,0,0,0,0,0,0,0,0,0,0,0,0,0,0,0,,,,
1570,Bangladesh,Chattogram,Khagrachhari,Matiranga,Taindang,08,,,,Rashid Member Madrasa Para,রশিদ মেম্বার মাদ্রাসা পাড়া,TAI801,23.281149,91.782357,480,0,0,0,0,0,0,0,0,0,0,0,0,0,0,0,0,,,,
1571,Bangladesh,Chattogram,Khagrachhari,Matiranga,Taindang,08,,,,Abu Hanif Member Para,আবু হানিফ মেম্বার পাড়া,TAI802,23.283327,91.784763,400,0,0,0,0,0,0,0,0,0,0,0,0,0,0,0,0,,,,
1572,Bangladesh,Chattogram,Khagrachhari,Matiranga,Taindang,08,,,,Manik Member Para,মানিক মেম্বার পাড়া,TAI803,23.284048,91.788436,320,0,0,0,0,0,0,0,0,0,0,0,0,0,0,0,0,,,,
1573,Bangladesh,Chattogram,Khagrachhari,Matiranga,Taindang,08,,,,Tanga Mahajan Para,তংগা মহাজন পাড়া,TAI804,23.273918,91.778329,260,0,0,0,0,0,0,0,0,0,0,0,0,0,0,0,0,,,,
1574,Bangladesh,Chattogram,Khagrachhari,Matiranga,Taindang,08,,,,Taindang BGB Camp,তাইন্দং বিজিবি ক্যাম্প,TAI805,23.278724,91.780217,25,0,0,0,0,0,0,0,0,0,0,0,0,0,0,0,0,,,,
1575,Bangladesh,Chattogram,Khagrachhari,Matiranga,Taindang,08,,,,Taindang Police Fari,তাইন্দং পুলিশ ফাঁড়ি,TAI806,23.280836,91.782379,15,0,0,0,0,0,0,0,0,0,0,0,0,0,0,0,0,,,,
1576,Bangladesh,Chattogram,Khagrachhari,Matiranga,Taindang,09,,,,Muslim Para,মুসলিম পাড়া,TAI901,23.286518,91.801312,740,0,0,0,0,0,0,0,0,0,0,0,0,0,0,0,0,,,,
1577,Bangladesh,Chattogram,Khagrachhari,Matiranga,Taindang,09,,,,Pora Bari,পোড়া বাড়ি,TAI902,23.296425,91.829146,240,0,0,0,0,0,0,0,0,0,0,0,0,0,0,0,0,,,,
1578,Bangladesh,Chattogram,Khagrachhari,Panchari,Chenggi,1,,,,Batti Para,,,,,169,41,0,120,0,0,0,0,0,0,0,0,0,0,0,0,0,,,,
1579,Bangladesh,Chattogram,Khagrachhari,Panchari,Chenggi,1,,,,Durgamoni Para,,,,,517,120,0,0,0,0,0,0,0,0,0,0,0,0,0,0,0,,,,
1580,Bangladesh,Chattogram,Khagrachhari,Panchari,Chenggi,1,,,,Shrikuntimachara,,,,,225,55,0,150,0,0,0,0,0,0,0,0,0,0,0,0,0,,,,
1581,Bangladesh,Chattogram,Khagrachhari,Panchari,Chenggi,2,,,,Birkumar Para,,,,,94,21,0,55,0,0,0,0,0,0,0,0,0,0,0,0,0,,,,
1582,Bangladesh,Chattogram,Khagrachhari,Panchari,Chenggi,2,,,,Dighalchari,,,,,94,21,0,55,0,0,0,0,0,0,0,0,0,0,0,0,0,,,,
1583,Bangladesh,Chattogram,Khagrachhari,Panchari,Chenggi,2,,,,Karapchandra Para,,,,,154,63,0,0,0,0,0,0,0,0,0,0,0,0,0,0,0,,,,
1584,Bangladesh,Chattogram,Khagrachhari,Panchari,Chenggi,2,,,,Ratnasen Para,,,,,155,35,0,90,0,0,0,0,0,0,0,0,0,0,0,0,0,,,,
1585,Bangladesh,Chattogram,Khagrachhari,Panchari,Chenggi,2,,,,Subalchandra Para,,,,,144,35,0,80,0,0,0,0,0,0,0,0,0,0,0,0,0,,,,
1586,Bangladesh,Chattogram,Khagrachhari,Panchari,Chenggi,3,,,,Buddharam Para,,,,,347,78,0,170,0,0,0,0,0,0,0,0,0,0,0,0,0,,,,
1587,Bangladesh,Chattogram,Khagrachhari,Panchari,Chenggi,3,,,,Matuli Para,,,,,59,12,0,30,0,0,0,0,0,0,0,0,0,0,0,0,0,,,,
1588,Bangladesh,Chattogram,Khagrachhari,Panchari,Chenggi,3,,,,Ulthachari,,,,,143,36,0,0,0,0,0,0,0,0,0,0,0,0,0,0,0,,,,
1589,Bangladesh,Chattogram,Khagrachhari,Panchari,Chenggi,4,,,,Kharanshing Para,,,,,498,116,0,0,0,0,0,0,0,0,0,0,0,0,0,0,0,,,,
1590,Bangladesh,Chattogram,Khagrachhari,Panchari,Chenggi,5,,,,Kharga Para,,,,,286,70,0,0,0,0,0,0,0,0,0,0,0,0,0,0,0,,,,
1591,Bangladesh,Chattogram,Khagrachhari,Panchari,Chenggi,5,,,,Kinamuni Para,,,,,114,31,0,95,0,0,0,0,0,0,0,0,0,0,0,0,0,,,,
1592,Bangladesh,Chattogram,Khagrachhari,Panchari,Chenggi,5,,,,Lambu Para,,,,,374,91,0,210,0,0,0,0,0,0,0,0,0,0,0,0,0,,,,
1593,Bangladesh,Chattogram,Khagrachhari,Panchari,Chenggi,5,,,,Surjomohon Para,,,,,236,58,0,145,0,0,0,0,0,0,0,0,0,0,0,0,0,,,,
1594,Bangladesh,Chattogram,Khagrachhari,Panchari,Chenggi,6,,,,Jagat Mohon Para,,,,,470,110,0,255,0,0,0,0,0,0,0,0,0,0,0,0,0,,,,
1595,Bangladesh,Chattogram,Khagrachhari,Panchari,Chenggi,6,,,,Karuna Para,,,,,139,34,0,80,0,0,0,0,0,0,0,0,0,0,0,0,0,,,,
1596,Bangladesh,Chattogram,Khagrachhari,Panchari,Chenggi,6,,,,Pettuya Para,,,,,230,57,0,130,0,0,0,0,0,0,0,0,0,0,0,0,0,,,,
1597,Bangladesh,Chattogram,Khagrachhari,Panchari,Chenggi,6,,,,Ramani Para,,,,,176,38,0,100,0,0,0,0,0,0,0,0,0,0,0,0,0,,,,
1598,Bangladesh,Chattogram,Khagrachhari,Panchari,Chenggi,7,,,,Atikmoni Para,,,,,161,39,0,110,0,0,0,0,0,0,0,0,0,0,0,0,0,,,,
1599,Bangladesh,Chattogram,Khagrachhari,Panchari,Chenggi,7,,,,Jitendra Para,,,,,337,106,0,230,0,0,0,0,0,0,0,0,0,0,0,0,0,,,,
1600,Bangladesh,Chattogram,Khagrachhari,Panchari,Chenggi,7,,,,Kharga Para,,,,,432,91,0,220,0,0,0,0,0,0,0,0,0,0,0,0,0,,,,
1601,Bangladesh,Chattogram,Khagrachhari,Panchari,Chenggi,7,,,,Rajkumar Para,,,,,170,48,0,120,0,0,0,0,0,0,0,0,0,0,0,0,0,,,,
1602,Bangladesh,Chattogram,Khagrachhari,Panchari,Chenggi,8,,,,Borkalak,,,,,551,120,0,270,0,0,0,0,0,0,0,0,0,0,0,0,0,,,,
1603,Bangladesh,Chattogram,Khagrachhari,Panchari,Chenggi,8,,,,Lendiya Para,,,,,220,48,0,110,0,0,0,0,0,0,0,0,0,0,0,0,0,,,,
1604,Bangladesh,Chattogram,Khagrachhari,Panchari,Chenggi,9,,,,Chandra Karbari Para,,,,,569,221,0,358,0,0,0,0,0,0,0,0,0,0,0,0,0,,,,
1605,Bangladesh,Chattogram,Khagrachhari,Panchari,Chenggi,9,,,,Kinadhan Boiddo Para,,,,,426,122,0,0,0,0,0,0,0,0,0,0,0,0,0,0,0,,,,
1606,Bangladesh,Chattogram,Khagrachhari,Panchari,Chenggi,9,,,,Mudhu Mangal Para,,,,,300,64,0,0,0,0,0,0,0,0,0,0,0,0,0,0,0,,,,
1607,Bangladesh,Chattogram,Khagrachhari,Panchari,Chenggi,9,,,,Nilamoni Para,,,,,287,93,0,184,0,0,0,0,0,0,0,0,0,0,0,0,0,,,,
1608,Bangladesh,Chattogram,Khagrachhari,Panchari,Latiban,1,,,,Dukkhiram Para,,,,,111,21,0,43,0,0,0,0,0,0,0,0,0,0,0,0,0,,,,
1609,Bangladesh,Chattogram,Khagrachhari,Panchari,Latiban,1,,,,Headman Para,,,,,115,23,0,60,0,0,0,0,0,0,0,0,0,0,0,0,0,,,,
1610,Bangladesh,Chattogram,Khagrachhari,Panchari,Latiban,1,,,,Horisadhan Para,,,,,122,19,0,47,0,0,0,0,0,0,0,0,0,0,0,0,0,,,,
1611,Bangladesh,Chattogram,Khagrachhari,Panchari,Latiban,1,,,,Karigor Para,,,,,660,93,0,0,0,0,0,0,0,0,0,0,0,0,0,0,0,,,,
1612,Bangladesh,Chattogram,Khagrachhari,Panchari,Latiban,1,,,,Porabari,,,,,212,38,0,138,0,0,0,0,0,0,0,0,0,0,0,0,0,,,,
1613,Bangladesh,Chattogram,Khagrachhari,Panchari,Latiban,1,,,,Rejamoni Para,,,,,150,26,0,58,0,0,0,0,0,0,0,0,0,0,0,0,0,,,,
1614,Bangladesh,Chattogram,Khagrachhari,Panchari,Latiban,2,,,,Boli Para,,,,,482,97,0,160,0,0,0,0,0,0,0,0,0,0,0,0,0,,,,
1615,Bangladesh,Chattogram,Khagrachhari,Panchari,Latiban,2,,,,Konarai Para,,,,,240,60,0,161,0,0,0,0,0,0,0,0,0,0,0,0,0,,,,
1616,Bangladesh,Chattogram,Khagrachhari,Panchari,Latiban,2,,,,Mudhu Para,,,,,490,98,0,232,0,0,0,0,0,0,0,0,0,0,0,0,0,,,,
1617,Bangladesh,Chattogram,Khagrachhari,Panchari,Latiban,2,,,,Pradip Para,,,,,650,130,0,293,0,0,0,0,0,0,0,0,0,0,0,0,0,,,,
1618,Bangladesh,Chattogram,Khagrachhari,Panchari,Latiban,3,,,,Akkolaima Chara,,,,,110,20,0,50,0,0,0,0,0,0,0,0,0,0,0,0,0,,,,
1619,Bangladesh,Chattogram,Khagrachhari,Panchari,Latiban,3,,,,Durchari,,,,,350,70,0,207,0,0,0,0,0,0,0,0,0,0,0,0,0,,,,
1620,Bangladesh,Chattogram,Khagrachhari,Panchari,Latiban,3,,,,Gongaram,,,,,260,65,0,293,0,0,0,0,0,0,0,0,0,0,0,0,0,,,,
1621,Bangladesh,Chattogram,Khagrachhari,Panchari,Latiban,3,,,,Jurchari,,,,,78,15,0,94,0,0,0,0,0,0,0,0,0,0,0,0,0,,,,
1622,Bangladesh,Chattogram,Khagrachhari,Panchari,Latiban,4,,,,Babura Para,,,,,294,38,0,86,0,0,0,0,0,0,0,0,0,0,0,0,0,,,,
1623,Bangladesh,Chattogram,Khagrachhari,Panchari,Latiban,4,,,,Horendra Para,,,,,103,23,0,45,0,0,0,0,0,0,0,0,0,0,0,0,0,,,,
1624,Bangladesh,Chattogram,Khagrachhari,Panchari,Latiban,4,,,,Nabinchandra Para,,,,,538,105,0,269,0,0,0,0,0,0,0,0,0,0,0,0,0,,,,
1625,Bangladesh,Chattogram,Khagrachhari,Panchari,Latiban,4,,,,Pulinpur,,,,,528,94,0,254,0,0,0,0,0,0,0,0,0,0,0,0,0,,,,
1626,Bangladesh,Chattogram,Khagrachhari,Panchari,Latiban,4,,,,Shuknachari,,,,,590,107,0,268,0,0,0,0,0,0,0,0,0,0,0,0,0,,,,
1627,Bangladesh,Chattogram,Khagrachhari,Panchari,Latiban,4,,,,Uggajai Para,,,,,403,74,0,0,0,0,0,0,0,0,0,0,0,0,0,0,0,,,,
1628,Bangladesh,Chattogram,Khagrachhari,Panchari,Latiban,5,,,,Dokkin Nalkata,,,,,304,73,0,0,0,0,0,0,0,0,0,0,0,0,0,0,0,,,,
1629,Bangladesh,Chattogram,Khagrachhari,Panchari,Latiban,5,,,,Nabinchandra Para,,,,,361,87,0,0,0,0,0,0,0,0,0,0,0,0,0,0,0,,,,
1630,Bangladesh,Chattogram,Khagrachhari,Panchari,Latiban,5,,,,Poranne Para,,,,,250,25,0,50,0,0,0,0,0,0,0,0,0,0,0,0,0,,,,
1631,Bangladesh,Chattogram,Khagrachhari,Panchari,Latiban,5,,,,Purba Nalkata,,,,,180,43,0,0,0,0,0,0,0,0,0,0,0,0,0,0,0,,,,
1632,Bangladesh,Chattogram,Khagrachhari,Panchari,Latiban,5,,,,Uttar Nalkata,,,,,395,94,0,0,0,0,0,0,0,0,0,0,0,0,0,0,0,,,,
1633,Bangladesh,Chattogram,Khagrachhari,Panchari,Latiban,5,,,,Vaggo Majhon Para,,,,,80,13,0,37,0,0,0,0,0,0,0,0,0,0,0,0,0,,,,
1634,Bangladesh,Chattogram,Khagrachhari,Panchari,Latiban,6,,,,Bidhan Chandra Para,,,,,302,59,0,128,0,0,0,0,0,0,0,0,0,0,0,0,0,,,,
1635,Bangladesh,Chattogram,Khagrachhari,Panchari,Latiban,6,,,,Chandranath Para,,,,,520,77,0,0,0,0,0,0,0,0,0,0,0,0,0,0,0,,,,
1636,Bangladesh,Chattogram,Khagrachhari,Panchari,Latiban,6,,,,Kisti Mohon Para,,,,,122,22,0,52,0,0,0,0,0,0,0,0,0,0,0,0,0,,,,
1637,Bangladesh,Chattogram,Khagrachhari,Panchari,Latiban,6,,,,Lila Mohon Para,,,,,310,87,0,0,0,0,0,0,0,0,0,0,0,0,0,0,0,,,,
1638,Bangladesh,Chattogram,Khagrachhari,Panchari,Latiban,6,,,,Principal Para,,,,,86,20,0,0,0,0,0,0,0,0,0,0,0,0,0,0,0,,,,
1639,Bangladesh,Chattogram,Khagrachhari,Panchari,Latiban,6,,,,Shantiranjan Para,,,,,93,27,0,60,0,0,0,0,0,0,0,0,0,0,0,0,0,,,,
1640,Bangladesh,Chattogram,Khagrachhari,Panchari,Latiban,7,,,,Bagan Para,,,,,254,65,0,140,0,0,0,0,0,0,0,0,0,0,0,0,0,,,,
1641,Bangladesh,Chattogram,Khagrachhari,Panchari,Latiban,7,,,,Kongchairi Para,,,,,523,109,0,0,0,0,0,0,0,0,0,0,0,0,0,0,0,,,,
1642,Bangladesh,Chattogram,Khagrachhari,Panchari,Latiban,7,,,,Lakki Ranjan Para,,,,,142,35,0,58,0,0,0,0,0,0,0,0,0,0,0,0,0,,,,
1643,Bangladesh,Chattogram,Khagrachhari,Panchari,Latiban,8,,,,Anak Chara,,,,,328,75,0,0,0,0,0,0,0,0,0,0,0,0,0,0,0,,,,
1644,Bangladesh,Chattogram,Khagrachhari,Panchari,Latiban,8,,,,Bambu Para,,,,,249,66,0,165,0,0,0,0,0,0,0,0,0,0,0,0,0,,,,
1645,Bangladesh,Chattogram,Khagrachhari,Panchari,Latiban,8,,,,Chatobari,,,,,255,55,0,113,0,0,0,0,0,0,0,0,0,0,0,0,0,,,,
1646,Bangladesh,Chattogram,Khagrachhari,Panchari,Latiban,8,,,,Gunadhar Para,,,,,168,40,0,84,0,0,0,0,0,0,0,0,0,0,0,0,0,,,,
1647,Bangladesh,Chattogram,Khagrachhari,Panchari,Latiban,8,,,,Heladula Para,,,,,617,139,0,20,0,0,0,0,0,0,0,0,0,0,0,0,0,,,,
1648,Bangladesh,Chattogram,Khagrachhari,Panchari,Latiban,9,,,,Barmura,,,,,111,29,0,64,0,0,0,0,0,0,0,0,0,0,0,0,0,,,,
1649,Bangladesh,Chattogram,Khagrachhari,Panchari,Latiban,9,,,,Dewanpara,,,,,386,94,0,0,0,0,0,0,0,0,0,0,0,0,0,0,0,,,,
1650,Bangladesh,Chattogram,Khagrachhari,Panchari,Latiban,9,,,,Khamar para,,,,,38,9,0,0,0,0,0,0,0,0,0,0,0,0,0,0,0,,,,
1651,Bangladesh,Chattogram,Khagrachhari,Panchari,Latiban,9,,,,Nabin Para,,,,,325,47,0,62,0,0,0,0,0,0,0,0,0,0,0,0,0,,,,
1652,Bangladesh,Chattogram,Khagrachhari,Panchari,Logang,1,,,,Ghilatului,,,,,173,42,0,0,0,0,0,0,0,0,0,0,0,0,0,0,0,,,,
1653,Bangladesh,Chattogram,Khagrachhari,Panchari,Logang,1,,,,Kalaram Para,,,,,392,95,0,220,0,0,0,0,0,0,0,0,0,0,0,0,0,,,,
1654,Bangladesh,Chattogram,Khagrachhari,Panchari,Logang,1,,,,Lalmohon Para,,,,,118,30,0,70,0,0,0,0,0,0,0,0,0,0,0,0,0,,,,
1655,Bangladesh,Chattogram,Khagrachhari,Panchari,Logang,1,,,,Madhuranjan Para,,,,,169,42,0,90,0,0,0,0,0,0,0,0,0,0,0,0,0,,,,
1656,Bangladesh,Chattogram,Khagrachhari,Panchari,Logang,1,,,,Prashanta Para,,,,,450,109,0,235,0,0,0,0,0,0,0,0,0,0,0,0,0,,,,
1657,Bangladesh,Chattogram,Khagrachhari,Panchari,Logang,1,,,,Puraton Shon Khola,,,,,221,55,0,125,0,0,0,0,0,0,0,0,0,0,0,0,0,,,,
1658,Bangladesh,Chattogram,Khagrachhari,Panchari,Logang,2,,,,Dokkhin Dudukchara,,,,,475,111,0,220,0,0,0,0,0,0,0,0,0,0,0,0,0,,,,
1659,Bangladesh,Chattogram,Khagrachhari,Panchari,Logang,2,,,,Hatimara,,,,,221,57,0,130,0,0,0,0,0,0,0,0,0,0,0,0,0,,,,
1660,Bangladesh,Chattogram,Khagrachhari,Panchari,Logang,2,,,,Premkumar Para,,,,,268,52,0,130,0,0,0,0,0,0,0,0,0,0,0,0,0,,,,
1661,Bangladesh,Chattogram,Khagrachhari,Panchari,Logang,2,,,,Simana Para,,,,,312,83,0,190,0,0,0,0,0,0,0,0,0,0,0,0,0,,,,
1662,Bangladesh,Chattogram,Khagrachhari,Panchari,Logang,2,,,,Tangupeda Para,,,,,179,44,0,100,0,0,0,0,0,0,0,0,0,0,0,0,0,,,,
1663,Bangladesh,Chattogram,Khagrachhari,Panchari,Logang,2,,,,Uttor Dudukchara,,,,,489,119,0,280,0,0,0,0,0,0,0,0,0,0,0,0,0,,,,
1664,Bangladesh,Chattogram,Khagrachhari,Panchari,Logang,3,,,,Babura Para,,,,,393,88,0,180,0,0,0,0,0,0,0,0,0,0,0,0,0,,,,
1665,Bangladesh,Chattogram,Khagrachhari,Panchari,Logang,3,,,,Bharot Borsha Para,,,,,421,95,0,230,0,0,0,0,0,0,0,0,0,0,0,0,0,,,,
1666,Bangladesh,Chattogram,Khagrachhari,Panchari,Logang,3,,,,Sukhamoni Para,,,,,96,25,0,60,0,0,0,0,0,0,0,0,0,0,0,0,0,,,,
1667,Bangladesh,Chattogram,Khagrachhari,Panchari,Logang,4,,,,Biranjai Para,,,,,432,96,0,180,0,0,0,0,0,0,0,0,0,0,0,0,0,,,,
1668,Bangladesh,Chattogram,Khagrachhari,Panchari,Logang,4,,,,Logang Bazar,,,,,526,111,0,230,0,0,0,0,0,0,0,0,0,0,0,0,0,,,,
1669,Bangladesh,Chattogram,Khagrachhari,Panchari,Logang,4,,,,Shantinagar,,,,,1019,240,0,490,0,0,0,0,0,0,0,0,0,0,0,0,0,,,,
1670,Bangladesh,Chattogram,Khagrachhari,Panchari,Logang,5,,,,Amtoli,,,,,431,97,0,0,0,0,0,0,0,0,0,0,0,0,0,0,0,,,,
1671,Bangladesh,Chattogram,Khagrachhari,Panchari,Logang,5,,,,Chikonchan Para,,,,,499,124,0,250,0,0,0,0,0,0,0,0,0,0,0,0,0,,,,
1672,Bangladesh,Chattogram,Khagrachhari,Panchari,Logang,5,,,,Krishna Para,,,,,61,16,0,40,0,0,0,0,0,0,0,0,0,0,0,0,0,,,,
1673,Bangladesh,Chattogram,Khagrachhari,Panchari,Logang,5,,,,Maccechara,,,,,679,162,0,350,0,0,0,0,0,0,0,0,0,0,0,0,0,,,,
1674,Bangladesh,Chattogram,Khagrachhari,Panchari,Logang,5,,,,Madhuram Para,,,,,177,46,0,0,0,0,0,0,0,0,0,0,0,0,0,0,0,,,,
1675,Bangladesh,Chattogram,Khagrachhari,Panchari,Logang,5,,,,Rajendra Para,,,,,220,55,0,0,0,0,0,0,0,0,0,0,0,0,0,0,0,,,,
1676,Bangladesh,Chattogram,Khagrachhari,Panchari,Logang,5,,,,Suchandra Para,,,,,242,55,0,0,0,0,0,0,0,0,0,0,0,0,0,0,0,,,,
1677,Bangladesh,Chattogram,Khagrachhari,Panchari,Logang,6,,,,Anil Para,,,,,242,56,0,130,0,0,0,0,0,0,0,0,0,0,0,0,0,,,,
1678,Bangladesh,Chattogram,Khagrachhari,Panchari,Logang,6,,,,Avinash Para,,,,,337,68,0,150,0,0,0,0,0,0,0,0,0,0,0,0,0,,,,
1679,Bangladesh,Chattogram,Khagrachhari,Panchari,Logang,6,,,,Jotish Para,,,,,183,40,0,75,0,0,0,0,0,0,0,0,0,0,0,0,0,,,,
1680,Bangladesh,Chattogram,Khagrachhari,Panchari,Logang,6,,,,Muni Para,,,,,551,168,0,637,0,0,0,0,0,0,0,0,0,0,0,0,0,,,,
1681,Bangladesh,Chattogram,Khagrachhari,Panchari,Logang,6,,,,Pharchan Para,,,,,212,50,0,120,0,0,0,0,0,0,0,0,0,0,0,0,0,,,,
1682,Bangladesh,Chattogram,Khagrachhari,Panchari,Logang,6,,,,Rajan Kumar Para,,,,,114,30,0,72,0,0,0,0,0,0,0,0,0,0,0,0,0,,,,
1683,Bangladesh,Chattogram,Khagrachhari,Panchari,Logang,7,,,,Biddamohon Para,,,,,147,37,0,71,0,0,0,0,0,0,0,0,0,0,0,0,0,,,,
1684,Bangladesh,Chattogram,Khagrachhari,Panchari,Logang,7,,,,Kiladhan Para,,,,,171,40,0,100,0,0,0,0,0,0,0,0,0,0,0,0,0,,,,
1685,Bangladesh,Chattogram,Khagrachhari,Panchari,Logang,7,,,,Mildhan Para,,,,,242,52,0,125,0,0,0,0,0,0,0,0,0,0,0,0,0,,,,
1686,Bangladesh,Chattogram,Khagrachhari,Panchari,Logang,7,,,,Riyang Chara,,,,,130,30,0,52,0,0,0,0,0,0,0,0,0,0,0,0,0,,,,
1687,Bangladesh,Chattogram,Khagrachhari,Panchari,Logang,7,,,,Sindu Para,,,,,48,10,0,20,0,0,0,0,0,0,0,0,0,0,0,0,0,,,,
1688,Bangladesh,Chattogram,Khagrachhari,Panchari,Logang,7,,,,Tukkhupeda Para,,,,,74,17,0,0,0,0,0,0,0,0,0,0,0,0,0,0,0,,,,
1689,Bangladesh,Chattogram,Khagrachhari,Panchari,Logang,8,,,,Benga Para,,,,,106,25,0,51,0,0,0,0,0,0,0,0,0,0,0,0,0,,,,
1690,Bangladesh,Chattogram,Khagrachhari,Panchari,Logang,8,,,,Birendra Para,,,,,294,67,0,0,0,0,0,0,0,0,0,0,0,0,0,0,0,,,,
1691,Bangladesh,Chattogram,Khagrachhari,Panchari,Logang,8,,,,Chitta Ranjan Para,,,,,144,37,0,95,0,0,0,0,0,0,0,0,0,0,0,0,0,,,,
1692,Bangladesh,Chattogram,Khagrachhari,Panchari,Logang,8,,,,Dinabandu Para,,,,,166,37,0,100,0,0,0,0,0,0,0,0,0,0,0,0,0,,,,
1693,Bangladesh,Chattogram,Khagrachhari,Panchari,Logang,8,,,,Horigopal Para,,,,,254,54,0,162,0,0,0,0,0,0,0,0,0,0,0,0,0,,,,
1694,Bangladesh,Chattogram,Khagrachhari,Panchari,Logang,8,,,,Jyotho Khamar,,,,,53,15,0,0,0,0,0,0,0,0,0,0,0,0,0,0,0,,,,
1695,Bangladesh,Chattogram,Khagrachhari,Panchari,Logang,8,,,,Pradip Para,,,,,178,42,0,100,0,0,0,0,0,0,0,0,0,0,0,0,0,,,,
1696,Bangladesh,Chattogram,Khagrachhari,Panchari,Logang,8,,,,Ramtunu Para,,,,,234,50,0,130,0,0,0,0,0,0,0,0,0,0,0,0,0,,,,
1697,Bangladesh,Chattogram,Khagrachhari,Panchari,Logang,9,,,,Alendra Para,,,,,230,53,0,120,0,0,0,0,0,0,0,0,0,0,0,0,0,,,,
1698,Bangladesh,Chattogram,Khagrachhari,Panchari,Logang,9,,,,Kashipara,,,,,173,34,0,82,0,0,0,0,0,0,0,0,0,0,0,0,0,,,,
1699,Bangladesh,Chattogram,Khagrachhari,Panchari,Panchari,1,,,,Buddhamuni Para,,,,,189,48,0,130,0,0,0,0,0,0,0,0,0,0,0,0,0,,,,
1700,Bangladesh,Chattogram,Khagrachhari,Panchari,Panchari,1,,,,Monda Para,,,,,53,12,0,0,0,0,0,0,0,0,0,0,0,0,0,0,0,,,,
1701,Bangladesh,Chattogram,Khagrachhari,Panchari,Panchari,2,,,,Beshak Kumar Para,,,,,65,17,0,0,0,0,0,0,0,0,0,0,0,0,0,0,0,,,,
1702,Bangladesh,Chattogram,Khagrachhari,Panchari,Panchari,2,,,,Davendra Para,,,,,345,85,0,0,0,0,0,0,0,0,0,0,0,0,0,0,0,,,,
1703,Bangladesh,Chattogram,Khagrachhari,Panchari,Panchari,2,,,,Debamitra Para,,,,,153,30,0,0,0,0,0,0,0,0,0,0,0,0,0,0,0,,,,
1704,Bangladesh,Chattogram,Khagrachhari,Panchari,Panchari,2,,,,Haladhar Para,,,,,295,68,0,170,0,0,0,0,0,0,0,0,0,0,0,0,0,,,,
1705,Bangladesh,Chattogram,Khagrachhari,Panchari,Panchari,2,,,,Kupuchan Para,,,,,119,28,0,96,0,0,0,0,0,0,0,0,0,0,0,0,0,,,,
1706,Bangladesh,Chattogram,Khagrachhari,Panchari,Panchari,2,,,,Nandalal Para,,,,,49,12,0,0,0,0,0,0,0,0,0,0,0,0,0,0,0,,,,
1707,Bangladesh,Chattogram,Khagrachhari,Panchari,Panchari,2,,,,Ratnamoy Para,,,,,193,53,0,0,0,0,0,0,0,0,0,0,0,0,0,0,0,,,,
1708,Bangladesh,Chattogram,Khagrachhari,Panchari,Panchari,2,,,,Sumoti Para,,,,,164,41,0,0,0,0,0,0,0,0,0,0,0,0,0,0,0,,,,
1709,Bangladesh,Chattogram,Khagrachhari,Panchari,Panchari,2,,,,Tapida Para,,,,,375,94,0,0,0,0,0,0,0,0,0,0,0,0,0,0,0,,,,
1710,Bangladesh,Chattogram,Khagrachhari,Panchari,Panchari,2,,,,Udaysonkar Para,,,,,206,53,0,0,0,0,0,0,0,0,0,0,0,0,0,0,0,,,,
1711,Bangladesh,Chattogram,Khagrachhari,Panchari,Panchari,3,,,,Alicharan Para,,,,,361,93,0,0,0,0,0,0,0,0,0,0,0,0,0,0,0,,,,
1712,Bangladesh,Chattogram,Khagrachhari,Panchari,Panchari,3,,,,Jugessor Para,,,,,192,95,0,0,0,0,0,0,0,0,0,0,0,0,0,0,0,,,,
1713,Bangladesh,Chattogram,Khagrachhari,Panchari,Panchari,3,,,,Kinachan Para,,,,,513,140,0,0,0,0,0,0,0,0,0,0,0,0,0,0,0,,,,
1714,Bangladesh,Chattogram,Khagrachhari,Panchari,Panchari,3,,,,Master Para,,,,,113,29,0,0,0,0,0,0,0,0,0,0,0,0,0,0,0,,,,
1715,Bangladesh,Chattogram,Khagrachhari,Panchari,Panchari,3,,,,Shontila,,,,,655,131,0,0,0,0,0,0,0,0,0,0,0,0,0,0,0,,,,
1716,Bangladesh,Chattogram,Khagrachhari,Panchari,Panchari,4,,,,Islampur,,,,,682,159,0,0,0,0,0,0,0,0,0,0,0,0,0,0,0,,,,
1717,Bangladesh,Chattogram,Khagrachhari,Panchari,Panchari,4,,,,Kanungo Para,,,,,323,78,0,0,0,0,0,0,0,0,0,0,0,0,0,0,0,,,,
1718,Bangladesh,Chattogram,Khagrachhari,Panchari,Panchari,4,,,,Madanpara,,,,,668,130,0,0,0,0,0,0,0,0,0,0,0,0,0,0,0,,,,
1719,Bangladesh,Chattogram,Khagrachhari,Panchari,Panchari,4,,,,Mog Para,,,,,125,45,0,0,0,0,0,0,0,0,0,0,0,0,0,0,0,,,,
1720,Bangladesh,Chattogram,Khagrachhari,Panchari,Panchari,4,,,,Mohammadpur,,,,,1245,275,0,0,0,0,0,0,0,0,0,0,0,0,0,0,0,,,,
1721,Bangladesh,Chattogram,Khagrachhari,Panchari,Panchari,4,,,,Saotal Para,,,,,165,34,0,0,0,0,0,0,0,0,0,0,0,0,0,0,0,,,,
1722,Bangladesh,Chattogram,Khagrachhari,Panchari,Panchari,5,,,,Alichan Para,,,,,451,102,0,215,0,0,0,0,0,0,0,0,0,0,0,0,0,,,,
1723,Bangladesh,Chattogram,Khagrachhari,Panchari,Panchari,5,,,,Brishamohon Para,,,,,309,68,0,140,0,0,0,0,0,0,0,0,0,0,0,0,0,,,,
1724,Bangladesh,Chattogram,Khagrachhari,Panchari,Panchari,5,,,,Colony Para,,,,,718,163,0,400,0,0,0,0,0,0,0,0,0,0,0,0,0,,,,
1725,Bangladesh,Chattogram,Khagrachhari,Panchari,Panchari,5,,,,Domdom,,,,,2412,500,0,0,0,0,0,0,0,0,0,0,0,0,0,0,0,,,,
1726,Bangladesh,Chattogram,Khagrachhari,Panchari,Panchari,5,,,,Headman Tila,,,,,304,73,0,0,0,0,0,0,0,0,0,0,0,0,0,0,0,,,,
1727,Bangladesh,Chattogram,Khagrachhari,Panchari,Panchari,5,,,,Kalanal,,,,,69,13,0,0,0,0,0,0,0,0,0,0,0,0,0,0,0,,,,
1728,Bangladesh,Chattogram,Khagrachhari,Panchari,Panchari,5,,,,Manju Adam,,,,,275,97,0,0,0,0,0,0,0,0,0,0,0,0,0,0,0,,,,
1729,Bangladesh,Chattogram,Khagrachhari,Panchari,Panchari,5,,,,Sawtal Para,,,,,873,190,0,620,0,0,0,0,0,0,0,0,0,0,0,0,0,,,,
1730,Bangladesh,Chattogram,Khagrachhari,Panchari,Panchari,5,,,,Sujendro Para,,,,,129,28,0,60,0,0,0,0,0,0,0,0,0,0,0,0,0,,,,
1731,Bangladesh,Chattogram,Khagrachhari,Panchari,Panchari,5,,,,T&T,,,,,1107,218,0,0,0,0,0,0,0,0,0,0,0,0,0,0,0,,,,
1732,Bangladesh,Chattogram,Khagrachhari,Panchari,Panchari,5,,,,Tetul Tola,,,,,280,62,0,0,0,0,0,0,0,0,0,0,0,0,0,0,0,,,,
1733,Bangladesh,Chattogram,Khagrachhari,Panchari,Panchari,6,,,,Bazar,,,,,970,190,0,0,0,0,0,0,0,0,0,0,0,0,0,0,0,,,,
1734,Bangladesh,Chattogram,Khagrachhari,Panchari,Panchari,6,,,,Muslim Para,,,,,791,172,0,0,0,0,0,0,0,0,0,0,0,0,0,0,0,,,,
1735,Bangladesh,Chattogram,Khagrachhari,Panchari,Panchari,7,,,,Akkoi Para,,,,,586,143,0,0,0,0,0,0,0,0,0,0,0,0,0,0,0,,,,
1736,Bangladesh,Chattogram,Khagrachhari,Panchari,Panchari,7,,,,Ashai Mohajon Para,,,,,119,38,0,0,0,0,0,0,0,0,0,0,0,0,0,0,0,,,,
1737,Bangladesh,Chattogram,Khagrachhari,Panchari,Panchari,7,,,,Hasan Nagar,,,,,862,227,0,0,0,0,0,0,0,0,0,0,0,0,0,0,0,,,,
1738,Bangladesh,Chattogram,Khagrachhari,Panchari,Panchari,7,,,,Jubonessa Para,,,,,520,128,0,302,0,0,0,0,0,0,0,0,0,0,0,0,0,,,,
1739,Bangladesh,Chattogram,Khagrachhari,Panchari,Panchari,7,,,,Kestomuni Para,,,,,385,99,0,0,0,0,0,0,0,0,0,0,0,0,0,0,0,,,,
1740,Bangladesh,Chattogram,Khagrachhari,Panchari,Panchari,7,,,,Kolabagan,,,,,465,119,0,0,0,0,0,0,0,0,0,0,0,0,0,0,0,,,,
1741,Bangladesh,Chattogram,Khagrachhari,Panchari,Panchari,7,,,,Lambachara,,,,,90,25,0,0,0,0,0,0,0,0,0,0,0,0,0,0,0,,,,
1742,Bangladesh,Chattogram,Khagrachhari,Panchari,Panchari,7,,,,Mangal Dhan Para,,,,,170,42,0,128,0,0,0,0,0,0,0,0,0,0,0,0,0,,,,
1743,Bangladesh,Chattogram,Khagrachhari,Panchari,Panchari,7,,,,Napita Para,,,,,850,191,0,0,0,0,0,0,0,0,0,0,0,0,0,0,0,,,,
1744,Bangladesh,Chattogram,Khagrachhari,Panchari,Panchari,7,,,,Rangapanichara,,,,,654,166,0,340,0,0,0,0,0,0,0,0,0,0,0,0,0,,,,
1745,Bangladesh,Chattogram,Khagrachhari,Panchari,Panchari,7,,,,Ratnamonipara,,,,,263,68,0,0,0,0,0,0,0,0,0,0,0,0,0,0,0,,,,
1746,Bangladesh,Chattogram,Khagrachhari,Panchari,Panchari,7,,,,Takkhirai Para,,,,,350,81,0,0,0,0,0,0,0,0,0,0,0,0,0,0,0,,,,
1747,Bangladesh,Chattogram,Khagrachhari,Panchari,Panchari,8,,,,Adi Tripura Para,,,,,607,136,0,0,0,0,0,0,0,0,0,0,0,0,0,0,0,,,,
1748,Bangladesh,Chattogram,Khagrachhari,Panchari,Panchari,8,,,,Aiyub Nagar,,,,,360,101,0,322,0,0,0,0,0,0,0,0,0,0,0,0,0,,,,
1749,Bangladesh,Chattogram,Khagrachhari,Panchari,Panchari,8,,,,Jotish Member Para,,,,,93,19,0,66,0,0,0,0,0,0,0,0,0,0,0,0,0,,,,
1750,Bangladesh,Chattogram,Khagrachhari,Panchari,Panchari,8,,,,Kamini Member Para,,,,,160,36,0,0,0,0,0,0,0,0,0,0,0,0,0,0,0,,,,
1751,Bangladesh,Chattogram,Khagrachhari,Panchari,Panchari,8,,,,Pilotfirm,,,,,1012,254,0,634,0,0,0,0,0,0,0,0,0,0,0,0,0,,,,
1752,Bangladesh,Chattogram,Khagrachhari,Panchari,Panchari,8,,,,Porabari,,,,,63,19,0,47,0,0,0,0,0,0,0,0,0,0,0,0,0,,,,
1753,Bangladesh,Chattogram,Khagrachhari,Panchari,Panchari,8,,,,Rabishingpara,,,,,216,63,0,0,0,0,0,0,0,0,0,0,0,0,0,0,0,,,,
1754,Bangladesh,Chattogram,Khagrachhari,Panchari,Panchari,8,,,,Sottodhan Para,,,,,230,59,0,151,0,0,0,0,0,0,0,0,0,0,0,0,0,,,,
1755,Bangladesh,Chattogram,Khagrachhari,Panchari,Panchari,9,,,,Aboni Para,,,,,317,121,0,31,0,0,0,0,0,0,0,0,0,0,0,0,0,,,,
1756,Bangladesh,Chattogram,Khagrachhari,Panchari,Panchari,9,,,,Bhakta Para,,,,,99,25,0,72,0,0,0,0,0,0,0,0,0,0,0,0,0,,,,
1757,Bangladesh,Chattogram,Khagrachhari,Panchari,Panchari,9,,,,Braza Mohon Para,,,,,238,51,0,116,0,0,0,0,0,0,0,0,0,0,0,0,0,,,,
1758,Bangladesh,Chattogram,Khagrachhari,Panchari,Panchari,9,,,,Jotimoy Para,,,,,736,117,0,0,0,0,0,0,0,0,0,0,0,0,0,0,0,,,,
1759,Bangladesh,Chattogram,Khagrachhari,Panchari,Panchari,9,,,,Kripacharan Para,,,,,206,34,0,0,0,0,0,0,0,0,0,0,0,0,0,0,0,,,,
1760,Bangladesh,Chattogram,Khagrachhari,Panchari,Panchari,9,,,,Mirzatila,,,,,356,104,0,280,0,0,0,0,0,0,0,0,0,0,0,0,0,,,,
1761,Bangladesh,Chattogram,Khagrachhari,Panchari,Panchari,9,,,,Sures Chandra Para,,,,,191,43,0,100,0,0,0,0,0,0,0,0,0,0,0,0,0,,,,
1762,Bangladesh,Chattogram,Khagrachhari,Panchari,Ultachari,1,,,,Molla Para,,,,,2274,506,0,0,0,0,0,0,0,0,0,0,0,0,0,0,0,,,,
1763,Bangladesh,Chattogram,Khagrachhari,Panchari,Ultachari,2,,,,Jiya Nagar,,,,,2843,590,0,1250,0,0,0,0,0,0,0,0,0,0,0,0,0,,,,
1764,Bangladesh,Chattogram,Khagrachhari,Panchari,Ultachari,3,,,,Moddo Nagar,,,,,1032,253,0,0,0,0,0,0,0,0,0,0,0,0,0,0,0,,,,
1765,Bangladesh,Chattogram,Khagrachhari,Panchari,Ultachari,4,,,,Ali Nagar,,,,,450,127,0,315,0,0,0,0,0,0,0,0,0,0,0,0,0,,,,
1766,Bangladesh,Chattogram,Khagrachhari,Panchari,Ultachari,4,,,,Muslim Nagar,,,,,510,102,0,0,0,0,0,0,0,0,0,0,0,0,0,0,0,,,,
1767,Bangladesh,Chattogram,Khagrachhari,Panchari,Ultachari,4,,,,Omor Pur,,,,,991,210,0,0,0,0,0,0,0,0,0,0,0,0,0,0,0,,,,
1768,Bangladesh,Chattogram,Khagrachhari,Panchari,Ultachari,4,,,,Rasul Pur,,,,,210,60,0,0,0,0,0,0,0,0,0,0,0,0,0,0,0,,,,
1769,Bangladesh,Chattogram,Khagrachhari,Panchari,Ultachari,5,,,,Manikka Para,,,,,320,75,0,0,0,0,0,0,0,0,0,0,0,0,0,0,0,,,,
1770,Bangladesh,Chattogram,Khagrachhari,Panchari,Ultachari,5,,,,Sutakorma Para,,,,,347,83,0,0,0,0,0,0,0,0,0,0,0,0,0,0,0,,,,
1771,Bangladesh,Chattogram,Khagrachhari,Panchari,Ultachari,5,,,,Talukdar Para,,,,,974,196,0,0,0,0,0,0,0,0,0,0,0,0,0,0,0,,,,
1772,Bangladesh,Chattogram,Khagrachhari,Panchari,Ultachari,5,,,,Ulthachari,,,,,1035,269,0,0,0,0,0,0,0,0,0,0,0,0,0,0,0,,,,
1773,Bangladesh,Chattogram,Khagrachhari,Panchari,Ultachari,6,,,,Nabaratna Para,,,,,167,40,0,82,0,0,0,0,0,0,0,0,0,0,0,0,0,,,,
1774,Bangladesh,Chattogram,Khagrachhari,Panchari,Ultachari,6,,,,Prafulla Para,,,,,387,87,0,175,0,0,0,0,0,0,0,0,0,0,0,0,0,,,,
1775,Bangladesh,Chattogram,Khagrachhari,Panchari,Ultachari,6,,,,Rahindra Tripura,,,,,180,36,0,81,0,0,0,0,0,0,0,0,0,0,0,0,0,,,,
1776,Bangladesh,Chattogram,Khagrachhari,Panchari,Ultachari,6,,,,Subal Para,,,,,235,55,0,110,0,0,0,0,0,0,0,0,0,0,0,0,0,,,,
1777,Bangladesh,Chattogram,Khagrachhari,Panchari,Ultachari,7,,,,Badsha Para,,,,,168,46,0,50,0,0,0,0,0,0,0,0,0,0,0,0,0,,,,
1778,Bangladesh,Chattogram,Khagrachhari,Panchari,Ultachari,7,,,,Jirani Khola,,,,,399,86,0,289,0,0,0,0,0,0,0,0,0,0,0,0,0,,,,
1779,Bangladesh,Chattogram,Khagrachhari,Panchari,Ultachari,7,,,,Kharga Para,,,,,85,18,0,35,0,0,0,0,0,0,0,0,0,0,0,0,0,,,,
1780,Bangladesh,Chattogram,Khagrachhari,Panchari,Ultachari,7,,,,Natun Para,,,,,240,53,0,130,0,0,0,0,0,0,0,0,0,0,0,0,0,,,,
1781,Bangladesh,Chattogram,Khagrachhari,Panchari,Ultachari,7,,,,Paddani Para,,,,,398,108,0,0,0,0,0,0,0,0,0,0,0,0,0,0,0,,,,
1782,Bangladesh,Chattogram,Khagrachhari,Panchari,Ultachari,7,,,,Payong Para,,,,,301,64,0,146,0,0,0,0,0,0,0,0,0,0,0,0,0,,,,
1783,Bangladesh,Chattogram,Khagrachhari,Panchari,Ultachari,8,,,,Babura Para,,,,,559,135,0,0,0,0,0,0,0,0,0,0,0,0,0,0,0,,,,
1784,Bangladesh,Chattogram,Khagrachhari,Panchari,Ultachari,8,,,,Brick Field,,,,,215,79,0,0,0,0,0,0,0,0,0,0,0,0,0,0,0,,,,
1785,Bangladesh,Chattogram,Khagrachhari,Panchari,Ultachari,8,,,,Chowdhury Para,,,,,123,39,0,0,0,0,0,0,0,0,0,0,0,0,0,0,0,,,,
1786,Bangladesh,Chattogram,Khagrachhari,Panchari,Ultachari,8,,,,Jagannath Para,,,,,148,31,0,112,0,0,0,0,0,0,0,0,0,0,0,0,0,,,,
1787,Bangladesh,Chattogram,Khagrachhari,Panchari,Ultachari,8,,,,Jhagurnala,,,,,348,84,0,0,0,0,0,0,0,0,0,0,0,0,0,0,0,,,,
1788,Bangladesh,Chattogram,Khagrachhari,Panchari,Ultachari,8,,,,Kongchai Para,,,,,54,12,0,0,0,0,0,0,0,0,0,0,0,0,0,0,0,,,,
1789,Bangladesh,Chattogram,Khagrachhari,Panchari,Ultachari,8,,,,Nalindra Para,,,,,70,17,0,0,0,0,0,0,0,0,0,0,0,0,0,0,0,,,,
1790,Bangladesh,Chattogram,Khagrachhari,Panchari,Ultachari,8,,,,Ugolchari,,,,,651,109,0,0,0,0,0,0,0,0,0,0,0,0,0,0,0,,,,
1791,Bangladesh,Chattogram,Khagrachhari,Panchari,Ultachari,9,,,,Dokkin Shantipur,,,,,685,166,0,0,0,0,0,0,0,0,0,0,0,0,0,0,0,,,,
1792,Bangladesh,Chattogram,Khagrachhari,Panchari,Ultachari,9,,,,Fatema Nagar,,,,,1287,273,0,0,0,0,0,0,0,0,0,0,0,0,0,0,0,,,,
1793,Bangladesh,Chattogram,Khagrachhari,Panchari,Ultachari,9,,,,Katal Moni Para,,,,,566,133,0,305,0,0,0,0,0,0,0,0,0,0,0,0,0,,,,
1794,Bangladesh,Chattogram,Khagrachhari,Panchari,Ultachari,9,,,,Kunjaram Para,,,,,149,36,0,76,0,0,0,0,0,0,0,0,0,0,0,0,0,,,,
1795,Bangladesh,Chattogram,Khagrachhari,Panchari,Ultachari,9,,,,Kuthir Noyapara,,,,,152,36,0,0,0,0,0,0,0,0,0,0,0,0,0,0,0,,,,
1796,Bangladesh,Chattogram,Khagrachhari,Panchari,Ultachari,9,,,,Noyapara,,,,,165,39,0,94,0,0,0,0,0,0,0,0,0,0,0,0,0,,,,
1797,Bangladesh,Chattogram,Khagrachhari,Panchari,Ultachari,9,,,,Singsa Para,,,,,391,106,0,0,0,0,0,0,0,0,0,0,0,0,0,0,0,,,,
1798,Bangladesh,Chattogram,Khagrachhari,Panchari,Ultachari,9,,,,Uttor Shantipur,,,,,362,88,0,0,0,0,0,0,0,0,0,0,0,0,0,0,0,,,,
1799,Bangladesh,Chattogram,Khagrachhari,Ramgarh,Patachhara,01,,,,Jarichandra Para,জরিচন্দ্র পাড়া,PAT101,22.979065,91.813456,140,0,0,0,0,0,0,0,0,0,0,0,0,0,0,0,0,,,,
1800,Bangladesh,Chattogram,Khagrachhari,Ramgarh,Patachhara,01,,,,Manikchandra Para,মানিকচন্দ্র পাড়া,PAT102,22.976104,91.823431,400,0,0,0,0,0,0,0,0,0,0,0,0,0,0,0,0,,,,
1801,Bangladesh,Chattogram,Khagrachhari,Ramgarh,Patachhara,01,,,,Buddhadhan Para,বুদ্ধধন পাড়া,PAT103,22.982546,91.834633,200,0,0,0,0,0,0,0,0,0,0,0,0,0,0,0,0,,,,
1802,Bangladesh,Chattogram,Khagrachhari,Ramgarh,Patachhara,01,,,,Jamini Para,যামিনী পাড়া,PAT104,22.985415,91.835973,80,0,0,0,0,0,0,0,0,0,0,0,0,0,0,0,0,,,,
1803,Bangladesh,Chattogram,Khagrachhari,Ramgarh,Patachhara,01,,,,Nabadwip Karbari Para,নবদ্বীপ কারবারি পাড়া,PAT105,22.974078,91.842199,80,0,0,0,0,0,0,0,0,0,0,0,0,0,0,0,0,,,,
1804,Bangladesh,Chattogram,Khagrachhari,Ramgarh,Patachhara,01,,,,Temaram Para,তেমরম পাড়া,PAT106,22.96709,91.848012,275,0,0,0,0,0,0,0,0,0,0,0,0,0,0,0,0,,,,
1805,Bangladesh,Chattogram,Khagrachhari,Ramgarh,Patachhara,01,,,,Thalibari,থলিবাড়ি,PAT107,22.955622,91.836878,800,0,0,0,0,0,0,0,0,0,0,0,0,0,0,0,0,,,,
1806,Bangladesh,Chattogram,Khagrachhari,Ramgarh,Patachhara,01,,,,Ashwini Karbari Para,অশ্বিনী কারবারি পাড়া,PAT108,22.95318,91.857088,120,0,0,0,0,0,0,0,0,0,0,0,0,0,0,0,0,,,,
1807,Bangladesh,Chattogram,Khagrachhari,Ramgarh,Patachhara,01,,,,Hridaymani Karbari Para,হৃদয়মণি কারবারি পাড়া,PAT109,22.960081,91.856728,84,0,0,0,0,0,0,0,0,0,0,0,0,0,0,0,0,,,,
1808,Bangladesh,Chattogram,Khagrachhari,Ramgarh,Patachhara,02,,,,Dakbangla,ডাকবাংলা,PAT201,22.960546,91.816046,560,0,0,0,0,0,0,0,0,0,0,0,0,0,0,0,0,,,,
1809,Bangladesh,Chattogram,Khagrachhari,Ramgarh,Patachhara,02,,,,Patachhara,পাতাছড়া,PAT202,22.962324,91.8121,750,0,0,0,0,0,0,0,0,0,0,0,0,0,0,0,0,,,,
1810,Bangladesh,Chattogram,Khagrachhari,Ramgarh,Patachhara,02,,,,Deepta Karbari Para,দীপ্ত কারবারি পাড়া,PAT203,22.966548,91.807793,600,0,0,0,0,0,0,0,0,0,0,0,0,0,0,0,0,,,,
1811,Bangladesh,Chattogram,Khagrachhari,Ramgarh,Patachhara,02,,,,Kalabari,কলাবাড়ি,PAT204,22.956716,91.825362,500,0,0,0,0,0,0,0,0,0,0,0,0,0,0,0,0,,,,
1812,Bangladesh,Chattogram,Khagrachhari,Ramgarh,Patachhara,02,,,,Patachhara Bazar Ansar Camp,পাতাছড়া বাজার আনসার ক্যাম্প,PAT205,22.959851,91.81402,0,0,0,0,0,0,0,0,0,0,0,0,0,0,0,0,0,,,,
1813,Bangladesh,Chattogram,Khagrachhari,Ramgarh,Patachhara,03,,,,Puran Nakapa,পুরান নাকাপা,PAT301,22.993326,91.786911,350,0,0,0,0,0,0,0,0,0,0,0,0,0,0,0,0,,,,
1814,Bangladesh,Chattogram,Khagrachhari,Ramgarh,Patachhara,03,,,,Dataram Para,দাতারাম পাড়া,PAT302,22.982621,91.7935,210,0,0,0,0,0,0,0,0,0,0,0,0,0,0,0,0,,,,
1815,Bangladesh,Chattogram,Khagrachhari,Ramgarh,Patachhara,03,,,,Rasulpur,রসুলপুর,PAT303,22.971435,91.798161,1500,0,0,0,0,0,0,0,0,0,0,0,0,0,0,0,0,,,,
1816,Bangladesh,Chattogram,Khagrachhari,Ramgarh,Patachhara,03,,,,Nakapa Bazar,নাকাপা বাজার,PAT304,22.966407,91.794304,150,0,0,0,0,0,0,0,0,0,0,0,0,0,0,0,0,,,,
1817,Bangladesh,Chattogram,Khagrachhari,Ramgarh,Patachhara,03,,,,Talmani Para,তালমণি পাড়া,PAT305,22.963929,91.795527,1000,0,0,0,0,0,0,0,0,0,0,0,0,0,0,0,0,,,,
1818,Bangladesh,Chattogram,Khagrachhari,Ramgarh,Patachhara,03,,,,Budangchhara,বুদংছড়া,PAT306,22.971227,91.804919,150,0,0,0,0,0,0,0,0,0,0,0,0,0,0,0,0,,,,
1819,Bangladesh,Chattogram,Khagrachhari,Ramgarh,Patachhara,03,,,,Nakapa Police Camp,নাকাপা পুলিশ ক্যাম্প,PAT307,22.967687,91.796989,0,0,0,0,0,0,0,0,0,0,0,0,0,0,0,0,0,,,,
1820,Bangladesh,Chattogram,Khagrachhari,Ramgarh,Patachhara,04,,,,Mahabub Nagar,মাহাবুব নগর,PAT401,22.947228,91.854359,930,0,0,0,0,0,0,0,0,0,0,0,0,0,0,0,0,,,,
1821,Bangladesh,Chattogram,Khagrachhari,Ramgarh,Patachhara,04,,,,Pailyabhanga,পাইল্যাভাঙ্গা,PAT402,22.938369,91.85489,1185,0,0,0,0,0,0,0,0,0,0,0,0,0,0,0,0,,,,
1822,Bangladesh,Chattogram,Khagrachhari,Ramgarh,Patachhara,04,,,,Tabla Para,তবলা পাড়া,PAT403,22.932855,91.842661,350,0,0,0,0,0,0,0,0,0,0,0,0,0,0,0,0,,,,
1823,Bangladesh,Chattogram,Khagrachhari,Ramgarh,Patachhara,05,,,,Taichakma,তৈচাকমা,PAT501,22.933772,91.793819,635,0,0,0,0,0,0,0,0,0,0,0,0,0,0,0,0,,,,
1824,Bangladesh,Chattogram,Khagrachhari,Ramgarh,Patachhara,05,,,,Kumari Para,কুমারী পাড়া,PAT502,22.936834,91.784586,180,0,0,0,0,0,0,0,0,0,0,0,0,0,0,0,0,,,,
1825,Bangladesh,Chattogram,Khagrachhari,Ramgarh,Patachhara,05,,,,Sadhu Para,সাধু পাড়া,PAT503,22.934941,91.784813,75,0,0,0,0,0,0,0,0,0,0,0,0,0,0,0,0,,,,
1826,Bangladesh,Chattogram,Khagrachhari,Ramgarh,Patachhara,05,,,,Master Para,মাস্টার পাড়া,PAT504,22.931108,91.793812,50,0,0,0,0,0,0,0,0,0,0,0,0,0,0,0,0,,,,
1827,Bangladesh,Chattogram,Khagrachhari,Ramgarh,Patachhara,05,,,,Nabhanga,নাভাঙ্গা,PAT505,22.930189,91.80745,150,0,0,0,0,0,0,0,0,0,0,0,0,0,0,0,0,,,,
1828,Bangladesh,Chattogram,Khagrachhari,Ramgarh,Patachhara,05,,,,Pagla Para,পাগলা পাড়া,PAT506,22.94798,91.810425,600,0,0,0,0,0,0,0,0,0,0,0,0,0,0,0,0,,,,
1829,Bangladesh,Chattogram,Khagrachhari,Ramgarh,Patachhara,05,,,,Rajkumar Para,রাজকুমার পাড়া,PAT507,22.934845,91.803103,75,0,0,0,0,0,0,0,0,0,0,0,0,0,0,0,0,,,,
1830,Bangladesh,Chattogram,Khagrachhari,Ramgarh,Patachhara,05,,,,Thali Para,থলি পাড়া,PAT508,22.952735,91.798201,500,0,0,0,0,0,0,0,0,0,0,0,0,0,0,0,0,,,,
1831,Bangladesh,Chattogram,Khagrachhari,Ramgarh,Patachhara,05,,,,Hachok Para,হাচোক পাড়া,PAT509,22.934289,91.767813,300,0,0,0,0,0,0,0,0,0,0,0,0,0,0,0,0,,,,
1832,Bangladesh,Chattogram,Khagrachhari,Ramgarh,Patachhara,05,,,,Purba Natunpara,পূর্ব নতুনপাড়া,PAT510,22.936027,91.827187,300,0,0,0,0,0,0,0,0,0,0,0,0,0,0,0,0,,,,
1833,Bangladesh,Chattogram,Khagrachhari,Ramgarh,Patachhara,06,,,,Dataram Para,দাতারাম পাড়া,PAT601,22.975419,91.786875,1250,0,0,0,0,0,0,0,0,0,0,0,0,0,0,0,0,,,,
1834,Bangladesh,Chattogram,Khagrachhari,Ramgarh,Patachhara,06,,,,Dhaka Colony,ঢাকা কলোনি,PAT602,22.967718,91.784605,170,0,0,0,0,0,0,0,0,0,0,0,0,0,0,0,0,,,,
1835,Bangladesh,Chattogram,Khagrachhari,Ramgarh,Patachhara,06,,,,Chaidanchhara,ছাইদংছড়া,PAT603,22.964927,91.791984,160,0,0,0,0,0,0,0,0,0,0,0,0,0,0,0,0,,,,
1836,Bangladesh,Chattogram,Khagrachhari,Ramgarh,Patachhara,06,,,,Mohammadpur,মোহাম্মদপুর,PAT604,22.959056,91.790103,550,0,0,0,0,0,0,0,0,0,0,0,0,0,0,0,0,,,,
1837,Bangladesh,Chattogram,Khagrachhari,Ramgarh,Patachhara,06,,,,Madhupur,মধুপুর,PAT605,22.969116,91.791585,510,0,0,0,0,0,0,0,0,0,0,0,0,0,0,0,0,,,,
1838,Bangladesh,Chattogram,Khagrachhari,Ramgarh,Patachhara,07,,,,Chota Belchhari Para,ছোট বেলছড়ি পাড়া,PAT701,22.928367,91.780934,115,0,0,0,0,0,0,0,0,0,0,0,0,0,0,0,0,,,,
1839,Bangladesh,Chattogram,Khagrachhari,Ramgarh,Patachhara,07,,,,Kampruepara,কম্প্রুপাড়া,PAT702,22.931433,91.790673,225,0,0,0,0,0,0,0,0,0,0,0,0,0,0,0,0,,,,
1840,Bangladesh,Chattogram,Khagrachhari,Ramgarh,Patachhara,07,,,,Salda Para,সালদা পাড়া,PAT703,22.908714,91.78607,290,0,0,0,0,0,0,0,0,0,0,0,0,0,0,0,0,,,,
1841,Bangladesh,Chattogram,Khagrachhari,Ramgarh,Patachhara,07,,,,Guza Para,গুজা পাড়া,PAT704,22.903322,91.758162,370,0,0,0,0,0,0,0,0,0,0,0,0,0,0,0,0,,,,
1842,Bangladesh,Chattogram,Khagrachhari,Ramgarh,Patachhara,07,,,,Noa Para,নোয়া পাড়া,PAT705,22.888375,91.763602,320,0,0,0,0,0,0,0,0,0,0,0,0,0,0,0,0,,,,
1843,Bangladesh,Chattogram,Khagrachhari,Ramgarh,Patachhara,07,,,,Belchhari Para,বেলছড়ি পাড়া,PAT706,22.912482,91.77559,325,0,0,0,0,0,0,0,0,0,0,0,0,0,0,0,0,,,,
1844,Bangladesh,Chattogram,Khagrachhari,Ramgarh,Patachhara,07,,,,Salda Baidya Para,সালদা বৈদ্য পাড়া,PAT707,22.911331,91.783249,175,0,0,0,0,0,0,0,0,0,0,0,0,0,0,0,0,,,,
1845,Bangladesh,Chattogram,Khagrachhari,Ramgarh,Patachhara,08,,,,Dakkhin Balukhali,দক্ষিণ বালুখালি,PAT801,22.884448,91.719967,700,0,0,0,0,0,0,0,0,0,0,0,0,0,0,0,0,,,,
1846,Bangladesh,Chattogram,Khagrachhari,Ramgarh,Patachhara,08,,,,Gaira Para,গৈরা পাড়া,PAT802,22.8849,91.729701,350,0,0,0,0,0,0,0,0,0,0,0,0,0,0,0,0,,,,
1847,Bangladesh,Chattogram,Khagrachhari,Ramgarh,Patachhara,08,,,,Hati Kumba Para,হাতি কুমবা পাড়া,PAT803,22.890353,91.738093,150,0,0,0,0,0,0,0,0,0,0,0,0,0,0,0,0,,,,
1848,Bangladesh,Chattogram,Khagrachhari,Ramgarh,Patachhara,08,,,,Mara Kaila Para,মরা কৈলা পাড়া,PAT804,22.889776,91.733789,200,0,0,0,0,0,0,0,0,0,0,0,0,0,0,0,0,,,,
1849,Bangladesh,Chattogram,Khagrachhari,Ramgarh,Patachhara,08,,,,Kalapani,কালাপানি,PAT805,22.882035,91.73388,200,0,0,0,0,0,0,0,0,0,0,0,0,0,0,0,0,,,,
1850,Bangladesh,Chattogram,Khagrachhari,Ramgarh,Patachhara,09,,,,Balukhali,বালুখালি,PAT901,22.891725,91.719474,750,0,0,0,0,0,0,0,0,0,0,0,0,0,0,0,0,,,,
1851,Bangladesh,Chattogram,Khagrachhari,Ramgarh,Patachhara,09,,,,Sonar Khil,সোনার খীল,PAT902,22.905637,91.73288,220,0,0,0,0,0,0,0,0,0,0,0,0,0,0,0,0,,,,
1852,Bangladesh,Chattogram,Khagrachhari,Ramgarh,Patachhara,09,,,,Rupaising Para,রূপাইসিং পাড়া,PAT903,22.894245,91.728744,80,0,0,0,0,0,0,0,0,0,0,0,0,0,0,0,0,,,,
1853,Bangladesh,Chattogram,Khagrachhari,Ramgarh,Ramgarh,01,,,,Lachari Para,লাচারী পাড়া,RAG101,23.037468,91.771798,200,0,0,0,0,0,0,0,0,0,0,0,0,0,0,0,0,,,,
1854,Bangladesh,Chattogram,Khagrachhari,Ramgarh,Ramgarh,01,,,,Banabihar,বনবিহার,RAG102,23.020197,91.775554,160,0,0,0,0,0,0,0,0,0,0,0,0,0,0,0,0,,,,
1855,Bangladesh,Chattogram,Khagrachhari,Ramgarh,Ramgarh,01,,,,Chota Kheda,ছোট খেদা,RAG103,23.012757,91.756116,212,0,0,0,0,0,0,0,0,0,0,0,0,0,0,0,0,,,,
1856,Bangladesh,Chattogram,Khagrachhari,Ramgarh,Ramgarh,01,,,,Bara Kheda,বড় খেদা,RAG104,23.023432,91.765242,12,0,0,0,0,0,0,0,0,0,0,0,0,0,0,0,0,,,,
1857,Bangladesh,Chattogram,Khagrachhari,Ramgarh,Ramgarh,01,,,,Kashi Bari,কাশী বাড়ি,RAG105,23.019251,91.754671,80,0,0,0,0,0,0,0,0,0,0,0,0,0,0,0,0,,,,
1858,Bangladesh,Chattogram,Khagrachhari,Ramgarh,Ramgarh,01,,,,Pilak Ghat,পিলাক ঘাট,RAG106,23.02506,91.778213,8,0,0,0,0,0,0,0,0,0,0,0,0,0,0,0,0,,,,
1859,Bangladesh,Chattogram,Khagrachhari,Ramgarh,Ramgarh,01,,,,Lachari Para BGB Camp,লাচারী পাড়া বিজিবি ক্যাম্প,RAG107,23.031731,91.772072,0,0,0,0,0,0,0,0,0,0,0,0,0,0,0,0,0,,,,
1860,Bangladesh,Chattogram,Khagrachhari,Ramgarh,Ramgarh,01,,,,Kashi Bari BGB Camp,কাশী বাড়ি বিজিবি ক্যাম্প,RAG108,23.017931,91.754462,0,0,0,0,0,0,0,0,0,0,0,0,0,0,0,0,0,,,,
1861,Bangladesh,Chattogram,Khagrachhari,Ramgarh,Ramgarh,02,,,,Ujai Chowdhury Para,উজাই চৌধুরী পাড়া,RAG201,23.00454,91.774092,100,0,0,0,0,0,0,0,0,0,0,0,0,0,0,0,0,,,,
1862,Bangladesh,Chattogram,Khagrachhari,Ramgarh,Ramgarh,02,,,,Muslim Para,মুসলিম পাড়া,RAG202,23.008964,91.776071,48,0,0,0,0,0,0,0,0,0,0,0,0,0,0,0,0,,,,
1863,Bangladesh,Chattogram,Khagrachhari,Ramgarh,Ramgarh,02,,,,Angtu Para,অংতু পাড়া,RAG203,23.011652,91.775048,200,0,0,0,0,0,0,0,0,0,0,0,0,0,0,0,0,,,,
1864,Bangladesh,Chattogram,Khagrachhari,Ramgarh,Ramgarh,02,,,,Kalaprue Para,কলাপ্রু পাড়া,RAG204,23.013971,91.779568,120,0,0,0,0,0,0,0,0,0,0,0,0,0,0,0,0,,,,
1865,Bangladesh,Chattogram,Khagrachhari,Ramgarh,Ramgarh,02,,,,Chingchhari Para,চিংছড়ি পাড়া,RAG205,22.996623,91.753033,120,0,0,0,0,0,0,0,0,0,0,0,0,0,0,0,0,,,,
1866,Bangladesh,Chattogram,Khagrachhari,Ramgarh,Ramgarh,02,,,,Aunghla Para,অংহ্লা পাড়া,RAG206,23.002667,91.75894,108,0,0,0,0,0,0,0,0,0,0,0,0,0,0,0,0,,,,
1867,Bangladesh,Chattogram,Khagrachhari,Ramgarh,Ramgarh,02,,,,Raj Para,রাজ পাড়া,RAG207,23.017485,91.781447,60,0,0,0,0,0,0,0,0,0,0,0,0,0,0,0,0,,,,
1868,Bangladesh,Chattogram,Khagrachhari,Ramgarh,Ramgarh,03,,,,Joutha Khamar,যৌথ খামার,RAG301,22.983358,91.782145,260,0,0,0,0,0,0,0,0,0,0,0,0,0,0,0,0,,,,
1869,Bangladesh,Chattogram,Khagrachhari,Ramgarh,Ramgarh,03,,,,Bazar Chowdhury Para,বাজার চৌধুরী পাড়া,RAG302,22.986371,91.787038,128,0,0,0,0,0,0,0,0,0,0,0,0,0,0,0,0,,,,
1870,Bangladesh,Chattogram,Khagrachhari,Ramgarh,Ramgarh,03,,,,Baidya Para,বৈদ্য পাড়া,RAG303,22.992811,91.780838,360,0,0,0,0,0,0,0,0,0,0,0,0,0,0,0,0,,,,
1871,Bangladesh,Chattogram,Khagrachhari,Ramgarh,Ramgarh,03,,,,Kanta Para,কান্ত পাড়া,RAG304,23.003561,91.789349,120,0,0,0,0,0,0,0,0,0,0,0,0,0,0,0,0,,,,
1872,Bangladesh,Chattogram,Khagrachhari,Ramgarh,Ramgarh,03,,,,Russia Para,রাশিয়া পাড়া,RAG305,22.997947,91.796734,128,0,0,0,0,0,0,0,0,0,0,0,0,0,0,0,0,,,,
1873,Bangladesh,Chattogram,Khagrachhari,Ramgarh,Ramgarh,03,,,,Taikathang Para,তৈকাথাং পাড়া,RAG306,23.002225,91.784254,120,0,0,0,0,0,0,0,0,0,0,0,0,0,0,0,0,,,,
1874,Bangladesh,Chattogram,Khagrachhari,Ramgarh,Ramgarh,03,,,,Daktar Para (Hazchhara),ডাক্তার পাড়া (হাজছড়া),RAG307,22.999533,91.780406,160,0,0,0,0,0,0,0,0,0,0,0,0,0,0,0,0,,,,
1875,Bangladesh,Chattogram,Khagrachhari,Ramgarh,Ramgarh,03,,,,Baidya Para BGB Camp,বৈদ্য পাড়া বিজিবি ক্যাম্প,RAG308,22.998152,91.777633,0,0,0,0,0,0,0,0,0,0,0,0,0,0,0,0,0,,,,
1876,Bangladesh,Chattogram,Khagrachhari,Ramgarh,Ramgarh,04,,,,Uttar Sonai Aga,উত্তর সোনাই আগা,RAG401,22.964376,91.748607,80,0,0,0,0,0,0,0,0,0,0,0,0,0,0,0,0,,,,
1877,Bangladesh,Chattogram,Khagrachhari,Ramgarh,Ramgarh,04,,,,Brata Chandra Para,ব্রত চন্দ্র পাড়া,RAG402,22.971597,91.756346,155,0,0,0,0,0,0,0,0,0,0,0,0,0,0,0,0,,,,
1878,Bangladesh,Chattogram,Khagrachhari,Ramgarh,Ramgarh,04,,,,Ramgarh Joutha Khamar,রামগড় যৌথ খামার,RAG403,22.977145,91.773532,115,0,0,0,0,0,0,0,0,0,0,0,0,0,0,0,0,,,,
1879,Bangladesh,Chattogram,Khagrachhari,Ramgarh,Ramgarh,04,,,,Dhaka Colony,ঢাকা কলোনি,RAG404,22.962363,91.778521,90,0,0,0,0,0,0,0,0,0,0,0,0,0,0,0,0,,,,
1880,Bangladesh,Chattogram,Khagrachhari,Ramgarh,Ramgarh,04,,,,Nurpur,নূরপুর,RAG405,22.989786,91.753487,150,0,0,0,0,0,0,0,0,0,0,0,0,0,0,0,0,,,,
1881,Bangladesh,Chattogram,Khagrachhari,Ramgarh,Ramgarh,04,,,,Chand Para,চান্দ পাড়া,RAG406,22.969092,91.777616,125,0,0,0,0,0,0,0,0,0,0,0,0,0,0,0,0,,,,
1882,Bangladesh,Chattogram,Khagrachhari,Ramgarh,Ramgarh,04,,,,Tokaniachhara Para,তোকানিয়াছড়া পাড়া,RAG407,22.966402,91.758047,215,0,0,0,0,0,0,0,0,0,0,0,0,0,0,0,0,,,,
1883,Bangladesh,Chattogram,Khagrachhari,Ramgarh,Ramgarh,05,,,,Dakkhin Lamku Para,দক্ষিণ লামকু পাড়া,RAG501,22.953738,91.740368,190,0,0,0,0,0,0,0,0,0,0,0,0,0,0,0,0,,,,
1884,Bangladesh,Chattogram,Khagrachhari,Ramgarh,Ramgarh,05,,,,Uttar Lamku Para,উত্তর লামকু পাড়া,RAG502,22.967473,91.73367,720,0,0,0,0,0,0,0,0,0,0,0,0,0,0,0,0,,,,
1885,Bangladesh,Chattogram,Khagrachhari,Ramgarh,Ramgarh,05,,,,Madhyam Lamku Para,মধ্যম লামকু পাড়া,RAG503,22.960472,91.735932,850,0,0,0,0,0,0,0,0,0,0,0,0,0,0,0,0,,,,
1886,Bangladesh,Chattogram,Khagrachhari,Ramgarh,Ramgarh,05,,,,Dakkhin Sonai Aga,দক্ষিণ সোনাই আগা,RAG504,22.962036,91.749049,100,0,0,0,0,0,0,0,0,0,0,0,0,0,0,0,0,,,,
1887,Bangladesh,Chattogram,Khagrachhari,Ramgarh,Ramgarh,06,,,,Lalchhari Para,লালছড়ি পাড়া,RAG601,22.928828,91.742522,880,0,0,0,0,0,0,0,0,0,0,0,0,0,0,0,0,,,,
1888,Bangladesh,Chattogram,Khagrachhari,Ramgarh,Ramgarh,06,,,,Thanachandra Para,থানাচন্দ্র পাড়া,RAG602,22.946903,91.740586,520,0,0,0,0,0,0,0,0,0,0,0,0,0,0,0,0,,,,
1889,Bangladesh,Chattogram,Khagrachhari,Ramgarh,Ramgarh,06,,,,Rambanu Para,রামবানু পাড়া,RAG603,22.937308,91.74634,75,0,0,0,0,0,0,0,0,0,0,0,0,0,0,0,0,,,,
1890,Bangladesh,Chattogram,Khagrachhari,Ramgarh,Ramgarh,06,,,,Sadhu Para,সাধু পাড়া,RAG604,22.941486,91.738276,125,0,0,0,0,0,0,0,0,0,0,0,0,0,0,0,0,,,,
1891,Bangladesh,Chattogram,Khagrachhari,Ramgarh,Ramgarh,06,,,,Garu Kata,গরু কাটা,RAG605,22.918033,91.758388,280,0,0,0,0,0,0,0,0,0,0,0,0,0,0,0,0,,,,
1892,Bangladesh,Chattogram,Khagrachhari,Ramgarh,Ramgarh,06,,,,Mangpru Para,মাংপ্রু পাড়া,RAG606,22.928814,91.76083,36,0,0,0,0,0,0,0,0,0,0,0,0,0,0,0,0,,,,
1893,Bangladesh,Chattogram,Khagrachhari,Ramgarh,Ramgarh,06,,,,Abayshe Para,আবাইশে পাড়া,RAG607,22.925008,91.766399,80,0,0,0,0,0,0,0,0,0,0,0,0,0,0,0,0,,,,
1894,Bangladesh,Chattogram,Khagrachhari,Ramgarh,Ramgarh,06,,,,Bariccha Tila,বারিচ্চা টিলা,RAG608,22.937476,91.734717,132,0,0,0,0,0,0,0,0,0,0,0,0,0,0,0,0,,,,
1895,Bangladesh,Chattogram,Khagrachhari,Ramgarh,Ramgarh,07,,,,Purba Bali Para,পূর্ব বলি পাড়া,RAG701,22.963119,91.728228,1200,0,0,0,0,0,0,0,0,0,0,0,0,0,0,0,0,,,,
1896,Bangladesh,Chattogram,Khagrachhari,Ramgarh,Ramgarh,07,,,,Pashchim Bali Para,পশ্চিম বলি পাড়া,RAG702,22.966259,91.722589,380,0,0,0,0,0,0,0,0,0,0,0,0,0,0,0,0,,,,
1897,Bangladesh,Chattogram,Khagrachhari,Ramgarh,Ramgarh,07,,,,Bali Para,বলি পাড়া,RAG703,22.963035,91.722125,420,0,0,0,0,0,0,0,0,0,0,0,0,0,0,0,0,,,,
1898,Bangladesh,Chattogram,Khagrachhari,Ramgarh,Ramgarh,07,,,,Kazi Para,কাজী পাড়া,RAG704,22.956776,91.727172,600,0,0,0,0,0,0,0,0,0,0,0,0,0,0,0,0,,,,
1899,Bangladesh,Chattogram,Khagrachhari,Ramgarh,Ramgarh,08,,,,Khagrabil,খাগড়াবিল,RAG801,22.938359,91.729908,250,0,0,0,0,0,0,0,0,0,0,0,0,0,0,0,0,,,,
1900,Bangladesh,Chattogram,Khagrachhari,Ramgarh,Ramgarh,08,,,,Waifa Para,ওয়াইফা পাড়া,RAG802,22.948131,91.730276,980,0,0,0,0,0,0,0,0,0,0,0,0,0,0,0,0,,,,
1901,Bangladesh,Chattogram,Khagrachhari,Ramgarh,Ramgarh,08,,,,Barma Tila,বর্মা টিলা,RAG803,22.935256,91.727449,160,0,0,0,0,0,0,0,0,0,0,0,0,0,0,0,0,,,,
1902,Bangladesh,Chattogram,Khagrachhari,Ramgarh,Ramgarh,08,,,,Noa Para,নোয়া পাড়া,RAG804,22.929426,91.729015,360,0,0,0,0,0,0,0,0,0,0,0,0,0,0,0,0,,,,
1903,Bangladesh,Chattogram,Khagrachhari,Ramgarh,Ramgarh,09,,,,Kyangtila,কেয়াংটিলা,RAG901,22.933,91.733586,140,0,0,0,0,0,0,0,0,0,0,0,0,0,0,0,0,,,,
1904,Bangladesh,Chattogram,Khagrachhari,Ramgarh,Ramgarh,09,,,,Banshpara,বাঁশপাড়া,RAG902,22.930313,91.733538,125,0,0,0,0,0,0,0,0,0,0,0,0,0,0,0,0,,,,
1905,Bangladesh,Chattogram,Khagrachhari,Ramgarh,Ramgarh,09,,,,Rupaichhari,রূপাইছড়ি,RAG903,22.927532,91.734059,120,0,0,0,0,0,0,0,0,0,0,0,0,0,0,0,0,,,,
1906,Bangladesh,Chattogram,Khagrachhari,Ramgarh,Ramgarh,09,,,,Tarachan Para,তারাচান পাড়া,RAG904,22.921879,91.736141,190,0,0,0,0,0,0,0,0,0,0,0,0,0,0,0,0,,,,
1907,Bangladesh,Chattogram,Khagrachhari,Ramgarh,Ramgarh,09,,,,Najiram Para,নাজিরাম পাড়া,RAG905,22.916736,91.726313,168,0,0,0,0,0,0,0,0,0,0,0,0,0,0,0,0,,,,
1908,Bangladesh,Chattogram,Khagrachhari,Ramgarh,Ramgarh,09,,,,Nabbai Acre,নব্বই একর,RAG906,22.920484,91.727933,130,0,0,0,0,0,0,0,0,0,0,0,0,0,0,0,0,,,,
1909,Bangladesh,Chattogram,Khagrachhari,Ramgarh,Ramgarh,09,,,,Hatir Kheda,হাতির খেদা,RAG907,22.923849,91.725639,480,0,0,0,0,0,0,0,0,0,0,0,0,0,0,0,0,,,,
1910,Bangladesh,Chattogram,Khagrachhari,Ramgarh,Ramgarh,09,,,,CIO Camp,সিআইও ক্যাম্প,RAG908,22.923322,91.72878,0,0,0,0,0,0,0,0,0,0,0,0,0,0,0,0,0,,,,
1911,Bangladesh,Chattogram,Khagrachhari,Ramgarh,Ramgarh Pourasabha,01,,,,Balturam Tila,বল্টুরাম টিলা,RAM101,23.005491,91.745919,574,0,0,0,0,0,0,0,0,0,0,0,0,0,0,0,0,,,,
1912,Bangladesh,Chattogram,Khagrachhari,Ramgarh,Ramgarh Pourasabha,01,,,,Nitai Baishnab Para,নিতাই বৈষ্ণব পাড়া,RAM102,23.014668,91.749843,472,0,0,0,0,0,0,0,0,0,0,0,0,0,0,0,0,,,,
1913,Bangladesh,Chattogram,Khagrachhari,Ramgarh,Ramgarh Pourasabha,01,,,,Shamuk Chhara,শামুক ছড়া,RAM103,23.009681,91.750933,264,0,0,0,0,0,0,0,0,0,0,0,0,0,0,0,0,,,,
1914,Bangladesh,Chattogram,Khagrachhari,Ramgarh,Ramgarh Pourasabha,01,,,,Shashan Tila,শ্মশান টিলা,RAM104,23.002558,91.745611,560,0,0,0,0,0,0,0,0,0,0,0,0,0,0,0,0,,,,
1915,Bangladesh,Chattogram,Khagrachhari,Ramgarh,Ramgarh Pourasabha,01,,,,Chinchhari,চিনছড়ি,RAM105,23.002434,91.747902,212,0,0,0,0,0,0,0,0,0,0,0,0,0,0,0,0,,,,
1916,Bangladesh,Chattogram,Khagrachhari,Ramgarh,Ramgarh Pourasabha,02,,,,Office Tila,অফিস টিলা,RAM201,23.001654,91.736477,284,0,0,0,0,0,0,0,0,0,0,0,0,0,0,0,0,,,,
1917,Bangladesh,Chattogram,Khagrachhari,Ramgarh,Ramgarh Pourasabha,02,,,,Debar Para,ডেবার পাড়া,RAM202,22.999733,91.738357,368,0,0,0,0,0,0,0,0,0,0,0,0,0,0,0,0,,,,
1918,Bangladesh,Chattogram,Khagrachhari,Ramgarh,Ramgarh Pourasabha,02,,,,Jagannath Para,জগন্নাথ পাড়া,RAM203,23.001052,91.740765,320,0,0,0,0,0,0,0,0,0,0,0,0,0,0,0,0,,,,
1919,Bangladesh,Chattogram,Khagrachhari,Ramgarh,Ramgarh Pourasabha,02,,,,Sukendrai Para,সুকেন্দ্রাই পাড়া,RAM204,23.002386,91.741209,360,0,0,0,0,0,0,0,0,0,0,0,0,0,0,0,0,,,,
1920,Bangladesh,Chattogram,Khagrachhari,Ramgarh,Ramgarh Pourasabha,02,,,,Ramgarh Special Camp (BGB),রামগড় বিশেষ ক্যাম্প (বিজিবি),RAM205,23.002796,91.738802,0,0,0,0,0,0,0,0,0,0,0,0,0,0,0,0,0,,,,
1921,Bangladesh,Chattogram,Khagrachhari,Ramgarh,Ramgarh Pourasabha,03,,,,Garjantali,গর্জনতলি,RAM301,22.996121,91.742218,232,0,0,0,0,0,0,0,0,0,0,0,0,0,0,0,0,,,,
1922,Bangladesh,Chattogram,Khagrachhari,Ramgarh,Ramgarh Pourasabha,03,,,,Sandwip Tila,সন্দ্বীপ টিলা,RAM302,23.000417,91.744575,2916,0,0,0,0,0,0,0,0,0,0,0,0,0,0,0,0,,,,
1923,Bangladesh,Chattogram,Khagrachhari,Ramgarh,Ramgarh Pourasabha,04,,,,Master Para,মাস্টার পাড়া,RAM401,22.994196,91.737564,3084,0,0,0,0,0,0,0,0,0,0,0,0,0,0,0,0,,,,
1924,Bangladesh,Chattogram,Khagrachhari,Ramgarh,Ramgarh Pourasabha,04,,,,Kam Para,কম পাড়া,RAM402,22.987879,91.743989,300,0,0,0,0,0,0,0,0,0,0,0,0,0,0,0,0,,,,
1925,Bangladesh,Chattogram,Khagrachhari,Ramgarh,Ramgarh Pourasabha,05,,,,Chowdhury Para,চৌধুরী পাড়া,RAM501,22.987487,91.736693,2200,0,0,0,0,0,0,0,0,0,0,0,0,0,0,0,0,,,,
1926,Bangladesh,Chattogram,Khagrachhari,Ramgarh,Ramgarh Pourasabha,05,,,,Bairagi Tila,বৈরাগী টিলা,RAM502,22.97995,91.738474,1300,0,0,0,0,0,0,0,0,0,0,0,0,0,0,0,0,,,,
1927,Bangladesh,Chattogram,Khagrachhari,Ramgarh,Ramgarh Pourasabha,05,,,,Baidytila,বৈদ্যটিলা,RAM503,22.981818,91.74295,1044,0,0,0,0,0,0,0,0,0,0,0,0,0,0,0,0,,,,
1928,Bangladesh,Chattogram,Khagrachhari,Ramgarh,Ramgarh Pourasabha,06,,,,Taichala Para,তৈচালা পাড়া,RAM601,22.984096,91.754347,1820,0,0,0,0,0,0,0,0,0,0,0,0,0,0,0,0,,,,
1929,Bangladesh,Chattogram,Khagrachhari,Ramgarh,Ramgarh Pourasabha,06,,,,Kailas Para,কৈলাস পাড়া,RAM602,22.993206,91.751706,124,0,0,0,0,0,0,0,0,0,0,0,0,0,0,0,0,,,,
1930,Bangladesh,Chattogram,Khagrachhari,Ramgarh,Ramgarh Pourasabha,06,,,,43 BGB Headquarter,৪৩ বিজিবি হেডকোয়ার্টার,RAM603,22.984239,91.750221,0,0,0,0,0,0,0,0,0,0,0,0,0,0,0,0,0,,,,
1931,Bangladesh,Chattogram,Khagrachhari,Ramgarh,Ramgarh Pourasabha,07,,,,Kaladeba,কালাডেবা,RAM701,22.971097,91.742365,2040,0,0,0,0,0,0,0,0,0,0,0,0,0,0,0,0,,,,
1932,Bangladesh,Chattogram,Khagrachhari,Ramgarh,Ramgarh Pourasabha,07,,,,Samprue Para,সম্প্রু পাড়া,RAM702,22.974154,91.734517,168,0,0,0,0,0,0,0,0,0,0,0,0,0,0,0,0,,,,
1933,Bangladesh,Chattogram,Khagrachhari,Ramgarh,Ramgarh Pourasabha,07,,,,Uttar Lamku Para,উত্তর লামকু পাড়া,RAM703,22.971643,91.732985,1420,0,0,0,0,0,0,0,0,0,0,0,0,0,0,0,0,,,,
1934,Bangladesh,Chattogram,Khagrachhari,Ramgarh,Ramgarh Pourasabha,07,,,,Nazirtila,নজিরটিলা,RAM704,22.975821,91.730796,1160,0,0,0,0,0,0,0,0,0,0,0,0,0,0,0,0,,,,
1935,Bangladesh,Chattogram,Khagrachhari,Ramgarh,Ramgarh Pourasabha,07,,,,Bagan Tila,বাগান টিলা,RAM705,22.969218,91.72434,576,0,0,0,0,0,0,0,0,0,0,0,0,0,0,0,0,,,,
1936,Bangladesh,Chattogram,Khagrachhari,Ramgarh,Ramgarh Pourasabha,08,,,,Fenir Kul,ফেনীর কুল,RAM801,22.985202,91.722385,2440,0,0,0,0,0,0,0,0,0,0,0,0,0,0,0,0,,,,
1937,Bangladesh,Chattogram,Khagrachhari,Ramgarh,Ramgarh Pourasabha,08,,,,Sadukarbari Para,সদুকারবারি পাড়া,RAM802,22.977545,91.720201,2200,0,0,0,0,0,0,0,0,0,0,0,0,0,0,0,0,,,,
1938,Bangladesh,Chattogram,Khagrachhari,Ramgarh,Ramgarh Pourasabha,09,,,,Mahamuni Para,মহামুনি পাড়া,RAM901,22.992768,91.724856,532,0,0,0,0,0,0,0,0,0,0,0,0,0,0,0,0,,,,
1939,Bangladesh,Chattogram,Khagrachhari,Ramgarh,Ramgarh Pourasabha,09,,,,Daroga Para,দারোগা পাড়া,RAM902,22.997862,91.729193,1080,0,0,0,0,0,0,0,0,0,0,0,0,0,0,0,0,,,,
1940,Bangladesh,Chattogram,Khagrachhari,Ramgarh,Ramgarh Pourasabha,09,,,,Ramgar Bazar,রামগড় বাজার,RAM903,22.999811,91.734298,1448,0,0,0,0,0,0,0,0,0,0,0,0,0,0,0,0,,,,
1941,Bangladesh,Chattogram,Khagrachhari,Ramgarh,Ramgarh Pourasabha,09,,,,Mahamuni Para BGB Camp,মহামুনি পাড়া বিজিবি ক্যাম্প,RAM904,22.990692,91.724738,0,0,0,0,0,0,0,0,0,0,0,0,0,0,0,0,0,,,,
